bag_id,episode_id,animal_id,fold_id,bcs_raw,label5,label3,frame_key,rgb_path,depth_npy_path,is_good_angle_frame,bad_reasons,n_angles,frame_angle_median,frame_angle_mean,frame_angle_std,frame_r2_min_median,frame_r2_min_min,frame_r2_mean_median,frame_n_low_r2,anatomical_phase,rotate_deg,axis_tilt_abs,trunk_len_ratio,centerline_std_ratio,centerline_range_ratio,top_width_ratio,bottom_width_ratio,top_gap_ratio,bottom_gap_ratio,pointed_top,pointed_bottom
BCS2__Cow_11,Cow_11,Cow_11,1,2,0,0,30,dataset\2\Cow_11\f_30_rgb.jpg,dataset\2\Cow_11\f_30_depth.npy,1,,4,173.39047241210938,173.41746520996094,0.7403358817100525,0.7904735067749671,0.7064060503872903,0.8822016152001859,2,head_neck_trunk,-5.067587051519496,0.08229507557487636,0.382262996941896,0.018827753141522408,0.050435200333595276,0.19678974380653308,0.8651892188683632,0.026785714285714284,0.0,1.0,0.0
BCS2__Cow_11,Cow_11,Cow_11,1,2,0,0,90,dataset\2\Cow_11\f_90_rgb.jpg,dataset\2\Cow_11\f_90_depth.npy,1,,3,171.1579132080078,171.343017578125,0.32182663679122925,0.956869694511481,0.9296063478949026,0.9621512639966429,0,entry_or_trunk_with_rump,-6.859208109957834,0.3117158244266136,0.32142857142857145,0.007230120711028576,0.026159562170505524,0.37565451298254526,0.5745379423461678,0.0,0.0,0.0,0.0
BCS2__Cow_11,Cow_11,Cow_11,1,2,0,0,105,dataset\2\Cow_11\f_105_rgb.jpg,dataset\2\Cow_11\f_105_depth.npy,1,,4,172.884033203125,172.8076934814453,0.29146382212638855,0.9378190962339901,0.9076919854318163,0.943464411110015,0,entry_or_trunk_with_rump,-7.348327626173187,0.3312547909608412,0.2976190476190476,0.005334354005753994,0.02270106039941311,0.37293798335693107,0.6281887448000348,0.0,0.0,0.0,0.0
BCS2__Cow_11,Cow_11,Cow_11,1,2,0,0,825,dataset\2\Cow_11\f_825_rgb.jpg,dataset\2\Cow_11\f_825_depth.npy,1,,3,172.55563354492188,172.4535675048828,0.8115832805633545,0.9638710462680218,0.9508302387406822,0.9706129112610932,0,entry_or_trunk_with_rump,3.2579814424801867,0.13182564038406497,0.24107142857142858,0.006999168079346418,0.02494330145418644,0.39875972612330757,0.6680734087485903,0.0,0.0,0.0,0.0
BCS2__Cow_11,Cow_11,Cow_11,1,2,0,0,855,dataset\2\Cow_11\f_855_rgb.jpg,dataset\2\Cow_11\f_855_depth.npy,1,,4,173.22683715820312,173.2403106689453,0.23778390884399414,0.9504198522704606,0.9249647252259589,0.9675136151677686,0,entry_or_trunk_with_rump,3.544133161434516,0.15856572293570537,0.22023809523809523,0.00666171545162797,0.024576464667916298,0.38667679260736804,0.6382851730324286,0.0,0.0,0.0,0.0
BCS2__Cow_11,Cow_11,Cow_11,1,2,0,0,1035,dataset\2\Cow_11\f_1035_rgb.jpg,dataset\2\Cow_11\f_1035_depth.npy,1,,4,173.39047241210938,173.41746520996094,0.7403358817100525,0.7904735067749671,0.7064060503872903,0.8822016152001859,2,head_neck_trunk,-5.067587051519496,0.08229507557487636,0.382262996941896,0.018827753141522408,0.050435200333595276,0.19678974380653308,0.8651892188683632,0.026785714285714284,0.0,1.0,0.0
BCS2__Cow_11,Cow_11,Cow_11,1,2,0,0,1065,dataset\2\Cow_11\f_1065_rgb.jpg,dataset\2\Cow_11\f_1065_depth.npy,1,,4,171.759765625,171.7810516357422,1.1154576539993286,0.9438915349302205,0.9284701787063021,0.957413450626841,0,entry_or_trunk_with_rump,-5.313715812851129,0.27514832809822565,0.23511904761904762,0.009649845771491528,0.03364558517932892,0.4643133242563186,0.671678058739813,0.0,0.0,0.0,0.0
BCS2__Cow_11,Cow_11,Cow_11,1,2,0,0,1275,dataset\2\Cow_11\f_1275_rgb.jpg,dataset\2\Cow_11\f_1275_depth.npy,1,,3,173.8639678955078,173.61732482910156,0.6086892485618591,0.9581250930269768,0.8665305500217141,0.9727076390599623,0,entry_or_trunk_with_rump,-0.7632150829279425,0.044553808495805924,0.23809523809523808,0.0036005687434226274,0.015871774405241013,0.42084862579619364,0.6848178737188124,0.0,0.0,0.0,0.0
BCS2__Cow_11,Cow_11,Cow_11,1,2,0,0,1290,dataset\2\Cow_11\f_1290_rgb.jpg,dataset\2\Cow_11\f_1290_depth.npy,1,,3,172.5780487060547,172.6862335205078,0.5481791496276855,0.9416672061190665,0.9269491463349468,0.9562669112569833,0,entry_or_trunk_with_rump,-0.8157263535507724,0.031233137969678637,0.24404761904761904,0.0067000119015574455,0.022046377882361412,0.40780775943308456,0.6852543566663168,0.0,0.0,0.0,0.0
BCS2__Cow_11,Cow_11,Cow_11,1,2,0,0,1680,dataset\2\Cow_11\f_1680_rgb.jpg,dataset\2\Cow_11\f_1680_depth.npy,1,,3,173.413818359375,173.4359893798828,0.3659939765930176,0.9131288200145264,0.8040010774798692,0.9524527450905728,0,entry_or_trunk_with_rump,4.171192099086326,0.16965923478053924,0.2708333333333333,0.022634973749518394,0.08147786557674408,0.3735328030557407,0.6698148036212167,0.0,0.0,0.0,0.0
BCS2__Cow_11,Cow_11,Cow_11,1,2,0,0,1830,dataset\2\Cow_11\f_1830_rgb.jpg,dataset\2\Cow_11\f_1830_depth.npy,1,,4,173.22683715820312,173.2403106689453,0.23778390884399414,0.9504198522704606,0.9249647252259589,0.9675136151677686,0,entry_or_trunk_with_rump,3.544133161434516,0.15856572293570537,0.22023809523809523,0.00666171545162797,0.024576464667916298,0.38667679260736804,0.6382851730324286,0.0,0.0,0.0,0.0
BCS2__Cow_11,Cow_11,Cow_11,1,2,0,0,1875,dataset\2\Cow_11\f_1875_rgb.jpg,dataset\2\Cow_11\f_1875_depth.npy,1,,3,173.3636016845703,173.2600860595703,0.17674262821674347,0.969191983774276,0.938832909310193,0.974417727466626,0,entry_or_trunk_with_rump,3.2373737546402737,0.14009248810238262,0.25892857142857145,0.010239618830382824,0.031736474484205246,0.39077089906104256,0.6939031501439379,0.0,0.0,0.0,0.0
BCS2__Cow_11,Cow_11,Cow_11,1,2,0,0,2010,dataset\2\Cow_11\f_2010_rgb.jpg,dataset\2\Cow_11\f_2010_depth.npy,1,,9,163.0397186279297,163.8728485107422,1.4214890003204346,0.9637843041381462,0.9526444427162918,0.9749525601454947,0,head_neck_trunk,-7.147111197870274,0.9485829380471955,0.6195121951219512,0.01454912405461073,0.04603996500372887,0.10882677811473918,0.7890343870950727,0.3898809523809524,0.0,1.0,0.0
BCS2__Cow_11,Cow_11,Cow_11,1,2,0,0,2025,dataset\2\Cow_11\f_2025_rgb.jpg,dataset\2\Cow_11\f_2025_depth.npy,1,,6,170.45132446289062,171.05430603027344,1.684813141822815,0.9134545655978259,0.5763923378116034,0.9506144038420836,2,head_neck_trunk,-5.553348544981773,0.2041297796258732,0.3797909407665505,0.01432916708290577,0.05504844710230827,0.18246576069896778,0.842175474831891,0.14583333333333334,0.0,1.0,0.0
BCS2__Cow_11,Cow_11,Cow_11,1,2,0,0,2040,dataset\2\Cow_11\f_2040_rgb.jpg,dataset\2\Cow_11\f_2040_depth.npy,1,,7,171.86459350585938,171.99183654785156,0.7212860584259033,0.9391705901229687,0.7891675743287607,0.958211033371264,1,head_neck_trunk,-5.640597924914118,0.3020936050147469,0.3869047619047619,0.013760840520262718,0.048678409308195114,0.3465401951029858,0.8211982430659553,0.0,0.0,1.0,0.0
BCS2__Cow_11,Cow_11,Cow_11,1,2,0,0,2100,dataset\2\Cow_11\f_2100_rgb.jpg,dataset\2\Cow_11\f_2100_depth.npy,1,,3,171.92823791503906,171.6388397216797,0.6498340368270874,0.9651004786866947,0.9301762940286015,0.9758406771802213,0,entry_or_trunk_with_rump,-7.141434802980186,0.34840084550192785,0.26785714285714285,0.006174823734909296,0.022575702518224716,0.38561921717382264,0.5590679140467574,0.0,0.0,0.0,0.0
BCS2__Cow_11,Cow_11,Cow_11,1,2,0,0,2160,dataset\2\Cow_11\f_2160_rgb.jpg,dataset\2\Cow_11\f_2160_depth.npy,1,,3,171.0865020751953,171.1208953857422,0.14308443665504456,0.9585850841123811,0.9584925793533564,0.9740843081265571,0,entry_or_trunk_with_rump,-6.820210326777271,0.3876144711424274,0.28869047619047616,0.01024971529841423,0.029417172074317932,0.4088629437225979,0.7460336514269779,0.0,0.0,0.0,0.0
BCS2__Cow_11,Cow_11,Cow_11,1,2,0,0,2235,dataset\2\Cow_11\f_2235_rgb.jpg,dataset\2\Cow_11\f_2235_depth.npy,1,,3,172.24761962890625,172.2597198486328,0.3856683671474457,0.9616333858480439,0.9556407192981862,0.9730043307339502,0,entry_or_trunk_with_rump,-2.0116783002979304,0.11993214082055204,0.23809523809523808,0.008763374760746956,0.036197833716869354,0.4016173819924221,0.7079038463424797,0.0,0.0,0.0,0.0
BCS2__Cow_11,Cow_11,Cow_11,1,2,0,0,2280,dataset\2\Cow_11\f_2280_rgb.jpg,dataset\2\Cow_11\f_2280_depth.npy,1,,6,172.17678833007812,172.369384765625,0.8340543508529663,0.9688431295828501,0.9344407771994396,0.9739975052891735,0,entry_or_trunk_with_rump,-0.6291918235745015,0.052113754142482094,0.25297619047619047,0.00824980903416872,0.03158056363463402,0.41569835595220517,0.6962991096539247,0.0,0.0,0.0,0.0
BCS2__Cow_11,Cow_11,Cow_11,1,2,0,0,2520,dataset\2\Cow_11\f_2520_rgb.jpg,dataset\2\Cow_11\f_2520_depth.npy,1,,3,172.41314697265625,172.86468505859375,0.6768108010292053,0.9005174974292199,0.7914766990634439,0.9385178179201522,1,entry_or_trunk_with_rump,5.23116682881458,0.22789553728691203,0.25892857142857145,0.011095290072262287,0.04105141758918762,0.3897958795215439,0.6667295107475122,0.0,0.0,0.0,0.0
BCS2__Cow_11,Cow_11,Cow_11,1,2,0,0,2625,dataset\2\Cow_11\f_2625_rgb.jpg,dataset\2\Cow_11\f_2625_depth.npy,1,,3,172.9736785888672,172.99070739746094,0.03931541368365288,0.9735105121852101,0.9707807354621174,0.981222819954914,0,entry_or_trunk_with_rump,4.342171781382518,0.15905582612029434,0.24702380952380953,0.014738334342837334,0.04349097982048988,0.36930898472792695,0.6413162951790584,0.0,0.0,0.0,0.0
BCS2__Cow_11,Cow_11,Cow_11,1,2,0,0,2805,dataset\2\Cow_11\f_2805_rgb.jpg,dataset\2\Cow_11\f_2805_depth.npy,1,,3,172.97142028808594,172.99261474609375,0.067328080534935,0.8997601982089666,0.7798912852116568,0.948846206677157,1,entry_or_trunk_with_rump,3.455927912571781,0.1366223626113907,0.27976190476190477,0.013052473776042461,0.03513813018798828,0.399167210842645,0.6989266412942001,0.0,0.0,0.0,0.0
BCS2__Cow_11,Cow_11,Cow_11,1,2,0,0,2880,dataset\2\Cow_11\f_2880_rgb.jpg,dataset\2\Cow_11\f_2880_depth.npy,1,,3,173.3636016845703,173.2600860595703,0.17674262821674347,0.969191983774276,0.938832909310193,0.974417727466626,0,entry_or_trunk_with_rump,3.2373737546402737,0.14009248810238262,0.25892857142857145,0.010239618830382824,0.031736474484205246,0.39077089906104256,0.6939031501439379,0.0,0.0,0.0,0.0
BCS2__Cow_11,Cow_11,Cow_11,1,2,0,0,2895,dataset\2\Cow_11\f_2895_rgb.jpg,dataset\2\Cow_11\f_2895_depth.npy,1,,3,173.2474365234375,172.6358642578125,0.9292094707489014,0.9659499123767123,0.9596640482709436,0.9771772278989834,0,entry_or_trunk_with_rump,3.4938843138246654,0.14237064264513322,0.28273809523809523,0.015618661418557167,0.05155685916543007,0.40046367560102164,0.6866824348255022,0.0,0.0,0.0,0.0
BCS2__Cow_11,Cow_11,Cow_11,1,2,0,0,2970,dataset\2\Cow_11\f_2970_rgb.jpg,dataset\2\Cow_11\f_2970_depth.npy,1,,3,173.33570861816406,173.1632537841797,0.3078262507915497,0.9689636975711416,0.9311970037678408,0.979951474293272,0,entry_or_trunk_with_rump,3.501835996300727,0.15176309451457826,0.23809523809523808,0.01069263368844986,0.03492949157953262,0.3872154422273916,0.6639507490464543,0.0,0.0,0.0,0.0
BCS2__Cow_11,Cow_11,Cow_11,1,2,0,0,3015,dataset\2\Cow_11\f_3015_rgb.jpg,dataset\2\Cow_11\f_3015_depth.npy,1,,9,163.0397186279297,163.8728485107422,1.4214890003204346,0.9637843041381462,0.9526444427162918,0.9749525601454947,0,head_neck_trunk,-7.147111197870274,0.9485829380471955,0.6195121951219512,0.01454912405461073,0.04603996500372887,0.10882677811473918,0.7890343870950727,0.3898809523809524,0.0,1.0,0.0
BCS2__Cow_11,Cow_11,Cow_11,1,2,0,0,3030,dataset\2\Cow_11\f_3030_rgb.jpg,dataset\2\Cow_11\f_3030_depth.npy,1,,7,172.2440185546875,172.8201904296875,1.2272335290908813,0.8113655596553507,0.3749843091635786,0.8833004140543995,3,head_neck_trunk,-5.14028423523898,0.07806306986407208,0.38127090301003347,0.018328668549656868,0.07199177145957947,0.17571754120546823,0.8267306289526167,0.11011904761904762,0.0,1.0,0.0
BCS2__Cow_11,Cow_11,Cow_11,1,2,0,0,3045,dataset\2\Cow_11\f_3045_rgb.jpg,dataset\2\Cow_11\f_3045_depth.npy,1,,7,171.86459350585938,171.99183654785156,0.7212860584259033,0.9391705901229687,0.7891675743287607,0.958211033371264,1,head_neck_trunk,-5.640597924914118,0.3020936050147469,0.3869047619047619,0.013760840520262718,0.048678409308195114,0.3465401951029858,0.8211982430659553,0.0,0.0,1.0,0.0
BCS2__Cow_11,Cow_11,Cow_11,1,2,0,0,3165,dataset\2\Cow_11\f_3165_rgb.jpg,dataset\2\Cow_11\f_3165_depth.npy,1,,3,171.0865020751953,171.1208953857422,0.14308443665504456,0.9585850841123811,0.9584925793533564,0.9740843081265571,0,entry_or_trunk_with_rump,-6.820210326777271,0.3876144711424274,0.28869047619047616,0.01024971529841423,0.029417172074317932,0.4088629437225979,0.7460336514269779,0.0,0.0,0.0,0.0
BCS2__Cow_11,Cow_11,Cow_11,1,2,0,0,3285,dataset\2\Cow_11\f_3285_rgb.jpg,dataset\2\Cow_11\f_3285_depth.npy,1,,3,171.75390625,172.3397979736328,0.8862730264663696,0.9441519332931656,0.9437067041312732,0.9603339120477773,0,entry_or_trunk_with_rump,-0.8774135851260212,0.01625990988736703,0.23809523809523808,0.003813265124335885,0.015664117410779,0.4006763539070783,0.6758052436657963,0.0,0.0,0.0,0.0
BCS2__Cow_11,Cow_11,Cow_11,1,2,0,0,3525,dataset\2\Cow_11\f_3525_rgb.jpg,dataset\2\Cow_11\f_3525_depth.npy,1,,3,172.11178588867188,172.3989715576172,0.7439060211181641,0.9444344830926902,0.9194745678639448,0.9679923063754182,0,entry_or_trunk_with_rump,5.195556878753479,0.2291412007141247,0.24404761904761904,0.016246845945715904,0.0478970967233181,0.3953082463548118,0.6637424436270684,0.0,0.0,0.0,0.0
BCS2__Cow_11,Cow_11,Cow_11,1,2,0,0,3600,dataset\2\Cow_11\f_3600_rgb.jpg,dataset\2\Cow_11\f_3600_depth.npy,1,,4,173.8970947265625,173.94308471679688,0.3755744397640228,0.9368631648894417,0.8917048921381282,0.9598170749624795,0,entry_or_trunk_with_rump,4.519096075111037,0.20899147366505133,0.24107142857142858,0.0130135677754879,0.03441089019179344,0.37178567159072595,0.6429838303594801,0.0,0.0,0.0,0.0
BCS2__Cow_11,Cow_11,Cow_11,1,2,0,0,3690,dataset\2\Cow_11\f_3690_rgb.jpg,dataset\2\Cow_11\f_3690_depth.npy,1,,3,172.82733154296875,172.7319793701172,0.28085604310035706,0.9547163761249327,0.9252780578023153,0.9688194627972236,0,entry_or_trunk_with_rump,4.2114351702364985,0.1925702624811123,0.27976190476190477,0.012892317958176136,0.04516980051994324,0.38269527348407684,0.6915162133703598,0.0,0.0,0.0,0.0
BCS2__Cow_11,Cow_11,Cow_11,1,2,0,0,3780,dataset\2\Cow_11\f_3780_rgb.jpg,dataset\2\Cow_11\f_3780_depth.npy,1,,3,174.0369415283203,173.85484313964844,0.37630248069763184,0.9566433503596732,0.9505748858207617,0.9604007602429019,0,entry_or_trunk_with_rump,3.3159528138879892,0.11594152276417447,0.27976190476190477,0.024341469630599022,0.07301471382379532,0.39620182068219145,0.6930706487739222,0.0,0.0,0.0,0.0
BCS2__Cow_11,Cow_11,Cow_11,1,2,0,0,4020,dataset\2\Cow_11\f_4020_rgb.jpg,dataset\2\Cow_11\f_4020_depth.npy,1,,9,167.13232421875,166.99851989746094,1.6794986724853516,0.9545478303841543,0.910481916456306,0.9687860345052717,0,head_neck_trunk,-6.459525444874899,0.6638916590517567,0.6261261261261262,0.013110139407217503,0.039875272661447525,0.14829200033883508,0.8131296836487998,0.3392857142857143,0.0,1.0,0.0
BCS2__Cow_11,Cow_11,Cow_11,1,2,0,0,4035,dataset\2\Cow_11\f_4035_rgb.jpg,dataset\2\Cow_11\f_4035_depth.npy,1,,6,172.98138427734375,172.8474578857422,0.7023497819900513,0.8940755557932072,0.5784257618059615,0.9231031739555812,2,head_neck_trunk,-5.010262181794786,0.10245468387310552,0.370253164556962,0.009620269760489464,0.03319413959980011,0.1978292411248756,0.8326403940171766,0.05952380952380952,0.0,1.0,0.0
BCS2__Cow_11,Cow_11,Cow_11,1,2,0,0,4110,dataset\2\Cow_11\f_4110_rgb.jpg,dataset\2\Cow_11\f_4110_depth.npy,1,,3,172.14120483398438,172.22068786621094,0.7021040320396423,0.9352694918612713,0.8864425818821557,0.9435227157309718,0,entry_or_trunk_with_rump,-7.093477170009436,0.32754573221794203,0.29464285714285715,0.004135546740144491,0.012991859577596188,0.3806503467915888,0.6036365709309396,0.0,0.0,0.0,0.0
BCS2__Cow_11,Cow_11,Cow_11,1,2,0,0,4290,dataset\2\Cow_11\f_4290_rgb.jpg,dataset\2\Cow_11\f_4290_depth.npy,1,,3,171.75390625,172.3397979736328,0.8862730264663696,0.9441519332931656,0.9437067041312732,0.9603339120477773,0,entry_or_trunk_with_rump,-0.8774135851260212,0.01625990988736703,0.23809523809523808,0.003813265124335885,0.015664117410779,0.4006763539070783,0.6758052436657963,0.0,0.0,0.0,0.0
BCS2__Cow_11,Cow_11,Cow_11,1,2,0,0,4845,dataset\2\Cow_11\f_4845_rgb.jpg,dataset\2\Cow_11\f_4845_depth.npy,1,,3,173.02914428710938,173.2095184326172,0.5842323303222656,0.9687041612283949,0.9535998350078561,0.976297607322453,0,entry_or_trunk_with_rump,3.5290096422491075,0.13853502634835024,0.25297619047619047,0.014318205416202545,0.04423099756240845,0.39514546550655305,0.6782375531674534,0.0,0.0,0.0,0.0
BCS2__Cow_11,Cow_11,Cow_11,1,2,0,0,4980,dataset\2\Cow_11\f_4980_rgb.jpg,dataset\2\Cow_11\f_4980_depth.npy,1,,3,173.33570861816406,173.1632537841797,0.3078262507915497,0.9689636975711416,0.9311970037678408,0.979951474293272,0,entry_or_trunk_with_rump,3.501835996300727,0.15176309451457826,0.23809523809523808,0.01069263368844986,0.03492949157953262,0.3872154422273916,0.6639507490464543,0.0,0.0,0.0,0.0
BCS2__Cow_11,Cow_11,Cow_11,1,2,0,0,5040,dataset\2\Cow_11\f_5040_rgb.jpg,dataset\2\Cow_11\f_5040_depth.npy,1,,6,172.83694458007812,172.74591064453125,0.332692414522171,0.8311194275283064,0.7336538198401512,0.892116718416691,2,head_neck_trunk,-5.113054544589559,0.13270746632413477,0.36688311688311687,0.019163712859153748,0.06760290265083313,0.17547913503432547,0.8138363272137936,0.08333333333333333,0.0,1.0,0.0
BCS2__Cow_11,Cow_11,Cow_11,1,2,0,0,5055,dataset\2\Cow_11\f_5055_rgb.jpg,dataset\2\Cow_11\f_5055_depth.npy,1,,6,172.0702362060547,172.07440185546875,0.6300351023674011,0.8982763802593602,0.7493459029047999,0.9300141439505847,1,head_neck_trunk,-5.362606633488809,0.26597210201133237,0.36607142857142855,0.005294427741318941,0.018686359748244286,0.35010760020170734,0.7988844010350391,0.0,0.0,1.0,0.0
BCS2__Cow_11,Cow_11,Cow_11,1,2,0,0,5085,dataset\2\Cow_11\f_5085_rgb.jpg,dataset\2\Cow_11\f_5085_depth.npy,1,,3,171.61700439453125,171.5426025390625,0.4580431580543518,0.9392724855363832,0.8931278499707473,0.9672296405152216,0,entry_or_trunk_with_rump,-5.61162372908008,0.2736818804318517,0.2916666666666667,0.008987193927168846,0.02970271371304989,0.4223072471392458,0.6347976901916446,0.0,0.0,0.0,0.0
BCS2__Cow_11,Cow_11,Cow_11,1,2,0,0,5175,dataset\2\Cow_11\f_5175_rgb.jpg,dataset\2\Cow_11\f_5175_depth.npy,1,,3,171.0865020751953,171.1208953857422,0.14308443665504456,0.9585850841123811,0.9584925793533564,0.9740843081265571,0,entry_or_trunk_with_rump,-6.820210326777271,0.3876144711424274,0.28869047619047616,0.01024971529841423,0.029417172074317932,0.4088629437225979,0.7460336514269779,0.0,0.0,0.0,0.0
BCS2__Cow_11,Cow_11,Cow_11,1,2,0,0,5370,dataset\2\Cow_11\f_5370_rgb.jpg,dataset\2\Cow_11\f_5370_depth.npy,1,,3,172.4942626953125,172.7584991455078,0.8049299716949463,0.8856216695111426,0.8772883727636971,0.9180667511450409,0,entry_or_trunk_with_rump,1.4290245427398673,0.0610757608667285,0.22916666666666666,0.0066687846556305885,0.02187456749379635,0.40908186848102907,0.693917733531243,0.0,0.0,0.0,0.0
BCS2__Cow_11,Cow_11,Cow_11,1,2,0,0,5520,dataset\2\Cow_11\f_5520_rgb.jpg,dataset\2\Cow_11\f_5520_depth.npy,1,,3,174.16635131835938,173.8975067138672,0.39105379581451416,0.9468143391477176,0.9236617439076409,0.9587937483777706,0,entry_or_trunk_with_rump,5.434037908789165,0.21585349826241895,0.2708333333333333,0.012054819613695145,0.0351005457341671,0.39593947131162843,0.6574444690516266,0.0,0.0,0.0,0.0
BCS2__Cow_11,Cow_11,Cow_11,1,2,0,0,5610,dataset\2\Cow_11\f_5610_rgb.jpg,dataset\2\Cow_11\f_5610_depth.npy,1,,3,173.28125,173.26673889160156,0.4833712577819824,0.9463795880680295,0.900746640082476,0.9604940756703955,0,entry_or_trunk_with_rump,4.4952700689142375,0.21128828554104473,0.27380952380952384,0.013191386125981808,0.038214437663555145,0.3884499209641139,0.6966655232291292,0.0,0.0,0.0,0.0
BCS2__Cow_11,Cow_11,Cow_11,1,2,0,0,5805,dataset\2\Cow_11\f_5805_rgb.jpg,dataset\2\Cow_11\f_5805_depth.npy,1,,4,172.86505126953125,172.598876953125,1.291489601135254,0.9389124319582236,0.9018782686910018,0.9608642057082107,0,entry_or_trunk_with_rump,3.470933413645014,0.1578557639307121,0.26785714285714285,0.011280429549515247,0.03514619544148445,0.39921502725291286,0.69288367286478,0.0,0.0,0.0,0.0
BCS2__Cow_11,Cow_11,Cow_11,1,2,0,0,5820,dataset\2\Cow_11\f_5820_rgb.jpg,dataset\2\Cow_11\f_5820_depth.npy,1,,3,172.55563354492188,172.4535675048828,0.8115832805633545,0.9638710462680218,0.9508302387406822,0.9706129112610932,0,entry_or_trunk_with_rump,3.2579814424801867,0.13182564038406497,0.24107142857142858,0.006999168079346418,0.02494330145418644,0.39875972612330757,0.6680734087485903,0.0,0.0,0.0,0.0
BCS2__Cow_11,Cow_11,Cow_11,1,2,0,0,5925,dataset\2\Cow_11\f_5925_rgb.jpg,dataset\2\Cow_11\f_5925_depth.npy,1,,3,173.06918334960938,173.01585388183594,0.21469537913799286,0.8984494895721155,0.885388066512452,0.9417270689336901,0,entry_or_trunk_with_rump,3.504158921076126,0.16523536419113327,0.24702380952380953,0.008867417462170124,0.02849688194692135,0.3955976742383517,0.6651206238109297,0.0,0.0,0.0,0.0
BCS2__Cow_11,Cow_11,Cow_11,1,2,0,0,5985,dataset\2\Cow_11\f_5985_rgb.jpg,dataset\2\Cow_11\f_5985_depth.npy,1,,3,173.33570861816406,173.1632537841797,0.3078262507915497,0.9689636975711416,0.9311970037678408,0.979951474293272,0,entry_or_trunk_with_rump,3.501835996300727,0.15176309451457826,0.23809523809523808,0.01069263368844986,0.03492949157953262,0.3872154422273916,0.6639507490464543,0.0,0.0,0.0,0.0
BCS2__Cow_11,Cow_11,Cow_11,1,2,0,0,6045,dataset\2\Cow_11\f_6045_rgb.jpg,dataset\2\Cow_11\f_6045_depth.npy,1,,6,171.95687866210938,171.8498992919922,0.6700422763824463,0.5529613027870584,0.2504896486097502,0.7549304795914608,6,head_neck_trunk,-6.164340763052749,0.19378072095723553,0.3381818181818182,0.01842409372329712,0.059460218995809555,0.17347510868115434,0.831225347944168,0.18154761904761904,0.0,1.0,0.0
BCS2__Cow_11,Cow_11,Cow_11,1,2,0,0,6060,dataset\2\Cow_11\f_6060_rgb.jpg,dataset\2\Cow_11\f_6060_depth.npy,1,,7,172.45028686523438,172.12069702148438,0.8442157506942749,0.8278869965465261,0.7633258068264905,0.8727513230283166,2,head_neck_trunk,-5.037875479969728,0.22853650900171374,0.39285714285714285,0.01637554168701172,0.05661390349268913,0.343732383407617,0.8507687811039644,0.0,0.0,1.0,0.0
BCS2__Cow_11,Cow_11,Cow_11,1,2,0,0,6075,dataset\2\Cow_11\f_6075_rgb.jpg,dataset\2\Cow_11\f_6075_depth.npy,1,,6,172.18133544921875,172.16400146484375,0.20600475370883942,0.9371256188709561,0.8890540095989863,0.9553867071363402,0,entry_or_trunk_with_rump,-5.754306210332359,0.2280121595819935,0.22321428571428573,0.002729798434302211,0.0067143007181584835,0.4538866658751303,0.806762068742289,0.0,0.0,0.0,0.0
BCS2__Cow_11,Cow_11,Cow_11,1,2,0,0,6135,dataset\2\Cow_11\f_6135_rgb.jpg,dataset\2\Cow_11\f_6135_depth.npy,1,,3,172.426513671875,172.9354248046875,1.071260929107666,0.938458491962394,0.8422737607188402,0.9606595295928588,0,entry_or_trunk_with_rump,-6.503880037550132,0.2832595458638849,0.28869047619047616,0.005543956998735666,0.02616414614021778,0.38916365581585155,0.6531459982007981,0.0,0.0,0.0,0.0
BCS2__Cow_11,Cow_11,Cow_11,1,2,0,0,6150,dataset\2\Cow_11\f_6150_rgb.jpg,dataset\2\Cow_11\f_6150_depth.npy,1,,3,171.5813751220703,171.4612274169922,0.27275317907333374,0.9725760321761175,0.9626839230378712,0.9742552677767351,0,entry_or_trunk_with_rump,-5.590069520527692,0.32920586624759096,0.2648809523809524,0.005252097267657518,0.02265453338623047,0.40484087608424973,0.6353034428484285,0.0,0.0,0.0,0.0
BCS2__Cow_11,Cow_11,Cow_11,1,2,0,0,6255,dataset\2\Cow_11\f_6255_rgb.jpg,dataset\2\Cow_11\f_6255_depth.npy,1,,3,173.9878387451172,174.04881286621094,0.5064108967781067,0.9601973229867236,0.7689337966050904,0.9618809468598124,1,entry_or_trunk_with_rump,-1.8680030848472313,0.08551840773831998,0.25595238095238093,0.008071276359260082,0.022055912762880325,0.40212154826077684,0.7380127612318407,0.0,0.0,0.0,0.0
BCS2__Cow_11,Cow_11,Cow_11,1,2,0,0,6270,dataset\2\Cow_11\f_6270_rgb.jpg,dataset\2\Cow_11\f_6270_depth.npy,1,,3,172.3686065673828,172.53321838378906,0.7289345264434814,0.9834165082821714,0.9335618903405661,0.9868947276536132,0,entry_or_trunk_with_rump,-1.654513093693069,0.0693544380430069,0.25297619047619047,0.005529008340090513,0.01889590360224247,0.4094379056163122,0.7442089393618542,0.0,0.0,0.0,0.0
BCS2__Cow_11,Cow_11,Cow_11,1,2,0,0,6315,dataset\2\Cow_11\f_6315_rgb.jpg,dataset\2\Cow_11\f_6315_depth.npy,1,,5,173.6154022216797,173.1951904296875,0.8367621302604675,0.9773083473510495,0.9302884055859719,0.978654350899885,0,entry_or_trunk_with_rump,-0.4596936341668396,0.02258499455024321,0.2261904761904762,0.004457277245819569,0.012470971792936325,0.40247823594270066,0.6478830410154602,0.0,0.0,0.0,0.0
BCS2__Cow_11,Cow_11,Cow_11,1,2,0,0,6330,dataset\2\Cow_11\f_6330_rgb.jpg,dataset\2\Cow_11\f_6330_depth.npy,1,,4,173.87327575683594,173.65869140625,0.5842764377593994,0.9610790140097554,0.9110115562756088,0.9722658194982885,0,entry_or_trunk_with_rump,-0.21495761962685833,0.0035214789376567524,0.23214285714285715,0.0012798618990927935,0.00618599820882082,0.40808337441749976,0.6841775796792503,0.0,0.0,0.0,0.0
BCS2__Cow_11,Cow_11,Cow_11,1,2,0,0,6345,dataset\2\Cow_11\f_6345_rgb.jpg,dataset\2\Cow_11\f_6345_depth.npy,1,,3,173.5933837890625,173.4601287841797,0.3506976366043091,0.9114558816350066,0.7640671133587515,0.9241150674205869,1,entry_or_trunk_with_rump,-0.09504294698062665,0.09504294698062665,0.24702380952380953,0.005304533988237381,0.02188948541879654,0.40396156910457526,0.7105067882575938,0.0,0.0,0.0,0.0
BCS2__Cow_11,Cow_11,Cow_11,1,2,0,0,6450,dataset\2\Cow_11\f_6450_rgb.jpg,dataset\2\Cow_11\f_6450_depth.npy,1,,4,173.4311065673828,173.43853759765625,0.28545477986335754,0.9727732889016916,0.9489019697622462,0.981374132116791,0,entry_or_trunk_with_rump,3.294209218927108,0.12289702261892899,0.25892857142857145,0.006183714140206575,0.021935991942882538,0.39673749022741245,0.6782632561476062,0.0,0.0,0.0,0.0
BCS2__Cow_11,Cow_11,Cow_11,1,2,0,0,6555,dataset\2\Cow_11\f_6555_rgb.jpg,dataset\2\Cow_11\f_6555_depth.npy,1,,4,172.40286254882812,172.3250274658203,0.4142834544181824,0.9238023030811569,0.795851374518997,0.9565082038228899,1,entry_or_trunk_with_rump,5.260951318943839,0.2485670858792446,0.25297619047619047,0.015012992545962334,0.045230038464069366,0.395884180455516,0.6609370890305509,0.0,0.0,0.0,0.0
BCS2__Cow_11,Cow_11,Cow_11,1,2,0,0,6630,dataset\2\Cow_11\f_6630_rgb.jpg,dataset\2\Cow_11\f_6630_depth.npy,1,,4,173.8970947265625,173.94308471679688,0.3755744397640228,0.9368631648894417,0.8917048921381282,0.9598170749624795,0,entry_or_trunk_with_rump,4.519096075111037,0.20899147366505133,0.24107142857142858,0.0130135677754879,0.03441089019179344,0.37178567159072595,0.6429838303594801,0.0,0.0,0.0,0.0
BCS2__Cow_11,Cow_11,Cow_11,1,2,0,0,6720,dataset\2\Cow_11\f_6720_rgb.jpg,dataset\2\Cow_11\f_6720_depth.npy,1,,3,172.82733154296875,172.7319793701172,0.28085604310035706,0.9547163761249327,0.9252780578023153,0.9688194627972236,0,entry_or_trunk_with_rump,4.2114351702364985,0.1925702624811123,0.27976190476190477,0.012892317958176136,0.04516980051994324,0.38269527348407684,0.6915162133703598,0.0,0.0,0.0,0.0
BCS2__Cow_11,Cow_11,Cow_11,1,2,0,0,6735,dataset\2\Cow_11\f_6735_rgb.jpg,dataset\2\Cow_11\f_6735_depth.npy,1,,3,172.99803161621094,172.7853546142578,0.8016390204429626,0.90596442707344,0.8690734290020498,0.9469349623335914,0,entry_or_trunk_with_rump,4.088634213284678,0.1709195486984214,0.23809523809523808,0.004047058057039976,0.01834171451628208,0.3639981918514802,0.6557686971552973,0.0,0.0,0.0,0.0
BCS2__Cow_11,Cow_11,Cow_11,1,2,0,0,6870,dataset\2\Cow_11\f_6870_rgb.jpg,dataset\2\Cow_11\f_6870_depth.npy,1,,3,173.02914428710938,173.2095184326172,0.5842323303222656,0.9687041612283949,0.9535998350078561,0.976297607322453,0,entry_or_trunk_with_rump,3.5290096422491075,0.13853502634835024,0.25297619047619047,0.014318205416202545,0.04423099756240845,0.39514546550655305,0.6782375531674534,0.0,0.0,0.0,0.0
BCS2__Cow_11,Cow_11,Cow_11,1,2,0,0,6945,dataset\2\Cow_11\f_6945_rgb.jpg,dataset\2\Cow_11\f_6945_depth.npy,1,,3,173.06918334960938,173.01585388183594,0.21469537913799286,0.8984494895721155,0.885388066512452,0.9417270689336901,0,entry_or_trunk_with_rump,3.504158921076126,0.16523536419113327,0.24702380952380953,0.008867417462170124,0.02849688194692135,0.3955976742383517,0.6651206238109297,0.0,0.0,0.0,0.0
BCS2__Cow_11,Cow_11,Cow_11,1,2,0,0,7005,dataset\2\Cow_11\f_7005_rgb.jpg,dataset\2\Cow_11\f_7005_depth.npy,1,,3,173.33570861816406,173.1632537841797,0.3078262507915497,0.9689636975711416,0.9311970037678408,0.979951474293272,0,entry_or_trunk_with_rump,3.501835996300727,0.15176309451457826,0.23809523809523808,0.01069263368844986,0.03492949157953262,0.3872154422273916,0.6639507490464543,0.0,0.0,0.0,0.0
BCS2__Cow_11,Cow_11,Cow_11,1,2,0,0,7065,dataset\2\Cow_11\f_7065_rgb.jpg,dataset\2\Cow_11\f_7065_depth.npy,1,,6,170.45132446289062,171.05430603027344,1.684813141822815,0.9134545655978259,0.5763923378116034,0.9506144038420836,2,head_neck_trunk,-5.553348544981773,0.2041297796258732,0.3797909407665505,0.01432916708290577,0.05504844710230827,0.18246576069896778,0.842175474831891,0.14583333333333334,0.0,1.0,0.0
BCS2__Cow_11,Cow_11,Cow_11,1,2,0,0,7080,dataset\2\Cow_11\f_7080_rgb.jpg,dataset\2\Cow_11\f_7080_depth.npy,1,,7,172.45028686523438,172.12069702148438,0.8442157506942749,0.8278869965465261,0.7633258068264905,0.8727513230283166,2,head_neck_trunk,-5.037875479969728,0.22853650900171374,0.39285714285714285,0.01637554168701172,0.05661390349268913,0.343732383407617,0.8507687811039644,0.0,0.0,1.0,0.0
BCS2__Cow_11,Cow_11,Cow_11,1,2,0,0,7095,dataset\2\Cow_11\f_7095_rgb.jpg,dataset\2\Cow_11\f_7095_depth.npy,1,,6,172.18133544921875,172.16400146484375,0.20600475370883942,0.9371256188709561,0.8890540095989863,0.9553867071363402,0,entry_or_trunk_with_rump,-5.754306210332359,0.2280121595819935,0.22321428571428573,0.002729798434302211,0.0067143007181584835,0.4538866658751303,0.806762068742289,0.0,0.0,0.0,0.0
BCS2__Cow_11,Cow_11,Cow_11,1,2,0,0,7140,dataset\2\Cow_11\f_7140_rgb.jpg,dataset\2\Cow_11\f_7140_depth.npy,1,,3,171.92823791503906,171.6388397216797,0.6498340368270874,0.9651004786866947,0.9301762940286015,0.9758406771802213,0,entry_or_trunk_with_rump,-7.141434802980186,0.34840084550192785,0.26785714285714285,0.006174823734909296,0.022575702518224716,0.38561921717382264,0.5590679140467574,0.0,0.0,0.0,0.0
BCS2__Cow_11,Cow_11,Cow_11,1,2,0,0,7275,dataset\2\Cow_11\f_7275_rgb.jpg,dataset\2\Cow_11\f_7275_depth.npy,1,,3,172.24761962890625,172.2597198486328,0.3856683671474457,0.9616333858480439,0.9556407192981862,0.9730043307339502,0,entry_or_trunk_with_rump,-2.0116783002979304,0.11993214082055204,0.23809523809523808,0.008763374760746956,0.036197833716869354,0.4016173819924221,0.7079038463424797,0.0,0.0,0.0,0.0
BCS2__Cow_11,Cow_11,Cow_11,1,2,0,0,7305,dataset\2\Cow_11\f_7305_rgb.jpg,dataset\2\Cow_11\f_7305_depth.npy,1,,3,173.35406494140625,172.839111328125,0.7684481739997864,0.9468048777091294,0.9418658144804782,0.9598790103030155,0,entry_or_trunk_with_rump,-0.7916313496339313,0.040304932817079475,0.23809523809523808,0.008310401812195778,0.031579796224832535,0.420610990482195,0.6931142447530741,0.0,0.0,0.0,0.0
BCS2__Cow_11,Cow_11,Cow_11,1,2,0,0,7320,dataset\2\Cow_11\f_7320_rgb.jpg,dataset\2\Cow_11\f_7320_depth.npy,1,,6,172.17678833007812,172.369384765625,0.8340543508529663,0.9688431295828501,0.9344407771994396,0.9739975052891735,0,entry_or_trunk_with_rump,-0.6291918235745015,0.052113754142482094,0.25297619047619047,0.00824980903416872,0.03158056363463402,0.41569835595220517,0.6962991096539247,0.0,0.0,0.0,0.0
BCS2__Cow_11_1,Cow_11_1,Cow_11,1,2,0,0,390,dataset\2\Cow_11_1\f_390_rgb.jpg,dataset\2\Cow_11_1\f_390_depth.npy,1,,9,174.43873596191406,174.15859985351562,0.585652768611908,0.9186503156221827,0.8725434589484515,0.9572151470547134,0,entry_or_trunk_with_rump,0.1678832552816374,0.1678832552816374,0.24404761904761904,0.00393499294295907,0.015645381063222885,0.39927853284755516,0.8640834162557108,0.0,0.0,0.0,0.0
BCS2__Cow_11_1,Cow_11_1,Cow_11,1,2,0,0,630,dataset\2\Cow_11_1\f_630_rgb.jpg,dataset\2\Cow_11_1\f_630_depth.npy,1,,7,170.9290771484375,170.69564819335938,0.7511146068572998,0.9551482749928841,0.9214883311703752,0.9750378118217073,0,entry_or_trunk_with_rump,11.69153788598544,1.0477830096645704,0.3601190476190476,0.017115479335188866,0.05198405310511589,0.4417629324295729,0.7981172646663989,0.0,0.0,0.0,0.0
BCS2__Cow_11_1,Cow_11_1,Cow_11,1,2,0,0,645,dataset\2\Cow_11_1\f_645_rgb.jpg,dataset\2\Cow_11_1\f_645_depth.npy,1,,4,171.17408752441406,171.1970977783203,0.430136114358902,0.8554757589481956,0.7690009642529583,0.9148513368117978,1,entry_or_trunk_with_rump,12.830362862473095,0.7387050936495569,0.3958333333333333,0.007869292050600052,0.03871200978755951,0.4589149756950716,0.7580974350243405,0.0,0.0,0.0,0.0
BCS2__Cow_11_1,Cow_11_1,Cow_11,1,2,0,0,660,dataset\2\Cow_11_1\f_660_rgb.jpg,dataset\2\Cow_11_1\f_660_depth.npy,1,,5,170.794677734375,170.73959350585938,1.2791197299957275,0.9288846492319117,0.8419896032036439,0.9476691251645326,0,entry_or_trunk_with_rump,11.625153596279262,0.30199685672917553,0.4017857142857143,0.02727770246565342,0.0888928547501564,0.4915319426454441,0.7719361195513624,0.0,0.0,0.0,0.0
BCS2__Cow_11_1,Cow_11_1,Cow_11,1,2,0,0,735,dataset\2\Cow_11_1\f_735_rgb.jpg,dataset\2\Cow_11_1\f_735_depth.npy,1,,3,167.82493591308594,167.76438903808594,0.564536452293396,0.4636939028946967,0.4545397220988322,0.7075032236068006,3,head_neck_trunk,-9.72836966547058,0.08757859813360369,0.24404761904761904,0.00404591066762805,0.01330565195530653,0.4800872410730965,0.38233239985949347,0.0,0.0,1.0,0.0
BCS2__Cow_11_1,Cow_11_1,Cow_11,1,2,0,0,750,dataset\2\Cow_11_1\f_750_rgb.jpg,dataset\2\Cow_11_1\f_750_depth.npy,1,,9,163.13189697265625,163.59719848632812,2.3432555198669434,0.9561047262146984,0.8845803490982698,0.9659429219697242,0,entry_or_trunk_with_rump,-9.53377126566376,0.021166546637516603,0.2708333333333333,0.009651873260736465,0.034723564982414246,0.7303370396461596,0.46368187941425437,0.0,0.0,0.0,0.0
BCS2__Cow_11_2,Cow_11_2,Cow_11,1,2,0,0,165,dataset\2\Cow_11_2\f_165_rgb.jpg,dataset\2\Cow_11_2\f_165_depth.npy,1,,9,161.3365020751953,161.26904296875,1.368910551071167,0.9887885198082368,0.9537954294133287,0.991413153528282,0,entry_or_trunk_with_rump,-0.7218703474494674,0.049990936018133425,0.5054545454545455,0.010166432708501816,0.03248588740825653,0.06579356255956265,0.8617654503824734,0.18154761904761904,0.0,0.0,0.0
BCS2__Cow_11_2,Cow_11_2,Cow_11,1,2,0,0,180,dataset\2\Cow_11_2\f_180_rgb.jpg,dataset\2\Cow_11_2\f_180_depth.npy,1,,9,162.86099243164062,162.99729919433594,1.1561343669891357,0.9845038097709402,0.9245624375339826,0.9872061069219312,0,head_neck_trunk,0.8673354958834665,0.033960520881748835,0.5770491803278689,0.006210553925484419,0.022744884714484215,0.06525394606162795,0.8964040122916314,0.09226190476190477,0.0,1.0,0.0
BCS2__Cow_11_2,Cow_11_2,Cow_11,1,2,0,0,188,dataset\2\Cow_11_2\f_188_rgb.jpg,dataset\2\Cow_11_2\f_188_depth.npy,1,,9,165.16859436035156,164.8021240234375,2.0098118782043457,0.9749892135351882,0.871802673305943,0.9843145195477323,0,head_neck_trunk,-2.534575945678853,0.1625317856317281,0.6542372881355932,0.006508856080472469,0.029710546135902405,0.13865759555842916,0.8590561563462071,0.12202380952380952,0.0,1.0,0.0
BCS2__Cow_11_2,Cow_11_2,Cow_11,1,2,0,0,195,dataset\2\Cow_11_2\f_195_rgb.jpg,dataset\2\Cow_11_2\f_195_depth.npy,1,,8,165.01165771484375,165.17713928222656,1.4482715129852295,0.9712214888941757,0.9377415361797187,0.9771208156523178,0,head_neck_trunk,-4.207844920745941,0.3559502915478987,0.6822742474916388,0.009074073284864426,0.03421681374311447,0.1483633232084619,0.8562263802664907,0.11011904761904762,0.0,1.0,0.0
BCS2__Cow_11_2,Cow_11_2,Cow_11,1,2,0,0,210,dataset\2\Cow_11_2\f_210_rgb.jpg,dataset\2\Cow_11_2\f_210_depth.npy,1,,9,168.8164825439453,168.96578979492188,0.5757574439048767,0.9328887382272446,0.8767622594032815,0.9640387826286863,0,head_neck_trunk,-7.802123151672575,1.023571504693706,0.41875,0.012084686197340488,0.04274362325668335,0.12667887615338336,0.8340643841941668,0.047619047619047616,0.0,1.0,0.0
BCS2__Cow_11_2,Cow_11_2,Cow_11,1,2,0,0,211,dataset\2\Cow_11_2\f_211_rgb.jpg,dataset\2\Cow_11_2\f_211_depth.npy,1,,9,168.88552856445312,168.87905883789062,0.588474452495575,0.9294532380738709,0.8621480688222554,0.9537836815385892,0,head_neck_trunk,-7.761771566646146,1.010616692823703,0.4025157232704403,0.010686999186873436,0.03501472994685173,0.12615397366260084,0.8348648018902777,0.05357142857142857,0.0,1.0,0.0
BCS2__Cow_11_2,Cow_11_2,Cow_11,1,2,0,0,225,dataset\2\Cow_11_2\f_225_rgb.jpg,dataset\2\Cow_11_2\f_225_depth.npy,1,,7,169.1387481689453,169.11619567871094,0.26942649483680725,0.9262208172518122,0.9134608502969941,0.9540886108757158,0,head_neck_trunk,-8.309350895440858,0.7914185610373892,0.23867069486404835,0.012570383958518505,0.0411672480404377,0.10410314296787035,0.847408218563986,0.01488095238095238,0.0,1.0,0.0
BCS2__Cow_11_2,Cow_11_2,Cow_11,1,2,0,0,234,dataset\2\Cow_11_2\f_234_rgb.jpg,dataset\2\Cow_11_2\f_234_depth.npy,1,,6,170.48753356933594,169.6084442138672,1.5498194694519043,0.9060123046511607,0.7827183759691583,0.9356257974135053,1,head_neck_trunk,-7.208506936124351,0.5164579926283324,0.2648809523809524,0.023820513859391212,0.0706181675195694,0.1510950237348242,0.8852725919676812,0.0,0.0,1.0,0.0
BCS2__Cow_11_2,Cow_11_2,Cow_11,1,2,0,0,240,dataset\2\Cow_11_2\f_240_rgb.jpg,dataset\2\Cow_11_2\f_240_depth.npy,1,,6,170.03390502929688,169.9110565185547,1.714385747909546,0.9064138463720216,0.8742753466775783,0.9318841963834908,0,head_neck_trunk,-6.631416067124562,0.4055854852377365,0.30654761904761907,0.024142025038599968,0.07011930644512177,0.2010909465390317,0.856027179209413,0.0,0.0,1.0,0.0
BCS2__Cow_11_2,Cow_11_2,Cow_11,1,2,0,0,257,dataset\2\Cow_11_2\f_257_rgb.jpg,dataset\2\Cow_11_2\f_257_depth.npy,1,,5,171.06703186035156,170.7303466796875,1.3273566961288452,0.9432409351214552,0.7779004742869922,0.960174767243249,1,head_neck_trunk,-6.4053810449933195,0.29180106144949036,0.28273809523809523,0.010269524529576302,0.033755529671907425,0.31390051182107576,0.7769604536221013,0.0,0.0,1.0,0.0
BCS2__Cow_11_2,Cow_11_2,Cow_11,1,2,0,0,280,dataset\2\Cow_11_2\f_280_rgb.jpg,dataset\2\Cow_11_2\f_280_depth.npy,1,,4,170.85023498535156,171.2088623046875,0.9132552742958069,0.9084081782084309,0.8620076478462653,0.9213269596914488,0,entry_or_trunk_with_rump,-8.666944486812028,0.32266599687437747,0.2767857142857143,0.01146191917359829,0.03691980242729187,0.3733841080726574,0.6935346016720403,0.0,0.0,0.0,0.0
BCS2__Cow_11_2,Cow_11_2,Cow_11,1,2,0,0,285,dataset\2\Cow_11_2\f_285_rgb.jpg,dataset\2\Cow_11_2\f_285_depth.npy,1,,4,169.58099365234375,169.5386962890625,0.29683172702789307,0.9004203390140377,0.8713892896478901,0.9434622646296189,0,entry_or_trunk_with_rump,-9.775355991814394,0.4411328474027556,0.3273809523809524,0.016917629167437553,0.048229366540908813,0.39289457086210305,0.7380320673515943,0.0,0.0,0.0,0.0
BCS2__Cow_11_2,Cow_11_2,Cow_11,1,2,0,0,300,dataset\2\Cow_11_2\f_300_rgb.jpg,dataset\2\Cow_11_2\f_300_depth.npy,1,,3,173.3311767578125,172.776611328125,1.0532420873641968,0.9056500979971827,0.8890130124758303,0.9308791504490689,0,entry_or_trunk_with_rump,-12.414691306048496,0.5195663374266388,0.28869047619047616,0.011528382077813148,0.03687062859535217,0.401252527199066,0.7258710727970215,0.0,0.0,0.0,0.0
BCS2__Cow_11_2,Cow_11_2,Cow_11,1,2,0,0,303,dataset\2\Cow_11_2\f_303_rgb.jpg,dataset\2\Cow_11_2\f_303_depth.npy,1,,4,170.7432403564453,170.01890563964844,1.6681791543960571,0.9218124638789901,0.7808803248312279,0.9446822608517276,1,entry_or_trunk_with_rump,-12.6784293998345,0.4424591143355485,0.26785714285714285,0.012647729367017746,0.040631022304296494,0.39956791029967675,0.6990598004933484,0.0,0.0,0.0,0.0
BCS2__Cow_11_2,Cow_11_2,Cow_11,1,2,0,0,315,dataset\2\Cow_11_2\f_315_rgb.jpg,dataset\2\Cow_11_2\f_315_depth.npy,1,,5,170.73211669921875,170.31185913085938,1.7766340970993042,0.9507055076117972,0.8654267910671174,0.9599783460068037,0,entry_or_trunk_with_rump,-13.184147980726479,0.5451180665482411,0.30357142857142855,0.019635401666164398,0.05638508498668671,0.4177516163875839,0.7149835002209817,0.0,0.0,0.0,0.0
BCS2__Cow_11_2,Cow_11_2,Cow_11,1,2,0,0,326,dataset\2\Cow_11_2\f_326_rgb.jpg,dataset\2\Cow_11_2\f_326_depth.npy,1,,5,171.07559204101562,171.18106079101562,1.344094157218933,0.8334800020112899,0.7622156314350637,0.8815488619073801,2,entry_or_trunk_with_rump,-13.306700870471062,0.41598635561180686,0.2619047619047619,0.00893443077802658,0.03338179364800453,0.4109840848175211,0.6941381343934363,0.0,0.0,0.0,0.0
BCS2__Cow_11_2,Cow_11_2,Cow_11,1,2,0,0,330,dataset\2\Cow_11_2\f_330_rgb.jpg,dataset\2\Cow_11_2\f_330_depth.npy,1,,4,170.59991455078125,170.54965209960938,1.329878330230713,0.9113891996425089,0.8346854433532486,0.9293725483889421,0,entry_or_trunk_with_rump,-13.557429907313363,0.5605683020502994,0.28273809523809523,0.011187072843313217,0.03664608299732208,0.419840018117865,0.6934907076381599,0.0,0.0,0.0,0.0
BCS2__Cow_11_2,Cow_11_2,Cow_11,1,2,0,0,345,dataset\2\Cow_11_2\f_345_rgb.jpg,dataset\2\Cow_11_2\f_345_depth.npy,1,,6,172.18377685546875,171.06121826171875,2.2967450618743896,0.9482656136147316,0.872579996048052,0.9601126818703342,0,entry_or_trunk_with_rump,-14.238830857797169,0.5935318514280254,0.27976190476190477,0.012205332517623901,0.03683892637491226,0.42747625610303974,0.6821547573619455,0.0,0.0,0.0,0.0
BCS2__Cow_11_2,Cow_11_2,Cow_11,1,2,0,0,349,dataset\2\Cow_11_2\f_349_rgb.jpg,dataset\2\Cow_11_2\f_349_depth.npy,1,,5,171.4188995361328,170.92710876464844,1.5829533338546753,0.9239854495799287,0.8555262865136821,0.938735382992542,0,entry_or_trunk_with_rump,-14.11424640271919,0.46776505398287327,0.23809523809523808,0.009599109180271626,0.03346145898103714,0.4186930947232246,0.6760306856773484,0.0,0.0,0.0,0.0
BCS2__Cow_11_2,Cow_11_2,Cow_11,1,2,0,0,360,dataset\2\Cow_11_2\f_360_rgb.jpg,dataset\2\Cow_11_2\f_360_depth.npy,1,,3,169.69442749023438,170.61073303222656,2.013495922088623,0.9254377678676081,0.8607406664418801,0.933963731506497,0,entry_or_trunk_with_rump,-14.038347726203,0.5487836518610152,0.27976190476190477,0.012346431612968445,0.04111528396606445,0.4394298707255635,0.7140714582031196,0.0,0.0,0.0,0.0
BCS2__Cow_11_2,Cow_11_2,Cow_11,1,2,0,0,375,dataset\2\Cow_11_2\f_375_rgb.jpg,dataset\2\Cow_11_2\f_375_depth.npy,1,,5,170.65594482421875,170.62692260742188,1.5546214580535889,0.9433288598330462,0.936135926585172,0.9476125141558134,0,entry_or_trunk_with_rump,-12.739058116781464,0.576762046533986,0.28273809523809523,0.014621551148593426,0.04488861933350563,0.4495555237796608,0.7159741904455649,0.0,0.0,0.0,0.0
BCS2__Cow_11_2,Cow_11_2,Cow_11,1,2,0,0,395,dataset\2\Cow_11_2\f_395_rgb.jpg,dataset\2\Cow_11_2\f_395_depth.npy,1,,3,168.84193420410156,169.19029235839844,1.5031349658966064,0.9462978755027125,0.9366135297308629,0.9555959066473265,0,entry_or_trunk_with_rump,-13.00965839496341,0.5115008151848315,0.2767857142857143,0.01472350675612688,0.05664544552564621,0.4470643031247184,0.6815610221595357,0.0,0.0,0.0,0.0
BCS2__Cow_11_2,Cow_11_2,Cow_11,1,2,0,0,405,dataset\2\Cow_11_2\f_405_rgb.jpg,dataset\2\Cow_11_2\f_405_depth.npy,1,,5,171.52310180664062,171.6339874267578,1.1743274927139282,0.8741492207678638,0.8672781383870947,0.9300375840625382,0,entry_or_trunk_with_rump,-13.477188642015435,0.5466322102597445,0.2767857142857143,0.012842990458011627,0.03381776437163353,0.4491848255998909,0.7268417893450855,0.0,0.0,0.0,0.0
BCS2__Cow_11_2,Cow_11_2,Cow_11,1,2,0,0,418,dataset\2\Cow_11_2\f_418_rgb.jpg,dataset\2\Cow_11_2\f_418_depth.npy,1,,4,169.29989624023438,169.2055206298828,0.9417668581008911,0.9654781532255288,0.9641670590133128,0.9736297288683948,0,entry_or_trunk_with_rump,-12.397766896574339,0.471301821829627,0.2708333333333333,0.014951016753911972,0.04601658880710602,0.4497898876363847,0.7341180705706666,0.0,0.0,0.0,0.0
BCS2__Cow_11_2,Cow_11_2,Cow_11,1,2,0,0,435,dataset\2\Cow_11_2\f_435_rgb.jpg,dataset\2\Cow_11_2\f_435_depth.npy,1,,4,171.69668579101562,170.85980224609375,2.265718936920166,0.9551207685872138,0.8656052632514892,0.9669634422688542,0,entry_or_trunk_with_rump,-11.096671119606299,0.5008848622339883,0.2857142857142857,0.011690456420183182,0.03742336854338646,0.44174622951664594,0.7408766204492666,0.0,0.0,0.0,0.0
BCS2__Cow_11_2,Cow_11_2,Cow_11,1,2,0,0,450,dataset\2\Cow_11_2\f_450_rgb.jpg,dataset\2\Cow_11_2\f_450_depth.npy,1,,3,170.83802795410156,170.37176513671875,1.537461757659912,0.8849246172610716,0.7952672231281938,0.9383037370414552,1,entry_or_trunk_with_rump,-9.708372052812749,0.47899843489904015,0.2767857142857143,0.008943603374063969,0.029536975547671318,0.42692377235322226,0.7384477191000374,0.0,0.0,0.0,0.0
BCS2__Cow_11_2,Cow_11_2,Cow_11,1,2,0,0,464,dataset\2\Cow_11_2\f_464_rgb.jpg,dataset\2\Cow_11_2\f_464_depth.npy,1,,4,170.23458862304688,170.1365203857422,1.8753159046173096,0.9144145112039765,0.8484035119637986,0.94567453445337,0,entry_or_trunk_with_rump,-7.768081720012901,0.31567530941309485,0.28273809523809523,0.020474305376410484,0.06423623859882355,0.4133904643464813,0.7463840423115081,0.0,0.0,0.0,0.0
BCS2__Cow_11_2,Cow_11_2,Cow_11,1,2,0,0,465,dataset\2\Cow_11_2\f_465_rgb.jpg,dataset\2\Cow_11_2\f_465_depth.npy,1,,5,171.95362854003906,170.6387939453125,2.0243337154388428,0.8689467268360188,0.7661756030839331,0.9219100153164249,1,entry_or_trunk_with_rump,-7.866811590488723,0.3930055421474634,0.2916666666666667,0.0191656406968832,0.055882543325424194,0.41553563288327716,0.7620354277568439,0.0,0.0,0.0,0.0
BCS2__Cow_11_2,Cow_11_2,Cow_11,1,2,0,0,480,dataset\2\Cow_11_2\f_480_rgb.jpg,dataset\2\Cow_11_2\f_480_depth.npy,1,,6,171.26356506347656,171.11488342285156,1.2834727764129639,0.838078189410489,0.7562641899734477,0.9005695750935795,3,head_neck_trunk,-6.043843104541125,0.38806369124817763,0.31547619047619047,0.017096545547246933,0.052207112312316895,0.393196572068146,0.7617244660051661,0.0,0.0,1.0,0.0
BCS2__Cow_11_2,Cow_11_2,Cow_11,1,2,0,0,487,dataset\2\Cow_11_2\f_487_rgb.jpg,dataset\2\Cow_11_2\f_487_depth.npy,1,,4,171.41281127929688,171.04786682128906,1.3916592597961426,0.8438717071850922,0.8254674885223359,0.8821818469537467,0,head_neck_trunk,-5.683605383321506,0.3296495640100545,0.28869047619047616,0.009510073810815811,0.033627428114414215,0.37256475902163516,0.7456085382978804,0.0,0.0,1.0,0.0
BCS2__Cow_11_2,Cow_11_2,Cow_11,1,2,0,0,495,dataset\2\Cow_11_2\f_495_rgb.jpg,dataset\2\Cow_11_2\f_495_depth.npy,1,,3,170.24472045898438,170.8826446533203,1.1672903299331665,0.9247773730955479,0.8403556345039401,0.9361526866349705,0,head_neck_trunk,-5.916316423429052,0.393460869285164,0.3244047619047619,0.01497920323163271,0.05262000486254692,0.3712673624523193,0.76267877963607,0.0,0.0,1.0,0.0
BCS2__Cow_11_2,Cow_11_2,Cow_11,1,2,0,0,525,dataset\2\Cow_11_2\f_525_rgb.jpg,dataset\2\Cow_11_2\f_525_depth.npy,1,,3,172.19839477539062,172.1984100341797,1.4656472206115723,0.89307408411118,0.8825317100712375,0.9396807516812652,0,head_neck_trunk,-6.856742397204314,0.41220373385309017,0.3541666666666667,0.01838282309472561,0.058806587010622025,0.3166444258255533,0.7268508910321549,0.0,0.0,1.0,0.0
BCS2__Cow_11_2,Cow_11_2,Cow_11,1,2,0,0,540,dataset\2\Cow_11_2\f_540_rgb.jpg,dataset\2\Cow_11_2\f_540_depth.npy,1,,5,171.21156311035156,171.39984130859375,1.2019784450531006,0.9589265247809915,0.8779063392656612,0.9709384620268438,0,entry_or_trunk_with_rump,-7.712495015892742,0.37563432923271023,0.30654761904761907,0.01563023217022419,0.04324233904480934,0.3354004183316304,0.6957720515853835,0.0,0.0,0.0,0.0
BCS2__Cow_11_2,Cow_11_2,Cow_11,1,2,0,0,555,dataset\2\Cow_11_2\f_555_rgb.jpg,dataset\2\Cow_11_2\f_555_depth.npy,1,,6,171.85458374023438,172.0904083251953,1.882123351097107,0.9176680835515193,0.8946783318213564,0.9470755805658606,0,entry_or_trunk_with_rump,-8.054030903463143,0.29787952963295083,0.3333333333333333,0.02053745463490486,0.06683877855539322,0.35556201403601256,0.6827991044163333,0.0,0.0,0.0,0.0
BCS2__Cow_11_2,Cow_11_2,Cow_11,1,2,0,0,556,dataset\2\Cow_11_2\f_556_rgb.jpg,dataset\2\Cow_11_2\f_556_depth.npy,1,,6,171.55908203125,171.8319549560547,1.8546284437179565,0.9175610014130672,0.8808284196193497,0.9429673410402217,0,entry_or_trunk_with_rump,-7.908325755746191,0.2914380550711968,0.3125,0.021597206592559814,0.06742756813764572,0.3415160499911294,0.6529470018026212,0.0,0.0,0.0,0.0
BCS2__Cow_11_2,Cow_11_2,Cow_11,1,2,0,0,570,dataset\2\Cow_11_2\f_570_rgb.jpg,dataset\2\Cow_11_2\f_570_depth.npy,1,,6,172.04513549804688,171.96315002441406,1.1390366554260254,0.8057725733300356,0.7205739198549249,0.8736649947949185,2,head_neck_trunk,-7.577951775784371,0.32884009244995127,0.3333333333333333,0.01542054582387209,0.058014724403619766,0.341847635615889,0.6912670686697517,0.0,0.0,1.0,0.0
BCS2__Cow_11_2,Cow_11_2,Cow_11,1,2,0,0,579,dataset\2\Cow_11_2\f_579_rgb.jpg,dataset\2\Cow_11_2\f_579_depth.npy,1,,5,170.3760986328125,171.39576721191406,1.5242136716842651,0.8998803995867458,0.8521818021155604,0.944634528067291,0,entry_or_trunk_with_rump,-7.36645285945265,0.3022823056765418,0.27380952380952384,0.015711914747953415,0.04768336936831474,0.3259368794718858,0.6787265482782553,0.0,0.0,0.0,0.0
BCS2__Cow_11_2,Cow_11_2,Cow_11,1,2,0,0,585,dataset\2\Cow_11_2\f_585_rgb.jpg,dataset\2\Cow_11_2\f_585_depth.npy,1,,4,171.32669067382812,171.544189453125,0.8165163397789001,0.8962172900836278,0.8572930941966674,0.9382830937772945,0,head_neck_trunk,-7.767633134768317,0.35949104713465374,0.31845238095238093,0.014682437293231487,0.04710634425282478,0.31534022446174703,0.7264121544679341,0.0,0.0,1.0,0.0
BCS2__Cow_11_2,Cow_11_2,Cow_11,1,2,0,0,600,dataset\2\Cow_11_2\f_600_rgb.jpg,dataset\2\Cow_11_2\f_600_depth.npy,1,,4,172.1500244140625,172.2217254638672,0.9071770310401917,0.8175214800482655,0.7351903404525585,0.8838046150684491,2,head_neck_trunk,-6.5834114966459225,0.35499674189557595,0.3273809523809524,0.017760498449206352,0.05453278869390488,0.30884264272332973,0.758171175652727,0.0,0.0,1.0,0.0
BCS2__Cow_11_2,Cow_11_2,Cow_11,1,2,0,0,615,dataset\2\Cow_11_2\f_615_rgb.jpg,dataset\2\Cow_11_2\f_615_depth.npy,1,,4,171.117919921875,171.44815063476562,0.8133189678192139,0.9167982324521209,0.8722206125913574,0.9505523264780369,0,head_neck_trunk,-5.3952713842170255,0.29940693648995875,0.31547619047619047,0.010654701851308346,0.036585669964551926,0.2995039509098753,0.787940768500228,0.0,0.0,1.0,0.0
BCS2__Cow_21_8029,Cow_21_8029,Cow_21,0,2,0,0,105,dataset\2\Cow_21_8029\f_105_rgb.jpg,dataset\2\Cow_21_8029\f_105_depth.npy,1,,9,160.5571746826172,160.44020080566406,1.5570918321609497,0.9876944344904055,0.9568900323068614,0.9914770621934974,0,head_neck_trunk,1.0069388503869021,0.021671278818914175,0.6223175965665236,0.009150493890047073,0.037560220807790756,0.094714407012796,0.847680099145557,0.30654761904761907,0.0,1.0,0.0
BCS2__Cow_21_8029,Cow_21_8029,Cow_21,0,2,0,0,106,dataset\2\Cow_21_8029\f_106_rgb.jpg,dataset\2\Cow_21_8029\f_106_depth.npy,1,,9,161.01904296875,161.29962158203125,1.4774880409240723,0.980464664299831,0.9668158166443802,0.9871069037726099,0,head_neck_trunk,1.0087109721384309,0.01840964202129669,0.6514522821576764,0.01056677382439375,0.04299749433994293,0.10825028348991174,0.8273955433393634,0.28273809523809523,0.0,1.0,0.0
BCS2__Cow_21_8029,Cow_21_8029,Cow_21,0,2,0,0,107,dataset\2\Cow_21_8029\f_107_rgb.jpg,dataset\2\Cow_21_8029\f_107_depth.npy,1,,9,161.01904296875,161.29962158203125,1.4774880409240723,0.980464664299831,0.9668158166443802,0.9871069037726099,0,head_neck_trunk,1.0087109721384309,0.01840964202129669,0.6514522821576764,0.01056677382439375,0.04299749433994293,0.10825028348991174,0.8273955433393634,0.28273809523809523,0.0,1.0,0.0
BCS2__Cow_21_8029,Cow_21_8029,Cow_21,0,2,0,0,108,dataset\2\Cow_21_8029\f_108_rgb.jpg,dataset\2\Cow_21_8029\f_108_depth.npy,1,,8,162.60482788085938,162.2650604248047,1.310510277748108,0.9887738081174344,0.9819092628341525,0.9911074520301368,0,head_neck_trunk,0.8837644604416397,0.053950492674246675,0.68,0.016092166304588318,0.05058027058839798,0.12185483348731209,0.8327734529258519,0.25595238095238093,0.0,1.0,0.0
BCS2__Cow_21_8029,Cow_21_8029,Cow_21,0,2,0,0,109,dataset\2\Cow_21_8029\f_109_rgb.jpg,dataset\2\Cow_21_8029\f_109_depth.npy,1,,8,162.60482788085938,162.2650604248047,1.310510277748108,0.9887738081174344,0.9819092628341525,0.9911074520301368,0,head_neck_trunk,0.8837644604416397,0.053950492674246675,0.68,0.016092166304588318,0.05058027058839798,0.12185483348731209,0.8327734529258519,0.25595238095238093,0.0,1.0,0.0
BCS2__Cow_21_8029,Cow_21_8029,Cow_21,0,2,0,0,110,dataset\2\Cow_21_8029\f_110_rgb.jpg,dataset\2\Cow_21_8029\f_110_depth.npy,1,,8,163.553466796875,163.68490600585938,1.8275038003921509,0.9876028843628213,0.8717526119803879,0.9910002757278775,0,head_neck_trunk,1.07259788998239,0.014304118229603091,0.6934865900383141,0.017477311193943024,0.05302165076136589,0.12493719646604036,0.8548509589667134,0.22321428571428573,0.0,1.0,0.0
BCS2__Cow_21_8029,Cow_21_8029,Cow_21,0,2,0,0,111,dataset\2\Cow_21_8029\f_111_rgb.jpg,dataset\2\Cow_21_8029\f_111_depth.npy,1,,8,163.553466796875,163.68490600585938,1.8275038003921509,0.9876028843628213,0.8717526119803879,0.9910002757278775,0,head_neck_trunk,1.07259788998239,0.014304118229603091,0.6934865900383141,0.017477311193943024,0.05302165076136589,0.12493719646604036,0.8548509589667134,0.22321428571428573,0.0,1.0,0.0
BCS2__Cow_21_8029,Cow_21_8029,Cow_21,0,2,0,0,112,dataset\2\Cow_21_8029\f_112_rgb.jpg,dataset\2\Cow_21_8029\f_112_depth.npy,1,,8,164.39080810546875,165.20050048828125,2.1104376316070557,0.9827448590512924,0.8721998727530204,0.9879366882184588,0,head_neck_trunk,1.0571176870868442,0.0006642846901883104,0.7074074074074074,0.02300364524126053,0.07575362175703049,0.13117889730505042,0.8625073131401156,0.19642857142857142,0.0,1.0,0.0
BCS2__Cow_21_8029,Cow_21_8029,Cow_21,0,2,0,0,113,dataset\2\Cow_21_8029\f_113_rgb.jpg,dataset\2\Cow_21_8029\f_113_depth.npy,1,,8,164.39080810546875,165.20050048828125,2.1104376316070557,0.9827448590512924,0.8721998727530204,0.9879366882184588,0,head_neck_trunk,1.0571176870868442,0.0006642846901883104,0.7074074074074074,0.02300364524126053,0.07575362175703049,0.13117889730505042,0.8625073131401156,0.19642857142857142,0.0,1.0,0.0
BCS2__Cow_21_8029,Cow_21_8029,Cow_21,0,2,0,0,114,dataset\2\Cow_21_8029\f_114_rgb.jpg,dataset\2\Cow_21_8029\f_114_depth.npy,1,,9,166.09747314453125,165.91363525390625,1.7234474420547485,0.9830238905798434,0.836330110654677,0.9854066962480934,0,head_neck_trunk,1.2829225495048746,0.02947677735599541,0.7224199288256228,0.018347257748246193,0.05498660355806351,0.12911852980270283,0.869852914521372,0.1636904761904762,0.0,1.0,0.0
BCS2__Cow_21_8029,Cow_21_8029,Cow_21,0,2,0,0,115,dataset\2\Cow_21_8029\f_115_rgb.jpg,dataset\2\Cow_21_8029\f_115_depth.npy,1,,9,166.09747314453125,165.91363525390625,1.7234474420547485,0.9830238905798434,0.836330110654677,0.9854066962480934,0,head_neck_trunk,1.2829225495048746,0.02947677735599541,0.7224199288256228,0.018347257748246193,0.05498660355806351,0.12911852980270283,0.869852914521372,0.1636904761904762,0.0,1.0,0.0
BCS2__Cow_21_8029,Cow_21_8029,Cow_21,0,2,0,0,116,dataset\2\Cow_21_8029\f_116_rgb.jpg,dataset\2\Cow_21_8029\f_116_depth.npy,1,,8,166.60977172851562,167.28140258789062,2.150791645050049,0.9808432159636322,0.861054004574211,0.9858453096542702,0,head_neck_trunk,1.419569254784932,0.03259289864874404,0.7508650519031141,0.023436719551682472,0.07520252466201782,0.14665475922129867,0.8754550727247538,0.13988095238095238,0.0,1.0,0.0
BCS2__Cow_21_8029,Cow_21_8029,Cow_21,0,2,0,0,117,dataset\2\Cow_21_8029\f_117_rgb.jpg,dataset\2\Cow_21_8029\f_117_depth.npy,1,,8,166.60977172851562,167.28140258789062,2.150791645050049,0.9808432159636322,0.861054004574211,0.9858453096542702,0,head_neck_trunk,1.419569254784932,0.03259289864874404,0.7508650519031141,0.023436719551682472,0.07520252466201782,0.14665475922129867,0.8754550727247538,0.13988095238095238,0.0,1.0,0.0
BCS2__Cow_21_8029,Cow_21_8029,Cow_21,0,2,0,0,118,dataset\2\Cow_21_8029\f_118_rgb.jpg,dataset\2\Cow_21_8029\f_118_depth.npy,1,,8,170.22030639648438,170.15740966796875,0.9019531607627869,0.9588683346786211,0.8040115084728503,0.9608432124179538,0,head_neck_trunk,1.1962176574534311,0.015046078956657993,0.44816053511705684,0.009666923433542252,0.04209442809224129,0.1387703823479633,0.8146617610149666,0.11011904761904762,0.0,1.0,0.0
BCS2__Cow_21_8029,Cow_21_8029,Cow_21,0,2,0,0,119,dataset\2\Cow_21_8029\f_119_rgb.jpg,dataset\2\Cow_21_8029\f_119_depth.npy,1,,8,170.22030639648438,170.15740966796875,0.9019531607627869,0.9588683346786211,0.8040115084728503,0.9608432124179538,0,head_neck_trunk,1.1962176574534311,0.015046078956657993,0.44816053511705684,0.009666923433542252,0.04209442809224129,0.1387703823479633,0.8146617610149666,0.11011904761904762,0.0,1.0,0.0
BCS2__Cow_21_8029,Cow_21_8029,Cow_21,0,2,0,0,144,dataset\2\Cow_21_8029\f_144_rgb.jpg,dataset\2\Cow_21_8029\f_144_depth.npy,1,,3,172.1338348388672,172.07484436035156,1.1454942226409912,0.8650205234340965,0.8464857534955389,0.9266052016464381,0,trunk_head_neck_reversed,1.0624550829564896,0.016641602699294822,0.24404761904761904,0.008982173167169094,0.02958693355321884,0.33179632156924105,0.4977358555088673,0.0,0.0,0.0,1.0
BCS2__Cow_21_8029,Cow_21_8029,Cow_21,0,2,0,0,145,dataset\2\Cow_21_8029\f_145_rgb.jpg,dataset\2\Cow_21_8029\f_145_depth.npy,1,,3,172.1338348388672,172.07484436035156,1.1454942226409912,0.8650205234340965,0.8464857534955389,0.9266052016464381,0,trunk_head_neck_reversed,1.0624550829564896,0.016641602699294822,0.24404761904761904,0.008982173167169094,0.02958693355321884,0.33179632156924105,0.4977358555088673,0.0,0.0,0.0,1.0
BCS2__Cow_5,Cow_5,Cow_5,2,2,0,0,36,dataset\2\Cow_5\f_36_rgb.jpg,dataset\2\Cow_5\f_36_depth.npy,1,,4,170.87686157226562,170.92811584472656,1.96268630027771,0.742195635049417,0.12810240457666322,0.8587592852926507,2,trunk_head_neck_reversed,2.30214782270518,0.019096287355608865,0.32456140350877194,0.012517421506345272,0.04057281091809273,0.5575904629510888,0.29652042520217997,0.0,0.32142857142857145,0.0,1.0
BCS2__Cow_5,Cow_5,Cow_5,2,2,0,0,37,dataset\2\Cow_5\f_37_rgb.jpg,dataset\2\Cow_5\f_37_depth.npy,1,,4,170.87686157226562,170.92811584472656,1.96268630027771,0.742195635049417,0.12810240457666322,0.8587592852926507,2,trunk_head_neck_reversed,2.30214782270518,0.019096287355608865,0.32456140350877194,0.012517421506345272,0.04057281091809273,0.5575904629510888,0.29652042520217997,0.0,0.32142857142857145,0.0,1.0
BCS2__Cow_5_1,Cow_5_1,Cow_5,2,2,0,0,300,dataset\2\Cow_5_1\f_300_rgb.jpg,dataset\2\Cow_5_1\f_300_depth.npy,1,,9,170.03469848632812,170.2808837890625,1.1132415533065796,0.9642980705068762,0.9398957275424709,0.9726122221413314,0,head_neck_trunk,-6.412273393827789,0.24611088449111662,0.31845238095238093,0.008489801548421383,0.02852610871195793,0.18546388229402955,0.8443349569772645,0.0,0.0,1.0,0.0
BCS2__Cow_5_1,Cow_5_1,Cow_5,2,2,0,0,301,dataset\2\Cow_5_1\f_301_rgb.jpg,dataset\2\Cow_5_1\f_301_depth.npy,1,,9,170.03469848632812,170.2808837890625,1.1132415533065796,0.9642980705068762,0.9398957275424709,0.9726122221413314,0,head_neck_trunk,-6.412273393827789,0.24611088449111662,0.31845238095238093,0.008489801548421383,0.02852610871195793,0.18546388229402955,0.8443349569772645,0.0,0.0,1.0,0.0
BCS2__Cow_5_1,Cow_5_1,Cow_5,2,2,0,0,302,dataset\2\Cow_5_1\f_302_rgb.jpg,dataset\2\Cow_5_1\f_302_depth.npy,1,,8,170.63616943359375,170.6938934326172,0.9067481160163879,0.9439724367509229,0.8436021649077698,0.9652546687040546,0,head_neck_trunk,-6.640103852144847,0.38177973287217526,0.35119047619047616,0.004624249879270792,0.023102516308426857,0.20664950143700056,0.8408589873490969,0.0,0.0,1.0,0.0
BCS2__Cow_5_1,Cow_5_1,Cow_5,2,2,0,0,303,dataset\2\Cow_5_1\f_303_rgb.jpg,dataset\2\Cow_5_1\f_303_depth.npy,1,,8,170.63616943359375,170.6938934326172,0.9067481160163879,0.9439724367509229,0.8436021649077698,0.9652546687040546,0,head_neck_trunk,-6.640103852144847,0.38177973287217526,0.35119047619047616,0.004624249879270792,0.023102516308426857,0.20664950143700056,0.8408589873490969,0.0,0.0,1.0,0.0
BCS2__Cow_5_1,Cow_5_1,Cow_5,2,2,0,0,304,dataset\2\Cow_5_1\f_304_rgb.jpg,dataset\2\Cow_5_1\f_304_depth.npy,1,,9,171.53713989257812,171.4552001953125,1.1805320978164673,0.8331717192201348,0.5365256041208379,0.9069234294890514,1,head_neck_trunk,-7.3391882486834135,0.8098717806744418,0.375,0.012305251322686672,0.031674012541770935,0.25087493891290563,0.8535950202880299,0.0,0.0,1.0,0.0
BCS2__Cow_5_1,Cow_5_1,Cow_5,2,2,0,0,305,dataset\2\Cow_5_1\f_305_rgb.jpg,dataset\2\Cow_5_1\f_305_depth.npy,1,,9,171.53713989257812,171.4552001953125,1.1805320978164673,0.8331717192201348,0.5365256041208379,0.9069234294890514,1,head_neck_trunk,-7.3391882486834135,0.8098717806744418,0.375,0.012305251322686672,0.031674012541770935,0.25087493891290563,0.8535950202880299,0.0,0.0,1.0,0.0
BCS2__Cow_5_1,Cow_5_1,Cow_5,2,2,0,0,306,dataset\2\Cow_5_1\f_306_rgb.jpg,dataset\2\Cow_5_1\f_306_depth.npy,1,,6,173.21258544921875,172.93434143066406,0.8848327398300171,0.9512566623864107,0.9354252863310246,0.9681638805775727,0,head_neck_trunk,-7.566336276172166,0.7745958376660269,0.22916666666666666,0.0057059647515416145,0.015837619081139565,0.25292606733878803,0.7811762432096304,0.0,0.0,1.0,0.0
BCS2__Cow_5_1,Cow_5_1,Cow_5,2,2,0,0,307,dataset\2\Cow_5_1\f_307_rgb.jpg,dataset\2\Cow_5_1\f_307_depth.npy,1,,6,173.21258544921875,172.93434143066406,0.8848327398300171,0.9512566623864107,0.9354252863310246,0.9681638805775727,0,head_neck_trunk,-7.566336276172166,0.7745958376660269,0.22916666666666666,0.0057059647515416145,0.015837619081139565,0.25292606733878803,0.7811762432096304,0.0,0.0,1.0,0.0
BCS2__Cow_5_1,Cow_5_1,Cow_5,2,2,0,0,344,dataset\2\Cow_5_1\f_344_rgb.jpg,dataset\2\Cow_5_1\f_344_depth.npy,1,,3,170.74078369140625,170.68067932128906,0.7446147799491882,0.9634434763930764,0.9360629506432313,0.9731320052412928,0,trunk_head_neck_reversed,-6.418649999258832,0.33709828282255216,0.27734375,0.019254431128501892,0.05940160155296326,0.50547266785163,0.2612309562694862,0.0,0.23809523809523808,0.0,1.0
BCS2__Cow_5_1,Cow_5_1,Cow_5,2,2,0,0,345,dataset\2\Cow_5_1\f_345_rgb.jpg,dataset\2\Cow_5_1\f_345_depth.npy,1,,3,170.74078369140625,170.68067932128906,0.7446147799491882,0.9634434763930764,0.9360629506432313,0.9731320052412928,0,trunk_head_neck_reversed,-6.418649999258832,0.33709828282255216,0.27734375,0.019254431128501892,0.05940160155296326,0.50547266785163,0.2612309562694862,0.0,0.23809523809523808,0.0,1.0
BCS3__Cow_14,Cow_14,Cow_14,1,3,1,0,150,dataset\3\Cow_14\f_150_rgb.jpg,dataset\3\Cow_14\f_150_depth.npy,1,,9,157.94622802734375,158.14813232421875,1.422006607055664,0.9924242227703053,0.9741841234809695,0.992431296401135,0,entry_or_trunk_with_rump,3.7356638267024067,0.35247539101784753,0.5147679324894515,0.008726668544113636,0.029926560819149017,0.10416986635467816,0.8190521728835812,0.29464285714285715,0.0,0.0,0.0
BCS3__Cow_14,Cow_14,Cow_14,1,3,1,0,165,dataset\3\Cow_14\f_165_rgb.jpg,dataset\3\Cow_14\f_165_depth.npy,1,,9,162.73385620117188,163.22938537597656,1.7534475326538086,0.9917303311032437,0.920307438742333,0.9921205994023858,0,head_neck_trunk,4.156233784273198,0.08722171961650815,0.6411960132890365,0.01645801216363907,0.0552089661359787,0.1413266535250905,0.8511300124732588,0.10416666666666667,0.0,1.0,0.0
BCS3__Cow_14,Cow_14,Cow_14,1,3,1,0,225,dataset\3\Cow_14\f_225_rgb.jpg,dataset\3\Cow_14\f_225_depth.npy,1,,5,171.52931213378906,171.39715576171875,0.3302500247955322,0.9836128524101736,0.9742992725293592,0.9879047285925848,0,trunk_head_neck_reversed,-6.6859296454975095,0.22022838422761026,0.23214285714285715,0.008255288004875183,0.027835950255393982,0.485483399687024,0.25297603891801873,0.0,0.0,0.0,1.0
BCS3__Cow_14,Cow_14,Cow_14,1,3,1,0,330,dataset\3\Cow_14\f_330_rgb.jpg,dataset\3\Cow_14\f_330_depth.npy,1,,3,171.1448974609375,171.1385955810547,0.6824674010276794,0.9323557834789332,0.925035232845925,0.9580798992480897,0,entry_or_trunk_with_rump,4.182708438371435,0.13383481477177384,0.22321428571428573,0.021580738946795464,0.06510503590106964,0.43860654721409714,0.7945571287250557,0.0,0.0,0.0,0.0
BCS3__Cow_14_0011,Cow_14_0011,Cow_14,1,3,1,0,165,dataset\3\Cow_14_0011\f_165_rgb.jpg,dataset\3\Cow_14_0011\f_165_depth.npy,1,,6,160.83761596679688,161.3373565673828,2.128607749938965,0.9808106628690579,0.9258769524056765,0.9851461485643684,0,entry_or_trunk_with_rump,1.999104866243158,0.12324806285792533,0.5,0.011920920573174953,0.03732484206557274,0.2814796989358861,0.8745132467338093,0.0,0.0,0.0,0.0
BCS3__Cow_14_0011,Cow_14_0011,Cow_14,1,3,1,0,180,dataset\3\Cow_14_0011\f_180_rgb.jpg,dataset\3\Cow_14_0011\f_180_depth.npy,1,,6,169.4068603515625,170.01524353027344,1.2720869779586792,0.9303829782111214,0.8619751027655556,0.9377199360732537,0,head_neck_trunk,2.060427704258643,0.07036786717789312,0.3125,0.023505061864852905,0.06308358907699585,0.18100593211941032,0.8615866060042472,0.0,0.0,1.0,0.0
BCS3__Cow_14_0011,Cow_14_0011,Cow_14,1,3,1,0,225,dataset\3\Cow_14_0011\f_225_rgb.jpg,dataset\3\Cow_14_0011\f_225_depth.npy,1,,6,172.41561889648438,172.7337646484375,1.0710185766220093,0.8957336231949018,0.4127633208722433,0.9357306722797765,1,trunk_head_neck_reversed,3.0708616454249267,0.05436806363245239,0.25595238095238093,0.006178094539791346,0.021324025467038155,0.35657665676445627,0.322715027809643,0.0,0.0,0.0,1.0
BCS3__Cow_14_0011,Cow_14_0011,Cow_14,1,3,1,0,255,dataset\3\Cow_14_0011\f_255_rgb.jpg,dataset\3\Cow_14_0011\f_255_depth.npy,1,,3,170.22511291503906,170.2432403564453,0.26502156257629395,0.8994941863318143,0.7098525106193003,0.9316037157511078,1,trunk_head_neck_reversed,-0.7057888308281832,0.16363629456705553,0.5597014925373134,0.005336265545338392,0.017564766108989716,0.704124477619127,0.10392144148258944,0.0,0.20238095238095238,0.0,1.0
BCS3__Cow_16,Cow_16,Cow_16,0,3,1,0,780,dataset\3\Cow_16\f_780_rgb.jpg,dataset\3\Cow_16\f_780_depth.npy,1,,9,155.69601440429688,155.59059143066406,0.6798751354217529,0.9745809484981438,0.9638422822606185,0.9843083689853734,0,head_neck_trunk,-5.716117764516241,0.6458402167266541,0.5435684647302904,0.007830260321497917,0.023810911923646927,0.10239412471959566,0.7990011386792544,0.28273809523809523,0.0,1.0,0.0
BCS3__Cow_16,Cow_16,Cow_16,0,3,1,0,795,dataset\3\Cow_16\f_795_rgb.jpg,dataset\3\Cow_16\f_795_depth.npy,1,,9,159.64419555664062,161.18719482421875,3.107941150665283,0.9610212349547987,0.9220153227370597,0.9683551708571936,0,head_neck_trunk,-4.243574264819841,0.29576816293668173,0.5503597122302158,0.012840012088418007,0.040323659777641296,0.07705142471819816,0.8641884203701733,0.17261904761904762,0.0,1.0,0.0
BCS3__Cow_16,Cow_16,Cow_16,0,3,1,0,810,dataset\3\Cow_16\f_810_rgb.jpg,dataset\3\Cow_16\f_810_depth.npy,1,,9,168.85105895996094,168.66241455078125,1.1790521144866943,0.9081178453445283,0.8642361574198993,0.9307779892115283,0,head_neck_trunk,-1.4567429942881347,0.08283697198460516,0.3227848101265823,0.006407555658370256,0.023841848596930504,0.07279604352930634,0.8820569854502756,0.05952380952380952,0.0,1.0,0.0
BCS3__Cow_16,Cow_16,Cow_16,0,3,1,0,825,dataset\3\Cow_16\f_825_rgb.jpg,dataset\3\Cow_16\f_825_depth.npy,1,,7,167.59054565429688,167.61180114746094,2.1042299270629883,0.8945559326267485,0.8405258156672462,0.9306346564888153,0,entry_or_trunk_with_rump,-4.309333157368783,0.1954517274455867,0.35119047619047616,0.007226884830743074,0.03150741383433342,0.18391107737787626,0.8747821842388048,0.0,0.0,0.0,0.0
BCS3__Cow_16,Cow_16,Cow_16,0,3,1,0,855,dataset\3\Cow_16\f_855_rgb.jpg,dataset\3\Cow_16\f_855_depth.npy,1,,9,167.166259765625,167.28746032714844,0.9363437294960022,0.8935510374068181,0.8288186041061987,0.9395513592900884,0,entry_or_trunk_with_rump,-6.437003330031828,0.22174096113933217,0.34523809523809523,0.006876797415316105,0.025610540062189102,0.1654844531569416,0.8501173677239521,0.0,0.0,0.0,0.0
BCS3__Cow_16,Cow_16,Cow_16,0,3,1,0,870,dataset\3\Cow_16\f_870_rgb.jpg,dataset\3\Cow_16\f_870_depth.npy,1,,9,163.70458984375,164.0198974609375,1.6572589874267578,0.9674350184837769,0.8807835517183432,0.9785715097729009,0,entry_or_trunk_with_rump,-7.660304626187454,0.24843629880251683,0.6071428571428571,0.006803411059081554,0.026337143033742905,0.17305077787470055,0.8650129665600755,0.0,0.0,0.0,0.0
BCS3__Cow_16,Cow_16,Cow_16,0,3,1,0,885,dataset\3\Cow_16\f_885_rgb.jpg,dataset\3\Cow_16\f_885_depth.npy,1,,9,167.05812072753906,166.78456115722656,1.8351644277572632,0.9134276653129442,0.8736201679277575,0.9442278810957181,0,entry_or_trunk_with_rump,-7.5614806809713,0.2404502088537157,0.36607142857142855,0.01495396252721548,0.05619034916162491,0.16178511267786513,0.8394448223896743,0.0,0.0,0.0,0.0
BCS3__Cow_16,Cow_16,Cow_16,0,3,1,0,945,dataset\3\Cow_16\f_945_rgb.jpg,dataset\3\Cow_16\f_945_depth.npy,1,,9,163.58534240722656,163.51480102539062,1.3319315910339355,0.9775426012265571,0.9388066002107056,0.9815441632140585,0,entry_or_trunk_with_rump,-7.851549477594091,0.16549123494927187,0.6011904761904762,0.011068684980273247,0.03175131604075432,0.18758814934529677,0.8533034993059975,0.0,0.0,0.0,0.0
BCS3__Cow_16,Cow_16,Cow_16,0,3,1,0,960,dataset\3\Cow_16\f_960_rgb.jpg,dataset\3\Cow_16\f_960_depth.npy,1,,9,163.1416778564453,163.46322631835938,1.4715240001678467,0.9814223195096274,0.933626314587089,0.9862033599425659,0,entry_or_trunk_with_rump,-7.381725598710233,0.1811771794285164,0.6011904761904762,0.01168039720505476,0.047813449054956436,0.18425482152838676,0.8490972995503562,0.0,0.0,0.0,0.0
BCS3__Cow_16,Cow_16,Cow_16,0,3,1,0,975,dataset\3\Cow_16\f_975_rgb.jpg,dataset\3\Cow_16\f_975_depth.npy,1,,9,163.74786376953125,163.9255828857422,1.4669888019561768,0.9845696689285824,0.9519712094955908,0.9900256615250176,0,entry_or_trunk_with_rump,-6.984820029532457,0.14913160277875193,0.6011904761904762,0.011411638930439949,0.04799748957157135,0.1887834747299415,0.8468804805378171,0.0,0.0,0.0,0.0
BCS3__Cow_16,Cow_16,Cow_16,0,3,1,0,990,dataset\3\Cow_16\f_990_rgb.jpg,dataset\3\Cow_16\f_990_depth.npy,1,,9,163.50912475585938,163.79489135742188,1.4123784303665161,0.9642582675873228,0.8997487860270832,0.9770517206072749,0,entry_or_trunk_with_rump,-6.768867411116119,0.1659507547001482,0.5952380952380952,0.01224182453006506,0.051924996078014374,0.1836500821333852,0.8419275387117469,0.0,0.0,0.0,0.0
BCS3__Cow_16,Cow_16,Cow_16,0,3,1,0,1020,dataset\3\Cow_16\f_1020_rgb.jpg,dataset\3\Cow_16\f_1020_depth.npy,1,,9,164.4136199951172,164.13478088378906,0.9814714193344116,0.9691728496984561,0.9097543144703555,0.9808467866066921,0,entry_or_trunk_with_rump,-7.125524697024062,0.14787468255516956,0.6130952380952381,0.008701038546860218,0.037302907556295395,0.19170473375052863,0.8510015706148478,0.0,0.0,0.0,0.0
BCS3__Cow_16,Cow_16,Cow_16,0,3,1,0,1035,dataset\3\Cow_16\f_1035_rgb.jpg,dataset\3\Cow_16\f_1035_depth.npy,1,,9,163.65234375,163.92901611328125,1.3410236835479736,0.9659286607133867,0.9444159067777328,0.9806967955445882,0,entry_or_trunk_with_rump,-6.897535198312653,0.15244547013696774,0.6220238095238095,0.0061160605400800705,0.03230990096926689,0.1913047562501384,0.8508726061776637,0.0,0.0,0.0,0.0
BCS3__Cow_16,Cow_16,Cow_16,0,3,1,0,1050,dataset\3\Cow_16\f_1050_rgb.jpg,dataset\3\Cow_16\f_1050_depth.npy,1,,9,163.3807373046875,163.47903442382812,1.3309125900268555,0.9629995420472566,0.9418100030894089,0.9790737010147343,0,entry_or_trunk_with_rump,-6.982432122956581,0.11694759989309489,0.6190476190476191,0.01507955975830555,0.059183456003665924,0.19616900326900205,0.8529106730562791,0.0,0.0,0.0,0.0
BCS3__Cow_16,Cow_16,Cow_16,0,3,1,0,1065,dataset\3\Cow_16\f_1065_rgb.jpg,dataset\3\Cow_16\f_1065_depth.npy,1,,9,163.87635803222656,163.78292846679688,1.2734109163284302,0.9686313430887152,0.9369765081450079,0.9789900652081592,0,entry_or_trunk_with_rump,-6.842917953365244,0.07884049611020316,0.6220238095238095,0.013057222589850426,0.05335650593042374,0.20664877176180216,0.8492706254893096,0.0,0.0,0.0,0.0
BCS3__Cow_16,Cow_16,Cow_16,0,3,1,0,1080,dataset\3\Cow_16\f_1080_rgb.jpg,dataset\3\Cow_16\f_1080_depth.npy,1,,9,163.69009399414062,163.94235229492188,1.276436448097229,0.9644166386013211,0.9429836484522077,0.9757586137859432,0,entry_or_trunk_with_rump,-3.513875609204405,0.08756123191162146,0.6160714285714286,0.027865251526236534,0.09147945046424866,0.597114304209449,0.8831246569760547,0.0,0.0,0.0,0.0
BCS3__Cow_16,Cow_16,Cow_16,0,3,1,0,1170,dataset\3\Cow_16\f_1170_rgb.jpg,dataset\3\Cow_16\f_1170_depth.npy,1,,9,167.59521484375,167.3728485107422,1.0182139873504639,0.9068677853308623,0.8389887174944568,0.937307723024107,0,head_neck_trunk,-15.522771944421379,0.1362361477335412,0.3767123287671233,0.015836630016565323,0.05057774484157562,0.20574555272503792,0.6353383672906818,0.13095238095238096,0.0,1.0,0.0
BCS3__Cow_16,Cow_16,Cow_16,0,3,1,0,1185,dataset\3\Cow_16\f_1185_rgb.jpg,dataset\3\Cow_16\f_1185_depth.npy,1,,9,163.08787536621094,163.8408660888672,1.8308751583099365,0.9754153748323753,0.8956500010521372,0.9810296717339421,0,head_neck_trunk,-1.475174223269505,0.04396377650641625,0.5148809523809523,0.03598727658390999,0.11116915196180344,0.22928180587537023,0.8895699105435928,0.0,0.0,1.0,0.0
BCS3__Cow_16,Cow_16,Cow_16,0,3,1,0,1350,dataset\3\Cow_16\f_1350_rgb.jpg,dataset\3\Cow_16\f_1350_depth.npy,1,,9,160.7722625732422,161.62823486328125,1.2934746742248535,0.9889854672459718,0.898131974319784,0.9905944371948538,0,trunk_dominant,-21.474500697583323,4.296951539117799e-05,0.22268907563025211,0.00968463160097599,0.028953813016414642,0.20728746158219655,0.3302643287717172,0.2916666666666667,0.0,1.0,1.0
BCS3__Cow_16,Cow_16,Cow_16,0,3,1,0,1365,dataset\3\Cow_16\f_1365_rgb.jpg,dataset\3\Cow_16\f_1365_depth.npy,1,,4,154.12716674804688,154.18394470214844,0.7900700569152832,0.9949962635331531,0.9915657856056213,0.9958295031328855,0,trunk_dominant,-22.702898391212315,0.17841302517847168,0.4342105263157895,0.013206163421273232,0.037997908890247345,0.19886007824537774,0.30911281147213526,0.32142857142857145,0.0,1.0,1.0
BCS3__Cow_16_1004,Cow_16_1004,Cow_16,0,3,1,0,150,dataset\3\Cow_16_1004\f_150_rgb.jpg,dataset\3\Cow_16_1004\f_150_depth.npy,1,,9,167.09588623046875,167.47425842285156,1.838287591934204,0.9419321213247711,0.8194724106851596,0.959688096591437,0,head_neck_trunk,3.111788161534534,0.11472261400240313,0.46726190476190477,0.011312775313854218,0.047324370592832565,0.20704061745123517,0.8928224523706072,0.0,0.0,1.0,0.0
BCS3__Cow_16_1004,Cow_16_1004,Cow_16,0,3,1,0,180,dataset\3\Cow_16_1004\f_180_rgb.jpg,dataset\3\Cow_16_1004\f_180_depth.npy,1,,3,170.4170379638672,170.84791564941406,1.0630136728286743,0.9431097085370104,0.9210527253451003,0.9469167996171469,0,trunk_dominant,-2.228975008018068,0.014415680906779471,0.23841059602649006,0.009021386504173279,0.027013782411813736,0.4345540554584458,0.21309473345513225,0.0,0.10119047619047619,1.0,1.0
BCS3__Cow_16_1004,Cow_16_1004,Cow_16,0,3,1,0,195,dataset\3\Cow_16_1004\f_195_rgb.jpg,dataset\3\Cow_16_1004\f_195_depth.npy,1,,9,157.4632110595703,157.6991729736328,2.177412271499634,0.9787149798057065,0.9603810456546003,0.9849365756578525,0,trunk_dominant,-16.67322390338471,0.9767535432177397,0.6403162055335968,0.011793997138738632,0.04120517522096634,0.3940423744796886,0.04439756480122781,0.0,0.24702380952380953,1.0,1.0
BCS3__Cow_16_2,Cow_16_2,Cow_16,0,3,1,0,0,dataset\3\Cow_16_2\f_0_rgb.jpg,dataset\3\Cow_16_2\f_0_depth.npy,1,,9,157.21701049804688,157.76316833496094,1.5714248418807983,0.9880834289134018,0.9545484392663557,0.9914442095458756,0,head_neck_trunk,-3.9140537512157323,0.5072153607323031,0.6619718309859155,0.01033660676330328,0.02782926708459854,0.13324697664758395,0.83770477973701,0.36607142857142855,0.0,1.0,0.0
BCS3__Cow_16_2,Cow_16_2,Cow_16,0,3,1,0,45,dataset\3\Cow_16_2\f_45_rgb.jpg,dataset\3\Cow_16_2\f_45_depth.npy,1,,5,172.07020568847656,172.74024963378906,1.27234947681427,0.8778046616765218,0.5779433608577838,0.9246784225739146,1,trunk_head_neck_reversed,-9.473820332809268,0.6305871329997075,0.3865546218487395,0.004225068725645542,0.01741752400994301,0.5501840793304391,0.15378650062343852,0.0,0.2916666666666667,0.0,1.0
BCS3__Cow_20_0029,Cow_20_0029,Cow_20,2,3,1,0,105,dataset\3\Cow_20_0029\f_105_rgb.jpg,dataset\3\Cow_20_0029\f_105_depth.npy,1,,9,162.37823486328125,162.0515899658203,3.379404306411743,0.8923334976962186,0.8463350124037092,0.941923233738456,0,entry_or_trunk_with_rump,1.9633788635283054,0.08902357132349437,0.44642857142857145,0.037020981311798096,0.11319795250892639,0.25368988201741355,0.8962930767486178,0.0,0.0,0.0,0.0
BCS3__Cow_20_0029,Cow_20_0029,Cow_20,2,3,1,0,120,dataset\3\Cow_20_0029\f_120_rgb.jpg,dataset\3\Cow_20_0029\f_120_depth.npy,1,,8,170.43463134765625,170.3436279296875,0.33637964725494385,0.8892954411713774,0.85670324641685,0.9356388190104574,0,head_neck_trunk,6.228100262974451,0.5133887841278835,0.3392857142857143,0.007440090179443359,0.03136913850903511,0.40249377178482376,0.8158904083962568,0.0,0.0,1.0,0.0
BCS3__Cow_20_0029,Cow_20_0029,Cow_20,2,3,1,0,135,dataset\3\Cow_20_0029\f_135_rgb.jpg,dataset\3\Cow_20_0029\f_135_depth.npy,1,,9,170.81272888183594,170.55918884277344,0.6966335773468018,0.9781781846483255,0.970285126929879,0.9849712743687592,0,entry_or_trunk_with_rump,4.086525517978274,0.14901772245723066,0.6011904761904762,0.0043732402846217155,0.01740015111863613,0.6214611667443718,0.5250144704452067,0.0,0.0,0.0,0.0
BCS3__Cow_20_0029,Cow_20_0029,Cow_20,2,3,1,0,150,dataset\3\Cow_20_0029\f_150_rgb.jpg,dataset\3\Cow_20_0029\f_150_depth.npy,1,,6,169.42559814453125,168.9878387451172,1.1546282768249512,0.9431062626762389,0.8404919975851821,0.9497897764470311,0,trunk_head_neck_reversed,5.014163729042934,0.4069779044322672,0.58,0.007134679704904556,0.022079527378082275,0.6447273362514424,0.1449758202429488,0.0,0.25595238095238093,0.0,1.0
BCS3__Cow_22,Cow_22,Cow_22,2,3,1,0,135,dataset\3\Cow_22\f_135_rgb.jpg,dataset\3\Cow_22\f_135_depth.npy,1,,9,166.38404846191406,166.3404998779297,1.0893017053604126,0.9681420292177196,0.9406223565647259,0.9817538825569225,0,entry_or_trunk_with_rump,0.29761621397393867,0.08608137254161363,0.2648809523809524,0.012657788582146168,0.03928384184837341,0.07598292794457259,0.8936164409761569,0.0,0.0,0.0,0.0
BCS3__Cow_22,Cow_22,Cow_22,2,3,1,0,150,dataset\3\Cow_22\f_150_rgb.jpg,dataset\3\Cow_22\f_150_depth.npy,1,,6,166.42098999023438,166.5370635986328,0.8612456321716309,0.9490766990274884,0.9040927284834179,0.9606982106694809,0,head_neck_trunk,-3.7044690268907914,0.38174462286298194,0.3769968051118211,0.027281232178211212,0.06806975603103638,0.11222439899544005,0.8215316261442539,0.06845238095238096,0.0,1.0,0.0
BCS3__Cow_22,Cow_22,Cow_22,2,3,1,0,165,dataset\3\Cow_22\f_165_rgb.jpg,dataset\3\Cow_22\f_165_depth.npy,1,,8,167.33111572265625,167.74111938476562,1.171949028968811,0.938734363099969,0.758115288070466,0.955852333493713,1,head_neck_trunk,-3.097383402156936,0.5501049286674942,0.4166666666666667,0.04715261235833168,0.12621581554412842,0.13386541624287712,0.8797511328749514,0.07142857142857142,0.0,1.0,0.0
BCS3__Cow_22,Cow_22,Cow_22,2,3,1,0,180,dataset\3\Cow_22\f_180_rgb.jpg,dataset\3\Cow_22\f_180_depth.npy,1,,5,171.9473876953125,171.47364807128906,0.8004649877548218,0.8509090783928362,0.8264969505752686,0.9056116015543472,0,head_neck_trunk,-3.7002730671971023,0.6783932654005298,0.36477987421383645,0.01800241321325302,0.0670008510351181,0.12180145755775575,0.8696685277263999,0.05357142857142857,0.0,1.0,0.0
BCS3__Cow_22,Cow_22,Cow_22,2,3,1,0,195,dataset\3\Cow_22\f_195_rgb.jpg,dataset\3\Cow_22\f_195_depth.npy,1,,8,170.26622009277344,170.33035278320312,0.3277154862880707,0.9458821273161748,0.9325070954881916,0.9585753524036736,0,head_neck_trunk,-0.7489696091787721,0.1251968164977768,0.22916666666666666,0.027082599699497223,0.08348402380943298,0.13115956130256173,0.8435136324495354,0.0,0.0,1.0,0.0
BCS3__Cow_22,Cow_22,Cow_22,2,3,1,0,240,dataset\3\Cow_22\f_240_rgb.jpg,dataset\3\Cow_22\f_240_depth.npy,1,,4,170.4268798828125,170.5018768310547,0.4179927110671997,0.9446474796987403,0.9349475294818106,0.9638284816648088,0,head_neck_trunk,1.0843363432186948,0.06606498397357541,0.2857142857142857,0.02386237122118473,0.07571528851985931,0.32135278298966913,0.8912898202325341,0.0,0.0,1.0,0.0
BCS3__Cow_22,Cow_22,Cow_22,2,3,1,0,255,dataset\3\Cow_22\f_255_rgb.jpg,dataset\3\Cow_22\f_255_depth.npy,1,,4,169.67845153808594,169.92776489257812,0.5928489565849304,0.9716766931906442,0.9574215590099934,0.9786984458702055,0,head_neck_trunk,-2.883421924574762,0.18415851476751754,0.23214285714285715,0.023614151403307915,0.06284306198358536,0.32819786860677425,0.8753593832208733,0.0,0.0,1.0,0.0
BCS3__Cow_22,Cow_22,Cow_22,2,3,1,0,360,dataset\3\Cow_22\f_360_rgb.jpg,dataset\3\Cow_22\f_360_depth.npy,1,,3,170.6160430908203,170.51548767089844,0.6101564764976501,0.9660338489824212,0.9483871255802574,0.9737446085751797,0,head_neck_trunk,-8.06179546549484,0.6326676636560933,0.23214285714285715,0.017981495708227158,0.056702785193920135,0.35988480377765353,0.8497242144107171,0.0,0.0,1.0,0.0
BCS3__Cow_22,Cow_22,Cow_22,2,3,1,0,525,dataset\3\Cow_22\f_525_rgb.jpg,dataset\3\Cow_22\f_525_depth.npy,1,,4,169.61187744140625,169.68426513671875,0.47890564799308777,0.9617577634190666,0.9254018299036508,0.9737538143037696,0,head_neck_trunk,-2.262465186715943,0.1933785627274318,0.23214285714285715,0.019861092790961266,0.061284974217414856,0.3715319992272962,0.8811134357896494,0.0,0.0,1.0,0.0
BCS3__Cow_22,Cow_22,Cow_22,2,3,1,0,690,dataset\3\Cow_22\f_690_rgb.jpg,dataset\3\Cow_22\f_690_depth.npy,1,,3,171.10520935058594,171.2036590576172,0.40258780121803284,0.9819005513287735,0.9506217498696157,0.9820752442825537,0,head_neck_trunk,-6.233736447956787,0.3168838649946082,0.23214285714285715,0.0041657378897070885,0.016074687242507935,0.34645764051905936,0.8293923608780075,0.0,0.0,1.0,0.0
BCS3__Cow_22,Cow_22,Cow_22,2,3,1,0,705,dataset\3\Cow_22\f_705_rgb.jpg,dataset\3\Cow_22\f_705_depth.npy,1,,3,171.0725860595703,171.34849548339844,0.4153241217136383,0.966977866722267,0.9489864075958242,0.9730804785797322,0,head_neck_trunk,-5.228117102996478,0.23959553668522915,0.22023809523809523,0.004750223830342293,0.01616387441754341,0.3554649833412897,0.8386223005659772,0.0,0.0,1.0,0.0
BCS3__Cow_22,Cow_22,Cow_22,2,3,1,0,825,dataset\3\Cow_22\f_825_rgb.jpg,dataset\3\Cow_22\f_825_depth.npy,1,,6,172.25531005859375,172.54246520996094,1.0734055042266846,0.9393532419823378,0.7460533987035152,0.95240106326907,1,head_neck_trunk,4.727543005912594,0.31303094815469024,0.23511904761904762,0.00443069264292717,0.015739906579256058,0.2890977501612456,0.8562787269739193,0.0,0.0,1.0,0.0
BCS3__Cow_22,Cow_22,Cow_22,2,3,1,0,840,dataset\3\Cow_22\f_840_rgb.jpg,dataset\3\Cow_22\f_840_depth.npy,1,,4,171.72613525390625,171.74928283691406,0.7721004486083984,0.9318380515616362,0.897482052113324,0.9493701941801347,0,head_neck_trunk,4.384622380395143,0.2568375479650342,0.23809523809523808,0.009215207770466805,0.03159132972359657,0.2702070541654907,0.8576501425787311,0.0,0.0,1.0,0.0
BCS3__Cow_22,Cow_22,Cow_22,2,3,1,0,885,dataset\3\Cow_22\f_885_rgb.jpg,dataset\3\Cow_22\f_885_depth.npy,1,,3,173.61546325683594,173.63104248046875,0.25243064761161804,0.9315541133654883,0.8413813613575221,0.946867464251256,0,head_neck_trunk,4.302822086946435,0.19101721327608345,0.22916666666666666,0.005435605067759752,0.016343172639608383,0.24767545532189453,0.8388618337555304,0.0,0.0,1.0,0.0
BCS3__Cow_22,Cow_22,Cow_22,2,3,1,0,900,dataset\3\Cow_22\f_900_rgb.jpg,dataset\3\Cow_22\f_900_depth.npy,1,,4,173.78262329101562,173.79388427734375,0.10629986226558685,0.8900768246208128,0.8496199210644371,0.9397306068873578,0,head_neck_trunk,4.167085934082962,0.17424752105931418,0.23511904761904762,0.010767513886094093,0.03321892023086548,0.2503948075557357,0.8506011242056934,0.0,0.0,1.0,0.0
BCS3__Cow_22,Cow_22,Cow_22,2,3,1,0,930,dataset\3\Cow_22\f_930_rgb.jpg,dataset\3\Cow_22\f_930_depth.npy,1,,4,172.9945068359375,173.12681579589844,0.3422163426876068,0.8546558623269904,0.8090653942099506,0.907052250100321,0,head_neck_trunk,3.7558978331716446,0.15103755307748656,0.24702380952380953,0.012335420586168766,0.039764516055583954,0.25099482926080174,0.8497270795063097,0.0,0.0,1.0,0.0
BCS3__Cow_22,Cow_22,Cow_22,2,3,1,0,1005,dataset\3\Cow_22\f_1005_rgb.jpg,dataset\3\Cow_22\f_1005_depth.npy,1,,4,173.57086181640625,173.5057373046875,0.5473025441169739,0.7357005499414979,0.630596820877573,0.8451039583369757,2,head_neck_trunk,4.073746692962402,0.1621869476713016,0.3125,0.02313866838812828,0.07047941535711288,0.26062932276141426,0.8516262295435528,0.0,0.0,1.0,0.0
BCS3__Cow_22,Cow_22,Cow_22,2,3,1,0,1035,dataset\3\Cow_22\f_1035_rgb.jpg,dataset\3\Cow_22\f_1035_depth.npy,1,,5,173.05532836914062,173.36331176757812,0.5678534507751465,0.8448674016855824,0.7617881507022324,0.8876667985217388,1,head_neck_trunk,3.799943364341857,0.16201194030003307,0.2648809523809524,0.013359461911022663,0.04682265594601631,0.2576353751272609,0.8559967894241368,0.0,0.0,1.0,0.0
BCS3__Cow_22,Cow_22,Cow_22,2,3,1,0,1170,dataset\3\Cow_22\f_1170_rgb.jpg,dataset\3\Cow_22\f_1170_depth.npy,1,,3,171.11111450195312,171.07989501953125,0.1828794926404953,0.9414524343651277,0.9297185802736473,0.9529371919731358,0,head_neck_trunk,-3.7078587517944612,0.3190870301118309,0.28869047619047616,0.0174911767244339,0.0500296913087368,0.24746556069571898,0.8831910684013106,0.0,0.0,1.0,0.0
BCS3__Cow_22,Cow_22,Cow_22,2,3,1,0,1185,dataset\3\Cow_22\f_1185_rgb.jpg,dataset\3\Cow_22\f_1185_depth.npy,1,,4,171.2752685546875,172.23373413085938,1.8943936824798584,0.9643705923277964,0.5719919095705706,0.975572478700058,1,head_neck_trunk,-4.7599815943066375,0.41318388513288085,0.24107142857142858,0.02074727602303028,0.0586189441382885,0.24428128117143097,0.8629512377849249,0.0,0.0,1.0,0.0
BCS3__Cow_22_1,Cow_22_1,Cow_22,2,3,1,0,0,dataset\3\Cow_22_1\f_0_rgb.jpg,dataset\3\Cow_22_1\f_0_depth.npy,1,,3,174.16551208496094,174.0232696533203,0.6799839735031128,0.8985744460689788,0.7544243800933285,0.9414263812084946,1,entry_or_trunk_with_rump,1.0790317643623268,0.004785674815053653,0.5,0.005750177428126335,0.021431123837828636,0.5825581836752609,0.7319190760628865,0.0,0.0,0.0,0.0
BCS3__Cow_22_1,Cow_22_1,Cow_22,2,3,1,0,30,dataset\3\Cow_22_1\f_30_rgb.jpg,dataset\3\Cow_22_1\f_30_depth.npy,1,,4,171.49221801757812,171.33309936523438,0.4700639843940735,0.9056782015214205,0.878486052308722,0.9391368539035785,0,trunk_head_neck_reversed,2.6054077671296483,0.014450511118184295,0.4791666666666667,0.007726484443992376,0.026454826816916466,0.39546109500341986,0.3294428206160762,0.0,0.0,0.0,1.0
BCS3__Cow_22_1,Cow_22_1,Cow_22,2,3,1,0,45,dataset\3\Cow_22_1\f_45_rgb.jpg,dataset\3\Cow_22_1\f_45_depth.npy,1,,5,170.92031860351562,171.00222778320312,0.5752865672111511,0.8133774230037981,0.722444816647849,0.8981690774816062,2,trunk_dominant,2.8787685491556516,0.016316014237489185,0.4494047619047619,0.003557021263986826,0.01736263744533062,0.3460036023790871,0.2301428586631402,0.0,0.0,1.0,1.0
BCS3__Cow_22_1,Cow_22_1,Cow_22,2,3,1,0,60,dataset\3\Cow_22_1\f_60_rgb.jpg,dataset\3\Cow_22_1\f_60_depth.npy,1,,7,171.6326904296875,171.7567138671875,0.5702778697013855,0.9588500206512102,0.846841377600414,0.9693964117439535,0,trunk_dominant,2.2414725958538924,0.006349260038746252,0.47692307692307695,0.004820030648261309,0.016486626118421555,0.41048206607476695,0.11003483159861076,0.0,0.03273809523809524,1.0,1.0
BCS3__Cow_22_1,Cow_22_1,Cow_22,2,3,1,0,75,dataset\3\Cow_22_1\f_75_rgb.jpg,dataset\3\Cow_22_1\f_75_depth.npy,1,,9,170.99876403808594,171.0608673095703,0.8020613193511963,0.9384305008603653,0.8919047571801026,0.9598671804110714,0,trunk_head_neck_reversed,0.8431178017741559,0.012191036276703926,0.5972222222222222,0.010032612830400467,0.029959937557578087,0.6148533338045361,0.10044056088711205,0.0,0.14285714285714285,0.0,1.0
BCS3__Cow_22_1,Cow_22_1,Cow_22,2,3,1,0,90,dataset\3\Cow_22_1\f_90_rgb.jpg,dataset\3\Cow_22_1\f_90_depth.npy,1,,7,170.64157104492188,170.61875915527344,0.7225500345230103,0.9320638730575732,0.8528566392043414,0.9557654631059368,0,trunk_head_neck_reversed,-7.725622840699472,1.327405164142462,0.6095617529880478,0.005494442768394947,0.022930823266506195,0.6972444097074705,0.11420346462775867,0.0,0.25297619047619047,0.0,1.0
BCS3__Cow_25_66,Cow_25_66,Cow_25,0,3,1,0,165,dataset\3\Cow_25_66\f_165_rgb.jpg,dataset\3\Cow_25_66\f_165_depth.npy,1,,9,153.1357421875,153.19683837890625,2.392118215560913,0.9822865718697906,0.9705462213223356,0.9849190578133408,0,head_neck_trunk,-1.8215968260290225,0.3228711447376895,0.6090909090909091,0.011724784038960934,0.03907959163188934,0.13965392592415068,0.8589887707670203,0.34523809523809523,0.0,1.0,0.0
BCS3__Cow_25_66,Cow_25_66,Cow_25,0,3,1,0,180,dataset\3\Cow_25_66\f_180_rgb.jpg,dataset\3\Cow_25_66\f_180_depth.npy,1,,9,163.04669189453125,163.38909912109375,1.932716727256775,0.9625376091445439,0.9276233289018586,0.9659904194298004,0,head_neck_trunk,0.47580591768605984,0.03204319779021603,0.8085808580858086,0.021271396428346634,0.0684882178902626,0.2642835835771608,0.8376536115129116,0.09821428571428571,0.0,1.0,0.0
BCS3__Cow_25_66,Cow_25_66,Cow_25,0,3,1,0,225,dataset\3\Cow_25_66\f_225_rgb.jpg,dataset\3\Cow_25_66\f_225_depth.npy,1,,8,169.6971435546875,169.10427856445312,2.0978856086730957,0.9697067466820526,0.8968068463539943,0.9749409821333487,0,trunk_head_neck_reversed,4.261350778738617,0.14367211870575147,0.5992217898832685,0.006685987114906311,0.024002207443118095,0.7234912845786383,0.12068379087247186,0.0,0.23511904761904762,0.0,1.0
BCS3__Cow_2_1015,Cow_2_1015,Cow_2,0,3,1,0,1035,dataset\3\Cow_2_1015\f_1035_rgb.jpg,dataset\3\Cow_2_1015\f_1035_depth.npy,1,,9,153.0401611328125,153.53036499023438,1.97225022315979,0.976594732817438,0.9265938750093661,0.9801244191914595,0,head_neck_trunk,-1.2743140657692749,0.25884368190239115,0.5898617511520737,0.005003822036087513,0.014986890368163586,0.10651204781686366,0.8545914152617311,0.3541666666666667,0.0,1.0,0.0
BCS3__Cow_2_1015,Cow_2_1015,Cow_2,0,3,1,0,1050,dataset\3\Cow_2_1015\f_1050_rgb.jpg,dataset\3\Cow_2_1015\f_1050_depth.npy,1,,8,163.82672119140625,163.36557006835938,3.235482692718506,0.9429466329242875,0.923243565858627,0.9642819199893247,0,head_neck_trunk,-2.899686846650809,0.044630485761928185,0.738562091503268,0.016938267275691032,0.06332680583000183,0.18995934777188336,0.6926936622312269,0.08928571428571429,0.0,1.0,0.0
BCS3__Cow_2_1015,Cow_2_1015,Cow_2,0,3,1,0,1080,dataset\3\Cow_2_1015\f_1080_rgb.jpg,dataset\3\Cow_2_1015\f_1080_depth.npy,1,,8,170.7130126953125,170.41741943359375,0.762954592704773,0.984082015577715,0.9574306296986445,0.9878947446156775,0,trunk_dominant,0.5858488754077058,0.027823480066047068,0.3611940298507463,0.02044726349413395,0.06986204534769058,0.4500128241627982,0.1564887998743944,0.0,0.002976190476190476,1.0,1.0
BCS3__Cow_2_1015,Cow_2_1015,Cow_2,0,3,1,0,1095,dataset\3\Cow_2_1015\f_1095_rgb.jpg,dataset\3\Cow_2_1015\f_1095_depth.npy,1,,5,168.17166137695312,168.46630859375,0.624489426612854,0.9394862699902468,0.8598907290633627,0.9674911020736866,0,trunk_head_neck_reversed,0.739909267323938,0.031183681699118893,0.6550387596899225,0.00315691321156919,0.012168491259217262,0.7481160897395893,0.20002397539604214,0.0,0.23214285714285715,0.0,1.0
BCS3__Cow_3_3083,Cow_3_3083,Cow_3,2,3,1,0,570,dataset\3\Cow_3_3083\f_570_rgb.jpg,dataset\3\Cow_3_3083\f_570_depth.npy,1,,9,153.9765625,153.79212951660156,1.2354471683502197,0.9862598007605196,0.9774078398217807,0.9889789500187326,0,head_neck_trunk,4.019555197518287,0.5922129820534963,0.53125,0.011295459233224392,0.03777773678302765,0.13659861294651504,0.8047023697393311,0.3333333333333333,0.0,1.0,0.0
BCS3__Cow_3_3083,Cow_3_3083,Cow_3,2,3,1,0,585,dataset\3\Cow_3_3083\f_585_rgb.jpg,dataset\3\Cow_3_3083\f_585_depth.npy,1,,9,165.6454315185547,165.5130157470703,2.1721463203430176,0.9619242712891353,0.8884064821161569,0.9742981021153629,0,head_neck_trunk,4.314636866606378,0.12286127881839093,0.6580645161290323,0.011250818148255348,0.03884933143854141,0.19635911076661042,0.8359918199223663,0.07738095238095238,0.0,1.0,0.0
BCS3__Cow_46,Cow_46,Cow_46,0,3,1,0,255,dataset\3\Cow_46\f_255_rgb.jpg,dataset\3\Cow_46\f_255_depth.npy,1,,9,160.20132446289062,160.8977508544922,2.919424295425415,0.9909875369616882,0.9640246910914956,0.9941870405794809,0,head_neck_trunk,-0.5993414630092957,0.20124811878439175,0.5945945945945946,0.004360397346317768,0.01272608246654272,0.09558967183000552,0.8732984823006567,0.3392857142857143,0.0,1.0,0.0
BCS3__Cow_46,Cow_46,Cow_46,0,3,1,0,270,dataset\3\Cow_46\f_270_rgb.jpg,dataset\3\Cow_46\f_270_depth.npy,1,,9,162.73460388183594,162.57888793945312,0.8656848073005676,0.9576093339119859,0.9204656403504713,0.9734691218961937,0,head_neck_trunk,-1.7597291133147905,0.1551997596332768,0.6099585062240664,0.010575697757303715,0.03425469994544983,0.10046114471281073,0.8407979136101246,0.28273809523809523,0.0,1.0,0.0
BCS3__Cow_46,Cow_46,Cow_46,0,3,1,0,285,dataset\3\Cow_46\f_285_rgb.jpg,dataset\3\Cow_46\f_285_depth.npy,1,,8,163.9164581298828,164.45030212402344,1.4940412044525146,0.8985687107185079,0.8469469576824097,0.9396540695402072,0,head_neck_trunk,-3.0518416090246063,0.3414244828527728,0.4385245901639344,0.013638935051858425,0.035355810075998306,0.10546315663318205,0.8601215684597465,0.27380952380952384,0.0,1.0,0.0
BCS3__Cow_46,Cow_46,Cow_46,0,3,1,0,300,dataset\3\Cow_46\f_300_rgb.jpg,dataset\3\Cow_46\f_300_depth.npy,1,,9,164.7581329345703,164.8670654296875,0.6676433086395264,0.9161228938076005,0.8523109098911817,0.9423616867840773,0,head_neck_trunk,-2.429324611205203,0.3193689785065601,0.4180327868852459,0.009035129100084305,0.02925579994916916,0.0867569370939979,0.849746879519689,0.27380952380952384,0.0,1.0,0.0
BCS3__Cow_46,Cow_46,Cow_46,0,3,1,0,315,dataset\3\Cow_46\f_315_rgb.jpg,dataset\3\Cow_46\f_315_depth.npy,1,,7,166.6481170654297,167.3379669189453,2.262698173522949,0.7915209817485644,0.6636014035729532,0.8842971464673561,4,head_neck_trunk,0.41248142899300433,0.1290121654486569,0.41201716738197425,0.009213888086378574,0.025328217074275017,0.0901496676408424,0.873172692859016,0.30654761904761907,0.0,1.0,0.0
BCS3__Cow_46,Cow_46,Cow_46,0,3,1,0,330,dataset\3\Cow_46\f_330_rgb.jpg,dataset\3\Cow_46\f_330_depth.npy,1,,9,163.25653076171875,164.11016845703125,1.5402827262878418,0.9620518059859458,0.8892961954956138,0.9662129042908512,0,head_neck_trunk,3.587064142256409,0.8744855525594346,0.365,0.011102605611085892,0.029093874618411064,0.07847289853023148,0.8161530698945125,0.40476190476190477,0.0,1.0,0.0
BCS3__Cow_46,Cow_46,Cow_46,0,3,1,0,345,dataset\3\Cow_46\f_345_rgb.jpg,dataset\3\Cow_46\f_345_depth.npy,1,,4,167.79190063476562,167.85549926757812,1.2547446489334106,0.8303465971449926,0.7806078019889057,0.8759428956949085,2,entry_or_trunk_with_rump,0.19084510186580417,0.19608194212682406,0.3787878787878788,0.004567988682538271,0.016536887735128403,0.04456409962700749,0.8563052490892902,0.4107142857142857,0.0,0.0,0.0
BCS3__Cow_46,Cow_46,Cow_46,0,3,1,0,360,dataset\3\Cow_46\f_360_rgb.jpg,dataset\3\Cow_46\f_360_depth.npy,1,,5,170.52825927734375,170.41650390625,1.0754762887954712,0.7649704620058123,0.48477955576702914,0.7958900228167698,3,entry_or_trunk_with_rump,-9.276409538230169,1.6186784977276147,0.39408866995073893,0.006656158249825239,0.022500010207295418,0.09589991508458594,0.7345127828200352,0.3958333333333333,0.0,0.0,0.0
BCS3__Cow_46,Cow_46,Cow_46,0,3,1,0,375,dataset\3\Cow_46\f_375_rgb.jpg,dataset\3\Cow_46\f_375_depth.npy,1,,7,168.74339294433594,168.05299377441406,1.6536591053009033,0.7225506793212944,0.6116458796948256,0.8374841924056458,5,entry_or_trunk_with_rump,-17.85724956984157,1.8477041619761252,0.38388625592417064,0.00825297087430954,0.026684574782848358,0.08842835832000413,0.5589361001509753,0.37202380952380953,0.0,0.0,0.0
BCS3__Cow_46,Cow_46,Cow_46,0,3,1,0,390,dataset\3\Cow_46\f_390_rgb.jpg,dataset\3\Cow_46\f_390_depth.npy,1,,6,168.49810791015625,168.2212677001953,0.8827645182609558,0.797903257731823,0.723997827866369,0.8824130476845904,3,trunk_dominant,-21.370126154647053,2.268482337036886,0.37799043062200954,0.01602390967309475,0.05418246239423752,0.09451694708106444,0.4927586566749979,0.37797619047619047,0.0,1.0,1.0
BCS3__Cow_46,Cow_46,Cow_46,0,3,1,0,420,dataset\3\Cow_46\f_420_rgb.jpg,dataset\3\Cow_46\f_420_depth.npy,1,,7,166.9835205078125,166.65110778808594,0.8349697589874268,0.8216604883075045,0.7079035525661739,0.8890688059340005,3,head_neck_trunk,-13.704734213915131,2.65580443979961,0.3497536945812808,0.005516615230590105,0.017898263409733772,0.07491042744553403,0.5943639643206029,0.3958333333333333,0.0,1.0,0.0
BCS3__Cow_46,Cow_46,Cow_46,0,3,1,0,435,dataset\3\Cow_46\f_435_rgb.jpg,dataset\3\Cow_46\f_435_depth.npy,1,,9,164.82406616210938,165.1651153564453,1.9558488130569458,0.8787234574899637,0.8014157564625021,0.9186984515086452,0,head_neck_trunk,-7.7407050057807965,1.034311089918134,0.37254901960784315,0.003246074775233865,0.00847286731004715,0.08676172539704234,0.7364607912653683,0.39285714285714285,0.0,1.0,0.0
BCS3__Cow_46,Cow_46,Cow_46,0,3,1,0,450,dataset\3\Cow_46\f_450_rgb.jpg,dataset\3\Cow_46\f_450_depth.npy,1,,8,163.53939819335938,163.31402587890625,1.073473572731018,0.9554752763557627,0.8927838101635361,0.9619821410821565,0,head_neck_trunk,-6.1833983805142765,0.8531394041236808,0.3669724770642202,0.0030149200465530157,0.008393805474042892,0.07342262267204493,0.7789438835184197,0.35119047619047616,0.0,1.0,0.0
BCS3__Cow_46,Cow_46,Cow_46,0,3,1,0,465,dataset\3\Cow_46\f_465_rgb.jpg,dataset\3\Cow_46\f_465_depth.npy,1,,4,167.79861450195312,167.5018768310547,1.323279619216919,0.8622881294767439,0.7712638294911662,0.8840862723420257,1,head_neck_trunk,-9.147382517910927,1.1751382330309923,0.3770491803278688,0.004885416477918625,0.016877148300409317,0.09121484016812564,0.7436645928529899,0.27380952380952384,0.0,1.0,0.0
BCS3__Cow_46,Cow_46,Cow_46,0,3,1,0,480,dataset\3\Cow_46\f_480_rgb.jpg,dataset\3\Cow_46\f_480_depth.npy,1,,7,168.82582092285156,168.24977111816406,1.1176552772521973,0.874470558290184,0.8139796354708265,0.9281405457249536,0,head_neck_trunk,-12.298361628133392,0.9980777700329639,0.4037735849056604,0.00858976785093546,0.025706002488732338,0.12843231657981566,0.716334689388003,0.2113095238095238,0.0,1.0,0.0
BCS3__Cow_46,Cow_46,Cow_46,0,3,1,0,495,dataset\3\Cow_46\f_495_rgb.jpg,dataset\3\Cow_46\f_495_depth.npy,1,,8,169.9013671875,170.29237365722656,1.022881269454956,0.9468800838673472,0.9276625129209785,0.9678770666717509,0,head_neck_trunk,-12.82323313980612,0.9781172529791604,0.27,0.005243025254458189,0.020554501563310623,0.10439816243439888,0.771256586382747,0.10714285714285714,0.0,1.0,0.0
BCS3__Cow_46,Cow_46,Cow_46,0,3,1,0,1065,dataset\3\Cow_46\f_1065_rgb.jpg,dataset\3\Cow_46\f_1065_depth.npy,1,,4,168.19332885742188,168.31761169433594,0.48599156737327576,0.8749315426973336,0.8670954832425481,0.934867945290791,0,head_neck_trunk,-4.507762339946424,0.24855309450694563,0.22082018927444794,0.006457382347434759,0.024861618876457214,0.16124438150824885,0.8547094928084806,0.05654761904761905,0.0,1.0,0.0
BCS3__Cow_46_1,Cow_46_1,Cow_46,0,3,1,0,0,dataset\3\Cow_46_1\f_0_rgb.jpg,dataset\3\Cow_46_1\f_0_depth.npy,1,,9,161.20703125,160.8695068359375,0.9540078639984131,0.9446817687925612,0.8653851179023672,0.9583544112339928,0,head_neck_trunk,-7.044174437118258,0.594671170816099,0.6585365853658537,0.010808157734572887,0.02966643124818802,0.11220714043654649,0.5976682162254379,0.3898809523809524,0.0,1.0,0.0
BCS3__Cow_46_1,Cow_46_1,Cow_46,0,3,1,0,15,dataset\3\Cow_46_1\f_15_rgb.jpg,dataset\3\Cow_46_1\f_15_depth.npy,1,,9,162.1481475830078,162.63543701171875,1.2485789060592651,0.9231222728167884,0.838949771371464,0.9558223770309726,0,head_neck_trunk,-7.472058944370261,0.7082887695053302,0.6634146341463415,0.012969042174518108,0.0379800908267498,0.12167750894571434,0.6084035542503632,0.3898809523809524,0.0,1.0,0.0
BCS3__Cow_46_1,Cow_46_1,Cow_46,0,3,1,0,30,dataset\3\Cow_46_1\f_30_rgb.jpg,dataset\3\Cow_46_1\f_30_depth.npy,1,,9,161.05673217773438,161.13632202148438,0.9390326738357544,0.934410924059776,0.7946050243929014,0.9562441515872979,1,head_neck_trunk,-7.2153578322599685,0.6577583480833198,0.6634146341463415,0.012858837842941284,0.03381320461630821,0.09060044876773246,0.619500270517603,0.3898809523809524,0.0,1.0,0.0
BCS3__Cow_46_1,Cow_46_1,Cow_46,0,3,1,0,45,dataset\3\Cow_46_1\f_45_rgb.jpg,dataset\3\Cow_46_1\f_45_depth.npy,1,,9,162.29867553710938,162.78529357910156,1.54677414894104,0.9725651628662975,0.8296107031125328,0.9745289041558779,0,head_neck_trunk,-5.071294905490703,0.393724949123353,0.6323529411764706,0.008898415602743626,0.02919234335422516,0.12921494536644823,0.5915305257373956,0.39285714285714285,0.0,1.0,0.0
BCS3__Cow_46_1,Cow_46_1,Cow_46,0,3,1,0,60,dataset\3\Cow_46_1\f_60_rgb.jpg,dataset\3\Cow_46_1\f_60_depth.npy,1,,9,162.95556640625,162.49420166015625,1.8407042026519775,0.9570485753947299,0.9198402602613627,0.9627617088446361,0,head_neck_trunk,-3.317675458490058,0.39664282263854034,0.6292682926829268,0.006572933867573738,0.02213224582374096,0.11074303940396484,0.6529881545751511,0.3898809523809524,0.0,1.0,0.0
BCS3__Cow_46_1,Cow_46_1,Cow_46,0,3,1,0,75,dataset\3\Cow_46_1\f_75_rgb.jpg,dataset\3\Cow_46_1\f_75_depth.npy,1,,8,163.9053955078125,164.31837463378906,2.224961280822754,0.9266072670002625,0.7951582885730832,0.9466178746343766,1,head_neck_trunk,-3.3120253120097516,0.34713902285068343,0.5887850467289719,0.015978939831256866,0.04781688004732132,0.10236539752882746,0.6459584807789085,0.3630952380952381,0.0,1.0,0.0
BCS3__Cow_46_1,Cow_46_1,Cow_46,0,3,1,0,90,dataset\3\Cow_46_1\f_90_rgb.jpg,dataset\3\Cow_46_1\f_90_depth.npy,1,,4,167.6077117919922,167.5801239013672,0.582915186882019,0.9098552859910534,0.8889820911508511,0.9409303227624517,0,trunk_dominant,-8.341325463769252,0.1587238446522008,0.3783783783783784,0.013188304379582405,0.04640073701739311,0.0878733459848493,0.5067043921136505,0.11904761904761904,0.0,1.0,1.0
BCS3__Cow_46_1,Cow_46_1,Cow_46,0,3,1,0,150,dataset\3\Cow_46_1\f_150_rgb.jpg,dataset\3\Cow_46_1\f_150_depth.npy,1,,5,168.3665771484375,169.0435333251953,1.0319665670394897,0.8703791720301546,0.7995868097875363,0.9226710286080035,1,head_neck_trunk,-4.832749523114089,0.3345228691152471,0.2276923076923077,0.015176206827163696,0.050006572157144547,0.15178558278388077,0.8414014734578709,0.03273809523809524,0.0,1.0,0.0
BCS3__Cow_46_1,Cow_46_1,Cow_46,0,3,1,0,270,dataset\3\Cow_46_1\f_270_rgb.jpg,dataset\3\Cow_46_1\f_270_depth.npy,1,,3,175.4572296142578,175.28907775878906,0.25952252745628357,0.9343994660492507,0.8401412209221044,0.9469265704785996,0,head_neck_trunk,-4.35686472995728,0.3440096414247762,0.22321428571428573,0.015213076025247574,0.04603787139058113,0.31232013001435466,0.7972557785866883,0.0,0.0,1.0,0.0
BCS3__Cow_46_2,Cow_46_2,Cow_46,0,3,1,0,105,dataset\3\Cow_46_2\f_105_rgb.jpg,dataset\3\Cow_46_2\f_105_depth.npy,1,,9,157.13421630859375,157.03216552734375,0.6857756972312927,0.9894558312108219,0.984048955264254,0.9928569830082346,0,head_neck_trunk,-9.66038777906411,0.72248100724876,0.4810126582278481,0.010298783890902996,0.04706820473074913,0.045032071331580284,0.7164018163569728,0.29464285714285715,0.0,1.0,0.0
BCS3__Cow_46_2,Cow_46_2,Cow_46,0,3,1,0,120,dataset\3\Cow_46_2\f_120_rgb.jpg,dataset\3\Cow_46_2\f_120_depth.npy,1,,9,167.85400390625,167.05767822265625,1.8441215753555298,0.9725002237531021,0.9423559005971405,0.975873970218556,0,head_neck_trunk,-8.238356332174689,0.4676245701600834,0.718978102189781,0.00851400662213564,0.03731093555688858,0.15875593021242643,0.813822114372973,0.18452380952380953,0.0,1.0,0.0
BCS3__Cow_46_2,Cow_46_2,Cow_46,0,3,1,0,180,dataset\3\Cow_46_2\f_180_rgb.jpg,dataset\3\Cow_46_2\f_180_depth.npy,1,,6,172.48171997070312,172.31932067871094,0.6256940364837646,0.9582373105537285,0.8994045266047036,0.9667803763686118,0,trunk_head_neck_reversed,-6.440684090608286,0.5829752838804438,0.5213675213675214,0.010769623331725597,0.040900420397520065,0.5787978241772475,0.14839603142589422,0.0,0.30357142857142855,0.0,1.0
BCS3__Cow_53,Cow_53,Cow_53,0,3,1,0,135,dataset\3\Cow_53\f_135_rgb.jpg,dataset\3\Cow_53\f_135_depth.npy,1,,9,160.0765380859375,159.74424743652344,1.1542834043502808,0.9799151999561758,0.929422283421593,0.9855806704210808,0,head_neck_trunk,-4.195935307471316,0.5553355889450131,0.5695652173913044,0.006678315345197916,0.025972018018364906,0.10199581668247278,0.8384945593804936,0.31547619047619047,0.0,1.0,0.0
BCS3__Cow_53,Cow_53,Cow_53,0,3,1,0,150,dataset\3\Cow_53\f_150_rgb.jpg,dataset\3\Cow_53\f_150_depth.npy,1,,7,168.80862426757812,169.0677947998047,0.7815520763397217,0.8683938985776718,0.7974491488906919,0.9276593478411883,1,head_neck_trunk,-3.8095741795923317,0.41175407037457035,0.42412451361867703,0.0035936511121690273,0.01390748843550682,0.12125055876031784,0.8758277225951924,0.23511904761904762,0.0,1.0,0.0
BCS3__Cow_53,Cow_53,Cow_53,0,3,1,0,165,dataset\3\Cow_53\f_165_rgb.jpg,dataset\3\Cow_53\f_165_depth.npy,1,,8,168.81979370117188,168.86700439453125,0.82720547914505,0.9752476429152767,0.9013614362500652,0.983238364229673,0,head_neck_trunk,-3.413126785993896,0.5055626684621615,0.32673267326732675,0.006759514566510916,0.023830503225326538,0.14640755278957315,0.8400450843546297,0.09821428571428571,0.0,1.0,0.0
BCS3__Cow_6_103,Cow_6_103,Cow_6,1,3,1,0,480,dataset\3\Cow_6_103\f_480_rgb.jpg,dataset\3\Cow_6_103\f_480_depth.npy,1,,9,155.54708862304688,155.92315673828125,2.2429401874542236,0.9574788300656129,0.9403668688380631,0.9738345425588545,0,head_neck_trunk,-4.397200370026354,0.3580013399584061,0.4375,0.010064558126032352,0.03845269978046417,0.11655179143781778,0.8435543327925301,0.23809523809523808,0.0,1.0,0.0
BCS3__Cow_6_103,Cow_6_103,Cow_6,1,3,1,0,510,dataset\3\Cow_6_103\f_510_rgb.jpg,dataset\3\Cow_6_103\f_510_depth.npy,1,,6,163.038818359375,163.22251892089844,3.4227991104125977,0.9902568013406667,0.9286698844104957,0.9937988752958374,0,entry_or_trunk_with_rump,-1.4826766210385784,0.034712491284608404,0.3482142857142857,0.010788633488118649,0.03759850189089775,0.34710838486874945,0.5859633671172495,0.0,0.0,0.0,0.0
BCS3__Cow_6_103,Cow_6_103,Cow_6,1,3,1,0,525,dataset\3\Cow_6_103\f_525_rgb.jpg,dataset\3\Cow_6_103\f_525_depth.npy,1,,8,160.12908935546875,161.08607482910156,2.4146745204925537,0.977419848069028,0.919355216289576,0.984700377555436,0,trunk_dominant,1.174036751923012,0.004398984189009525,0.43103448275862066,0.012921161018311977,0.04223444685339928,0.3250415789523848,0.3079327244468828,0.0,0.13690476190476192,1.0,1.0
BCS3__Cow_6_103,Cow_6_103,Cow_6,1,3,1,0,540,dataset\3\Cow_6_103\f_540_rgb.jpg,dataset\3\Cow_6_103\f_540_depth.npy,1,,9,161.67665100097656,161.59364318847656,4.887495994567871,0.9746822731262339,0.9056432279334862,0.9832910772182679,0,trunk_head_neck_reversed,-0.25086508429278354,0.4000291277692867,0.7293577981651376,0.02395852468907833,0.08075125515460968,0.7338971985059278,0.12911217452593732,0.0,0.35119047619047616,0.0,1.0
BCS3__Cow_8_2023,Cow_8_2023,Cow_8,2,3,1,0,450,dataset\3\Cow_8_2023\f_450_rgb.jpg,dataset\3\Cow_8_2023\f_450_depth.npy,1,,9,163.05368041992188,162.46417236328125,1.6358457803726196,0.947558122523894,0.9174473515622434,0.9604089343632914,0,head_neck_trunk,8.660252169603638,1.6792494678153531,0.525,0.006600395310670137,0.02491467259824276,0.09039178971128978,0.804538875500879,0.40476190476190477,0.0,1.0,0.0
BCS3__Cow_8_2023,Cow_8_2023,Cow_8,2,3,1,0,465,dataset\3\Cow_8_2023\f_465_rgb.jpg,dataset\3\Cow_8_2023\f_465_depth.npy,1,,9,166.00804138183594,165.6924591064453,0.8026224970817566,0.8505042590957199,0.6957848382425436,0.9050340065305982,4,head_neck_trunk,9.607143815152725,1.1376252093625823,0.4,0.008832945488393307,0.02320854179561138,0.1551013199057833,0.8507399909973276,0.2857142857142857,0.0,1.0,0.0
BCS4__Cow_1,Cow_1,Cow_1,1,4,2,1,0,dataset\4\Cow_1\f_0_rgb.jpg,dataset\4\Cow_1\f_0_depth.npy,1,,3,171.24554443359375,170.2740936279297,1.8858580589294434,0.9542034725467472,0.9037259335329804,0.9742007909956072,0,entry_or_trunk_with_rump,0.7041755548952011,0.027518960920247082,0.27380952380952384,0.0053252484649419785,0.022428950294852257,0.41857213403894455,0.5791839710542112,0.0,0.0,0.0,0.0
BCS4__Cow_1,Cow_1,Cow_1,1,4,2,1,30,dataset\4\Cow_1\f_30_rgb.jpg,dataset\4\Cow_1\f_30_depth.npy,1,,4,173.98941040039062,173.91343688964844,1.8504701852798462,0.9331354992407768,0.11830758818784115,0.9605901224288014,1,entry_or_trunk_with_rump,-0.40953479463439635,0.04537526499008493,0.24702380952380953,0.006830995436757803,0.021493863314390182,0.41999390439547796,0.5851448094653056,0.0,0.0,0.0,0.0
BCS4__Cow_1,Cow_1,Cow_1,1,4,2,1,45,dataset\4\Cow_1\f_45_rgb.jpg,dataset\4\Cow_1\f_45_depth.npy,1,,4,172.65597534179688,172.67742919921875,1.1070455312728882,0.9736952297026072,0.9190062927665683,0.9792119311791234,0,entry_or_trunk_with_rump,-0.9001429320589125,0.00323850896238298,0.23809523809523808,0.007084590848535299,0.024527758359909058,0.42136474502313914,0.5972240804453872,0.0,0.0,0.0,0.0
BCS4__Cow_1,Cow_1,Cow_1,1,4,2,1,105,dataset\4\Cow_1\f_105_rgb.jpg,dataset\4\Cow_1\f_105_depth.npy,1,,3,173.9561004638672,173.9332733154297,0.6908707618713379,0.9709580691919999,0.9288581596811195,0.9764969969118797,0,entry_or_trunk_with_rump,-1.6332372824167436,0.04331612280761021,0.24404761904761904,0.006566621363162994,0.021342886611819267,0.4149032333600816,0.7162218824139149,0.0,0.0,0.0,0.0
BCS4__Cow_1,Cow_1,Cow_1,1,4,2,1,135,dataset\4\Cow_1\f_135_rgb.jpg,dataset\4\Cow_1\f_135_depth.npy,1,,5,174.5413055419922,174.279052734375,1.6288937330245972,0.829377772975663,0.4714151869840406,0.9109592298323628,2,entry_or_trunk_with_rump,-1.0441148539672298,0.04004131083637219,0.23809523809523808,0.005641923286020756,0.02436279132962227,0.41166490933375544,0.7008566482137262,0.0,0.0,0.0,0.0
BCS4__Cow_1,Cow_1,Cow_1,1,4,2,1,165,dataset\4\Cow_1\f_165_rgb.jpg,dataset\4\Cow_1\f_165_depth.npy,1,,6,174.10971069335938,173.81640625,1.6578236818313599,0.9147950553905643,0.03925601321814298,0.9447811008902658,2,entry_or_trunk_with_rump,-0.8238959503091792,0.005831735144951722,0.24702380952380953,0.007061799056828022,0.02745859883725643,0.4029169653080905,0.7413638244836357,0.0,0.0,0.0,0.0
BCS4__Cow_1,Cow_1,Cow_1,1,4,2,1,225,dataset\4\Cow_1\f_225_rgb.jpg,dataset\4\Cow_1\f_225_depth.npy,1,,4,173.30677795410156,173.3394012451172,1.0329599380493164,0.8690233377305921,0.8370621257899336,0.9175838910993097,0,entry_or_trunk_with_rump,-3.9128325370948858,0.06835942188529032,0.23809523809523808,0.009668168611824512,0.03752235695719719,0.38154023903214573,0.7428206881914534,0.0,0.0,0.0,0.0
BCS4__Cow_1,Cow_1,Cow_1,1,4,2,1,240,dataset\4\Cow_1\f_240_rgb.jpg,dataset\4\Cow_1\f_240_depth.npy,1,,3,174.1472625732422,174.7688751220703,1.1449129581451416,0.8967171557277329,0.11296263749494373,0.9034683467225542,1,entry_or_trunk_with_rump,-4.35639969509883,0.08006417222620144,0.2261904761904762,0.00820937566459179,0.027592359110713005,0.39617930213425373,0.7397436700604687,0.0,0.0,0.0,0.0
BCS4__Cow_1,Cow_1,Cow_1,1,4,2,1,255,dataset\4\Cow_1\f_255_rgb.jpg,dataset\4\Cow_1\f_255_depth.npy,1,,3,173.87042236328125,174.0709991455078,0.542593777179718,0.9660946726452881,0.3955619754711903,0.9743459294276726,1,entry_or_trunk_with_rump,-4.845445706651006,0.07519360997814317,0.22023809523809523,0.00890163891017437,0.02413313090801239,0.383787075413734,0.7360882720868841,0.0,0.0,0.0,0.0
BCS4__Cow_10,Cow_10,Cow_10,2,4,2,1,75,dataset\4\Cow_10\f_75_rgb.jpg,dataset\4\Cow_10\f_75_depth.npy,1,,7,172.09634399414062,172.21224975585938,0.5791836380958557,0.8641078909049509,0.7880731756421687,0.90758937507881,2,head_neck_trunk,-3.6325604489521055,0.15533669174260467,0.22023809523809523,0.012248762883245945,0.04669896513223648,0.3551752536288103,0.7781390906454646,0.0,0.0,1.0,0.0
BCS4__Cow_10,Cow_10,Cow_10,2,4,2,1,90,dataset\4\Cow_10\f_90_rgb.jpg,dataset\4\Cow_10\f_90_depth.npy,1,,8,171.442138671875,171.620361328125,0.6929288506507874,0.8929185267325436,0.8082594768338989,0.9325044013949544,0,head_neck_trunk,-2.9701484426579015,0.11754087313366313,0.3244047619047619,0.005046110134571791,0.01767871156334877,0.36727659434589427,0.8017735626719119,0.0,0.0,1.0,0.0
BCS4__Cow_10,Cow_10,Cow_10,2,4,2,1,105,dataset\4\Cow_10\f_105_rgb.jpg,dataset\4\Cow_10\f_105_depth.npy,1,,6,172.07379150390625,171.9558563232422,0.7537664771080017,0.9075894382733658,0.8719821275523746,0.9412958427885534,0,head_neck_trunk,-1.7171680750945626,0.11248299732019973,0.3273809523809524,0.003938518464565277,0.013807810842990875,0.3668353464414145,0.8061475317050523,0.0,0.0,1.0,0.0
BCS4__Cow_10,Cow_10,Cow_10,2,4,2,1,210,dataset\4\Cow_10\f_210_rgb.jpg,dataset\4\Cow_10\f_210_depth.npy,1,,7,171.92977905273438,172.12454223632812,0.49869927763938904,0.9613280069453856,0.9403028116367401,0.9637879585623712,0,head_neck_trunk,4.386399211193421,0.42534700425528627,0.24404761904761904,0.004518546629697084,0.013793457299470901,0.4136056721315517,0.7922213061186353,0.0,0.0,1.0,0.0
BCS4__Cow_10,Cow_10,Cow_10,2,4,2,1,300,dataset\4\Cow_10\f_300_rgb.jpg,dataset\4\Cow_10\f_300_depth.npy,1,,6,172.15350341796875,172.0478515625,0.5310074090957642,0.9060294695396227,0.8819100325733352,0.9361520000361474,0,entry_or_trunk_with_rump,6.171603855136965,0.4690049723228782,0.2261904761904762,0.0034141100477427244,0.010437439195811749,0.4519366948216775,0.7688341344544103,0.0,0.0,0.0,0.0
BCS4__Cow_10,Cow_10,Cow_10,2,4,2,1,315,dataset\4\Cow_10\f_315_rgb.jpg,dataset\4\Cow_10\f_315_depth.npy,1,,7,171.8323211669922,172.3899383544922,1.0462359189987183,0.9280009602038481,0.8931853172706565,0.9532811425760608,0,entry_or_trunk_with_rump,6.558208605103914,0.479391131786187,0.22023809523809523,0.004647134803235531,0.014094490557909012,0.453346244783548,0.7793091954130098,0.0,0.0,0.0,0.0
BCS4__Cow_10,Cow_10,Cow_10,2,4,2,1,345,dataset\4\Cow_10\f_345_rgb.jpg,dataset\4\Cow_10\f_345_depth.npy,1,,5,173.44093322753906,172.89224243164062,0.9518535733222961,0.8953637569342804,0.8709945528754843,0.9375051364003278,0,entry_or_trunk_with_rump,6.591825910870654,0.4297254853763661,0.22023809523809523,0.0027344718109816313,0.010441242717206478,0.44591448776385484,0.7706919595920085,0.0,0.0,0.0,0.0
BCS4__Cow_10,Cow_10,Cow_10,2,4,2,1,390,dataset\4\Cow_10\f_390_rgb.jpg,dataset\4\Cow_10\f_390_depth.npy,1,,8,173.01885986328125,172.9571533203125,1.030411958694458,0.9072310325655342,0.8220779339174414,0.9429850723891533,0,head_neck_trunk,3.929807916988807,0.41282174913064296,0.22321428571428573,0.013542113825678825,0.03510228171944618,0.4414900987815653,0.7915274449878723,0.0,0.0,1.0,0.0
BCS4__Cow_10,Cow_10,Cow_10,2,4,2,1,435,dataset\4\Cow_10\f_435_rgb.jpg,dataset\4\Cow_10\f_435_depth.npy,1,,5,173.41932678222656,173.0514373779297,0.5870739221572876,0.9098878542958176,0.8240285718509046,0.9446293605331563,0,head_neck_trunk,4.850707216575671,0.49964257278223556,0.2261904761904762,0.006824001204222441,0.020472003147006035,0.41812973813327603,0.7868026498436654,0.0,0.0,1.0,0.0
BCS4__Cow_10,Cow_10,Cow_10,2,4,2,1,540,dataset\4\Cow_10\f_540_rgb.jpg,dataset\4\Cow_10\f_540_depth.npy,1,,8,171.87826538085938,171.807861328125,0.28589779138565063,0.9361825075954427,0.8929368658199455,0.9599880735522446,0,head_neck_trunk,1.0748217440091992,0.14265760808585526,0.2976190476190476,0.00500743743032217,0.01674659736454487,0.36148208268529297,0.8075547706006544,0.0,0.0,1.0,0.0
BCS4__Cow_10,Cow_10,Cow_10,2,4,2,1,555,dataset\4\Cow_10\f_555_rgb.jpg,dataset\4\Cow_10\f_555_depth.npy,1,,6,169.8316650390625,170.02088928222656,0.6896927356719971,0.8862738005479902,0.8354588393602058,0.9379133279041283,0,head_neck_trunk,0.6161170690225362,0.11938549178908886,0.3005952380952381,0.01514378096908331,0.04314308613538742,0.35766434578801926,0.8082493232338165,0.0,0.0,1.0,0.0
BCS4__Cow_10,Cow_10,Cow_10,2,4,2,1,570,dataset\4\Cow_10\f_570_rgb.jpg,dataset\4\Cow_10\f_570_depth.npy,1,,7,171.85365295410156,172.0057373046875,0.7569848895072937,0.8634478886782591,0.8486392445541585,0.9275735114161043,0,head_neck_trunk,-3.4097038872983916,0.2323868080106024,0.33035714285714285,0.006025918759405613,0.020821982994675636,0.3659228397932036,0.7967560486972911,0.0,0.0,1.0,0.0
BCS4__Cow_10,Cow_10,Cow_10,2,4,2,1,585,dataset\4\Cow_10\f_585_rgb.jpg,dataset\4\Cow_10\f_585_depth.npy,1,,8,169.88800048828125,169.99209594726562,0.7254976034164429,0.945671723595301,0.7969431087003065,0.9576245333779834,1,head_neck_trunk,-3.4840255099231285,0.21961012285711945,0.35119047619047616,0.013741862028837204,0.04620050638914108,0.2988650667493534,0.8113924713517402,0.0,0.0,1.0,0.0
BCS4__Cow_10,Cow_10,Cow_10,2,4,2,1,630,dataset\4\Cow_10\f_630_rgb.jpg,dataset\4\Cow_10\f_630_depth.npy,1,,7,170.16580200195312,170.4964141845703,0.8854762315750122,0.9141017864261357,0.6662309667945917,0.9542636039754023,1,head_neck_trunk,-0.11113751541839179,0.11070679767759373,0.3244047619047619,0.0067176055163145065,0.017027920112013817,0.3353211341509237,0.8156129044427542,0.0,0.0,1.0,0.0
BCS4__Cow_10,Cow_10,Cow_10,2,4,2,1,645,dataset\4\Cow_10\f_645_rgb.jpg,dataset\4\Cow_10\f_645_depth.npy,1,,7,171.10035705566406,171.15684509277344,0.39267653226852417,0.8678682005808859,0.757712076663106,0.9304710169509464,1,head_neck_trunk,-0.9544296880550007,0.04661679746391201,0.37797619047619047,0.006600320339202881,0.021778155118227005,0.34814779977405097,0.831129735756335,0.0,0.0,1.0,0.0
BCS4__Cow_10,Cow_10,Cow_10,2,4,2,1,660,dataset\4\Cow_10\f_660_rgb.jpg,dataset\4\Cow_10\f_660_depth.npy,1,,6,170.6322021484375,171.37147521972656,1.1841846704483032,0.8843650545590723,0.7738287941902076,0.9206535450630398,1,head_neck_trunk,-1.073240552571022,0.08074308566945376,0.3958333333333333,0.00698451604694128,0.021541813388466835,0.31931544183611,0.8176906369030472,0.0,0.0,1.0,0.0
BCS4__Cow_10,Cow_10,Cow_10,2,4,2,1,675,dataset\4\Cow_10\f_675_rgb.jpg,dataset\4\Cow_10\f_675_depth.npy,1,,9,171.8560333251953,170.93896484375,1.5859196186065674,0.8877260276580897,0.8116897377637783,0.9355927839405429,0,head_neck_trunk,2.904988257417841,0.41039333813611734,0.4107142857142857,0.004437217488884926,0.01789146661758423,0.23938660401649015,0.8485206172721402,0.0,0.0,1.0,0.0
BCS4__Cow_10,Cow_10,Cow_10,2,4,2,1,690,dataset\4\Cow_10\f_690_rgb.jpg,dataset\4\Cow_10\f_690_depth.npy,1,,5,170.57351684570312,170.6524200439453,1.9180549383163452,0.8856265967608589,0.8607481995744473,0.9380526404176041,0,head_neck_trunk,5.3958377466411065,0.7306049524235334,0.44345238095238093,0.005680575035512447,0.015804823487997055,0.31767891245622765,0.8521863329916001,0.0,0.0,1.0,0.0
BCS4__Cow_10,Cow_10,Cow_10,2,4,2,1,705,dataset\4\Cow_10\f_705_rgb.jpg,dataset\4\Cow_10\f_705_depth.npy,1,,6,167.67568969726562,167.9444122314453,0.9702292084693909,0.9475934889037714,0.8861739103714174,0.9669734809066475,0,head_neck_trunk,10.441501407844783,0.7827665637472734,0.43452380952380953,0.005730323493480682,0.024398718029260635,0.29986698900965864,0.8502953191023258,0.0,0.0,1.0,0.0
BCS4__Cow_10,Cow_10,Cow_10,2,4,2,1,720,dataset\4\Cow_10\f_720_rgb.jpg,dataset\4\Cow_10\f_720_depth.npy,1,,9,165.76438903808594,165.8323211669922,1.4336234331130981,0.9859793382464529,0.958188375115975,0.9917847256242974,0,entry_or_trunk_with_rump,6.323838270480891,0.1904302526341013,0.5119047619047619,0.011653787456452847,0.039827924221754074,0.4492437028274343,0.8449817605810729,0.0,0.0,0.0,0.0
BCS4__Cow_10,Cow_10,Cow_10,2,4,2,1,735,dataset\4\Cow_10\f_735_rgb.jpg,dataset\4\Cow_10\f_735_depth.npy,1,,8,165.3978271484375,165.65869140625,2.049929141998291,0.9877486279509997,0.8064519039019133,0.9894092429588025,0,entry_or_trunk_with_rump,2.463004269993675,0.02162425946690405,0.6041666666666666,0.010598531924188137,0.049055423587560654,0.5315057187620923,0.8429418263739469,0.0,0.0,0.0,0.0
BCS4__Cow_10,Cow_10,Cow_10,2,4,2,1,750,dataset\4\Cow_10\f_750_rgb.jpg,dataset\4\Cow_10\f_750_depth.npy,1,,9,165.83206176757812,165.87973022460938,2.039947986602783,0.9846762441607153,0.8447028918169619,0.9903070885606744,0,entry_or_trunk_with_rump,3.2838460441711703,0.028085839317171235,0.6041666666666666,0.01796288602054119,0.057414405047893524,0.6256684082601535,0.8327286266567249,0.0,0.0,0.0,0.0
BCS4__Cow_10,Cow_10,Cow_10,2,4,2,1,765,dataset\4\Cow_10\f_765_rgb.jpg,dataset\4\Cow_10\f_765_depth.npy,1,,9,166.10617065429688,165.52862548828125,1.1274195909500122,0.9868337910258725,0.8886385282985978,0.9880113022614896,0,entry_or_trunk_with_rump,5.8200974686586875,0.002091641526590138,0.5089285714285714,0.020389247685670853,0.05848430097103119,0.6373714978945707,0.7935134465176052,0.0,0.0,0.0,0.0
BCS4__Cow_10,Cow_10,Cow_10,2,4,2,1,780,dataset\4\Cow_10\f_780_rgb.jpg,dataset\4\Cow_10\f_780_depth.npy,1,,8,169.12173461914062,169.27694702148438,1.2896662950515747,0.9797656851432479,0.9199525707879015,0.9840758132001496,0,entry_or_trunk_with_rump,4.589567688130614,0.03229294603983135,0.24702380952380953,0.005271728150546551,0.01672845147550106,0.6324420332739654,0.6265734443720646,0.0,0.0,0.0,0.0
BCS4__Cow_10,Cow_10,Cow_10,2,4,2,1,795,dataset\4\Cow_10\f_795_rgb.jpg,dataset\4\Cow_10\f_795_depth.npy,1,,9,167.5870819091797,167.94285583496094,1.5578842163085938,0.9741061854919731,0.7431598562748115,0.9841569712858607,1,entry_or_trunk_with_rump,8.36104582299572,0.517190949512667,0.6011904761904762,0.020038817077875137,0.07459414005279541,0.747998908782563,0.803092191818709,0.0,0.0,0.0,0.0
BCS4__Cow_10,Cow_10,Cow_10,2,4,2,1,810,dataset\4\Cow_10\f_810_rgb.jpg,dataset\4\Cow_10\f_810_depth.npy,1,,9,168.49949645996094,169.1725311279297,1.5547775030136108,0.9515156333079031,0.8487236675000885,0.9725526784514993,0,head_neck_trunk,10.9001472917262,0.06604195048143424,0.36607142857142855,0.005759128835052252,0.02406247705221176,0.34467767597401994,0.764032583371175,0.0,0.0,1.0,0.0
BCS4__Cow_10,Cow_10,Cow_10,2,4,2,1,825,dataset\4\Cow_10\f_825_rgb.jpg,dataset\4\Cow_10\f_825_depth.npy,1,,6,167.20452880859375,167.5909881591797,0.8593899011611938,0.9644398405547816,0.9348496488660691,0.97393684784289,0,head_neck_trunk,8.23727831443884,0.06821754084337783,0.33630952380952384,0.006491784937679768,0.019281115382909775,0.3115294251868985,0.807346894025857,0.0,0.0,1.0,0.0
BCS4__Cow_10,Cow_10,Cow_10,2,4,2,1,840,dataset\4\Cow_10\f_840_rgb.jpg,dataset\4\Cow_10\f_840_depth.npy,1,,9,166.5861053466797,167.1634521484375,1.6031010150909424,0.9661726507029729,0.8845044736565889,0.9713173823356596,0,head_neck_trunk,6.428489083760084,0.009644858081784946,0.3541666666666667,0.008279516361653805,0.02360096387565136,0.3134259690867934,0.7922862855858265,0.0,0.0,1.0,0.0
BCS4__Cow_10,Cow_10,Cow_10,2,4,2,1,855,dataset\4\Cow_10\f_855_rgb.jpg,dataset\4\Cow_10\f_855_depth.npy,1,,9,165.88653564453125,165.88099670410156,0.9949218034744263,0.9847575782713192,0.9452433544036026,0.9878882207762851,0,entry_or_trunk_with_rump,6.916564765758295,0.0365953318953558,0.4017857142857143,0.008449920453131199,0.01972990483045578,0.33389241892715227,0.7599948664426673,0.0,0.0,0.0,0.0
BCS4__Cow_10,Cow_10,Cow_10,2,4,2,1,870,dataset\4\Cow_10\f_870_rgb.jpg,dataset\4\Cow_10\f_870_depth.npy,1,,9,166.406982421875,166.78929138183594,1.282963514328003,0.9529528904763808,0.8608025364495209,0.9616966586951659,0,head_neck_trunk,8.530988093043021,0.006728094748694957,0.3958333333333333,0.007771200500428677,0.027560263872146606,0.33087149148900785,0.7397541390703136,0.0,0.0,1.0,0.0
BCS4__Cow_10,Cow_10,Cow_10,2,4,2,1,885,dataset\4\Cow_10\f_885_rgb.jpg,dataset\4\Cow_10\f_885_depth.npy,1,,8,166.38287353515625,166.81011962890625,1.5361891984939575,0.9647049264877061,0.862074564584136,0.974413964495233,0,head_neck_trunk,10.164635580904545,0.014592076559139855,0.48214285714285715,0.006605433765798807,0.01938740350306034,0.29962359758025087,0.7057795801966891,0.0,0.0,1.0,0.0
BCS4__Cow_10,Cow_10,Cow_10,2,4,2,1,900,dataset\4\Cow_10\f_900_rgb.jpg,dataset\4\Cow_10\f_900_depth.npy,1,,9,164.8465118408203,164.57818603515625,0.9652986526489258,0.935347629173679,0.8284258663738233,0.9584934413344527,0,head_neck_trunk,14.264408965344003,0.3720919796810449,0.43288590604026844,0.003933973144739866,0.013593876734375954,0.162913938424656,0.6152898613518668,0.1130952380952381,0.0,1.0,0.0
BCS4__Cow_10,Cow_10,Cow_10,2,4,2,1,915,dataset\4\Cow_10\f_915_rgb.jpg,dataset\4\Cow_10\f_915_depth.npy,1,,8,162.9625244140625,162.9186248779297,0.4694490134716034,0.9485456901135585,0.8822636782021852,0.9636988084198189,0,head_neck_trunk,8.466488557630285,0.7302181272689126,0.38461538461538464,0.0040827663615345955,0.012572171166539192,0.12589860749518145,0.7365520444385778,0.1875,0.0,1.0,0.0
BCS4__Cow_10,Cow_10,Cow_10,2,4,2,1,930,dataset\4\Cow_10\f_930_rgb.jpg,dataset\4\Cow_10\f_930_depth.npy,1,,8,163.77163696289062,163.68960571289062,1.21131432056427,0.9297619962832071,0.9026703674380618,0.9524047265987372,0,head_neck_trunk,5.132621745396449,0.45845284946898346,0.4349315068493151,0.006409788969904184,0.024006107822060585,0.14820036775756995,0.8401358742288362,0.13095238095238096,0.0,1.0,0.0
BCS4__Cow_10,Cow_10,Cow_10,2,4,2,1,945,dataset\4\Cow_10\f_945_rgb.jpg,dataset\4\Cow_10\f_945_depth.npy,1,,7,169.4766082763672,169.51292419433594,0.8982954621315002,0.9199260812410676,0.8159173368157018,0.9376587407565027,0,head_neck_trunk,1.7702144967023514,0.4173555173465502,0.42628205128205127,0.006523946300148964,0.018304411321878433,0.15484629992225066,0.822676935162196,0.07142857142857142,0.0,1.0,0.0
BCS4__Cow_10,Cow_10,Cow_10,2,4,2,1,960,dataset\4\Cow_10\f_960_rgb.jpg,dataset\4\Cow_10\f_960_depth.npy,1,,3,172.97213745117188,173.450927734375,0.7585458159446716,0.9278292916229087,0.907636250734654,0.9532704058841138,0,head_neck_trunk,-3.5409993704614635,0.270538239566406,0.22492401215805471,0.003980849403887987,0.014747231267392635,0.14179323558138948,0.8298592141315584,0.020833333333333332,0.0,1.0,0.0
BCS4__Cow_10,Cow_10,Cow_10,2,4,2,1,975,dataset\4\Cow_10\f_975_rgb.jpg,dataset\4\Cow_10\f_975_depth.npy,1,,5,171.5952911376953,171.97128295898438,0.9040824174880981,0.9123224380119817,0.8902860425589504,0.9222215201054562,0,head_neck_trunk,-9.743710355108021,0.6718923105781016,0.2774390243902439,0.013491682708263397,0.04752029851078987,0.13254187817192442,0.7730256847832845,0.023809523809523808,0.0,1.0,0.0
BCS4__Cow_10,Cow_10,Cow_10,2,4,2,1,1020,dataset\4\Cow_10\f_1020_rgb.jpg,dataset\4\Cow_10\f_1020_depth.npy,1,,6,167.78173828125,168.01947021484375,0.6137025356292725,0.9512261962998383,0.9160448797925357,0.9594140999320167,0,head_neck_trunk,-2.14633305181853,0.23131754465335064,0.476027397260274,0.007871830835938454,0.027101660147309303,0.14670170781167427,0.8290478593332674,0.13095238095238096,0.0,1.0,0.0
BCS4__Cow_10,Cow_10,Cow_10,2,4,2,1,1035,dataset\4\Cow_10\f_1035_rgb.jpg,dataset\4\Cow_10\f_1035_depth.npy,1,,8,163.0726318359375,163.20086669921875,0.8787773251533508,0.9137100978266366,0.8419905198432983,0.9475227511339083,0,head_neck_trunk,-3.8609074510780346,0.23117550501987694,0.44485294117647056,0.004999250639230013,0.01781800016760826,0.13618818985410142,0.7315269207207071,0.19047619047619047,0.0,1.0,0.0
BCS4__Cow_10,Cow_10,Cow_10,2,4,2,1,1050,dataset\4\Cow_10\f_1050_rgb.jpg,dataset\4\Cow_10\f_1050_depth.npy,1,,9,159.2031707763672,159.23036193847656,0.40172189474105835,0.9883025768153247,0.9507904450254264,0.9893944887529784,0,head_neck_trunk,-15.872731839650072,1.3935014852653467,0.48249027237354086,0.007856477051973343,0.031769461929798126,0.14473755876322852,0.5549175008687376,0.23511904761904762,0.0,1.0,0.0
BCS4__Cow_10,Cow_10,Cow_10,2,4,2,1,1065,dataset\4\Cow_10\f_1065_rgb.jpg,dataset\4\Cow_10\f_1065_depth.npy,1,,7,160.76651000976562,161.09384155273438,1.5575103759765625,0.8680844204849839,0.7861333679474647,0.9175449692937525,1,head_neck_trunk,-11.591117019514499,0.9486115265168422,0.5708154506437768,0.01204574666917324,0.04153982922434807,0.15842096251445734,0.6335425020657849,0.30654761904761907,0.0,1.0,0.0
BCS4__Cow_10_0014,Cow_10_0014,Cow_10,2,4,2,1,570,dataset\4\Cow_10_0014\f_570_rgb.jpg,dataset\4\Cow_10_0014\f_570_depth.npy,1,,9,156.92356872558594,157.41976928710938,1.4982465505599976,0.9598369662409527,0.8058122439938731,0.9726384308118228,0,head_neck_trunk,0.014284159223947768,0.014284159223947768,0.5824175824175825,0.01207384280860424,0.0455278642475605,0.1710643115620634,0.8317480617200304,0.1875,0.0,1.0,0.0
BCS4__Cow_10_0014,Cow_10_0014,Cow_10,2,4,2,1,585,dataset\4\Cow_10_0014\f_585_rgb.jpg,dataset\4\Cow_10_0014\f_585_depth.npy,1,,5,160.5536651611328,161.29217529296875,2.2009894847869873,0.9158831927394349,0.8868645654439297,0.948315307026486,0,head_neck_trunk,1.5322908550345886,0.012412370967069819,0.5386904761904762,0.017873022705316544,0.06025805324316025,0.5307431759323838,0.2994712994776886,0.0,0.0,1.0,0.0
BCS4__Cow_10_2038,Cow_10_2038,Cow_10,2,4,2,1,165,dataset\4\Cow_10_2038\f_165_rgb.jpg,dataset\4\Cow_10_2038\f_165_depth.npy,1,,9,157.6367645263672,158.52635192871094,3.5091614723205566,0.9778280575105764,0.9070356682278283,0.9858907795801461,0,head_neck_trunk,-0.12191020773447292,0.11445749298816565,0.5738396624472574,0.009145178832113743,0.041322313249111176,0.1135095003693688,0.8881878109503784,0.29464285714285715,0.0,1.0,0.0
BCS4__Cow_10_2038,Cow_10_2038,Cow_10,2,4,2,1,180,dataset\4\Cow_10_2038\f_180_rgb.jpg,dataset\4\Cow_10_2038\f_180_depth.npy,1,,6,174.10269165039062,174.24156188964844,0.44439470767974854,0.9291347234923983,0.9125869684901886,0.9590402896564716,0,head_neck_trunk,-1.6095544413646365,0.08192697144197325,0.459375,0.01675865426659584,0.05891824886202812,0.20840377021620193,0.8863994573971383,0.047619047619047616,0.0,1.0,0.0
BCS4__Cow_10_2038,Cow_10_2038,Cow_10,2,4,2,1,195,dataset\4\Cow_10_2038\f_195_rgb.jpg,dataset\4\Cow_10_2038\f_195_depth.npy,1,,9,171.25360107421875,171.47142028808594,0.5944895148277283,0.9833337564405117,0.9464989785698218,0.9870823829765847,0,trunk_head_neck_reversed,-5.418194330774355,0.18173957335470448,0.35714285714285715,0.007490573916584253,0.023456260561943054,0.6870214041924151,0.46284589551110983,0.0,0.0,0.0,1.0
BCS4__Cow_10_2038,Cow_10_2038,Cow_10,2,4,2,1,210,dataset\4\Cow_10_2038\f_210_rgb.jpg,dataset\4\Cow_10_2038\f_210_depth.npy,1,,8,171.95599365234375,171.80709838867188,0.4552246928215027,0.974301519745522,0.9628933378537121,0.9831570672014673,0,trunk_head_neck_reversed,-0.22551878650951096,0.018404203283949983,0.4807017543859649,0.0033397094812244177,0.012977952137589455,0.612819229279434,0.10024899460572972,0.0,0.15178571428571427,0.0,1.0
BCS4__Cow_11_0018,Cow_11_0018,Cow_11,1,4,2,1,75,dataset\4\Cow_11_0018\f_75_rgb.jpg,dataset\4\Cow_11_0018\f_75_depth.npy,1,,6,165.127197265625,164.88368225097656,0.6964925527572632,0.9059528403864203,0.8873942458051757,0.9444440543873875,0,head_neck_trunk,4.136413106602433,0.1534758041013191,0.32592592592592595,0.005176656413823366,0.02059420943260193,0.12823207144523582,0.8335205627375663,0.19642857142857142,0.0,1.0,0.0
BCS4__Cow_11_0018,Cow_11_0018,Cow_11,1,4,2,1,120,dataset\4\Cow_11_0018\f_120_rgb.jpg,dataset\4\Cow_11_0018\f_120_depth.npy,1,,4,172.32664489746094,172.467529296875,0.5986337065696716,0.9551557119923941,0.9486332860964679,0.9654143035924263,0,trunk_head_neck_reversed,-3.2391935425445695,0.2547424321402474,0.33617021276595743,0.01085272990167141,0.04392589256167412,0.5523033153337905,0.11234662405872882,0.0,0.3005952380952381,0.0,1.0
BCS4__Cow_11_0075,Cow_11_0075,Cow_11,1,4,2,1,420,dataset\4\Cow_11_0075\f_420_rgb.jpg,dataset\4\Cow_11_0075\f_420_depth.npy,1,,9,162.05636596679688,162.11968994140625,1.9703694581985474,0.919696734992982,0.8398997795096033,0.9427723217325575,0,entry_or_trunk_with_rump,7.755493579850921,0.1248710752246609,0.6547619047619048,0.014258802868425846,0.05559436231851578,0.3321761344432472,0.7129282461837521,0.0,0.0,0.0,0.0
BCS4__Cow_11_0075,Cow_11_0075,Cow_11,1,4,2,1,465,dataset\4\Cow_11_0075\f_465_rgb.jpg,dataset\4\Cow_11_0075\f_465_depth.npy,1,,9,171.00050354003906,171.0557098388672,0.8360127806663513,0.981882361650606,0.9568482613147862,0.9858014563880995,0,trunk_head_neck_reversed,-0.9278657707383928,0.12294357187720095,0.5361702127659574,0.00924352090805769,0.03551699221134186,0.6775157045853136,0.21805165319746886,0.0,0.3005952380952381,0.0,1.0
BCS4__Cow_13_9025,Cow_13_9025,Cow_13,1,4,2,1,105,dataset\4\Cow_13_9025\f_105_rgb.jpg,dataset\4\Cow_13_9025\f_105_depth.npy,1,,9,161.96148681640625,161.79505920410156,0.734353244304657,0.9754558519147276,0.9141361861665722,0.9779900953601268,0,head_neck_trunk,4.263879588228633,0.35780082613447917,0.5463576158940397,0.010914831422269344,0.03561190143227577,0.09370325238033128,0.8813506182015566,0.10119047619047619,0.0,1.0,0.0
BCS4__Cow_13_9025,Cow_13_9025,Cow_13,1,4,2,1,150,dataset\4\Cow_13_9025\f_150_rgb.jpg,dataset\4\Cow_13_9025\f_150_depth.npy,1,,8,170.25856018066406,170.43557739257812,0.8858568072319031,0.9544253710700934,0.8563807060047627,0.9602983314439633,0,trunk_head_neck_reversed,-5.658554064081088,0.30402680778972524,0.7035573122529645,0.02950979955494404,0.09191102534532547,0.6500447951118712,0.17650551291472547,0.0,0.24702380952380953,0.0,1.0
BCS4__Cow_15_68,Cow_15_68,Cow_15,0,4,2,1,90,dataset\4\Cow_15_68\f_90_rgb.jpg,dataset\4\Cow_15_68\f_90_depth.npy,1,,9,162.38653564453125,162.6787872314453,1.8954743146896362,0.9799412863765183,0.9332756632613871,0.9836779193003733,0,head_neck_trunk,5.956972038434884,0.43902771545866415,0.5977859778597786,0.006903450936079025,0.026107652112841606,0.12181279722447858,0.8335195535340751,0.19345238095238096,0.0,1.0,0.0
BCS4__Cow_15_68,Cow_15_68,Cow_15,0,4,2,1,105,dataset\4\Cow_15_68\f_105_rgb.jpg,dataset\4\Cow_15_68\f_105_depth.npy,1,,4,171.34698486328125,171.2401885986328,0.3869304358959198,0.9715131244643638,0.950996314298487,0.9803390006947914,0,head_neck_trunk,1.7998182241487797,0.0730899169822834,0.28273809523809523,0.035345736891031265,0.1089894026517868,0.463883490759722,0.83298542984752,0.0,0.0,1.0,0.0
BCS4__Cow_15_68,Cow_15_68,Cow_15,0,4,2,1,120,dataset\4\Cow_15_68\f_120_rgb.jpg,dataset\4\Cow_15_68\f_120_depth.npy,1,,6,171.8418731689453,171.6592559814453,0.5738965272903442,0.9604804646381617,0.9109972968904441,0.9710768530387552,0,trunk_head_neck_reversed,-5.530957060907085,0.090175104035211,0.6153846153846154,0.021994873881340027,0.06977690011262894,0.667842398192012,0.13981230278739695,0.0,0.07142857142857142,0.0,1.0
BCS4__Cow_17,Cow_17,Cow_17,0,4,2,1,15,dataset\4\Cow_17\f_15_rgb.jpg,dataset\4\Cow_17\f_15_depth.npy,1,,4,170.99002075195312,171.17837524414062,0.535089373588562,0.9666437954710182,0.9456087582313262,0.9788571319307198,0,trunk_head_neck_reversed,-6.801322004839349,0.20742956960798153,0.2261904761904762,0.006323548499494791,0.022570108994841576,0.3528563205057816,0.49192000684077025,0.0,0.0,0.0,1.0
BCS4__Cow_17,Cow_17,Cow_17,0,4,2,1,135,dataset\4\Cow_17\f_135_rgb.jpg,dataset\4\Cow_17\f_135_depth.npy,1,,6,171.55868530273438,171.8702392578125,0.556684672832489,0.9172504296074605,0.5222782344839586,0.9476496629452317,2,trunk_head_neck_reversed,-10.353166751504943,0.5069277842349749,0.24404761904761904,0.01104716956615448,0.04034922271966934,0.4110106230565291,0.48704793092240056,0.0,0.0,0.0,1.0
BCS4__Cow_17,Cow_17,Cow_17,0,4,2,1,150,dataset\4\Cow_17\f_150_rgb.jpg,dataset\4\Cow_17\f_150_depth.npy,1,,3,171.77896118164062,171.52174377441406,0.8756480813026428,0.961966061314673,0.9534003174798665,0.9793146605432412,0,trunk_head_neck_reversed,-11.532119502387928,0.5552427263352229,0.2261904761904762,0.02044803649187088,0.0614587664604187,0.3908288318159761,0.46556541948207786,0.0,0.0,0.0,1.0
BCS4__Cow_17,Cow_17,Cow_17,0,4,2,1,165,dataset\4\Cow_17\f_165_rgb.jpg,dataset\4\Cow_17\f_165_depth.npy,1,,4,172.25582885742188,172.1644287109375,0.27138832211494446,0.9615318295639614,0.9534912357375356,0.9704274878637102,0,trunk_head_neck_reversed,-12.091724784233179,0.5676329585107709,0.22321428571428573,0.009542446583509445,0.045308057218790054,0.4020753689343235,0.45876673439562904,0.0,0.0,0.0,1.0
BCS4__Cow_17,Cow_17,Cow_17,0,4,2,1,225,dataset\4\Cow_17\f_225_rgb.jpg,dataset\4\Cow_17\f_225_depth.npy,1,,3,172.6501922607422,172.6017608642578,0.09745354950428009,0.9854423382976205,0.9755204662178234,0.9871564163671289,0,trunk_head_neck_reversed,-13.171948961289303,0.3567944852432703,0.24107142857142858,0.013194017112255096,0.04245052486658096,0.406061930603575,0.5170521952891569,0.0,0.0,0.0,1.0
BCS4__Cow_17,Cow_17,Cow_17,0,4,2,1,240,dataset\4\Cow_17\f_240_rgb.jpg,dataset\4\Cow_17\f_240_depth.npy,1,,5,172.46539306640625,172.52505493164062,0.34204137325286865,0.9491384918875674,0.940793972093854,0.9685571126140182,0,trunk_head_neck_reversed,-12.977575634490094,0.3863827047830597,0.2708333333333333,0.012906661257147789,0.03938799351453781,0.3828490027700299,0.5265116345606689,0.0,0.0,0.0,1.0
BCS4__Cow_17,Cow_17,Cow_17,0,4,2,1,255,dataset\4\Cow_17\f_255_rgb.jpg,dataset\4\Cow_17\f_255_depth.npy,1,,3,174.0637664794922,173.8671875,0.2834743857383728,0.9510543612376947,0.9399158498049422,0.9627638336239367,0,trunk_head_neck_reversed,-13.188590677842726,0.33112233425747206,0.23511904761904762,0.015726150944828987,0.044264353811740875,0.354330238792832,0.5385537670566904,0.0,0.0,0.0,1.0
BCS4__Cow_17,Cow_17,Cow_17,0,4,2,1,270,dataset\4\Cow_17\f_270_rgb.jpg,dataset\4\Cow_17\f_270_depth.npy,1,,3,174.03073120117188,173.9334716796875,0.343046098947525,0.8367191348130558,0.7753314311394555,0.904690087127996,1,entry_or_trunk_with_rump,-11.665507918004778,0.19179567478835224,0.22916666666666666,0.009491418488323689,0.044015754014253616,0.3576795500634796,0.5645292098309912,0.0,0.0,0.0,0.0
BCS4__Cow_17,Cow_17,Cow_17,0,4,2,1,300,dataset\4\Cow_17\f_300_rgb.jpg,dataset\4\Cow_17\f_300_depth.npy,1,,3,171.03262329101562,171.5751953125,1.0039973258972168,0.9698529024982085,0.9097474233141634,0.9798781017776002,0,entry_or_trunk_with_rump,-7.226775218189147,0.1610830870294535,0.22916666666666666,0.009726135991513729,0.028610607609152794,0.41036973249888403,0.5519182796138534,0.0,0.0,0.0,0.0
BCS4__Cow_17,Cow_17,Cow_17,0,4,2,1,375,dataset\4\Cow_17\f_375_rgb.jpg,dataset\4\Cow_17\f_375_depth.npy,1,,3,171.3739776611328,171.71446228027344,0.6656064987182617,0.8556547381234889,0.5210518386275844,0.9197799832966544,1,entry_or_trunk_with_rump,-2.7708195226662724,0.15750458291083191,0.25297619047619047,0.005634165368974209,0.023468445986509323,0.42796606847782254,0.5512554747233442,0.0,0.0,0.0,0.0
BCS4__Cow_18_1067,Cow_18_1067,Cow_18,2,4,2,1,135,dataset\4\Cow_18_1067\f_135_rgb.jpg,dataset\4\Cow_18_1067\f_135_depth.npy,1,,9,172.24781799316406,172.12437438964844,0.35920393466949463,0.9768287187255068,0.9558010613009109,0.9795692235638228,0,head_neck_trunk,3.434884744118662,0.13552014357414066,0.2740963855421687,0.012002304196357727,0.042910024523735046,0.17693433139880704,0.8392742021020944,0.011904761904761904,0.0,1.0,0.0
BCS4__Cow_19,Cow_19,Cow_19,0,4,2,1,15,dataset\4\Cow_19\f_15_rgb.jpg,dataset\4\Cow_19\f_15_depth.npy,1,,5,172.20849609375,172.8874053955078,1.3073811531066895,0.8238783910081464,0.7067173827910094,0.8693919945808077,2,trunk_dominant,-5.913887649166398,0.08859845883341677,0.30654761904761907,0.007280827034264803,0.022551724687218666,0.43641198262876446,0.14755908480065816,0.0,0.0,1.0,1.0
BCS4__Cow_19,Cow_19,Cow_19,0,4,2,1,30,dataset\4\Cow_19\f_30_rgb.jpg,dataset\4\Cow_19\f_30_depth.npy,1,,5,170.83203125,171.03439331054688,0.3237406015396118,0.9215135682586018,0.8375433815212827,0.9520296577494181,0,trunk_dominant,-5.656712448992636,0.039336621155655394,0.30654761904761907,0.007884886115789413,0.03162512928247452,0.399886547331826,0.09908327785550557,0.0,0.0,1.0,1.0
BCS4__Cow_19,Cow_19,Cow_19,0,4,2,1,45,dataset\4\Cow_19\f_45_rgb.jpg,dataset\4\Cow_19\f_45_depth.npy,1,,8,170.72805786132812,170.91912841796875,1.0368661880493164,0.9645919915834658,0.676569151006005,0.9793875604794215,1,trunk_dominant,-7.795501587416297,0.1355410922138276,0.45535714285714285,0.005378282628953457,0.019325945526361465,0.3871148250242565,0.11024328446064535,0.0,0.0,1.0,1.0
BCS4__Cow_19,Cow_19,Cow_19,0,4,2,1,60,dataset\4\Cow_19\f_60_rgb.jpg,dataset\4\Cow_19\f_60_depth.npy,1,,3,172.760986328125,172.5370330810547,0.39820048213005066,0.7791156208284045,0.6568545785315398,0.8839359809294813,2,trunk_dominant,-12.174839295720375,0.12502988985528418,0.2857142857142857,0.006270941346883774,0.0222127977758646,0.36579874609741725,0.14501048395912156,0.0,0.0,1.0,1.0
BCS4__Cow_19,Cow_19,Cow_19,0,4,2,1,90,dataset\4\Cow_19\f_90_rgb.jpg,dataset\4\Cow_19\f_90_depth.npy,1,,3,171.66946411132812,171.6763916015625,0.3666625916957855,0.9806853446259081,0.8657205426746024,0.9872922710024837,0,trunk_dominant,-14.40935839926442,0.099357339807284,0.27380952380952384,0.004572747740894556,0.019454192370176315,0.3688777916595399,0.20170343040651315,0.0,0.0,1.0,1.0
BCS4__Cow_19,Cow_19,Cow_19,0,4,2,1,105,dataset\4\Cow_19\f_105_rgb.jpg,dataset\4\Cow_19\f_105_depth.npy,1,,7,171.02052307128906,172.23683166503906,2.1994669437408447,0.8895941900636133,0.03969956184219803,0.9238702520034138,2,trunk_dominant,-13.121068967882366,0.023616519730254026,0.27976190476190477,0.006003898102790117,0.022392673417925835,0.366265086714449,0.1939829486727617,0.0,0.0,1.0,1.0
BCS4__Cow_19,Cow_19,Cow_19,0,4,2,1,120,dataset\4\Cow_19\f_120_rgb.jpg,dataset\4\Cow_19\f_120_depth.npy,1,,4,171.48873901367188,171.60443115234375,0.464435338973999,0.910624181659822,0.6780919370580722,0.9479868294164207,1,trunk_dominant,-10.957556288642863,0.03206168506451945,0.25892857142857145,0.010431712493300438,0.03436962142586708,0.3870410528437768,0.14651071465640284,0.0,0.0,1.0,1.0
BCS4__Cow_19,Cow_19,Cow_19,0,4,2,1,135,dataset\4\Cow_19\f_135_rgb.jpg,dataset\4\Cow_19\f_135_depth.npy,1,,3,170.81239318847656,172.140380859375,2.009045362472534,0.9337554226859719,0.00408334152232015,0.9414604892921311,1,trunk_dominant,-8.688674892675394,0.09913163594291063,0.25595238095238093,0.00353052606806159,0.012766077183187008,0.38237393361397515,0.156349338306462,0.0,0.0,1.0,1.0
BCS4__Cow_19,Cow_19,Cow_19,0,4,2,1,180,dataset\4\Cow_19\f_180_rgb.jpg,dataset\4\Cow_19\f_180_depth.npy,1,,3,170.01144409179688,170.22715759277344,0.3984358012676239,0.9520042552567711,0.8755112594342896,0.963583046247751,0,trunk_dominant,-0.8353058254653263,0.009688614060777923,0.28273809523809523,0.005156519822776318,0.019704822450876236,0.3432197349605505,0.25384887210153806,0.0,0.0,1.0,1.0
BCS4__Cow_19,Cow_19,Cow_19,0,4,2,1,195,dataset\4\Cow_19\f_195_rgb.jpg,dataset\4\Cow_19\f_195_depth.npy,1,,8,170.145263671875,170.270263671875,0.5587523579597473,0.9704244684336858,0.9208591305444886,0.9747721622899937,0,trunk_head_neck_reversed,-1.3847178746912192,0.028692894581610062,0.2916666666666667,0.007597269024699926,0.026425790041685104,0.33905833603119523,0.3354334390540726,0.0,0.0,0.0,1.0
BCS4__Cow_19,Cow_19,Cow_19,0,4,2,1,225,dataset\4\Cow_19\f_225_rgb.jpg,dataset\4\Cow_19\f_225_depth.npy,1,,6,169.4763946533203,169.82847595214844,1.2206562757492065,0.9688852005721553,0.7854541077403582,0.9825644804029072,1,trunk_head_neck_reversed,-5.162226435004712,0.1690970713631259,0.2648809523809524,0.007926471531391144,0.025871915742754936,0.3036081987575801,0.42028469454464856,0.0,0.0,0.0,1.0
BCS4__Cow_19,Cow_19,Cow_19,0,4,2,1,240,dataset\4\Cow_19\f_240_rgb.jpg,dataset\4\Cow_19\f_240_depth.npy,1,,7,171.2936248779297,171.10765075683594,0.8030861616134644,0.9639636566151973,0.9364402723426433,0.9718970835046323,0,trunk_head_neck_reversed,-4.525628438364919,0.16984079325575863,0.2767857142857143,0.00984790176153183,0.0324818380177021,0.3131573628963117,0.42213423682053586,0.0,0.0,0.0,1.0
BCS4__Cow_19,Cow_19,Cow_19,0,4,2,1,255,dataset\4\Cow_19\f_255_rgb.jpg,dataset\4\Cow_19\f_255_depth.npy,1,,7,171.23001098632812,171.06077575683594,0.43534472584724426,0.9076768214864519,0.8918157564316713,0.9463104668561777,0,trunk_head_neck_reversed,-4.8129599775870275,0.19365692095662723,0.27976190476190477,0.012635341845452785,0.03904533386230469,0.30058409029918026,0.3946128640939683,0.0,0.0,0.0,1.0
BCS4__Cow_19,Cow_19,Cow_19,0,4,2,1,270,dataset\4\Cow_19\f_270_rgb.jpg,dataset\4\Cow_19\f_270_depth.npy,1,,4,170.7650146484375,171.150390625,0.8254381418228149,0.9406389724564448,0.8529810815968643,0.9589514260851641,0,trunk_head_neck_reversed,-2.7953874449335103,0.1369722958615256,0.3005952380952381,0.015430815517902374,0.046497028321027756,0.31950613824591634,0.3967715720181019,0.0,0.0,0.0,1.0
BCS4__Cow_19,Cow_19,Cow_19,0,4,2,1,285,dataset\4\Cow_19\f_285_rgb.jpg,dataset\4\Cow_19\f_285_depth.npy,1,,6,172.24160766601562,172.2791290283203,1.003275752067566,0.9138339521379464,0.8892562928557538,0.9515161283846867,0,trunk_head_neck_reversed,-0.17263781548636814,0.16957611326733968,0.29464285714285715,0.01596505381166935,0.043092358857393265,0.31483936359367026,0.3966512564226276,0.0,0.0,0.0,1.0
BCS4__Cow_19,Cow_19,Cow_19,0,4,2,1,300,dataset\4\Cow_19\f_300_rgb.jpg,dataset\4\Cow_19\f_300_depth.npy,1,,7,170.7184295654297,171.0280303955078,0.9858523011207581,0.96091192411292,0.8554145189333178,0.9622531551011166,0,trunk_head_neck_reversed,1.7859750162298127,0.10497199004170454,0.3244047619047619,0.012907939031720161,0.03946540877223015,0.29684482089746606,0.3386953698384805,0.0,0.0,0.0,1.0
BCS4__Cow_19,Cow_19,Cow_19,0,4,2,1,315,dataset\4\Cow_19\f_315_rgb.jpg,dataset\4\Cow_19\f_315_depth.npy,1,,6,171.12835693359375,171.1296844482422,0.7619738578796387,0.9811045186561933,0.9642663070098189,0.9844648584935598,0,trunk_head_neck_reversed,1.7401397454688095,0.10858031946420965,0.3244047619047619,0.022423118352890015,0.0635952576994896,0.28982124466555725,0.35431337143579217,0.0,0.0,0.0,1.0
BCS4__Cow_19,Cow_19,Cow_19,0,4,2,1,330,dataset\4\Cow_19\f_330_rgb.jpg,dataset\4\Cow_19\f_330_depth.npy,1,,9,171.9741973876953,171.6004180908203,0.9542925953865051,0.9618965286071188,0.9378076226031109,0.9664714680053393,0,trunk_head_neck_reversed,1.5695711169841786,0.0871970040718395,0.3273809523809524,0.021085277199745178,0.06033089756965637,0.27994161925651034,0.3417581227934974,0.0,0.0,0.0,1.0
BCS4__Cow_19,Cow_19,Cow_19,0,4,2,1,345,dataset\4\Cow_19\f_345_rgb.jpg,dataset\4\Cow_19\f_345_depth.npy,1,,6,171.81912231445312,171.7238311767578,1.0359282493591309,0.9475608740304344,0.9215080088110351,0.9650326969380647,0,trunk_head_neck_reversed,1.7428183697105482,0.09594494286335475,0.3392857142857143,0.018727866932749748,0.05735965073108673,0.30470690362958747,0.3456248589809161,0.0,0.0,0.0,1.0
BCS4__Cow_19,Cow_19,Cow_19,0,4,2,1,360,dataset\4\Cow_19\f_360_rgb.jpg,dataset\4\Cow_19\f_360_depth.npy,1,,6,171.07797241210938,171.50909423828125,1.066746711730957,0.9322999951121482,0.9175282823354269,0.9602449548151487,0,trunk_head_neck_reversed,1.8953990018225113,0.09476367393881446,0.3630952380952381,0.025749990716576576,0.07519650459289551,0.3142097589732694,0.32496777388048875,0.0,0.0,0.0,1.0
BCS4__Cow_19,Cow_19,Cow_19,0,4,2,1,375,dataset\4\Cow_19\f_375_rgb.jpg,dataset\4\Cow_19\f_375_depth.npy,1,,7,171.32107543945312,171.6005859375,1.0860321521759033,0.9879089087115878,0.8160190956399525,0.9886625715389312,0,trunk_head_neck_reversed,1.0203907712054132,0.07229284171822314,0.33630952380952384,0.022030875086784363,0.06489984691143036,0.3017842975197083,0.31986462475579913,0.0,0.0,0.0,1.0
BCS4__Cow_19,Cow_19,Cow_19,0,4,2,1,390,dataset\4\Cow_19\f_390_rgb.jpg,dataset\4\Cow_19\f_390_depth.npy,1,,6,171.21566772460938,171.3662872314453,0.45416319370269775,0.9771554165645804,0.9511731015998345,0.9849104874809949,0,trunk_head_neck_reversed,1.0351920349759354,0.09674153382427164,0.34226190476190477,0.026270924136042595,0.0707605630159378,0.30973774511593855,0.2975305281201932,0.0,0.0,0.0,1.0
BCS4__Cow_19,Cow_19,Cow_19,0,4,2,1,405,dataset\4\Cow_19\f_405_rgb.jpg,dataset\4\Cow_19\f_405_depth.npy,1,,8,170.71176147460938,171.0509033203125,0.9529475569725037,0.9750438757474446,0.9586152752897318,0.9817086155877591,0,trunk_head_neck_reversed,1.0879812516432992,0.09249683387174912,0.37202380952380953,0.02738605998456478,0.07432716339826584,0.3051511801578698,0.3027557424373422,0.0,0.0,0.0,1.0
BCS4__Cow_19,Cow_19,Cow_19,0,4,2,1,420,dataset\4\Cow_19\f_420_rgb.jpg,dataset\4\Cow_19\f_420_depth.npy,1,,8,170.99375915527344,171.153564453125,0.6326125264167786,0.9728847253017812,0.9459352727573856,0.9774612122247028,0,trunk_head_neck_reversed,1.296941837779329,0.0849936655822745,0.3541666666666667,0.022934209555387497,0.06064148247241974,0.32962718503233646,0.27057395397620615,0.0,0.0,0.0,1.0
BCS4__Cow_19,Cow_19,Cow_19,0,4,2,1,435,dataset\4\Cow_19\f_435_rgb.jpg,dataset\4\Cow_19\f_435_depth.npy,1,,6,172.54734802246094,172.482177734375,1.46729576587677,0.9570895221659879,0.9000939993661651,0.9693019645607099,0,trunk_dominant,0.4212900299986302,0.06779927179205458,0.3482142857142857,0.018139030784368515,0.057091034948825836,0.3090976259735608,0.27035889968266513,0.0,0.0,1.0,1.0
BCS4__Cow_19,Cow_19,Cow_19,0,4,2,1,450,dataset\4\Cow_19\f_450_rgb.jpg,dataset\4\Cow_19\f_450_depth.npy,1,,7,172.78794860839844,172.7779541015625,1.2929247617721558,0.9771613261760703,0.8726431986757517,0.9842422237407491,0,trunk_dominant,-0.9896568603745095,0.05691476237846871,0.36607142857142855,0.01901998370885849,0.05708673223853111,0.29711769471158367,0.286090635524707,0.0,0.0,1.0,1.0
BCS4__Cow_19,Cow_19,Cow_19,0,4,2,1,465,dataset\4\Cow_19\f_465_rgb.jpg,dataset\4\Cow_19\f_465_depth.npy,1,,5,173.4205780029297,173.34841918945312,1.116159439086914,0.9835566331466803,0.8734114249231285,0.9847800626138314,0,trunk_dominant,-4.231799191072625,0.19550091291129945,0.3333333333333333,0.018140099942684174,0.05250458046793938,0.24199206556230687,0.30368563248312874,0.0,0.0,1.0,1.0
BCS4__Cow_19,Cow_19,Cow_19,0,4,2,1,480,dataset\4\Cow_19\f_480_rgb.jpg,dataset\4\Cow_19\f_480_depth.npy,1,,6,173.68252563476562,173.40977478027344,0.7581930756568909,0.9483215298609116,0.8712786919263169,0.9547663626078635,0,trunk_dominant,-3.522924559415415,0.14038484945443486,0.30952380952380953,0.014787491410970688,0.04576043412089348,0.2552111786912903,0.2879039599815589,0.0,0.0,1.0,1.0
BCS4__Cow_19,Cow_19,Cow_19,0,4,2,1,495,dataset\4\Cow_19\f_495_rgb.jpg,dataset\4\Cow_19\f_495_depth.npy,1,,6,172.6581573486328,172.9188232421875,0.7066695094108582,0.9125357882174518,0.8665235674828387,0.9537386310507889,0,trunk_dominant,-2.867682563284177,0.1241935542756778,0.3273809523809524,0.015013723634183407,0.04936778545379639,0.261608539210411,0.27867440901548607,0.0,0.0,1.0,1.0
BCS4__Cow_19,Cow_19,Cow_19,0,4,2,1,510,dataset\4\Cow_19\f_510_rgb.jpg,dataset\4\Cow_19\f_510_depth.npy,1,,5,173.04971313476562,173.4757537841797,1.2597745656967163,0.9484145562141402,0.8171556127147511,0.9694253804964559,0,trunk_dominant,-0.2909086261326337,0.048480907608336565,0.3333333333333333,0.015537469647824764,0.04933804273605347,0.275642089384202,0.2846819267436736,0.0,0.0,1.0,1.0
BCS4__Cow_19,Cow_19,Cow_19,0,4,2,1,525,dataset\4\Cow_19\f_525_rgb.jpg,dataset\4\Cow_19\f_525_depth.npy,1,,8,172.2943115234375,172.57635498046875,0.8901543021202087,0.9436998308371632,0.9233299948692409,0.9663328568875358,0,trunk_dominant,-2.06435638638726,0.0788674391309172,0.41369047619047616,0.014567525126039982,0.05550394207239151,0.22025202888521056,0.29695500114372037,0.0,0.0,1.0,1.0
BCS4__Cow_19,Cow_19,Cow_19,0,4,2,1,540,dataset\4\Cow_19\f_540_rgb.jpg,dataset\4\Cow_19\f_540_depth.npy,1,,7,172.75399780273438,172.517578125,0.5636711120605469,0.9726137385674217,0.9527503608301326,0.9779074201911748,0,trunk_dominant,-2.0015179824616354,0.09763689489119542,0.3869047619047619,0.012714250944554806,0.03916561231017113,0.2093545563011378,0.31458419699853524,0.0,0.0,1.0,1.0
BCS4__Cow_19,Cow_19,Cow_19,0,4,2,1,555,dataset\4\Cow_19\f_555_rgb.jpg,dataset\4\Cow_19\f_555_depth.npy,1,,4,172.19137573242188,172.186279296875,0.19946111738681793,0.9312383510684002,0.6953895790969575,0.955440358173326,1,trunk_dominant,1.2981831055178077,0.011274012927756871,0.43452380952380953,0.01685410551726818,0.0543527826666832,0.17585037827249586,0.3214309842674469,0.0,0.0,1.0,1.0
BCS4__Cow_19,Cow_19,Cow_19,0,4,2,1,570,dataset\4\Cow_19\f_570_rgb.jpg,dataset\4\Cow_19\f_570_depth.npy,1,,7,172.58018493652344,172.6659393310547,0.7517845034599304,0.9490812343684799,0.841144859641433,0.9663815263266389,0,trunk_dominant,-0.2007342034491444,0.10060166615306798,0.4226190476190476,0.018986567854881287,0.057654112577438354,0.15367414082971934,0.45498626398097086,0.0,0.0,1.0,1.0
BCS4__Cow_19,Cow_19,Cow_19,0,4,2,1,585,dataset\4\Cow_19\f_585_rgb.jpg,dataset\4\Cow_19\f_585_depth.npy,1,,7,172.6581573486328,173.20228576660156,1.256333351135254,0.9539975666887116,0.7144972908754608,0.9682022276261815,1,head_neck_trunk,-1.8699657621459664,0.12039768599186118,0.47761194029850745,0.017285890877246857,0.04560202732682228,0.12072498326904188,0.5848299309489022,0.002976190476190476,0.0,1.0,0.0
BCS4__Cow_19,Cow_19,Cow_19,0,4,2,1,600,dataset\4\Cow_19\f_600_rgb.jpg,dataset\4\Cow_19\f_600_depth.npy,1,,5,171.02645874023438,171.05978393554688,0.47362858057022095,0.9700507965923483,0.9466974737518818,0.9782727816954033,0,head_neck_trunk,-0.9586138917665892,0.09550059504088892,0.48787878787878786,0.02225511521100998,0.0681169182062149,0.12519865719756773,0.7646546827497872,0.017857142857142856,0.0,1.0,0.0
BCS4__Cow_19,Cow_19,Cow_19,0,4,2,1,615,dataset\4\Cow_19\f_615_rgb.jpg,dataset\4\Cow_19\f_615_depth.npy,1,,4,171.3845977783203,171.36538696289062,0.10611427575349808,0.9656609017200457,0.9528034408118132,0.9805823541198302,0,head_neck_trunk,-1.5502768853300495,0.14036938845643476,0.35119047619047616,0.0139308487996459,0.042694903910160065,0.2190576846489957,0.882863731105482,0.0,0.0,1.0,0.0
BCS4__Cow_19,Cow_19,Cow_19,0,4,2,1,630,dataset\4\Cow_19\f_630_rgb.jpg,dataset\4\Cow_19\f_630_depth.npy,1,,8,168.78521728515625,168.75526428222656,0.5834715962409973,0.9639525982983883,0.9202907510729554,0.9691326467185895,0,head_neck_trunk,-5.172760473351886,0.5990123134398146,0.3898809523809524,0.023009847849607468,0.054060474038124084,0.2224911659077768,0.8866198078787686,0.0,0.0,1.0,0.0
BCS4__Cow_19,Cow_19,Cow_19,0,4,2,1,645,dataset\4\Cow_19\f_645_rgb.jpg,dataset\4\Cow_19\f_645_depth.npy,1,,9,166.82534790039062,166.98056030273438,1.7191014289855957,0.9710017700547625,0.9286439832203636,0.98236384453083,0,entry_or_trunk_with_rump,-6.865373068783654,0.5945540581849116,0.3630952380952381,0.020929979160428047,0.07500877976417542,0.2823063138094508,0.8502175406307747,0.0,0.0,0.0,0.0
BCS4__Cow_19,Cow_19,Cow_19,0,4,2,1,660,dataset\4\Cow_19\f_660_rgb.jpg,dataset\4\Cow_19\f_660_depth.npy,1,,8,169.53443908691406,169.56134033203125,0.9154971241950989,0.9519273403204738,0.9076455033707683,0.9699899075991482,0,head_neck_trunk,-0.14924379093025664,0.14924379093025664,0.3541666666666667,0.020431537181138992,0.07294128835201263,0.3288947568618897,0.8777952828135864,0.0,0.0,1.0,0.0
BCS4__Cow_19,Cow_19,Cow_19,0,4,2,1,675,dataset\4\Cow_19\f_675_rgb.jpg,dataset\4\Cow_19\f_675_depth.npy,1,,9,170.1650848388672,170.38621520996094,1.1010940074920654,0.9563097551531592,0.7692706874805776,0.9659903862450884,1,head_neck_trunk,1.8016333112137204,0.10982214913579469,0.30952380952380953,0.011781461536884308,0.05875831097364426,0.3212603887537855,0.847502062342114,0.0,0.0,1.0,0.0
BCS4__Cow_19,Cow_19,Cow_19,0,4,2,1,690,dataset\4\Cow_19\f_690_rgb.jpg,dataset\4\Cow_19\f_690_depth.npy,1,,9,170.0931854248047,170.1956787109375,0.35514700412750244,0.9382315784762204,0.8457971410834833,0.9637871624802907,0,head_neck_trunk,1.8923291399972015,0.11763446039623204,0.34226190476190477,0.015871379524469376,0.0771641880273819,0.3107254672276555,0.8574921814554872,0.0,0.0,1.0,0.0
BCS4__Cow_19,Cow_19,Cow_19,0,4,2,1,705,dataset\4\Cow_19\f_705_rgb.jpg,dataset\4\Cow_19\f_705_depth.npy,1,,9,169.79261779785156,169.95611572265625,1.0980033874511719,0.9356326306840719,0.8725201072577429,0.9614113961263,0,head_neck_trunk,1.9085853120640763,0.11479028971240268,0.3333333333333333,0.015743684023618698,0.06207870692014694,0.30088038929295385,0.8456304910218204,0.0,0.0,1.0,0.0
BCS4__Cow_19,Cow_19,Cow_19,0,4,2,1,720,dataset\4\Cow_19\f_720_rgb.jpg,dataset\4\Cow_19\f_720_depth.npy,1,,8,170.0898895263672,169.93515014648438,1.236100196838379,0.9388532575610795,0.7558116821133064,0.9587256707042399,1,head_neck_trunk,1.8562370971465754,0.1062390296519311,0.3333333333333333,0.014347126707434654,0.05876022204756737,0.2938124936506528,0.8411066533065371,0.0,0.0,1.0,0.0
BCS4__Cow_19,Cow_19,Cow_19,0,4,2,1,735,dataset\4\Cow_19\f_735_rgb.jpg,dataset\4\Cow_19\f_735_depth.npy,1,,9,169.87960815429688,169.95413208007812,0.5644407272338867,0.9731183459671466,0.9185952903145707,0.9818157398080176,0,head_neck_trunk,1.8685647385286757,0.10420488734901312,0.34523809523809523,0.014970548450946808,0.05498697608709335,0.2929979548318366,0.8291224573880652,0.0,0.0,1.0,0.0
BCS4__Cow_19,Cow_19,Cow_19,0,4,2,1,750,dataset\4\Cow_19\f_750_rgb.jpg,dataset\4\Cow_19\f_750_depth.npy,1,,9,169.95924377441406,170.16455078125,0.5736539363861084,0.96975113632344,0.800069192161833,0.9765975050629452,0,head_neck_trunk,1.5630846787817063,0.0709056313508114,0.33035714285714285,0.015251189470291138,0.054575078189373016,0.2866775966317252,0.8262634394964196,0.0,0.0,1.0,0.0
BCS4__Cow_19,Cow_19,Cow_19,0,4,2,1,765,dataset\4\Cow_19\f_765_rgb.jpg,dataset\4\Cow_19\f_765_depth.npy,1,,9,169.17318725585938,169.1716766357422,1.1554882526397705,0.9310761149215522,0.6911437721639004,0.9627090482218615,2,head_neck_trunk,1.8159502861616659,0.11811187064917306,0.3244047619047619,0.014688524417579174,0.06223408877849579,0.27790849764468534,0.8388836267831744,0.0,0.0,1.0,0.0
BCS4__Cow_19,Cow_19,Cow_19,0,4,2,1,780,dataset\4\Cow_19\f_780_rgb.jpg,dataset\4\Cow_19\f_780_depth.npy,1,,9,170.4468536376953,170.28048706054688,0.44113901257514954,0.9524523420168237,0.9108209982654523,0.9668593826192009,0,head_neck_trunk,0.7378080129929288,0.072502645481336,0.36607142857142855,0.02083011344075203,0.05907135456800461,0.2728106753076523,0.8444003698599436,0.0,0.0,1.0,0.0
BCS4__Cow_19,Cow_19,Cow_19,0,4,2,1,795,dataset\4\Cow_19\f_795_rgb.jpg,dataset\4\Cow_19\f_795_depth.npy,1,,9,170.01321411132812,169.89927673339844,0.6360764503479004,0.9663207608277739,0.9243151579732732,0.9748407002822659,0,head_neck_trunk,0.17020298980895632,0.17020298980895632,0.3482142857142857,0.018247373402118683,0.059065330773591995,0.2832630538685358,0.8403616072940643,0.0,0.0,1.0,0.0
BCS4__Cow_19,Cow_19,Cow_19,0,4,2,1,810,dataset\4\Cow_19\f_810_rgb.jpg,dataset\4\Cow_19\f_810_depth.npy,1,,9,169.6918487548828,169.65341186523438,0.671076238155365,0.962567309594933,0.8704550243193251,0.9666113208157839,0,head_neck_trunk,-2.584748606151365,0.231114557160069,0.375,0.02346797287464142,0.07804760336875916,0.2626178997736156,0.8273829358747645,0.0,0.0,1.0,0.0
BCS4__Cow_19,Cow_19,Cow_19,0,4,2,1,825,dataset\4\Cow_19\f_825_rgb.jpg,dataset\4\Cow_19\f_825_depth.npy,1,,9,169.6700439453125,168.96697998046875,1.6509296894073486,0.913681577299074,0.8474148888011983,0.9543996417172196,0,head_neck_trunk,-3.954777028651449,0.35245028254273336,0.38095238095238093,0.024028103798627853,0.0750407874584198,0.27073570155560334,0.8144722224203883,0.0,0.0,1.0,0.0
BCS4__Cow_19,Cow_19,Cow_19,0,4,2,1,840,dataset\4\Cow_19\f_840_rgb.jpg,dataset\4\Cow_19\f_840_depth.npy,1,,9,169.2486572265625,169.1259002685547,0.9044256210327148,0.9509057670381341,0.634924522629744,0.9731719664885625,2,head_neck_trunk,-6.205119112360734,0.46398124750245984,0.38392857142857145,0.022877218201756477,0.07169868052005768,0.2637407227431275,0.7990145969039661,0.0,0.0,1.0,0.0
BCS4__Cow_19,Cow_19,Cow_19,0,4,2,1,855,dataset\4\Cow_19\f_855_rgb.jpg,dataset\4\Cow_19\f_855_depth.npy,1,,9,168.4322052001953,168.21343994140625,0.8345018029212952,0.9526649169137325,0.8546128672296476,0.9717012171665494,0,entry_or_trunk_with_rump,-8.25716301978899,0.4832185213817297,0.40476190476190477,0.022092029452323914,0.07596791535615921,0.3475345698548679,0.806588010286485,0.0,0.0,0.0,0.0
BCS4__Cow_19,Cow_19,Cow_19,0,4,2,1,870,dataset\4\Cow_19\f_870_rgb.jpg,dataset\4\Cow_19\f_870_depth.npy,1,,9,168.81689453125,168.73443603515625,0.7648671865463257,0.9830819052380378,0.9137479259288437,0.9863645100952754,0,entry_or_trunk_with_rump,-9.571088473755097,0.6464280544909826,0.40773809523809523,0.02147986926138401,0.0750238373875618,0.692816086517311,0.8124261180734269,0.0,0.0,0.0,0.0
BCS4__Cow_19,Cow_19,Cow_19,0,4,2,1,885,dataset\4\Cow_19\f_885_rgb.jpg,dataset\4\Cow_19\f_885_depth.npy,1,,9,168.62744140625,168.45108032226562,1.22342848777771,0.9767253591471566,0.8606722714846994,0.9839861842382803,0,entry_or_trunk_with_rump,-8.497259773738278,0.5950794576912415,0.39285714285714285,0.024737274274230003,0.07986821979284286,0.8094667102248578,0.8224712540762698,0.0,0.0,0.0,0.0
BCS4__Cow_19,Cow_19,Cow_19,0,4,2,1,900,dataset\4\Cow_19\f_900_rgb.jpg,dataset\4\Cow_19\f_900_depth.npy,1,,9,168.22767639160156,168.17030334472656,0.4684799015522003,0.9514393388610253,0.90209609988779,0.9687093663325446,0,entry_or_trunk_with_rump,-7.560465286268325,0.619034077074204,0.38392857142857145,0.018955189734697342,0.0616624653339386,0.815252823250679,0.7971667722338822,0.0,0.0,0.0,0.0
BCS4__Cow_19,Cow_19,Cow_19,0,4,2,1,2760,dataset\4\Cow_19\f_2760_rgb.jpg,dataset\4\Cow_19\f_2760_depth.npy,1,,9,167.90325927734375,168.10650634765625,0.7140223383903503,0.9499693382662009,0.8956609564269487,0.9657335833331112,0,head_neck_trunk,-0.9050638180549271,0.036956319681578975,0.6354515050167224,0.017139099538326263,0.06703918427228928,0.09255890346357018,0.8606605926041598,0.11011904761904762,0.0,1.0,0.0
BCS4__Cow_19_0037,Cow_19_0037,Cow_19,0,4,2,1,270,dataset\4\Cow_19_0037\f_270_rgb.jpg,dataset\4\Cow_19_0037\f_270_depth.npy,1,,9,158.73751831054688,158.93800354003906,2.3545663356781006,0.9659311607262343,0.9244525412297603,0.9771076840634586,0,head_neck_trunk,8.2619468061705,0.7814612807898271,0.5481171548117155,0.023097442463040352,0.07013439387083054,0.09312933636556064,0.7687997325676573,0.28869047619047616,0.0,1.0,0.0
BCS4__Cow_19_0037,Cow_19_0037,Cow_19,0,4,2,1,285,dataset\4\Cow_19_0037\f_285_rgb.jpg,dataset\4\Cow_19_0037\f_285_depth.npy,1,,8,165.84173583984375,165.8245849609375,1.2890030145645142,0.9671607811779417,0.8756892159191947,0.9772665232738154,0,head_neck_trunk,6.484481084875512,0.4083610566680562,0.6379928315412187,0.005456842016428709,0.01726115681231022,0.1787684737995095,0.8533951914408372,0.16964285714285715,0.0,1.0,0.0
BCS4__Cow_19_0037,Cow_19_0037,Cow_19,0,4,2,1,300,dataset\4\Cow_19_0037\f_300_rgb.jpg,dataset\4\Cow_19_0037\f_300_depth.npy,1,,9,171.20352172851562,171.14007568359375,1.4854369163513184,0.9700543332814391,0.9422596910092313,0.98167143162225,0,head_neck_trunk,4.495785606668605,0.058750085926064344,0.7797619047619048,0.010791616514325142,0.042862214148044586,0.36854945229679836,0.810220913365659,0.0,0.0,1.0,0.0
BCS4__Cow_19_0037,Cow_19_0037,Cow_19,0,4,2,1,315,dataset\4\Cow_19_0037\f_315_rgb.jpg,dataset\4\Cow_19_0037\f_315_depth.npy,1,,5,173.4438018798828,173.76751708984375,0.6764280200004578,0.9131320819789541,0.8170751477209399,0.9448124676516879,0,entry_or_trunk_with_rump,1.4993149398407724,0.027137160912843683,0.27976190476190477,0.03500373661518097,0.10053914040327072,0.5968467409776324,0.6319870946485856,0.0,0.0,0.0,0.0
BCS4__Cow_19_0037,Cow_19_0037,Cow_19,0,4,2,1,345,dataset\4\Cow_19_0037\f_345_rgb.jpg,dataset\4\Cow_19_0037\f_345_depth.npy,1,,6,170.99807739257812,170.8048858642578,0.43315255641937256,0.9474232414812132,0.8935958343901632,0.9606809324526963,0,trunk_head_neck_reversed,1.606975977742806,0.13388621560665115,0.5652173913043478,0.00981069728732109,0.03233668953180313,0.645278851916355,0.0853997231430698,0.0,0.17857142857142858,0.0,1.0
BCS4__Cow_1_6006,Cow_1_6006,Cow_1,1,4,2,1,390,dataset\4\Cow_1_6006\f_390_rgb.jpg,dataset\4\Cow_1_6006\f_390_depth.npy,1,,7,159.53353881835938,160.35304260253906,2.0364508628845215,0.9603989266683736,0.8435057819696572,0.967606881318662,0,head_neck_trunk,3.195507126311867,0.19006276219049312,0.5668016194331984,0.004413136746734381,0.021050212904810905,0.12522938445833792,0.8423181141093711,0.2648809523809524,0.0,1.0,0.0
BCS4__Cow_1_6006,Cow_1_6006,Cow_1,1,4,2,1,435,dataset\4\Cow_1_6006\f_435_rgb.jpg,dataset\4\Cow_1_6006\f_435_depth.npy,1,,6,164.89022827148438,164.85064697265625,2.115159034729004,0.9485499209248108,0.8998914449228936,0.9646001968850748,0,trunk_dominant,6.859410657391692,0.09164926271860452,0.4128787878787879,0.012668081559240818,0.05463410168886185,0.4440611438250288,0.27844718019024206,0.0,0.21428571428571427,1.0,1.0
BCS4__Cow_2,Cow_2,Cow_2,0,4,2,1,15,dataset\4\Cow_2\f_15_rgb.jpg,dataset\4\Cow_2\f_15_depth.npy,1,,7,172.452392578125,172.3340606689453,1.398152232170105,0.7417003676112185,0.6305733796431122,0.8650292609623136,4,entry_or_trunk_with_rump,0.9300257537956327,0.034643582864134714,0.5589225589225589,0.022893592715263367,0.07620037347078323,0.1259721943399273,0.8784976002657955,0.11607142857142858,0.0,0.0,0.0
BCS4__Cow_2,Cow_2,Cow_2,0,4,2,1,30,dataset\4\Cow_2\f_30_rgb.jpg,dataset\4\Cow_2\f_30_depth.npy,1,,3,173.79161071777344,173.76397705078125,0.5824193358421326,0.9319832442829633,0.8839823585305644,0.9373303985424513,0,head_neck_trunk,0.9339151522695488,0.021513985237987754,0.37202380952380953,0.009412006475031376,0.037940721958875656,0.25524567782796204,0.8770589150824402,0.0,0.0,1.0,0.0
BCS4__Cow_2,Cow_2,Cow_2,0,4,2,1,75,dataset\4\Cow_2\f_75_rgb.jpg,dataset\4\Cow_2\f_75_depth.npy,1,,5,175.45912170410156,175.57760620117188,0.3979523479938507,0.9047191706586237,0.7172871714400761,0.9224458959248603,1,trunk_head_neck_reversed,1.6237696140385935,0.02659616093369266,0.47023809523809523,0.008331737481057644,0.024926960468292236,0.4233554550390741,0.4155421434438092,0.0,0.0,0.0,1.0
BCS4__Cow_2,Cow_2,Cow_2,0,4,2,1,90,dataset\4\Cow_2\f_90_rgb.jpg,dataset\4\Cow_2\f_90_depth.npy,1,,3,175.00381469726562,174.8597412109375,0.3312821686267853,0.9035087763707901,0.8305522542562526,0.943575841743554,0,trunk_head_neck_reversed,0.2457159324758038,0.0036058987240465967,0.41369047619047616,0.0070969765074551105,0.03380751982331276,0.35251933263340784,0.37745996192762127,0.0,0.0,0.0,1.0
BCS4__Cow_2,Cow_2,Cow_2,0,4,2,1,105,dataset\4\Cow_2\f_105_rgb.jpg,dataset\4\Cow_2\f_105_depth.npy,1,,6,174.46807861328125,174.3551025390625,0.40352925658226013,0.9370013379867765,0.9241935306778049,0.9606753056289917,0,trunk_dominant,1.627802664853803,0.031862146182021434,0.41369047619047616,0.007373222149908543,0.037035420536994934,0.38699674777355025,0.34454615894687746,0.0,0.0,1.0,1.0
BCS4__Cow_2,Cow_2,Cow_2,0,4,2,1,120,dataset\4\Cow_2\f_120_rgb.jpg,dataset\4\Cow_2\f_120_depth.npy,1,,4,174.91632080078125,174.95761108398438,0.17991405725479126,0.9580447423606412,0.8977463363294822,0.9632566454056604,0,trunk_dominant,1.96168848434084,0.03666624496126758,0.38095238095238093,0.017031488940119743,0.051434386521577835,0.38337556761349756,0.2814164795075027,0.0,0.0,1.0,1.0
BCS4__Cow_2,Cow_2,Cow_2,0,4,2,1,135,dataset\4\Cow_2\f_135_rgb.jpg,dataset\4\Cow_2\f_135_depth.npy,1,,9,173.44996643066406,173.67247009277344,0.5645171999931335,0.9830941712716079,0.9088944290384251,0.9858735638163652,0,trunk_dominant,1.0309856115807463,0.018013636362866237,0.4791666666666667,0.009706987999379635,0.03560386225581169,0.3862972110286571,0.2683058871516127,0.0,0.0,1.0,1.0
BCS4__Cow_2,Cow_2,Cow_2,0,4,2,1,150,dataset\4\Cow_2\f_150_rgb.jpg,dataset\4\Cow_2\f_150_depth.npy,1,,7,172.489990234375,172.53109741210938,0.5769993662834167,0.9719558002581253,0.9653452589385242,0.9831437142526092,0,trunk_dominant,0.7554281851889328,0.01730925247012749,0.5089285714285714,0.008467337116599083,0.026714669540524483,0.386686773664154,0.22148065896046154,0.0,0.0,1.0,1.0
BCS4__Cow_2,Cow_2,Cow_2,0,4,2,1,165,dataset\4\Cow_2\f_165_rgb.jpg,dataset\4\Cow_2\f_165_depth.npy,1,,8,172.54852294921875,172.51968383789062,0.6760231852531433,0.9751578948047583,0.904879681483764,0.9815211956559321,0,trunk_dominant,-2.9364652675908047,0.00018804001891226108,0.48214285714285715,0.005762068089097738,0.022675449028611183,0.35752564369021733,0.21291432113796865,0.0,0.0,1.0,1.0
BCS4__Cow_2,Cow_2,Cow_2,0,4,2,1,180,dataset\4\Cow_2\f_180_rgb.jpg,dataset\4\Cow_2\f_180_depth.npy,1,,3,175.13735961914062,174.99920654296875,0.23004508018493652,0.9329242473143623,0.8370919288010628,0.9578079308012806,0,trunk_dominant,-4.511518032490983,0.0005529693304424654,0.46130952380952384,0.009016181342303753,0.033113833516836166,0.40983826619860897,0.2282566402030499,0.0,0.0,1.0,1.0
BCS4__Cow_2,Cow_2,Cow_2,0,4,2,1,195,dataset\4\Cow_2\f_195_rgb.jpg,dataset\4\Cow_2\f_195_depth.npy,1,,8,173.99114990234375,173.81201171875,0.44785264134407043,0.9624088489319536,0.92947440658599,0.9744199987320334,0,trunk_head_neck_reversed,0.9491182207822959,0.026951920042051825,0.5555555555555556,0.00836933497339487,0.025974666699767113,0.6038505077810402,0.11572860706267603,0.0,0.0625,0.0,1.0
BCS4__Cow_2,Cow_2,Cow_2,0,4,2,1,210,dataset\4\Cow_2\f_210_rgb.jpg,dataset\4\Cow_2\f_210_depth.npy,1,,8,171.9148406982422,171.82815551757812,0.7260505557060242,0.9844966482259935,0.9739240931715617,0.9883949588411978,0,trunk_head_neck_reversed,-3.689128197084912,0.12006279477024862,0.5555555555555556,0.0039933593943715096,0.018995845690369606,0.5888957332200968,0.10999685004396562,0.0,0.08928571428571429,0.0,1.0
BCS4__Cow_2,Cow_2,Cow_2,0,4,2,1,225,dataset\4\Cow_2\f_225_rgb.jpg,dataset\4\Cow_2\f_225_depth.npy,1,,9,172.26927185058594,171.94805908203125,0.6141371130943298,0.9791241323987371,0.9503708993389537,0.9806176790331982,0,trunk_head_neck_reversed,-11.005649929408122,0.2444046705983709,0.5667752442996743,0.007301850710064173,0.02470499835908413,0.5609558752156679,0.10991573982365063,0.0,0.08630952380952381,0.0,1.0
BCS4__Cow_22_6005,Cow_22_6005,Cow_22,2,4,2,1,105,dataset\4\Cow_22_6005\f_105_rgb.jpg,dataset\4\Cow_22_6005\f_105_depth.npy,1,,9,166.9498291015625,166.8948516845703,0.4809728264808655,0.9861073245815799,0.9725135239399998,0.9917792485771353,0,head_neck_trunk,0.9258201563584691,0.04931384469001898,0.35815602836879434,0.005815896671265364,0.029405901208519936,0.12388525574094356,0.8901166912957645,0.16071428571428573,0.0,1.0,0.0
BCS4__Cow_22_6005,Cow_22_6005,Cow_22,2,4,2,1,120,dataset\4\Cow_22_6005\f_120_rgb.jpg,dataset\4\Cow_22_6005\f_120_depth.npy,1,,7,174.70472717285156,174.69789123535156,0.22181114554405212,0.9715730115193647,0.9164662533294877,0.9749876103666428,0,head_neck_trunk,-1.5628119967537657,0.10276536113043733,0.4494047619047619,0.022107671946287155,0.10007243603467941,0.3543523160899732,0.7862256205662258,0.0,0.0,1.0,0.0
BCS4__Cow_22_6005,Cow_22_6005,Cow_22,2,4,2,1,135,dataset\4\Cow_22_6005\f_135_rgb.jpg,dataset\4\Cow_22_6005\f_135_depth.npy,1,,4,170.02032470703125,169.94064331054688,0.5140202641487122,0.9228556498793508,0.8627783813791552,0.9563025880130368,0,entry_or_trunk_with_rump,-2.5015199446190053,0.0829210038197914,0.27976190476190477,0.015248165465891361,0.04620015248656273,0.48893241434460144,0.6543705429289883,0.0,0.0,0.0,0.0
BCS4__Cow_22_6005,Cow_22_6005,Cow_22,2,4,2,1,165,dataset\4\Cow_22_6005\f_165_rgb.jpg,dataset\4\Cow_22_6005\f_165_depth.npy,1,,9,171.80361938476562,171.5609588623047,0.5766534209251404,0.9421709909401679,0.926028357705681,0.9617659814860855,0,trunk_head_neck_reversed,2.3373633850374205,0.1905300005655164,0.5219123505976095,0.006320957560092211,0.024187879636883736,0.6187490183269942,0.2642515923523726,0.0,0.25297619047619047,0.0,1.0
BCS4__Cow_23,Cow_23,Cow_23,0,4,2,1,90,dataset\4\Cow_23\f_90_rgb.jpg,dataset\4\Cow_23\f_90_depth.npy,1,,8,168.34909057617188,168.3855743408203,0.549508273601532,0.985724975072156,0.9064008373066923,0.9879582306448371,0,head_neck_trunk,-2.084311227033865,0.24600190269828204,0.3333333333333333,0.006713409908115864,0.026337314397096634,0.1951695247888037,0.8956840231304083,0.0,0.0,1.0,0.0
BCS4__Cow_23,Cow_23,Cow_23,0,4,2,1,105,dataset\4\Cow_23\f_105_rgb.jpg,dataset\4\Cow_23\f_105_depth.npy,1,,8,168.60302734375,168.5053253173828,0.37964463233947754,0.9682860603969102,0.9147813152227233,0.9779133584362248,0,head_neck_trunk,-1.1719502711258656,0.10772954073003405,0.3333333333333333,0.003960345406085253,0.013037534430623055,0.14149575425061156,0.8914216437048899,0.0,0.0,1.0,0.0
BCS4__Cow_23,Cow_23,Cow_23,0,4,2,1,120,dataset\4\Cow_23\f_120_rgb.jpg,dataset\4\Cow_23\f_120_depth.npy,1,,9,169.21836853027344,169.16917419433594,0.8151937127113342,0.962465461335488,0.794072933415756,0.9708109989180371,1,head_neck_trunk,0.12860786619798148,0.12739433354207108,0.34226190476190477,0.008659221231937408,0.026507264003157616,0.16721860775262276,0.891491068227643,0.0,0.0,1.0,0.0
BCS4__Cow_23,Cow_23,Cow_23,0,4,2,1,135,dataset\4\Cow_23\f_135_rgb.jpg,dataset\4\Cow_23\f_135_depth.npy,1,,9,169.2410888671875,168.87777709960938,0.7358963489532471,0.9767023045220785,0.9377125397033238,0.9850807793439712,0,head_neck_trunk,0.28421200192943274,0.05392959381073581,0.35119047619047616,0.006914038676768541,0.02203277125954628,0.18772038573993338,0.8817052943560403,0.0,0.0,1.0,0.0
BCS4__Cow_23,Cow_23,Cow_23,0,4,2,1,150,dataset\4\Cow_23\f_150_rgb.jpg,dataset\4\Cow_23\f_150_depth.npy,1,,9,169.62017822265625,169.49542236328125,0.8069746494293213,0.9688422492719456,0.9502187484248221,0.9811876315666078,0,head_neck_trunk,0.6953075942763292,0.02794566849314606,0.34523809523809523,0.01150974165648222,0.03911425545811653,0.19835833407114065,0.8672144884190548,0.0,0.0,1.0,0.0
BCS4__Cow_23,Cow_23,Cow_23,0,4,2,1,165,dataset\4\Cow_23\f_165_rgb.jpg,dataset\4\Cow_23\f_165_depth.npy,1,,9,169.5960693359375,169.59034729003906,0.9468712210655212,0.9445472080703408,0.8583444369270631,0.9564597356925859,0,head_neck_trunk,0.478908534316119,0.017205982051919477,0.3553459119496855,0.005720037035644054,0.02128148078918457,0.19405057823404906,0.8622326062302916,0.05357142857142857,0.0,1.0,0.0
BCS4__Cow_23,Cow_23,Cow_23,0,4,2,1,180,dataset\4\Cow_23\f_180_rgb.jpg,dataset\4\Cow_23\f_180_depth.npy,1,,9,168.76583862304688,169.0599822998047,0.812843382358551,0.9654103442627239,0.8385407762100519,0.9790793952083198,0,head_neck_trunk,0.4224804624253409,0.04688641583017272,0.38762214983713356,0.007343662437051535,0.02111385576426983,0.21429320527337128,0.8684215166856204,0.08630952380952381,0.0,1.0,0.0
BCS4__Cow_23,Cow_23,Cow_23,0,4,2,1,195,dataset\4\Cow_23\f_195_rgb.jpg,dataset\4\Cow_23\f_195_depth.npy,1,,8,169.48208618164062,169.42367553710938,0.7750555276870728,0.9083668848697561,0.8830982916541483,0.9430781891324949,0,head_neck_trunk,0.06584658386262277,0.07183633771386155,0.3377049180327869,0.004205465316772461,0.014964171685278416,0.16897332120030809,0.8225652134953333,0.09226190476190477,0.0,1.0,0.0
BCS4__Cow_23,Cow_23,Cow_23,0,4,2,1,210,dataset\4\Cow_23\f_210_rgb.jpg,dataset\4\Cow_23\f_210_depth.npy,1,,8,169.98077392578125,170.44784545898438,1.060898780822754,0.9272487092347788,0.837654437799718,0.9424114374648659,0,head_neck_trunk,-0.9837038746716331,0.13717857350120255,0.2297734627831715,0.0029359145555645227,0.01374867931008339,0.15982785457750198,0.7884147038792936,0.08035714285714286,0.0,1.0,0.0
BCS4__Cow_23,Cow_23,Cow_23,0,4,2,1,300,dataset\4\Cow_23\f_300_rgb.jpg,dataset\4\Cow_23\f_300_depth.npy,1,,8,169.756103515625,169.92138671875,0.6485461592674255,0.9354861062665936,0.8459060299351865,0.9535066405600414,0,head_neck_trunk,-1.9759168648410679,0.2354707257495221,0.2774390243902439,0.005971265956759453,0.018726959824562073,0.16074241462860694,0.8061659003785068,0.023809523809523808,0.0,1.0,0.0
BCS4__Cow_23,Cow_23,Cow_23,0,4,2,1,315,dataset\4\Cow_23\f_315_rgb.jpg,dataset\4\Cow_23\f_315_depth.npy,1,,8,170.0052490234375,170.14703369140625,0.998582661151886,0.9326852054622747,0.9098842293445258,0.9544023954559187,0,head_neck_trunk,-1.5113024552346843,0.20375716568076996,0.2874617737003058,0.004536363296210766,0.015209533274173737,0.1727939973071603,0.8102771623760482,0.026785714285714284,0.0,1.0,0.0
BCS4__Cow_23,Cow_23,Cow_23,0,4,2,1,405,dataset\4\Cow_23\f_405_rgb.jpg,dataset\4\Cow_23\f_405_depth.npy,1,,8,170.13987731933594,170.0173797607422,0.4531654119491577,0.9697787509649363,0.8896465127487874,0.9767936645230804,0,head_neck_trunk,-7.46142350976352,0.35079503987714133,0.3482142857142857,0.005372884217649698,0.01807519979774952,0.3342118288359785,0.8524467161210211,0.0,0.0,1.0,0.0
BCS4__Cow_23,Cow_23,Cow_23,0,4,2,1,435,dataset\4\Cow_23\f_435_rgb.jpg,dataset\4\Cow_23\f_435_depth.npy,1,,9,169.5653076171875,169.59268188476562,0.7118244767189026,0.9500382816413399,0.9249381537589676,0.9728384330687987,0,entry_or_trunk_with_rump,-6.57130194435895,0.2953785052414446,0.3333333333333333,0.0034030925016850233,0.012820360250771046,0.4837058891966644,0.8085335456599427,0.0,0.0,0.0,0.0
BCS4__Cow_23,Cow_23,Cow_23,0,4,2,1,480,dataset\4\Cow_23\f_480_rgb.jpg,dataset\4\Cow_23\f_480_depth.npy,1,,7,169.03927612304688,169.4935760498047,1.1567046642303467,0.9284642454426808,0.864824603973464,0.9379790715755555,0,head_neck_trunk,-4.398301583904939,0.22047678669882487,0.3541666666666667,0.003909289836883545,0.013506914488971233,0.2605176672222249,0.8705085074917532,0.0,0.0,1.0,0.0
BCS4__Cow_23,Cow_23,Cow_23,0,4,2,1,525,dataset\4\Cow_23\f_525_rgb.jpg,dataset\4\Cow_23\f_525_depth.npy,1,,8,169.61178588867188,169.55258178710938,0.8243635296821594,0.9571128092521966,0.8711936654120547,0.9584924063965519,0,head_neck_trunk,-2.905529227746868,0.1598012720872788,0.35119047619047616,0.004369752481579781,0.013406192883849144,0.2677257445169062,0.8773810714167054,0.0,0.0,1.0,0.0
BCS4__Cow_23,Cow_23,Cow_23,0,4,2,1,555,dataset\4\Cow_23\f_555_rgb.jpg,dataset\4\Cow_23\f_555_depth.npy,1,,9,168.86627197265625,168.78082275390625,0.8544729948043823,0.9670630417901347,0.9197634741513767,0.9728900100648159,0,head_neck_trunk,-2.327512705267381,0.1349760578992516,0.35119047619047616,0.006946463603526354,0.02230331487953663,0.26727397269285896,0.8715891020968216,0.0,0.0,1.0,0.0
BCS4__Cow_23,Cow_23,Cow_23,0,4,2,1,570,dataset\4\Cow_23\f_570_rgb.jpg,dataset\4\Cow_23\f_570_depth.npy,1,,8,168.6458740234375,169.2218017578125,1.0974096059799194,0.9488990182212722,0.909221817613435,0.9604948877019854,0,head_neck_trunk,-2.0037734360770116,0.1146498433538028,0.3482142857142857,0.002749417209997773,0.013310709036886692,0.26182531316854446,0.8711499873645908,0.0,0.0,1.0,0.0
BCS4__Cow_23,Cow_23,Cow_23,0,4,2,1,600,dataset\4\Cow_23\f_600_rgb.jpg,dataset\4\Cow_23\f_600_depth.npy,1,,9,169.4801025390625,169.50941467285156,0.3028944432735443,0.9560019516346883,0.9170743753985956,0.9746249108600561,0,head_neck_trunk,-1.5354426586638397,0.09606621794698356,0.35119047619047616,0.003086279146373272,0.008876972831785679,0.2672130499853814,0.8771966318693618,0.0,0.0,1.0,0.0
BCS4__Cow_26,Cow_26,Cow_26,1,4,2,1,30,dataset\4\Cow_26\f_30_rgb.jpg,dataset\4\Cow_26\f_30_depth.npy,1,,8,170.012939453125,170.41200256347656,0.932487428188324,0.9788999204488547,0.9583492880877278,0.984302144476012,0,head_neck_trunk,-1.0219446083973338,0.09956261181910975,0.2708333333333333,0.015415206551551819,0.049565598368644714,0.2160235284383894,0.8048991619632686,0.0,0.0,1.0,0.0
BCS4__Cow_26,Cow_26,Cow_26,1,4,2,1,60,dataset\4\Cow_26\f_60_rgb.jpg,dataset\4\Cow_26\f_60_depth.npy,1,,4,170.83090209960938,170.82916259765625,0.09638781100511551,0.9480436281947177,0.9267107684114635,0.9564391290737865,0,trunk_head_neck_reversed,5.680272464184881,0.07190312958955758,0.23809523809523808,0.005509836599230766,0.02178890071809292,0.4071499231786365,0.33984153018439417,0.0,0.0,0.0,1.0
BCS4__Cow_26,Cow_26,Cow_26,1,4,2,1,90,dataset\4\Cow_26\f_90_rgb.jpg,dataset\4\Cow_26\f_90_depth.npy,1,,3,170.17098999023438,170.33375549316406,0.5027062296867371,0.8853584199350611,0.8056024511264066,0.9208836080542753,0,trunk_head_neck_reversed,0.5256123525826695,0.0018581807618289758,0.23214285714285715,0.007009105756878853,0.02801145613193512,0.38593813859562087,0.2876320563475096,0.0,0.0,0.0,1.0
BCS4__Cow_26,Cow_26,Cow_26,1,4,2,1,135,dataset\4\Cow_26\f_135_rgb.jpg,dataset\4\Cow_26\f_135_depth.npy,1,,3,169.46900939941406,169.5284423828125,0.3624587953090668,0.9444749552552647,0.8959960465852106,0.9488775529659583,0,trunk_head_neck_reversed,-0.2923601717958064,0.040978475676865855,0.22321428571428573,0.007900615222752094,0.031070569530129433,0.3785341835786534,0.2585492460141912,0.0,0.0,0.0,1.0
BCS4__Cow_26,Cow_26,Cow_26,1,4,2,1,180,dataset\4\Cow_26\f_180_rgb.jpg,dataset\4\Cow_26\f_180_depth.npy,1,,4,169.910888671875,169.96510314941406,0.4006190001964569,0.9392776120040498,0.9349969660050765,0.9646029392179183,0,trunk_head_neck_reversed,-1.0154035797360308,0.014779962918083811,0.23809523809523808,0.006983797065913677,0.024385368451476097,0.39162944418655043,0.3186922598559714,0.0,0.0,0.0,1.0
BCS4__Cow_26,Cow_26,Cow_26,1,4,2,1,195,dataset\4\Cow_26\f_195_rgb.jpg,dataset\4\Cow_26\f_195_depth.npy,1,,4,169.50103759765625,169.5270233154297,0.37381887435913086,0.936641934067,0.882049278030885,0.9626158841711936,0,trunk_head_neck_reversed,-2.702961380607647,0.021736091806559443,0.2648809523809524,0.009106767363846302,0.024638395756483078,0.39096186206467554,0.3417708146249774,0.0,0.0,0.0,1.0
BCS4__Cow_26,Cow_26,Cow_26,1,4,2,1,210,dataset\4\Cow_26\f_210_rgb.jpg,dataset\4\Cow_26\f_210_depth.npy,1,,3,170.79931640625,171.0015106201172,0.30962511897087097,0.9146999285243516,0.8757391500986293,0.9393705125957674,0,trunk_head_neck_reversed,-6.018352534223098,0.06239688063783433,0.22321428571428573,0.01672164723277092,0.053626690059900284,0.38789441422221843,0.4013494745504145,0.0,0.0,0.0,1.0
BCS4__Cow_26_5051,Cow_26_5051,Cow_26,1,4,2,1,210,dataset\4\Cow_26_5051\f_210_rgb.jpg,dataset\4\Cow_26_5051\f_210_depth.npy,1,,8,166.3310089111328,167.09181213378906,2.3258349895477295,0.9400518942640925,0.9029853117752437,0.9570848424818366,0,entry_or_trunk_with_rump,10.568332258213289,6.146265319702195,0.5535714285714286,0.04171517491340637,0.13725492358207703,0.591236165695912,0.8318303099776508,0.0,0.0,0.0,0.0
BCS4__Cow_26_5051,Cow_26_5051,Cow_26,1,4,2,1,270,dataset\4\Cow_26_5051\f_270_rgb.jpg,dataset\4\Cow_26_5051\f_270_depth.npy,1,,5,163.495361328125,163.69601440429688,0.8946794271469116,0.9666807599260496,0.9419299124071284,0.9778980888050335,0,entry_or_trunk_with_rump,-0.045369969012057254,0.049851816030255236,0.22321428571428573,0.005378016736358404,0.018276171758770943,0.6431015137330571,0.8719026014750239,0.0,0.0,0.0,0.0
BCS4__Cow_26_5051,Cow_26_5051,Cow_26,1,4,2,1,285,dataset\4\Cow_26_5051\f_285_rgb.jpg,dataset\4\Cow_26_5051\f_285_depth.npy,1,,9,165.70790100097656,165.25006103515625,1.3133726119995117,0.9426259430384863,0.9211242743110504,0.9654547478599418,0,entry_or_trunk_with_rump,-4.159264772144496,0.39956100626018554,0.25595238095238093,0.0061483923345804214,0.018712390214204788,0.8542655689928195,0.8647121260753948,0.0,0.0,0.0,0.0
BCS4__Cow_26_5051,Cow_26_5051,Cow_26,1,4,2,1,300,dataset\4\Cow_26_5051\f_300_rgb.jpg,dataset\4\Cow_26_5051\f_300_depth.npy,1,,9,166.03903198242188,166.33628845214844,0.7567393183708191,0.9440217771964251,0.9099555713722384,0.9594509142688836,0,entry_or_trunk_with_rump,0.3418914320791373,0.06201097843783998,0.2708333333333333,0.00807682890444994,0.0296486709266901,0.28474440550119134,0.8953557283920733,0.0,0.0,0.0,0.0
BCS4__Cow_26_5051,Cow_26_5051,Cow_26,1,4,2,1,360,dataset\4\Cow_26_5051\f_360_rgb.jpg,dataset\4\Cow_26_5051\f_360_depth.npy,1,,5,167.67967224121094,168.0293731689453,1.5006170272827148,0.9680936800928132,0.8587796022221517,0.9707823152099572,0,trunk_head_neck_reversed,-3.88087087327834,0.9736652814915061,0.4597156398104265,0.00739184208214283,0.02540724165737629,0.6429834821387732,0.18968284004797833,0.0,0.37202380952380953,0.0,1.0
BCS4__Cow_27_9008,Cow_27_9008,Cow_27,1,4,2,1,105,dataset\4\Cow_27_9008\f_105_rgb.jpg,dataset\4\Cow_27_9008\f_105_depth.npy,1,,9,152.8245086669922,153.45462036132812,3.55531907081604,0.9745530374001519,0.8971269963596424,0.9785373361846994,0,head_neck_trunk,-1.4729830099292514,0.3514289658106975,0.5288461538461539,0.006431820802390575,0.023005299270153046,0.10538830458586848,0.8423792718281193,0.38095238095238093,0.0,1.0,0.0
BCS4__Cow_27_9008,Cow_27_9008,Cow_27,1,4,2,1,120,dataset\4\Cow_27_9008\f_120_rgb.jpg,dataset\4\Cow_27_9008\f_120_depth.npy,1,,9,169.30316162109375,169.00547790527344,1.3841625452041626,0.9647759343999944,0.8811987864490239,0.9690174526546145,0,head_neck_trunk,1.3152938769763693,0.0956551960090053,0.41025641025641024,0.008748166263103485,0.03107483498752117,0.14266968216899567,0.888128908458182,0.1875,0.0,1.0,0.0
BCS4__Cow_27_9008,Cow_27_9008,Cow_27,1,4,2,1,180,dataset\4\Cow_27_9008\f_180_rgb.jpg,dataset\4\Cow_27_9008\f_180_depth.npy,1,,3,170.3206329345703,171.17445373535156,2.1192374229431152,0.9507329737251442,0.8853521862739433,0.9590144939629174,0,trunk_dominant,-6.254665404495995,0.2553318112796745,0.4475806451612903,0.014223577454686165,0.05032356455922127,0.5417617359862611,0.16539616571935614,0.0,0.2619047619047619,1.0,1.0
BCS4__Cow_27_9008,Cow_27_9008,Cow_27,1,4,2,1,195,dataset\4\Cow_27_9008\f_195_rgb.jpg,dataset\4\Cow_27_9008\f_195_depth.npy,1,,8,166.94146728515625,166.95822143554688,3.5601980686187744,0.9496630484809585,0.896414093742294,0.9691682655992626,0,trunk_head_neck_reversed,-0.06846532102699143,0.06846532102699143,0.5775401069518716,0.009194417856633663,0.03125085309147835,0.8276736889298069,0.11854818077187798,0.0,0.44345238095238093,0.0,1.0
BCS4__Cow_29_7007,Cow_29_7007,Cow_29,1,4,2,1,420,dataset\4\Cow_29_7007\f_420_rgb.jpg,dataset\4\Cow_29_7007\f_420_depth.npy,1,,7,153.38461303710938,153.74380493164062,1.376364827156067,0.9409358274391273,0.736451607087989,0.9636138264383065,2,head_neck_trunk,1.417102069700448,0.7842738207149154,0.5362318840579711,0.0137203773483634,0.04016489535570145,0.09593024465265898,0.8495836616526684,0.38392857142857145,0.0,1.0,0.0
BCS4__Cow_29_7007,Cow_29_7007,Cow_29,1,4,2,1,435,dataset\4\Cow_29_7007\f_435_rgb.jpg,dataset\4\Cow_29_7007\f_435_depth.npy,1,,8,163.12295532226562,163.07241821289062,0.49187666177749634,0.9634374081135268,0.9531399832765934,0.9722158802696075,0,head_neck_trunk,-0.9604850495383062,0.043889630647342415,0.354014598540146,0.008418254554271698,0.026017768308520317,0.1123530015426083,0.8694912407721146,0.18452380952380953,0.0,1.0,0.0
BCS4__Cow_29_7007,Cow_29_7007,Cow_29,1,4,2,1,450,dataset\4\Cow_29_7007\f_450_rgb.jpg,dataset\4\Cow_29_7007\f_450_depth.npy,1,,7,168.73440551757812,168.8174591064453,0.6759101152420044,0.9369252967143322,0.914784508526686,0.9536951890781118,0,head_neck_trunk,-3.085750007557749,0.22311631563286483,0.25892857142857145,0.008579500019550323,0.030779410153627396,0.26780864339698324,0.8268027187701529,0.0,0.0,1.0,0.0
BCS4__Cow_29_7007,Cow_29_7007,Cow_29,1,4,2,1,465,dataset\4\Cow_29_7007\f_465_rgb.jpg,dataset\4\Cow_29_7007\f_465_depth.npy,1,,3,171.05712890625,171.0056915283203,0.192429780960083,0.9199618684054505,0.9040746698029942,0.9433232615252427,0,trunk_dominant,-5.855076235024953,0.05124636581184916,0.25,0.010614622384309769,0.03517976403236389,0.23045845552672092,0.288299160063794,0.0,0.0,1.0,1.0
BCS4__Cow_2_6016,Cow_2_6016,Cow_2,0,4,2,1,270,dataset\4\Cow_2_6016\f_270_rgb.jpg,dataset\4\Cow_2_6016\f_270_depth.npy,1,,9,172.88262939453125,172.1890411376953,1.1874244213104248,0.964675264726386,0.9321962549906943,0.9802089167577641,0,head_neck_trunk,3.2570180176219736,0.08034074689474835,0.33630952380952384,0.013610469177365303,0.04552970454096794,0.31273861928927776,0.8878283086651769,0.0,0.0,1.0,0.0
BCS4__Cow_30,Cow_30,Cow_30,2,4,2,1,90,dataset\4\Cow_30\f_90_rgb.jpg,dataset\4\Cow_30\f_90_depth.npy,1,,7,163.29209899902344,164.69422912597656,2.5914371013641357,0.9730368097498835,0.969310700048224,0.9798313609874348,0,head_neck_trunk,18.95367316386168,0.17988080275142693,0.43154761904761907,0.0042562223970890045,0.020985208451747894,0.313507889804783,0.07130773300059452,0.0,0.0,1.0,0.0
BCS4__Cow_30,Cow_30,Cow_30,2,4,2,1,105,dataset\4\Cow_30\f_105_rgb.jpg,dataset\4\Cow_30\f_105_depth.npy,1,,9,170.21966552734375,169.9117889404297,0.8615928292274475,0.9699331795920012,0.9212217833455135,0.9786325488514112,0,trunk_dominant,5.30193833297929,0.04245544648426858,0.31493506493506496,0.0024400700349360704,0.010638431645929813,0.47657643329088456,0.18648133997428254,0.0,0.08333333333333333,1.0,1.0
BCS4__Cow_30,Cow_30,Cow_30,2,4,2,1,120,dataset\4\Cow_30\f_120_rgb.jpg,dataset\4\Cow_30\f_120_depth.npy,1,,9,171.40353393554688,171.548583984375,0.5579860210418701,0.9785146167408498,0.8871407451720674,0.9845052443070168,0,trunk_head_neck_reversed,2.5185021255451687,0.05372016989052497,0.23511904761904762,0.008087974973022938,0.03042338415980339,0.5489484704427552,0.4146950945244248,0.0,0.0,0.0,1.0
BCS4__Cow_30,Cow_30,Cow_30,2,4,2,1,165,dataset\4\Cow_30\f_165_rgb.jpg,dataset\4\Cow_30\f_165_depth.npy,1,,5,169.59666442871094,169.68826293945312,2.4171619415283203,0.9929547386145392,0.9667865060047842,0.9951623800535294,0,head_neck_trunk,12.251158453152357,1.032218102623773,0.8392857142857143,0.019336039200425148,0.0569705106317997,0.5269457963909121,0.8552924338724799,0.0,0.0,1.0,0.0
BCS4__Cow_31,Cow_31,Cow_31,0,4,2,1,0,dataset\4\Cow_31\f_0_rgb.jpg,dataset\4\Cow_31\f_0_depth.npy,1,,9,170.1795196533203,169.7837677001953,0.8651849627494812,0.968647701886081,0.9533178098777866,0.975857017631669,0,trunk_head_neck_reversed,10.829374231260317,0.2887957286353071,0.7372013651877133,0.00549218850210309,0.019586894661188126,0.573717395762395,0.16632218205266983,0.0,0.12797619047619047,0.0,1.0
BCS4__Cow_31,Cow_31,Cow_31,0,4,2,1,15,dataset\4\Cow_31\f_15_rgb.jpg,dataset\4\Cow_31\f_15_depth.npy,1,,9,169.2982635498047,169.13250732421875,0.9574941396713257,0.9357776819007483,0.8546910688376212,0.9663930235219627,0,trunk_head_neck_reversed,12.030247110717951,0.4417889172811016,0.7474747474747475,0.003924075979739428,0.013640468940138817,0.5901580906219696,0.22459752388536652,0.0,0.11607142857142858,0.0,1.0
BCS4__Cow_31,Cow_31,Cow_31,0,4,2,1,30,dataset\4\Cow_31\f_30_rgb.jpg,dataset\4\Cow_31\f_30_depth.npy,1,,9,169.0841064453125,168.83811950683594,1.1922473907470703,0.9493265613416867,0.9037545462352122,0.9703659022999485,0,trunk_head_neck_reversed,11.286134549143341,0.5520609474579885,0.75,0.0036845833528786898,0.013520434498786926,0.6256620944559853,0.2138143177625456,0.0,0.11904761904761904,0.0,1.0
BCS4__Cow_31,Cow_31,Cow_31,0,4,2,1,45,dataset\4\Cow_31\f_45_rgb.jpg,dataset\4\Cow_31\f_45_depth.npy,1,,8,169.49713134765625,169.12060546875,1.130832552909851,0.9520869154289884,0.930223920280228,0.9726400671077273,0,trunk_head_neck_reversed,10.09745381310185,0.4177609460886771,0.7517006802721088,0.003948830999433994,0.016653914004564285,0.6203666523422057,0.20646547590804473,0.0,0.125,0.0,1.0
BCS4__Cow_31,Cow_31,Cow_31,0,4,2,1,60,dataset\4\Cow_31\f_60_rgb.jpg,dataset\4\Cow_31\f_60_depth.npy,1,,9,169.01084899902344,168.7625732421875,1.568532943725586,0.9667488743011768,0.9315767899778686,0.9728441405890949,0,trunk_head_neck_reversed,10.53269626012208,0.3712935632294858,0.7622377622377622,0.005095282103866339,0.020559236407279968,0.6517323335308728,0.21838153741572836,0.0,0.1488095238095238,0.0,1.0
BCS4__Cow_31,Cow_31,Cow_31,0,4,2,1,75,dataset\4\Cow_31\f_75_rgb.jpg,dataset\4\Cow_31\f_75_depth.npy,1,,8,169.04229736328125,168.4281463623047,1.892203450202942,0.96359614434681,0.8667723117833362,0.9707604537948775,0,trunk_head_neck_reversed,9.977172924195912,0.4386305430914206,0.7517482517482518,0.0032856285106390715,0.013317747972905636,0.6528519234910944,0.1964328865762737,0.0,0.1488095238095238,0.0,1.0
BCS4__Cow_31,Cow_31,Cow_31,0,4,2,1,90,dataset\4\Cow_31\f_90_rgb.jpg,dataset\4\Cow_31\f_90_depth.npy,1,,7,168.07269287109375,167.69032287597656,1.853609561920166,0.9658450227206316,0.9026554798414523,0.971090224631022,0,trunk_head_neck_reversed,8.659760551682083,0.5499320470573821,0.7634408602150538,0.004267863929271698,0.016794610768556595,0.7137042505442236,0.18739507085932736,0.0,0.16964285714285715,0.0,1.0
BCS4__Cow_31,Cow_31,Cow_31,0,4,2,1,105,dataset\4\Cow_31\f_105_rgb.jpg,dataset\4\Cow_31\f_105_depth.npy,1,,6,168.24520874023438,168.0868377685547,1.2447078227996826,0.9496180702152088,0.8932698711723734,0.9682300385122127,0,trunk_head_neck_reversed,8.307420107438077,0.33480383600208086,0.740072202166065,0.005801670718938112,0.023024048656225204,0.6807757040745571,0.18513614195890488,0.0,0.17559523809523808,0.0,1.0
BCS4__Cow_31,Cow_31,Cow_31,0,4,2,1,120,dataset\4\Cow_31\f_120_rgb.jpg,dataset\4\Cow_31\f_120_depth.npy,1,,9,168.56224060058594,168.1994171142578,1.0527857542037964,0.9525510285373978,0.9015626024095491,0.9713306530170719,0,trunk_head_neck_reversed,4.615370180521396,0.2140831730502839,0.7052631578947368,0.004734741058200598,0.019881807267665863,0.7570547412477502,0.14837415345483443,0.0,0.15178571428571427,0.0,1.0
BCS4__Cow_31,Cow_31,Cow_31,0,4,2,1,150,dataset\4\Cow_31\f_150_rgb.jpg,dataset\4\Cow_31\f_150_depth.npy,1,,9,169.8900604248047,169.6590118408203,1.1079931259155273,0.9853318330281498,0.9325769209975305,0.9862475924693554,0,trunk_dominant,-5.180052353137455,0.012352068595333776,0.6130952380952381,0.012182486243546009,0.03237459063529968,0.4338823456684152,0.14291658036213728,0.0,0.0,1.0,1.0
BCS4__Cow_31,Cow_31,Cow_31,0,4,2,1,165,dataset\4\Cow_31\f_165_rgb.jpg,dataset\4\Cow_31\f_165_depth.npy,1,,8,170.9407958984375,170.82960510253906,0.7394951581954956,0.9777416219990352,0.9578433470988956,0.9816587165838582,0,trunk_dominant,-7.12606378762689,0.1353849310531814,0.4791666666666667,0.003747017588466406,0.012792433612048626,0.32957853722663666,0.3405013731316254,0.0,0.0,1.0,1.0
BCS4__Cow_31,Cow_31,Cow_31,0,4,2,1,180,dataset\4\Cow_31\f_180_rgb.jpg,dataset\4\Cow_31\f_180_depth.npy,1,,3,172.78538513183594,172.5811309814453,0.34152668714523315,0.8312193496186473,0.6892305044463208,0.8934674828350151,1,trunk_dominant,-7.214640384487765,0.23352224034175606,0.2261904761904762,0.011424703523516655,0.03573469817638397,0.253309367589668,0.3597025776760952,0.0,0.0,1.0,1.0
BCS4__Cow_32_0035,Cow_32_0035,Cow_32,0,4,2,1,270,dataset\4\Cow_32_0035\f_270_rgb.jpg,dataset\4\Cow_32_0035\f_270_depth.npy,1,,9,154.45529174804688,154.2723846435547,2.100276231765747,0.9837130013717026,0.9472596159221044,0.9886958642331691,0,head_neck_trunk,-7.528280066921042,2.7275031852197884,0.5454545454545454,0.003847880056127906,0.018144477158784866,0.08539131580169702,0.7869623060701757,0.37797619047619047,0.0,1.0,0.0
BCS4__Cow_32_0035,Cow_32_0035,Cow_32,0,4,2,1,285,dataset\4\Cow_32_0035\f_285_rgb.jpg,dataset\4\Cow_32_0035\f_285_depth.npy,1,,9,158.87826538085938,159.56700134277344,1.7070313692092896,0.9831756601995019,0.9150595168755977,0.9873741226975652,0,head_neck_trunk,2.1222231775307705,0.34368806324111745,0.5836734693877551,0.006323391105979681,0.024014977738261223,0.09808675144388296,0.8679488192883619,0.2708333333333333,0.0,1.0,0.0
BCS4__Cow_32_0035,Cow_32_0035,Cow_32,0,4,2,1,300,dataset\4\Cow_32_0035\f_300_rgb.jpg,dataset\4\Cow_32_0035\f_300_depth.npy,1,,8,168.1920166015625,168.36557006835938,0.33113962411880493,0.88338008415733,0.6176932794658381,0.9353137194958806,2,head_neck_trunk,4.824440176444995,0.4378769665048168,0.4666666666666667,0.019198989495635033,0.05963452532887459,0.14748495803754524,0.8612248878725579,0.15178571428571427,0.0,1.0,0.0
BCS4__Cow_32_0035,Cow_32_0035,Cow_32,0,4,2,1,315,dataset\4\Cow_32_0035\f_315_rgb.jpg,dataset\4\Cow_32_0035\f_315_depth.npy,1,,5,172.84152221679688,172.94357299804688,0.9629665613174438,0.6470326991687702,0.34746808294973663,0.8092409149925152,3,head_neck_trunk,2.7165395332575457,0.09575083088195413,0.23511904761904762,0.014956668950617313,0.045107562094926834,0.2340789858731512,0.8567439834476319,0.0,0.0,1.0,0.0
BCS4__Cow_32_0035,Cow_32_0035,Cow_32,0,4,2,1,330,dataset\4\Cow_32_0035\f_330_rgb.jpg,dataset\4\Cow_32_0035\f_330_depth.npy,1,,9,167.186279296875,166.86305236816406,2.2099499702453613,0.9689875413601311,0.923384396483542,0.9770424997042308,0,trunk_head_neck_reversed,-1.3863671601577465,0.10432141051617805,0.7648809523809523,0.010621150955557823,0.03214245289564133,0.8741916800384801,0.19977679999532885,0.0,0.0,0.0,1.0
BCS4__Cow_32_0035,Cow_32_0035,Cow_32,0,4,2,1,345,dataset\4\Cow_32_0035\f_345_rgb.jpg,dataset\4\Cow_32_0035\f_345_depth.npy,1,,9,168.5882110595703,168.89669799804688,0.5114642381668091,0.9722954326214162,0.9163240462329496,0.9789698690654981,0,trunk_head_neck_reversed,-2.632711143355735,0.05593926669976668,0.5267857142857143,0.004513738676905632,0.016286058351397514,0.6127514841486057,0.16242305049662498,0.0,0.0,0.0,1.0
BCS4__Cow_32_0035,Cow_32_0035,Cow_32,0,4,2,1,360,dataset\4\Cow_32_0035\f_360_rgb.jpg,dataset\4\Cow_32_0035\f_360_depth.npy,1,,9,169.30557250976562,169.41859436035156,0.6937220692634583,0.991141549752588,0.9410709926294919,0.9933589955889824,0,trunk_head_neck_reversed,-5.537742492454285,0.24684738032176767,0.5505226480836237,0.0035520773380994797,0.014480511657893658,0.5986454968989142,0.12071936751705668,0.0,0.14583333333333334,0.0,1.0
BCS4__Cow_32_0035,Cow_32_0035,Cow_32,0,4,2,1,375,dataset\4\Cow_32_0035\f_375_rgb.jpg,dataset\4\Cow_32_0035\f_375_depth.npy,1,,6,169.662841796875,169.07212829589844,2.2821874618530273,0.950958800304966,0.9013102058564568,0.9663852903087398,0,trunk_head_neck_reversed,-7.249615050757697,0.571242954992158,0.5254237288135594,0.006404530256986618,0.027972225099802017,0.6291007706885829,0.08668398321853008,0.0,0.2976190476190476,0.0,1.0
BCS4__Cow_33,Cow_33,Cow_33,1,4,2,1,285,dataset\4\Cow_33\f_285_rgb.jpg,dataset\4\Cow_33\f_285_depth.npy,1,,5,175.49855041503906,175.13278198242188,0.7079805731773376,0.9279476611131834,0.8698219670302295,0.9452968578195841,0,head_neck_trunk,5.909296187896956,0.48844791171474355,0.22023809523809523,0.006732945796102285,0.02497071400284767,0.5099022398978359,0.844637163006194,0.0,0.0,1.0,0.0
BCS4__Cow_33,Cow_33,Cow_33,1,4,2,1,300,dataset\4\Cow_33\f_300_rgb.jpg,dataset\4\Cow_33\f_300_depth.npy,1,,9,174.61810302734375,174.55360412597656,0.34698396921157837,0.8745870111392109,0.6726701482673387,0.8826097970517676,2,head_neck_trunk,4.234189955230747,0.29134251230858865,0.25297619047619047,0.006808222271502018,0.022356703877449036,0.4756052413577379,0.8533936258520127,0.0,0.0,1.0,0.0
BCS4__Cow_33,Cow_33,Cow_33,1,4,2,1,330,dataset\4\Cow_33\f_330_rgb.jpg,dataset\4\Cow_33\f_330_depth.npy,1,,8,173.47666931152344,173.64141845703125,0.5290516018867493,0.8924157275085567,0.8661803376302594,0.9194735531707536,0,head_neck_trunk,-1.9720770561606855,0.060414896307861454,0.23809523809523808,0.012337912805378437,0.03804037347435951,0.4363941342040385,0.9040151022588964,0.0,0.0,1.0,0.0
BCS4__Cow_33,Cow_33,Cow_33,1,4,2,1,345,dataset\4\Cow_33\f_345_rgb.jpg,dataset\4\Cow_33\f_345_depth.npy,1,,9,169.02793884277344,169.08145141601562,0.7534445524215698,0.9690120397648159,0.9311191690471989,0.9821576436286736,0,entry_or_trunk_with_rump,-5.197741968049684,0.1959190748790718,0.25297619047619047,0.005738101899623871,0.019322356209158897,0.5359228952692138,0.8533993191610628,0.0,0.0,0.0,0.0
BCS4__Cow_33,Cow_33,Cow_33,1,4,2,1,360,dataset\4\Cow_33\f_360_rgb.jpg,dataset\4\Cow_33\f_360_depth.npy,1,,9,170.1903839111328,170.44020080566406,0.48749840259552,0.9258381955334601,0.812027707968469,0.9380830603876578,0,entry_or_trunk_with_rump,-5.90766481621101,0.25552108552552966,0.24404761904761904,0.00335861137136817,0.014123980887234211,0.8844516375049815,0.6965939609649487,0.0,0.0,0.0,0.0
BCS4__Cow_33,Cow_33,Cow_33,1,4,2,1,375,dataset\4\Cow_33\f_375_rgb.jpg,dataset\4\Cow_33\f_375_depth.npy,1,,5,166.55738830566406,164.89659118652344,5.5794453620910645,0.9036047024264058,0.40846075580388996,0.9275374549026745,1,entry_or_trunk_with_rump,-7.268115433930262,0.1374947436690377,0.5148809523809523,0.01032150350511074,0.07003157585859299,0.8919420059468478,0.7291787224330647,0.0,0.0,0.0,0.0
BCS4__Cow_33,Cow_33,Cow_33,1,4,2,1,390,dataset\4\Cow_33\f_390_rgb.jpg,dataset\4\Cow_33\f_390_depth.npy,1,,7,169.39108276367188,169.2867889404297,0.8596521019935608,0.9668965469889425,0.9192209263888228,0.9746969344291934,0,entry_or_trunk_with_rump,-7.761318274072167,0.1427048533706312,0.33630952380952384,0.005179273430258036,0.01491631381213665,0.8855544093993395,0.7322271612166059,0.0,0.0,0.0,0.0
BCS4__Cow_33,Cow_33,Cow_33,1,4,2,1,405,dataset\4\Cow_33\f_405_rgb.jpg,dataset\4\Cow_33\f_405_depth.npy,1,,7,168.046142578125,165.97398376464844,6.159007549285889,0.9141255602241762,0.41210866849458516,0.9421664130198144,2,entry_or_trunk_with_rump,-8.17362732442858,0.15980965557514537,0.5416666666666666,0.0060633826069533825,0.026595745235681534,0.890413477738703,0.8006200502323498,0.0,0.0,0.0,0.0
BCS4__Cow_33,Cow_33,Cow_33,1,4,2,1,420,dataset\4\Cow_33\f_420_rgb.jpg,dataset\4\Cow_33\f_420_depth.npy,1,,8,167.95556640625,168.33212280273438,1.6064432859420776,0.946270745149355,0.7538363793763285,0.9496213989191439,1,entry_or_trunk_with_rump,-8.909658141569821,0.10831534699552492,0.5357142857142857,0.004610325209796429,0.01590738259255886,0.8775622211447417,0.7870489313230263,0.0,0.0,0.0,0.0
BCS4__Cow_33,Cow_33,Cow_33,1,4,2,1,435,dataset\4\Cow_33\f_435_rgb.jpg,dataset\4\Cow_33\f_435_depth.npy,1,,7,167.8647918701172,168.64013671875,1.8895559310913086,0.921447588278629,0.7176841023887641,0.9443905903972208,1,entry_or_trunk_with_rump,-8.892495499426147,0.14337864102496667,0.5446428571428571,0.007162094581872225,0.021312644705176353,0.8784437506350136,0.7958169263828767,0.0,0.0,0.0,0.0
BCS4__Cow_33,Cow_33,Cow_33,1,4,2,1,450,dataset\4\Cow_33\f_450_rgb.jpg,dataset\4\Cow_33\f_450_depth.npy,1,,9,169.85963439941406,169.34075927734375,0.7202063202857971,0.953161059988365,0.8732399015681319,0.9664834827079003,0,entry_or_trunk_with_rump,-7.922466506932466,0.14484559919360152,0.375,0.004567228723317385,0.015151525847613811,0.8478246761511607,0.8023937584749836,0.0,0.0,0.0,0.0
BCS4__Cow_33,Cow_33,Cow_33,1,4,2,1,465,dataset\4\Cow_33\f_465_rgb.jpg,dataset\4\Cow_33\f_465_depth.npy,1,,9,168.40615844726562,168.5462646484375,0.9428689479827881,0.951909948412147,0.9312407464190425,0.9641805916895834,0,entry_or_trunk_with_rump,-7.647963535240763,0.14757128948409104,0.38095238095238093,0.00693147536367178,0.02580031007528305,0.7799703918278434,0.8283078626483151,0.0,0.0,0.0,0.0
BCS4__Cow_33,Cow_33,Cow_33,1,4,2,1,480,dataset\4\Cow_33\f_480_rgb.jpg,dataset\4\Cow_33\f_480_depth.npy,1,,7,169.2411346435547,168.52951049804688,1.2633639574050903,0.9104542256164412,0.8903512961760783,0.9319719326434677,0,entry_or_trunk_with_rump,-7.9060536854091055,0.16709844058236456,0.37797619047619047,0.005204209592193365,0.020978029817342758,0.8146495134948084,0.8421699733553394,0.0,0.0,0.0,0.0
BCS4__Cow_33,Cow_33,Cow_33,1,4,2,1,495,dataset\4\Cow_33\f_495_rgb.jpg,dataset\4\Cow_33\f_495_depth.npy,1,,6,168.6450958251953,168.45445251464844,2.666938543319702,0.9224726137919916,0.8255248962126814,0.9411555083552694,0,entry_or_trunk_with_rump,-6.21556117040312,0.17556046790400615,0.5029761904761905,0.017307257279753685,0.05513478070497513,0.8761703689537235,0.8035968736342671,0.0,0.0,0.0,0.0
BCS4__Cow_33,Cow_33,Cow_33,1,4,2,1,555,dataset\4\Cow_33\f_555_rgb.jpg,dataset\4\Cow_33\f_555_depth.npy,1,,3,139.07327270507812,134.7683868408203,9.076153755187988,0.7010996665378467,0.5621199206927127,0.7448364058059047,3,entry_or_trunk_with_rump,-8.472796450872465,0.1184631450205984,0.5416666666666666,0.02632598765194416,0.0879015102982521,0.8759511503522748,0.734253537518309,0.0,0.0,0.0,0.0
BCS4__Cow_33,Cow_33,Cow_33,1,4,2,1,705,dataset\4\Cow_33\f_705_rgb.jpg,dataset\4\Cow_33\f_705_depth.npy,1,,6,174.98329162597656,174.88819885253906,0.5417552590370178,0.8526454513692672,0.735896026635261,0.9052513711939925,2,entry_or_trunk_with_rump,-6.341411758194951,0.25044249167760313,0.22916666666666666,0.019705530256032944,0.04926634207367897,0.5587754971653537,0.8392079487848174,0.0,0.0,0.0,0.0
BCS4__Cow_33,Cow_33,Cow_33,1,4,2,1,780,dataset\4\Cow_33\f_780_rgb.jpg,dataset\4\Cow_33\f_780_depth.npy,1,,9,169.1534423828125,169.0834197998047,0.6084178686141968,0.9455676609912254,0.9218220610835842,0.9636095421801607,0,entry_or_trunk_with_rump,-7.288944701782185,0.4781650511088458,0.3005952380952381,0.002281767316162586,0.008778134360909462,0.621189740058777,0.8268095871559523,0.0,0.0,0.0,0.0
BCS4__Cow_33,Cow_33,Cow_33,1,4,2,1,795,dataset\4\Cow_33\f_795_rgb.jpg,dataset\4\Cow_33\f_795_depth.npy,1,,8,169.07423400878906,169.1625213623047,1.1270112991333008,0.9287757964534538,0.7772519991318869,0.9451441041053605,1,entry_or_trunk_with_rump,-6.655408168457342,0.37382031981272235,0.30654761904761907,0.002207390498369932,0.004455652087926865,0.613860677902796,0.8278913289984252,0.0,0.0,0.0,0.0
BCS4__Cow_33,Cow_33,Cow_33,1,4,2,1,810,dataset\4\Cow_33\f_810_rgb.jpg,dataset\4\Cow_33\f_810_depth.npy,1,,9,168.6021728515625,168.70022583007812,0.5648871660232544,0.9516888363287381,0.9130795947169466,0.9673643886501487,0,entry_or_trunk_with_rump,-4.774533326176112,0.22569810746659869,0.2708333333333333,0.002643671352416277,0.008680819533765316,0.5945289167204332,0.8389120821325413,0.0,0.0,0.0,0.0
BCS4__Cow_33,Cow_33,Cow_33,1,4,2,1,825,dataset\4\Cow_33\f_825_rgb.jpg,dataset\4\Cow_33\f_825_depth.npy,1,,9,169.46865844726562,169.26092529296875,0.6828745007514954,0.9536847527320947,0.935300773673598,0.9649363810545435,0,entry_or_trunk_with_rump,-3.5486692020930093,0.1939307055427122,0.25297619047619047,0.003009718842804432,0.012593469582498074,0.5879269874270426,0.8268909014743148,0.0,0.0,0.0,0.0
BCS4__Cow_33,Cow_33,Cow_33,1,4,2,1,930,dataset\4\Cow_33\f_930_rgb.jpg,dataset\4\Cow_33\f_930_depth.npy,1,,9,168.61427307128906,168.5083465576172,0.5344272255897522,0.9228685798215313,0.8892526804556309,0.9413445183416072,0,entry_or_trunk_with_rump,0.6831132134830966,0.08746409357097207,0.27380952380952384,0.004540513269603252,0.012065501883625984,0.6241878389831842,0.8079425635560284,0.0,0.0,0.0,0.0
BCS4__Cow_35_1044,Cow_35_1044,Cow_35,1,4,2,1,90,dataset\4\Cow_35_1044\f_90_rgb.jpg,dataset\4\Cow_35_1044\f_90_depth.npy,1,,7,161.63067626953125,162.16749572753906,4.109644412994385,0.9072770430529049,0.7855809270797174,0.9446213900547087,1,trunk_dominant,10.993395053432934,0.5129297203723979,0.5408163265306123,0.004358385689556599,0.014365681447088718,0.48387707543096464,0.1224742885384751,0.0,0.4166666666666667,1.0,1.0
BCS4__Cow_4,Cow_4,Cow_4,1,4,2,1,135,dataset\4\Cow_4\f_135_rgb.jpg,dataset\4\Cow_4\f_135_depth.npy,1,,6,170.01800537109375,170.18429565429688,0.9809227585792542,0.8628232377130862,0.8133419900288911,0.9237601180170794,0,head_neck_trunk,6.068127410185653,0.3993959570127288,0.3684210526315789,0.0045456369407474995,0.021618396043777466,0.11670946966003451,0.8221723870664237,0.20833333333333334,0.0,1.0,0.0
BCS4__Cow_4,Cow_4,Cow_4,1,4,2,1,150,dataset\4\Cow_4\f_150_rgb.jpg,dataset\4\Cow_4\f_150_depth.npy,1,,9,171.3038787841797,171.06817626953125,0.6402660012245178,0.9838338014677604,0.9257086867305923,0.9888658697057542,0,trunk_head_neck_reversed,-4.8134277277736714,0.01798780201046668,0.6101190476190477,0.02769138664007187,0.10239925980567932,0.6340000255988042,0.2973515434763394,0.0,0.0,0.0,1.0
BCS4__Cow_4,Cow_4,Cow_4,1,4,2,1,165,dataset\4\Cow_4\f_165_rgb.jpg,dataset\4\Cow_4\f_165_depth.npy,1,,9,170.4778594970703,170.8843536376953,0.715934157371521,0.9733327166567539,0.9539728843331956,0.9846485912472593,0,trunk_head_neck_reversed,-4.484803328674204,0.029173551639189554,0.5267857142857143,0.009226959198713303,0.03610062226653099,0.559901049758917,0.13275031820504235,0.0,0.0,0.0,1.0
BCS4__Cow_4,Cow_4,Cow_4,1,4,2,1,180,dataset\4\Cow_4\f_180_rgb.jpg,dataset\4\Cow_4\f_180_depth.npy,1,,7,172.86045837402344,172.9228057861328,0.44877922534942627,0.9096399759717013,0.7832757910839483,0.9505073111503162,1,trunk_dominant,4.803052510553101,0.02234794361304182,0.38392857142857145,0.020547406747937202,0.06389379501342773,0.30994232565114693,0.42730976169232454,0.0,0.0,1.0,1.0
BCS4__Cow_41,Cow_41,Cow_41,1,4,2,1,255,dataset\4\Cow_41\f_255_rgb.jpg,dataset\4\Cow_41\f_255_depth.npy,1,,3,173.58253479003906,173.613525390625,0.8270469307899475,0.9289245717435878,0.9197142460270247,0.9468019036854174,0,entry_or_trunk_with_rump,2.5364709736138593,0.14717454856081247,0.2767857142857143,0.03242964670062065,0.08331713825464249,0.405882915674892,0.7781937566812602,0.0,0.0,0.0,0.0
BCS4__Cow_41,Cow_41,Cow_41,1,4,2,1,270,dataset\4\Cow_41\f_270_rgb.jpg,dataset\4\Cow_41\f_270_depth.npy,1,,3,173.64100646972656,173.4081268310547,0.46338242292404175,0.9010893465588365,0.6848653728859824,0.9116768033110172,1,entry_or_trunk_with_rump,1.5681893483778424,0.08365803539462036,0.22916666666666666,0.02614951878786087,0.08156636357307434,0.40390065762473437,0.797503284219615,0.0,0.0,0.0,0.0
BCS4__Cow_41,Cow_41,Cow_41,1,4,2,1,375,dataset\4\Cow_41\f_375_rgb.jpg,dataset\4\Cow_41\f_375_depth.npy,1,,5,173.37142944335938,173.6363525390625,0.5417778491973877,0.8484568489433195,0.7566579063426346,0.9108491888790454,1,entry_or_trunk_with_rump,-0.015905835114764955,0.015905835114764955,0.23809523809523808,0.025772759690880775,0.07181748747825623,0.4106756781971459,0.7606276166790081,0.0,0.0,0.0,0.0
BCS4__Cow_41_1,Cow_41_1,Cow_41,1,4,2,1,240,dataset\4\Cow_41_1\f_240_rgb.jpg,dataset\4\Cow_41_1\f_240_depth.npy,1,,9,166.6812744140625,166.56651306152344,0.6326345205307007,0.9656973479080685,0.9510301919569016,0.9726701717235589,0,head_neck_trunk,-2.8426688759602428,0.1522808930156856,0.539622641509434,0.014359981752932072,0.057069845497608185,0.09287716360955146,0.8656938498594641,0.2113095238095238,0.0,1.0,0.0
BCS4__Cow_41_1,Cow_41_1,Cow_41,1,4,2,1,255,dataset\4\Cow_41_1\f_255_rgb.jpg,dataset\4\Cow_41_1\f_255_depth.npy,1,,6,171.62135314941406,171.38153076171875,0.5619747042655945,0.9840314925226018,0.9413666765597053,0.9853523015672125,0,head_neck_trunk,1.3513897025268875,0.03771999607077703,0.7559523809523809,0.013589300215244293,0.05112658813595772,0.18302389997233065,0.9012852190155389,0.0,0.0,1.0,0.0
BCS4__Cow_42,Cow_42,Cow_42,2,4,2,1,75,dataset\4\Cow_42\f_75_rgb.jpg,dataset\4\Cow_42\f_75_depth.npy,1,,9,168.42727661132812,168.00332641601562,1.0229885578155518,0.975224649163125,0.9450631283404802,0.9824696387681521,0,head_neck_trunk,-1.4585117519783068,0.02662111481541274,0.5910780669144982,0.01732150837779045,0.05460759997367859,0.096515291923477,0.8003992826661589,0.19940476190476192,0.0,1.0,0.0
BCS4__Cow_42,Cow_42,Cow_42,2,4,2,1,90,dataset\4\Cow_42\f_90_rgb.jpg,dataset\4\Cow_42\f_90_depth.npy,1,,9,167.05010986328125,167.15179443359375,2.6143364906311035,0.9826214273485905,0.9625115234009811,0.9895989241121448,0,head_neck_trunk,-3.8246725508144124,0.04421110349613855,0.7142857142857143,0.009050791151821613,0.03877414017915726,0.2672437006749108,0.8654499615948575,0.0,0.0,1.0,0.0
BCS4__Cow_42,Cow_42,Cow_42,2,4,2,1,105,dataset\4\Cow_42\f_105_rgb.jpg,dataset\4\Cow_42\f_105_depth.npy,1,,9,173.0317840576172,173.11549377441406,0.742825448513031,0.9415130027582956,0.8806716418454106,0.9553773873410842,0,head_neck_trunk,-2.7846688114771467,0.11039774541050917,0.42857142857142855,0.007939710281789303,0.024243975058197975,0.3657047368211188,0.8673420585638908,0.0,0.0,1.0,0.0
BCS4__Cow_42,Cow_42,Cow_42,2,4,2,1,180,dataset\4\Cow_42\f_180_rgb.jpg,dataset\4\Cow_42\f_180_depth.npy,1,,4,170.20004272460938,170.31796264648438,1.1884344816207886,0.9487955569141979,0.8904280788587138,0.952481422805366,0,entry_or_trunk_with_rump,1.2495749836735683,0.025005874393684735,0.23809523809523808,0.005530741531401873,0.02008383721113205,0.44163277318701755,0.6813587639959524,0.0,0.0,0.0,0.0
BCS4__Cow_42,Cow_42,Cow_42,2,4,2,1,195,dataset\4\Cow_42\f_195_rgb.jpg,dataset\4\Cow_42\f_195_depth.npy,1,,3,170.65911865234375,171.638427734375,1.7670223712921143,0.9240499015839975,0.6058919417583848,0.9447863077847268,1,entry_or_trunk_with_rump,1.8431311784044055,0.0506394353095061,0.24702380952380953,0.006322501692920923,0.027098365128040314,0.4346066260577412,0.6637810828407595,0.0,0.0,0.0,0.0
BCS4__Cow_42,Cow_42,Cow_42,2,4,2,1,210,dataset\4\Cow_42\f_210_rgb.jpg,dataset\4\Cow_42\f_210_depth.npy,1,,4,170.94268798828125,170.69244384765625,1.2114650011062622,0.9851685314951232,0.9304060398259569,0.9865161596373457,0,entry_or_trunk_with_rump,0.004518276187965853,0.004518276187965853,0.22916666666666666,0.008647330105304718,0.02776377461850643,0.41881517964441733,0.6268248317211379,0.0,0.0,0.0,0.0
BCS4__Cow_42,Cow_42,Cow_42,2,4,2,1,345,dataset\4\Cow_42\f_345_rgb.jpg,dataset\4\Cow_42\f_345_depth.npy,1,,3,169.96224975585938,171.18760681152344,1.956640362739563,0.9196438035351,0.9055984596133138,0.9528828597028403,0,entry_or_trunk_with_rump,0.6245177281660119,0.02661880600612676,0.23214285714285715,0.007945415563881397,0.027387693524360657,0.432243730009605,0.7016550375408929,0.0,0.0,0.0,0.0
BCS4__Cow_42,Cow_42,Cow_42,2,4,2,1,420,dataset\4\Cow_42\f_420_rgb.jpg,dataset\4\Cow_42\f_420_depth.npy,1,,5,174.01751708984375,174.1376953125,0.38115400075912476,0.8975697946924311,0.7541540379228013,0.9320392446587296,1,head_neck_trunk,4.262831448767571,0.29924849519812824,0.3005952380952381,0.008821375668048859,0.023717055097222328,0.31215451738333144,0.8290036728176602,0.0,0.0,1.0,0.0
BCS4__Cow_42,Cow_42,Cow_42,2,4,2,1,435,dataset\4\Cow_42\f_435_rgb.jpg,dataset\4\Cow_42\f_435_depth.npy,1,,9,170.15748596191406,170.2078857421875,1.495699405670166,0.9648249228999247,0.8004276415601073,0.9787498085648356,0,head_neck_trunk,1.7940995043364154,0.09650998542183231,0.44879518072289154,0.0049049765802919865,0.01747717149555683,0.20467746717096713,0.880182252416192,0.011904761904761904,0.0,1.0,0.0
BCS4__Cow_42,Cow_42,Cow_42,2,4,2,1,450,dataset\4\Cow_42\f_450_rgb.jpg,dataset\4\Cow_42\f_450_depth.npy,1,,8,166.83056640625,166.96347045898438,1.7277804613113403,0.9597769700558889,0.8807048912829655,0.9691833474755374,0,head_neck_trunk,-4.812329499911229,0.20146249015540718,0.7019867549668874,0.024113867431879044,0.0721343383193016,0.2165108470532076,0.8797433651721899,0.10119047619047619,0.0,1.0,0.0
BCS4__Cow_42,Cow_42,Cow_42,2,4,2,1,465,dataset\4\Cow_42\f_465_rgb.jpg,dataset\4\Cow_42\f_465_depth.npy,1,,9,163.558837890625,164.36524963378906,1.9624249935150146,0.9533151966660602,0.9254520172360801,0.968498070077502,0,head_neck_trunk,-11.080964179488149,0.5699542051743265,0.6377358490566037,0.00642431853339076,0.03281545639038086,0.17997449929450707,0.7755713654435057,0.2113095238095238,0.0,1.0,0.0
BCS4__Cow_44_1,Cow_44_1,Cow_44,0,4,2,1,0,dataset\4\Cow_44_1\f_0_rgb.jpg,dataset\4\Cow_44_1\f_0_depth.npy,1,,6,170.305419921875,170.25645446777344,0.3685038685798645,0.9616361707575858,0.9311011184642519,0.9722418751172186,0,trunk_dominant,-9.668087858935976,0.07057460677029326,0.30654761904761907,0.005651602987200022,0.027819490060210228,0.40706549221010513,0.18065712573683324,0.0,0.0,1.0,1.0
BCS4__Cow_44_1,Cow_44_1,Cow_44,0,4,2,1,15,dataset\4\Cow_44_1\f_15_rgb.jpg,dataset\4\Cow_44_1\f_15_depth.npy,1,,8,171.0728302001953,171.46490478515625,0.8385610580444336,0.9885365783402273,0.8992659221007376,0.9901484488634176,0,trunk_dominant,-9.24435379475024,0.0949717915055146,0.4017857142857143,0.0055497922003269196,0.024340927600860596,0.4053768381958263,0.16040684742325034,0.0,0.0,1.0,1.0
BCS4__Cow_44_1,Cow_44_1,Cow_44,0,4,2,1,30,dataset\4\Cow_44_1\f_30_rgb.jpg,dataset\4\Cow_44_1\f_30_depth.npy,1,,4,171.41650390625,171.4221649169922,0.4671907126903534,0.9570074808748307,0.9546496167307577,0.975394206745546,0,trunk_dominant,-7.27792035552099,0.23411863129244637,0.3125,0.009544746950268745,0.036828942596912384,0.36726680885379076,0.217011217924229,0.0,0.0,1.0,1.0
BCS4__Cow_44_1,Cow_44_1,Cow_44,0,4,2,1,45,dataset\4\Cow_44_1\f_45_rgb.jpg,dataset\4\Cow_44_1\f_45_depth.npy,1,,5,169.47987365722656,169.3630828857422,0.5019105076789856,0.9795262846342497,0.9536948663357295,0.9844199034021838,0,trunk_head_neck_reversed,-4.821603862497952,0.18508071712567187,0.23214285714285715,0.010165409184992313,0.034297261387109756,0.39047178455966425,0.3294016137560331,0.0,0.0,0.0,1.0
BCS4__Cow_44_1,Cow_44_1,Cow_44,0,4,2,1,150,dataset\4\Cow_44_1\f_150_rgb.jpg,dataset\4\Cow_44_1\f_150_depth.npy,1,,9,171.1846160888672,171.24327087402344,1.297752857208252,0.9751479247461137,0.9247652286095074,0.9803002622886252,0,trunk_head_neck_reversed,-1.5548296705579787,0.024292591704892175,0.2916666666666667,0.005597202572971582,0.024181269109249115,0.43955388703903286,0.3095784849905436,0.0,0.0,0.0,1.0
BCS4__Cow_44_1,Cow_44_1,Cow_44,0,4,2,1,180,dataset\4\Cow_44_1\f_180_rgb.jpg,dataset\4\Cow_44_1\f_180_depth.npy,1,,3,170.15496826171875,169.8367156982422,0.47761666774749756,0.9697897966070564,0.9330222091196052,0.9731486214742829,0,trunk_head_neck_reversed,-2.094732216579331,0.05060217411381984,0.22916666666666666,0.01602349616587162,0.04621823504567146,0.4121730367951803,0.2980077161167669,0.0,0.0,0.0,1.0
BCS4__Cow_44_1,Cow_44_1,Cow_44,0,4,2,1,225,dataset\4\Cow_44_1\f_225_rgb.jpg,dataset\4\Cow_44_1\f_225_depth.npy,1,,5,170.63934326171875,170.62803649902344,0.2755316197872162,0.9702124791439802,0.8585336939051118,0.9787584996392973,0,trunk_head_neck_reversed,2.1838982318001996,0.05856108472927701,0.22023809523809523,0.011583424173295498,0.033689726144075394,0.4493851090694742,0.32274541141950536,0.0,0.0,0.0,1.0
BCS4__Cow_44_1,Cow_44_1,Cow_44,0,4,2,1,465,dataset\4\Cow_44_1\f_465_rgb.jpg,dataset\4\Cow_44_1\f_465_depth.npy,1,,9,169.7565460205078,169.73245239257812,0.3778645992279053,0.9585397002901032,0.9283924324612576,0.974762476246758,0,head_neck_trunk,9.291068033235746,3.6212846760302426,0.3392857142857143,0.015210234560072422,0.054325759410858154,0.15393153615703278,0.7954515822253911,0.0,0.0,1.0,0.0
BCS4__Cow_44_1,Cow_44_1,Cow_44,0,4,2,1,480,dataset\4\Cow_44_1\f_480_rgb.jpg,dataset\4\Cow_44_1\f_480_depth.npy,1,,8,169.92823791503906,170.09829711914062,0.9441371560096741,0.9499263208472175,0.9223693079214721,0.9612471430396593,0,head_neck_trunk,7.094566819452552,3.3332865054294842,0.41590214067278286,0.011783337220549583,0.04530724883079529,0.1637024038909646,0.837958561118231,0.026785714285714284,0.0,1.0,0.0
BCS4__Cow_44_1,Cow_44_1,Cow_44,0,4,2,1,495,dataset\4\Cow_44_1\f_495_rgb.jpg,dataset\4\Cow_44_1\f_495_depth.npy,1,,8,169.09487915039062,169.01559448242188,0.36764466762542725,0.9521553902667803,0.8924759151624051,0.9605561383256953,0,head_neck_trunk,3.0797244924768705,0.34481406655365276,0.396969696969697,0.012733635492622852,0.040856122970581055,0.14746780348866984,0.8686605150803474,0.017857142857142856,0.0,1.0,0.0
BCS4__Cow_44_1,Cow_44_1,Cow_44,0,4,2,1,510,dataset\4\Cow_44_1\f_510_rgb.jpg,dataset\4\Cow_44_1\f_510_depth.npy,1,,9,168.96238708496094,169.1239013671875,0.5680404901504517,0.9905746736200279,0.9621042150685144,0.9916594794011264,0,head_neck_trunk,-0.35282568156856087,0.06696129575270504,0.38095238095238093,0.005995605606585741,0.019445594400167465,0.26842696519107756,0.858444993826635,0.0,0.0,1.0,0.0
BCS4__Cow_44_1,Cow_44_1,Cow_44,0,4,2,1,525,dataset\4\Cow_44_1\f_525_rgb.jpg,dataset\4\Cow_44_1\f_525_depth.npy,1,,9,169.1051788330078,169.3415985107422,0.5675856471061707,0.9830023622474854,0.9741085772812351,0.9886709089712835,0,head_neck_trunk,-1.3604955394675073,0.07750209608428804,0.37797619047619047,0.0050607542507350445,0.012766224332153797,0.3195971464370348,0.869937134161299,0.0,0.0,1.0,0.0
BCS4__Cow_44_1,Cow_44_1,Cow_44,0,4,2,1,540,dataset\4\Cow_44_1\f_540_rgb.jpg,dataset\4\Cow_44_1\f_540_depth.npy,1,,8,170.02012634277344,170.10171508789062,0.5003367066383362,0.9776518372795402,0.8713761469680916,0.983008130376505,0,head_neck_trunk,-2.7269115329594626,0.1249638273725111,0.3601190476190476,0.006270112935453653,0.02173748053610325,0.3421833534169759,0.8567244020539305,0.0,0.0,1.0,0.0
BCS4__Cow_44_1,Cow_44_1,Cow_44,0,4,2,1,555,dataset\4\Cow_44_1\f_555_rgb.jpg,dataset\4\Cow_44_1\f_555_depth.npy,1,,8,169.93740844726562,169.83004760742188,0.6926986575126648,0.9799825680958156,0.7528718715594256,0.9880779205711512,1,head_neck_trunk,-3.5133393568921605,0.1599684471365208,0.36607142857142855,0.0074027227237820625,0.021878110244870186,0.3134271070864023,0.857990901137512,0.0,0.0,1.0,0.0
BCS4__Cow_44_1,Cow_44_1,Cow_44,0,4,2,1,570,dataset\4\Cow_44_1\f_570_rgb.jpg,dataset\4\Cow_44_1\f_570_depth.npy,1,,9,169.55593872070312,169.7001953125,0.5813581943511963,0.9631852895892418,0.9388719151473456,0.9769756249533712,0,head_neck_trunk,-5.410604108715958,0.16179721932113011,0.35714285714285715,0.012315547093749046,0.03137005493044853,0.29138175908476355,0.8487282575690566,0.0,0.0,1.0,0.0
BCS4__Cow_44_1,Cow_44_1,Cow_44,0,4,2,1,585,dataset\4\Cow_44_1\f_585_rgb.jpg,dataset\4\Cow_44_1\f_585_depth.npy,1,,9,169.51177978515625,169.46603393554688,0.7135475277900696,0.9748347256065323,0.9488360906643847,0.9813585199296786,0,head_neck_trunk,-7.8922657611118865,0.16148181408267703,0.37797619047619047,0.011948999017477036,0.03655974939465523,0.26840575717476406,0.821710468754209,0.0,0.0,1.0,0.0
BCS4__Cow_44_1,Cow_44_1,Cow_44,0,4,2,1,600,dataset\4\Cow_44_1\f_600_rgb.jpg,dataset\4\Cow_44_1\f_600_depth.npy,1,,9,169.2017364501953,169.47828674316406,0.6982854604721069,0.9646470151711407,0.9228018481523395,0.980042930378414,0,head_neck_trunk,-8.13714374815406,0.2086341454135976,0.36607142857142855,0.009821027517318726,0.027214229106903076,0.24351189681841848,0.8325076580770618,0.0,0.0,1.0,0.0
BCS4__Cow_44_1,Cow_44_1,Cow_44,0,4,2,1,615,dataset\4\Cow_44_1\f_615_rgb.jpg,dataset\4\Cow_44_1\f_615_depth.npy,1,,9,168.81228637695312,168.5101318359375,0.776483952999115,0.9828723869485567,0.9610277462811103,0.98787576755399,0,head_neck_trunk,-6.39081601889859,0.21542679440064205,0.4017857142857143,0.015036566182971,0.046072885394096375,0.2661210086148331,0.8639173769193665,0.0,0.0,1.0,0.0
BCS4__Cow_44_1,Cow_44_1,Cow_44,0,4,2,1,630,dataset\4\Cow_44_1\f_630_rgb.jpg,dataset\4\Cow_44_1\f_630_depth.npy,1,,9,166.91180419921875,166.8965606689453,0.652133047580719,0.9845536582991915,0.9570053413693572,0.987209768778506,0,head_neck_trunk,-5.824084603832134,0.223540473324789,0.38095238095238093,0.01419239304959774,0.039506200700998306,0.1994913849677359,0.85965385906394,0.0,0.0,1.0,0.0
BCS4__Cow_44_1,Cow_44_1,Cow_44,0,4,2,1,645,dataset\4\Cow_44_1\f_645_rgb.jpg,dataset\4\Cow_44_1\f_645_depth.npy,1,,9,164.50579833984375,164.55274963378906,0.2241729199886322,0.9724559243165198,0.9612705993758559,0.9805374979608185,0,head_neck_trunk,-6.158697319702114,0.3626047767413496,0.3374233128834356,0.0026966251898556948,0.012099070474505424,0.07942629750880893,0.8595509438052379,0.02976190476190476,0.0,1.0,0.0
BCS4__Cow_44_1,Cow_44_1,Cow_44,0,4,2,1,660,dataset\4\Cow_44_1\f_660_rgb.jpg,dataset\4\Cow_44_1\f_660_depth.npy,1,,9,163.70150756835938,163.89251708984375,0.5190393924713135,0.9911370678354653,0.981058988608687,0.9923768968983655,0,head_neck_trunk,-9.89454711004774,0.6541536106584545,0.3357664233576642,0.004429334308952093,0.015796178951859474,0.1392548558921935,0.7711992505707075,0.18452380952380953,0.0,1.0,0.0
BCS4__Cow_44_1,Cow_44_1,Cow_44,0,4,2,1,675,dataset\4\Cow_44_1\f_675_rgb.jpg,dataset\4\Cow_44_1\f_675_depth.npy,1,,9,162.3145294189453,161.427978515625,1.7076987028121948,0.9901405356524617,0.9743728455387051,0.9932058459120192,0,head_neck_trunk,-7.985180471692459,1.031133812376666,0.5169491525423728,0.008856792002916336,0.033944740891456604,0.1199312278253342,0.7635368507539476,0.2976190476190476,0.0,1.0,0.0
BCS4__Cow_47_1,Cow_47_1,Cow_47,2,4,2,1,1005,dataset\4\Cow_47_1\f_1005_rgb.jpg,dataset\4\Cow_47_1\f_1005_depth.npy,1,,9,156.34890747070312,157.5989990234375,3.2001867294311523,0.9350291388286874,0.857848552377509,0.9669865645759732,0,head_neck_trunk,-8.103231568684194,2.0815531439376542,0.5539906103286385,0.005429762415587902,0.02019975148141384,0.08171672482987748,0.7763315788566815,0.36607142857142855,0.0,1.0,0.0
BCS4__Cow_47_1,Cow_47_1,Cow_47,2,4,2,1,1020,dataset\4\Cow_47_1\f_1020_rgb.jpg,dataset\4\Cow_47_1\f_1020_depth.npy,1,,9,166.4001007080078,166.0391387939453,0.6786441206932068,0.982127814712606,0.9644470509262663,0.9893349964805924,0,head_neck_trunk,-1.7494432705485394,0.17779824143190126,0.32170542635658916,0.0067368135787546635,0.02384817972779274,0.116101341713802,0.861994939625475,0.23214285714285715,0.0,1.0,0.0
BCS4__Cow_47_1,Cow_47_1,Cow_47,2,4,2,1,1035,dataset\4\Cow_47_1\f_1035_rgb.jpg,dataset\4\Cow_47_1\f_1035_depth.npy,1,,6,171.13034057617188,171.20587158203125,0.5797738432884216,0.9514581665008066,0.8608384075012485,0.9657026768130397,0,head_neck_trunk,1.5839778269177458,0.07601429769225376,0.25449101796407186,0.02722117118537426,0.09588571637868881,0.11836797300466541,0.8282404792091594,0.005952380952380952,0.0,1.0,0.0
BCS4__Cow_47_1,Cow_47_1,Cow_47,2,4,2,1,1050,dataset\4\Cow_47_1\f_1050_rgb.jpg,dataset\4\Cow_47_1\f_1050_depth.npy,1,,4,168.36068725585938,168.4974365234375,0.405974417924881,0.9566688468244424,0.8978890839821908,0.972778600366824,0,entry_or_trunk_with_rump,1.1288715406847842,0.05310999883508316,0.3333333333333333,0.010058792307972908,0.03606276586651802,0.3399517164944592,0.8017984001828385,0.0,0.0,0.0,0.0
BCS4__Cow_47_1,Cow_47_1,Cow_47,2,4,2,1,1065,dataset\4\Cow_47_1\f_1065_rgb.jpg,dataset\4\Cow_47_1\f_1065_depth.npy,1,,5,169.2758331298828,169.37950134277344,0.46326273679733276,0.9512787287419121,0.8666092440874715,0.963037961331945,0,trunk_dominant,-1.6255640434275875,0.004057548115554255,0.30654761904761907,0.008226401172578335,0.024711454287171364,0.2263928915312304,0.3547706961236068,0.0,0.0,1.0,1.0
BCS4__Cow_47_1,Cow_47_1,Cow_47,2,4,2,1,1080,dataset\4\Cow_47_1\f_1080_rgb.jpg,dataset\4\Cow_47_1\f_1080_depth.npy,1,,8,167.72900390625,167.18370056152344,1.5118048191070557,0.9783619372684728,0.9194785852464618,0.9851113020930107,0,trunk_dominant,-9.283344339288163,0.23574206241019624,0.40714285714285714,0.006008597556501627,0.02429550513625145,0.4819359239545111,0.16339749341300303,0.0,0.16666666666666666,1.0,1.0
BCS4__Cow_47_1,Cow_47_1,Cow_47,2,4,2,1,1095,dataset\4\Cow_47_1\f_1095_rgb.jpg,dataset\4\Cow_47_1\f_1095_depth.npy,1,,9,160.67922973632812,161.73782348632812,2.7935073375701904,0.9941686701496607,0.973762335544886,0.9951906462010128,0,trunk_dominant,-15.202334109700956,2.107188117367471,0.6201923076923077,0.009731774218380451,0.03364096209406853,0.5387388976192005,0.20659486134094052,0.0,0.38095238095238093,1.0,1.0
BCS4__Cow_48,Cow_48,Cow_48,1,4,2,1,105,dataset\4\Cow_48\f_105_rgb.jpg,dataset\4\Cow_48\f_105_depth.npy,1,,8,171.8271942138672,171.84210205078125,0.5830106735229492,0.9093390870756028,0.7856345068278343,0.9502561214723935,1,head_neck_trunk,-1.582478405068315,0.00771698401536014,0.24404761904761904,0.03532886877655983,0.0882507860660553,0.4102571764044513,0.7938598247569896,0.0,0.0,1.0,0.0
BCS4__Cow_48,Cow_48,Cow_48,1,4,2,1,165,dataset\4\Cow_48\f_165_rgb.jpg,dataset\4\Cow_48\f_165_depth.npy,1,,8,168.9256591796875,169.08978271484375,0.6792730689048767,0.9826468955521035,0.963310897877047,0.9870571965601989,0,trunk_head_neck_reversed,4.108658542302422,0.07658782046870272,0.5342960288808665,0.014981868676841259,0.05149095132946968,0.5678987626937558,0.17876849949064108,0.0,0.17559523809523808,0.0,1.0
BCS4__Cow_48,Cow_48,Cow_48,1,4,2,1,180,dataset\4\Cow_48\f_180_rgb.jpg,dataset\4\Cow_48\f_180_depth.npy,1,,7,169.8970947265625,170.05503845214844,0.8238183856010437,0.9652058345702464,0.9383208492153322,0.9738741952480554,0,trunk_head_neck_reversed,1.7637379470018288,0.018995836296795687,0.6329113924050633,0.008720101788640022,0.02908909134566784,0.6746721768133122,0.16427007802619828,0.0,0.29464285714285715,0.0,1.0
BCS4__Cow_49,Cow_49,Cow_49,2,4,2,1,435,dataset\4\Cow_49\f_435_rgb.jpg,dataset\4\Cow_49\f_435_depth.npy,1,,9,158.72865295410156,158.809326171875,1.5433114767074585,0.9400285899756418,0.8515656952636628,0.9649669471397857,0,head_neck_trunk,-2.814306702027565,0.4401482296840271,0.5893719806763285,0.01303025335073471,0.04352680966258049,0.11521865473691377,0.8120448924285124,0.38392857142857145,0.0,1.0,0.0
BCS4__Cow_49,Cow_49,Cow_49,2,4,2,1,450,dataset\4\Cow_49\f_450_rgb.jpg,dataset\4\Cow_49\f_450_depth.npy,1,,9,160.00747680664062,161.23370361328125,2.010524272918701,0.9511713530993279,0.7958462268832739,0.9626104349371013,1,head_neck_trunk,-2.5448267966112184,0.08832139962258623,0.5404255319148936,0.006016199942678213,0.01761363074183464,0.10924990156099357,0.832869251247624,0.3005952380952381,0.0,1.0,0.0
BCS4__Cow_49,Cow_49,Cow_49,2,4,2,1,480,dataset\4\Cow_49\f_480_rgb.jpg,dataset\4\Cow_49\f_480_depth.npy,1,,9,162.73524475097656,163.37506103515625,1.5387077331542969,0.9811163599236477,0.9384326226049129,0.9825446604820959,0,head_neck_trunk,-2.476437267497616,0.07799857786115183,0.5353159851301115,0.007118476089090109,0.026615574955940247,0.10994243740210781,0.8515795273356801,0.19940476190476192,0.0,1.0,0.0
BCS4__Cow_49,Cow_49,Cow_49,2,4,2,1,495,dataset\4\Cow_49\f_495_rgb.jpg,dataset\4\Cow_49\f_495_depth.npy,1,,9,168.58377075195312,168.2716522216797,1.056538701057434,0.9754927907625833,0.9232731533420088,0.9812082401375204,0,head_neck_trunk,-3.590466580959557,0.1315316917204825,0.6418439716312057,0.005751944147050381,0.019576286897063255,0.1765130506111863,0.8233949927974173,0.16071428571428573,0.0,1.0,0.0
BCS4__Cow_49,Cow_49,Cow_49,2,4,2,1,525,dataset\4\Cow_49\f_525_rgb.jpg,dataset\4\Cow_49\f_525_depth.npy,1,,6,172.9605255126953,172.70579528808594,0.9578142762184143,0.9587843882099256,0.8770942360610259,0.9705918193515567,0,trunk_head_neck_reversed,5.182937292183297,0.015129253436114709,0.37797619047619047,0.019615428522229195,0.06214248016476631,0.6347856137471988,0.45725155555861197,0.0,0.0,0.0,1.0
BCS4__Cow_49,Cow_49,Cow_49,2,4,2,1,540,dataset\4\Cow_49\f_540_rgb.jpg,dataset\4\Cow_49\f_540_depth.npy,1,,5,172.30384826660156,171.72105407714844,2.8200058937072754,0.9251366556791438,0.8328167981657941,0.9530024459290916,0,trunk_dominant,4.661777399033397,0.008865109620842304,0.42901234567901236,0.010744680650532246,0.03722570091485977,0.4259272419366287,0.20702854699158166,0.0,0.03571428571428571,1.0,1.0
BCS4__Cow_49,Cow_49,Cow_49,2,4,2,1,555,dataset\4\Cow_49\f_555_rgb.jpg,dataset\4\Cow_49\f_555_depth.npy,1,,6,172.63043212890625,171.9408721923828,1.8051728010177612,0.8938716017277561,0.8312543124972065,0.9313356175602585,0,trunk_head_neck_reversed,-4.232435779541163,0.7366064335041216,0.6440677966101694,0.015096903778612614,0.03987153246998787,0.66931668540169,0.11644569901272629,0.0,0.2976190476190476,0.0,1.0
BCS4__Cow_4_1,Cow_4_1,Cow_4,1,4,2,1,0,dataset\4\Cow_4_1\f_0_rgb.jpg,dataset\4\Cow_4_1\f_0_depth.npy,1,,6,169.86166381835938,169.90396118164062,0.4176798462867737,0.9804254924197122,0.970883884984007,0.9885063936469154,0,trunk_dominant,-2.354374486500035,0.014645301230927998,0.3244047619047619,0.008151847869157791,0.032704293727874756,0.3350245699421357,0.18404215966683032,0.0,0.0,1.0,1.0
BCS4__Cow_4_1,Cow_4_1,Cow_4,1,4,2,1,15,dataset\4\Cow_4_1\f_15_rgb.jpg,dataset\4\Cow_4_1\f_15_depth.npy,1,,7,170.4187469482422,170.931884765625,1.266779899597168,0.9771040939232783,0.8991591682591014,0.9825279290302126,0,trunk_dominant,-0.5272232003202788,0.023032824587104983,0.36607142857142855,0.008728335611522198,0.026400385424494743,0.2698103834208942,0.1906787549431915,0.0,0.0,1.0,1.0
BCS4__Cow_4_1,Cow_4_1,Cow_4,1,4,2,1,30,dataset\4\Cow_4_1\f_30_rgb.jpg,dataset\4\Cow_4_1\f_30_depth.npy,1,,7,168.9430389404297,169.44625854492188,1.6145600080490112,0.9676440991081061,0.9375893783761703,0.974605946669908,0,trunk_dominant,1.1093179512572107,0.017577091338196738,0.3333333333333333,0.01084853708744049,0.037640538066625595,0.240939068379781,0.22483406120046617,0.0,0.0,1.0,1.0
BCS4__Cow_4_1,Cow_4_1,Cow_4,1,4,2,1,45,dataset\4\Cow_4_1\f_45_rgb.jpg,dataset\4\Cow_4_1\f_45_depth.npy,1,,7,168.2475128173828,168.68702697753906,0.8695096969604492,0.9597651702185606,0.9208553636308168,0.9714969149371642,0,trunk_head_neck_reversed,-1.972257698951097,0.008295977670130128,0.375,0.00804859772324562,0.028082095086574554,0.11884367703056575,0.3833771214304443,0.0,0.0,0.0,1.0
BCS4__Cow_4_1,Cow_4_1,Cow_4,1,4,2,1,60,dataset\4\Cow_4_1\f_60_rgb.jpg,dataset\4\Cow_4_1\f_60_depth.npy,1,,9,162.65077209472656,163.64344787597656,2.376741886138916,0.9604922652944742,0.906201439662604,0.9765161059184817,0,trunk_dominant,-9.889467972814188,0.0772377908043893,0.5829787234042553,0.00524439662694931,0.018389195203781128,0.1061748623999924,0.5093241731508029,0.3005952380952381,0.0,1.0,1.0
BCS4__Cow_4_1,Cow_4_1,Cow_4,1,4,2,1,75,dataset\4\Cow_4_1\f_75_rgb.jpg,dataset\4\Cow_4_1\f_75_depth.npy,1,,9,161.71063232421875,162.39527893066406,1.7154732942581177,0.981575946867697,0.9379950162869672,0.9842751476641897,0,trunk_dominant,-9.067241164171264,0.030220062199774134,0.5882352941176471,0.00563361681997776,0.018005043268203735,0.10212390250805803,0.4606475111590279,0.2916666666666667,0.0,1.0,1.0
BCS4__Cow_4_1,Cow_4_1,Cow_4,1,4,2,1,90,dataset\4\Cow_4_1\f_90_rgb.jpg,dataset\4\Cow_4_1\f_90_depth.npy,1,,9,163.16275024414062,162.8417510986328,1.1097044944763184,0.9664075041205867,0.9367175331037187,0.9759998418524449,0,trunk_dominant,-4.853516524130612,0.04130193201044108,0.6016949152542372,0.006810077466070652,0.02196362242102623,0.11267265682945168,0.3643435636663167,0.2976190476190476,0.0,1.0,1.0
BCS4__Cow_4_1,Cow_4_1,Cow_4,1,4,2,1,105,dataset\4\Cow_4_1\f_105_rgb.jpg,dataset\4\Cow_4_1\f_105_depth.npy,1,,9,162.8761444091797,163.1587371826172,1.1634492874145508,0.9851737621998007,0.9086337687943777,0.986364958294274,0,trunk_dominant,-2.7551005618074953,0.011034862733140471,0.5637860082304527,0.00490401079878211,0.02134622447192669,0.11042177059880119,0.2147085018934899,0.2767857142857143,0.0,1.0,1.0
BCS4__Cow_4_1,Cow_4_1,Cow_4,1,4,2,1,120,dataset\4\Cow_4_1\f_120_rgb.jpg,dataset\4\Cow_4_1\f_120_depth.npy,1,,9,162.7693328857422,162.8887176513672,1.6260411739349365,0.981793524070383,0.858018624893208,0.9881541570130362,0,trunk_dominant,0.7808657328592119,0.010099611326651825,0.5850622406639004,0.007245734333992004,0.021934155374765396,0.13369243466887107,0.2118702190274811,0.27976190476190477,0.002976190476190476,1.0,1.0
BCS4__Cow_4_1,Cow_4_1,Cow_4,1,4,2,1,135,dataset\4\Cow_4_1\f_135_rgb.jpg,dataset\4\Cow_4_1\f_135_depth.npy,1,,9,162.2357177734375,162.64077758789062,1.076610803604126,0.9747341337417201,0.9257668307670732,0.9822045747190428,0,trunk_dominant,5.631439954838569,0.00012280226967220642,0.5691056910569106,0.006327396258711815,0.02495124563574791,0.13913929819851076,0.21582651390232116,0.26785714285714285,0.0,1.0,1.0
BCS4__Cow_4_1,Cow_4_1,Cow_4,1,4,2,1,150,dataset\4\Cow_4_1\f_150_rgb.jpg,dataset\4\Cow_4_1\f_150_depth.npy,1,,9,163.46885681152344,163.86605834960938,2.5018346309661865,0.9828162801526776,0.9536228968728704,0.9880061501979498,0,trunk_dominant,6.452468702512789,0.0071487611127452055,0.4588235294117647,0.015333667397499084,0.04198162257671356,0.10773535901789373,0.30661925988785005,0.24107142857142858,0.0,1.0,1.0
BCS4__Cow_4_1,Cow_4_1,Cow_4,1,4,2,1,165,dataset\4\Cow_4_1\f_165_rgb.jpg,dataset\4\Cow_4_1\f_165_depth.npy,1,,6,166.6513671875,166.6335906982422,2.5478944778442383,0.9638788626331132,0.9591516148592885,0.9718340394250817,0,trunk_dominant,0.24488405737778862,0.036189579178568465,0.34234234234234234,0.014813522808253765,0.04423604533076286,0.07181243911278891,0.23584678805627046,0.008928571428571428,0.0,1.0,1.0
BCS4__Cow_4_1,Cow_4_1,Cow_4,1,4,2,1,180,dataset\4\Cow_4_1\f_180_rgb.jpg,dataset\4\Cow_4_1\f_180_depth.npy,1,,4,171.37411499023438,171.4357452392578,0.9249599575996399,0.969352919600268,0.924001489160889,0.9747695018914546,0,trunk_dominant,-2.2785145359191574,0.0059904957902290334,0.30952380952380953,0.003716577310115099,0.013201706111431122,0.20589282804953618,0.1714976444133706,0.0,0.0,1.0,1.0
BCS4__Cow_4_1,Cow_4_1,Cow_4,1,4,2,1,195,dataset\4\Cow_4_1\f_195_rgb.jpg,dataset\4\Cow_4_1\f_195_depth.npy,1,,5,168.76513671875,169.1872100830078,0.8979823589324951,0.9596184192202977,0.9469343141619668,0.9728674542253677,0,trunk_dominant,1.2903666857923355,0.006859671868355122,0.35714285714285715,0.011074046604335308,0.034998394548892975,0.2825394644057299,0.2013736786608131,0.0,0.0,1.0,1.0
BCS4__Cow_4_1,Cow_4_1,Cow_4,1,4,2,1,210,dataset\4\Cow_4_1\f_210_rgb.jpg,dataset\4\Cow_4_1\f_210_depth.npy,1,,6,168.27731323242188,168.32334899902344,0.6272705793380737,0.9544385407286861,0.9407401545480366,0.9687252961456754,0,trunk_dominant,3.027199203258448,0.006741250283852196,0.3541666666666667,0.015536134131252766,0.04999542236328125,0.3330318158230521,0.20238062853228062,0.0,0.0,1.0,1.0
BCS4__Cow_4_1,Cow_4_1,Cow_4,1,4,2,1,225,dataset\4\Cow_4_1\f_225_rgb.jpg,dataset\4\Cow_4_1\f_225_depth.npy,1,,5,169.45851135253906,169.09725952148438,0.7807340025901794,0.9618388285884263,0.9508931847836876,0.9703558915544184,0,trunk_dominant,0.40375236001031567,0.0721649315769497,0.3601190476190476,0.008758438751101494,0.031076865270733833,0.39914694616528823,0.14648578998835665,0.0,0.0,1.0,1.0
BCS4__Cow_4_1,Cow_4_1,Cow_4,1,4,2,1,240,dataset\4\Cow_4_1\f_240_rgb.jpg,dataset\4\Cow_4_1\f_240_depth.npy,1,,9,168.9241485595703,168.8368377685547,0.82288658618927,0.9782319606578451,0.9240456350487306,0.9855505032887664,0,trunk_dominant,-1.3308075288027226,0.025565619353969282,0.4791666666666667,0.0045864395797252655,0.023041075095534325,0.36099391018544214,0.13994355911248416,0.0,0.0,1.0,1.0
BCS4__Cow_4_1,Cow_4_1,Cow_4,1,4,2,1,255,dataset\4\Cow_4_1\f_255_rgb.jpg,dataset\4\Cow_4_1\f_255_depth.npy,1,,9,170.3109893798828,170.4627227783203,0.8882327079772949,0.9675719452530456,0.9117628361056891,0.9746969036012179,0,trunk_dominant,-0.7194834406928408,0.011713089640522867,0.46726190476190477,0.004451919347047806,0.020489206537604332,0.32553206499941023,0.15541205077103565,0.0,0.0,1.0,1.0
BCS4__Cow_4_1,Cow_4_1,Cow_4,1,4,2,1,270,dataset\4\Cow_4_1\f_270_rgb.jpg,dataset\4\Cow_4_1\f_270_depth.npy,1,,9,169.69155883789062,169.6670684814453,1.1362360715866089,0.9595161404559716,0.9314238573946483,0.9676389133448653,0,trunk_dominant,-1.6860066064859751,0.02040628820334689,0.4107142857142857,0.012858529575169086,0.04181140661239624,0.3368384736400499,0.16433101432986205,0.0,0.0,1.0,1.0
BCS4__Cow_4_1,Cow_4_1,Cow_4,1,4,2,1,285,dataset\4\Cow_4_1\f_285_rgb.jpg,dataset\4\Cow_4_1\f_285_depth.npy,1,,6,169.751708984375,169.60316467285156,0.7036750316619873,0.9608833530473049,0.9385830805585196,0.9733366190848498,0,trunk_dominant,-6.340099454034174,0.015964032029373243,0.4375,0.02321062609553337,0.07533900439739227,0.31888704888329805,0.16850723326947684,0.0,0.0,1.0,1.0
BCS4__Cow_4_1,Cow_4_1,Cow_4,1,4,2,1,300,dataset\4\Cow_4_1\f_300_rgb.jpg,dataset\4\Cow_4_1\f_300_depth.npy,1,,9,169.75106811523438,169.64614868164062,0.610445499420166,0.9592227124606003,0.8741429441857014,0.9706545835688627,0,trunk_dominant,-2.940797465860598,0.002619917051319476,0.43452380952380953,0.0161032285541296,0.05900795757770538,0.2520269512208899,0.16715386824487727,0.0,0.0,1.0,1.0
BCS4__Cow_4_1,Cow_4_1,Cow_4,1,4,2,1,315,dataset\4\Cow_4_1\f_315_rgb.jpg,dataset\4\Cow_4_1\f_315_depth.npy,1,,8,167.26025390625,167.53663635253906,3.4213085174560547,0.8979876402062212,0.8614073948032225,0.9358338050819858,0,trunk_dominant,3.489318781501524,0.00557103224222999,0.37209302325581395,0.005177181214094162,0.024923529475927353,0.10475431082923536,0.3166459306612557,0.23214285714285715,0.0,1.0,1.0
BCS4__Cow_4_1,Cow_4_1,Cow_4,1,4,2,1,330,dataset\4\Cow_4_1\f_330_rgb.jpg,dataset\4\Cow_4_1\f_330_depth.npy,1,,9,163.05189514160156,163.96319580078125,2.4332666397094727,0.9423083181804612,0.9168428065705485,0.9613295675240697,0,trunk_dominant,-0.17266410735805948,0.17692016483255202,0.4811715481171548,0.005185037385672331,0.021282311528921127,0.11016211707527716,0.31081760259532515,0.28869047619047616,0.0,1.0,1.0
BCS4__Cow_4_1,Cow_4_1,Cow_4,1,4,2,1,345,dataset\4\Cow_4_1\f_345_rgb.jpg,dataset\4\Cow_4_1\f_345_depth.npy,1,,9,163.14642333984375,162.96109008789062,1.4440542459487915,0.9833140037211077,0.9126482312416142,0.988257194357274,0,trunk_dominant,-1.477442683640362,0.03363953032983602,0.6130434782608696,0.0028043484780937433,0.010821742005646229,0.1438482871765109,0.298209143995038,0.31547619047619047,0.0,1.0,1.0
BCS4__Cow_4_1,Cow_4_1,Cow_4,1,4,2,1,360,dataset\4\Cow_4_1\f_360_rgb.jpg,dataset\4\Cow_4_1\f_360_depth.npy,1,,9,162.7158660888672,162.5675506591797,1.4633409976959229,0.9779109237275058,0.9072039799482716,0.9868247610106156,0,trunk_dominant,-2.4328891709181306,0.02710065505169723,0.6173913043478261,0.0031631209421902895,0.014560463838279247,0.13720747639117636,0.2752691325164137,0.31547619047619047,0.0,1.0,1.0
BCS4__Cow_4_1,Cow_4_1,Cow_4,1,4,2,1,375,dataset\4\Cow_4_1\f_375_rgb.jpg,dataset\4\Cow_4_1\f_375_depth.npy,1,,9,162.0849609375,162.07093811035156,1.3165212869644165,0.9810687041634362,0.9317055051649897,0.9856105377098152,0,trunk_dominant,-2.5660892393132713,0.010936485685334674,0.5991379310344828,0.008531822822988033,0.03575722500681877,0.12002272224293993,0.2739399776699652,0.30952380952380953,0.0,1.0,1.0
BCS4__Cow_4_1,Cow_4_1,Cow_4,1,4,2,1,390,dataset\4\Cow_4_1\f_390_rgb.jpg,dataset\4\Cow_4_1\f_390_depth.npy,1,,9,162.6107635498047,162.56996154785156,1.240991234779358,0.9664196613451642,0.8355148450720116,0.9800668544432882,0,trunk_dominant,-2.0562672176439634,0.025685304277914156,0.5965665236051502,0.004397390875965357,0.017707737162709236,0.12287999376456565,0.27065238615776005,0.30654761904761907,0.0,1.0,1.0
BCS4__Cow_4_1,Cow_4_1,Cow_4,1,4,2,1,405,dataset\4\Cow_4_1\f_405_rgb.jpg,dataset\4\Cow_4_1\f_405_depth.npy,1,,9,162.05760192871094,162.3587646484375,1.2275010347366333,0.9816516441075931,0.8419408122678246,0.9869386952529888,0,trunk_dominant,-1.3077786514867995,0.0055605875921429515,0.6077586206896551,0.006308174226433039,0.021413452923297882,0.12505682522261308,0.281767266756336,0.30952380952380953,0.0,1.0,1.0
BCS4__Cow_4_1,Cow_4_1,Cow_4,1,4,2,1,420,dataset\4\Cow_4_1\f_420_rgb.jpg,dataset\4\Cow_4_1\f_420_depth.npy,1,,9,162.24929809570312,162.4202880859375,1.3216397762298584,0.9766957411279642,0.8643913565884582,0.9827652035414116,0,trunk_dominant,-0.9679746293826668,0.056310030251736976,0.5829787234042553,0.003171369433403015,0.014148951508104801,0.08553954342276789,0.32393882900996573,0.3005952380952381,0.0,1.0,1.0
BCS4__Cow_4_1,Cow_4_1,Cow_4,1,4,2,1,435,dataset\4\Cow_4_1\f_435_rgb.jpg,dataset\4\Cow_4_1\f_435_depth.npy,1,,9,162.3185272216797,162.40150451660156,1.0680073499679565,0.979967042452538,0.899525339706254,0.9862247130154285,0,trunk_dominant,-0.9091597371894835,0.0932330419166334,0.611353711790393,0.004442461300641298,0.018205227330327034,0.11265014174691293,0.37494853672345385,0.31845238095238093,0.0,1.0,1.0
BCS4__Cow_4_1,Cow_4_1,Cow_4,1,4,2,1,450,dataset\4\Cow_4_1\f_450_rgb.jpg,dataset\4\Cow_4_1\f_450_depth.npy,1,,9,162.8157958984375,162.9656219482422,1.4779386520385742,0.9625773429679345,0.851362694010023,0.9700902498924624,0,trunk_dominant,-0.300510646195832,0.33640029559741436,0.6339285714285714,0.0036122610326856375,0.014502108097076416,0.13390645582642463,0.3790636125949988,0.3333333333333333,0.0,1.0,1.0
BCS4__Cow_4_1,Cow_4_1,Cow_4,1,4,2,1,465,dataset\4\Cow_4_1\f_465_rgb.jpg,dataset\4\Cow_4_1\f_465_depth.npy,1,,9,162.4666748046875,162.4759979248047,1.3480175733566284,0.9773280356317133,0.907499261073854,0.9864894263026506,0,trunk_dominant,-0.8764151329880576,0.08705907271152569,0.6294642857142857,0.006150797475129366,0.02195974811911583,0.14030011877498758,0.3737979286637421,0.3333333333333333,0.0,1.0,1.0
BCS4__Cow_4_1,Cow_4_1,Cow_4,1,4,2,1,480,dataset\4\Cow_4_1\f_480_rgb.jpg,dataset\4\Cow_4_1\f_480_depth.npy,1,,9,162.1094207763672,162.25819396972656,1.7061846256256104,0.9860280608063223,0.8865650124684378,0.9905031089196186,0,trunk_dominant,-1.4368860579597964,0.03800017193161409,0.6228070175438597,0.004809884820133448,0.021892070770263672,0.1119400064386235,0.38709069836778476,0.32142857142857145,0.0,1.0,1.0
BCS4__Cow_4_1,Cow_4_1,Cow_4,1,4,2,1,495,dataset\4\Cow_4_1\f_495_rgb.jpg,dataset\4\Cow_4_1\f_495_depth.npy,1,,9,162.5791473388672,162.76800537109375,1.4162938594818115,0.9719579132638569,0.9106969962670697,0.9820185759908338,0,trunk_dominant,-0.7303285418224164,0.026487054374825902,0.625,0.004418193828314543,0.018176333978772163,0.1272796956194745,0.4002908971964953,0.3333333333333333,0.0,1.0,1.0
BCS4__Cow_4_1,Cow_4_1,Cow_4,1,4,2,1,510,dataset\4\Cow_4_1\f_510_rgb.jpg,dataset\4\Cow_4_1\f_510_depth.npy,1,,9,162.66795349121094,162.444580078125,1.425423264503479,0.976755617790674,0.9003518937494275,0.985079514790502,0,trunk_dominant,-1.0481137844163584,0.03528567525586368,0.6194690265486725,0.008717795833945274,0.03649722784757614,0.11048870179320841,0.41930367597755663,0.3273809523809524,0.0,1.0,1.0
BCS4__Cow_4_1,Cow_4_1,Cow_4,1,4,2,1,525,dataset\4\Cow_4_1\f_525_rgb.jpg,dataset\4\Cow_4_1\f_525_depth.npy,1,,9,162.5438690185547,162.58338928222656,1.2281033992767334,0.9783497991568604,0.861130033984952,0.9841595135289334,0,trunk_dominant,-1.1103911673819766,0.011821095665823123,0.6069868995633187,0.0072404611855745316,0.01829742267727852,0.10027862201653583,0.396399305942248,0.31845238095238093,0.0,1.0,1.0
BCS4__Cow_4_1,Cow_4_1,Cow_4,1,4,2,1,540,dataset\4\Cow_4_1\f_540_rgb.jpg,dataset\4\Cow_4_1\f_540_depth.npy,1,,9,161.96310424804688,162.19090270996094,1.1448107957839966,0.9729703043872053,0.8615229272194009,0.980285813421197,0,trunk_dominant,0.06546908133259421,0.06546908133259421,0.6244541484716157,0.005428611300885677,0.01843925751745701,0.10691655689768446,0.3749014365638942,0.31845238095238093,0.0,1.0,1.0
BCS4__Cow_4_1,Cow_4_1,Cow_4,1,4,2,1,555,dataset\4\Cow_4_1\f_555_rgb.jpg,dataset\4\Cow_4_1\f_555_depth.npy,1,,9,161.82882690429688,161.97044372558594,1.037210464477539,0.972027676077878,0.9145090599161511,0.9824275246958757,0,trunk_dominant,-0.8252175932720434,0.05373883295207804,0.5872340425531914,0.003590112552046776,0.014509267173707485,0.09293123993387611,0.3627636013279119,0.3005952380952381,0.0,1.0,1.0
BCS4__Cow_4_1,Cow_4_1,Cow_4,1,4,2,1,570,dataset\4\Cow_4_1\f_570_rgb.jpg,dataset\4\Cow_4_1\f_570_depth.npy,1,,9,161.31072998046875,161.4969482421875,1.055445909500122,0.9910998907563445,0.8534477541956476,0.9928350325860272,0,trunk_dominant,-2.1222999099973663,0.00803041774152291,0.6069868995633187,0.00516568822786212,0.018217995762825012,0.12114635465610835,0.3828926879391664,0.31845238095238093,0.0,1.0,1.0
BCS4__Cow_51,Cow_51,Cow_51,0,4,2,1,615,dataset\4\Cow_51\f_615_rgb.jpg,dataset\4\Cow_51\f_615_depth.npy,1,,9,157.97549438476562,157.99160766601562,0.9973065853118896,0.985635510005926,0.9440273854164858,0.9909988251387734,0,head_neck_trunk,-0.47719705296273673,0.16163438075611225,0.5108225108225108,0.004580766428261995,0.014815861359238625,0.09862580585226745,0.8778497877995934,0.3125,0.0,1.0,0.0
BCS4__Cow_51,Cow_51,Cow_51,0,4,2,1,630,dataset\4\Cow_51\f_630_rgb.jpg,dataset\4\Cow_51\f_630_depth.npy,1,,8,169.57192993164062,169.5504913330078,0.9886395931243896,0.925966174458004,0.8813464222109817,0.9580615286902382,0,head_neck_trunk,-1.3083912507533597,0.112218267552322,0.3963963963963964,0.007899830117821693,0.02371560037136078,0.15916388110994578,0.8920813310130815,0.008928571428571428,0.0,1.0,0.0
BCS4__Cow_51,Cow_51,Cow_51,0,4,2,1,645,dataset\4\Cow_51\f_645_rgb.jpg,dataset\4\Cow_51\f_645_depth.npy,1,,5,171.29306030273438,171.3883819580078,0.23359784483909607,0.974952375542681,0.8458713861388958,0.9815373572494255,0,trunk_head_neck_reversed,-3.501859644636795,0.11207358955438451,0.4791666666666667,0.006554086226969957,0.027602197602391243,0.4954524072236313,0.4865985634657976,0.0,0.0,0.0,1.0
BCS4__Cow_51,Cow_51,Cow_51,0,4,2,1,660,dataset\4\Cow_51\f_660_rgb.jpg,dataset\4\Cow_51\f_660_depth.npy,1,,9,171.15493774414062,171.09971618652344,0.8947939872741699,0.9665782177537555,0.9160787272919909,0.9742926884528231,0,trunk_head_neck_reversed,-10.226845568394651,0.688353428282042,0.5551601423487544,0.004587583243846893,0.019389016553759575,0.5921152794020234,0.21728330162383028,0.0,0.1636904761904762,0.0,1.0
BCS4__Cow_51_0035,Cow_51_0035,Cow_51,0,4,2,1,240,dataset\4\Cow_51_0035\f_240_rgb.jpg,dataset\4\Cow_51_0035\f_240_depth.npy,1,,9,165.4217529296875,165.4309844970703,0.787611722946167,0.9528480102783061,0.8426454330645636,0.973519071280968,0,trunk_head_neck_reversed,7.640774396581179,0.7856422236348095,0.37202380952380953,0.009648642502725124,0.02690785564482212,0.36184195520585277,0.5365175038173876,0.0,0.0,0.0,1.0
BCS4__Cow_51_0035,Cow_51_0035,Cow_51,0,4,2,1,255,dataset\4\Cow_51_0035\f_255_rgb.jpg,dataset\4\Cow_51_0035\f_255_depth.npy,1,,9,166.315673828125,166.33624267578125,0.7865011096000671,0.9732048894693401,0.9104700857778547,0.9788522057210486,0,head_neck_trunk,9.176950119854936,0.13725750578771567,0.25595238095238093,0.01889296993613243,0.05904392898082733,0.2569662061152853,0.8410759742486135,0.0,0.0,1.0,0.0
BCS4__Cow_51_0035,Cow_51_0035,Cow_51,0,4,2,1,285,dataset\4\Cow_51_0035\f_285_rgb.jpg,dataset\4\Cow_51_0035\f_285_depth.npy,1,,9,167.9428253173828,166.89376831054688,1.4087764024734497,0.9736274995997565,0.9483868142202976,0.9790709620107214,0,trunk_head_neck_reversed,2.7920871272512073,0.04621174601143707,0.32247557003257327,0.007691249251365662,0.027554957196116447,0.6867240579711724,0.1612243442489414,0.0,0.08630952380952381,0.0,1.0
BCS4__Cow_51_0035,Cow_51_0035,Cow_51,0,4,2,1,300,dataset\4\Cow_51_0035\f_300_rgb.jpg,dataset\4\Cow_51_0035\f_300_depth.npy,1,,6,171.39195251464844,171.4261932373047,0.4865646958351135,0.9363587284596124,0.8805155687098108,0.9560378437660322,0,trunk_head_neck_reversed,4.3117948765335115,0.2383523184918488,0.2857142857142857,0.013514981605112553,0.04466523602604866,0.6320303939136549,0.13240510413553166,0.0,0.2916666666666667,0.0,1.0
BCS4__Cow_55,Cow_55,Cow_55,2,4,2,1,120,dataset\4\Cow_55\f_120_rgb.jpg,dataset\4\Cow_55\f_120_depth.npy,1,,9,160.50975036621094,160.6407470703125,0.590487003326416,0.9782935223954375,0.9668650861536834,0.9812728692919449,0,head_neck_trunk,8.411015417245025,0.9817495067352979,0.5126050420168067,0.004027450457215309,0.016114160418510437,0.07910023880313298,0.7602831104457908,0.2916666666666667,0.0,1.0,0.0
BCS4__Cow_55,Cow_55,Cow_55,2,4,2,1,135,dataset\4\Cow_55\f_135_rgb.jpg,dataset\4\Cow_55\f_135_depth.npy,1,,9,170.38331604003906,170.41990661621094,0.7572594881057739,0.9901809864354044,0.9775960589640242,0.9921036752550746,0,head_neck_trunk,6.781135660389808,0.28671699502424985,0.41694915254237286,0.023021353408694267,0.07020850479602814,0.1583553787779506,0.8539115332350782,0.12202380952380952,0.0,1.0,0.0
BCS4__Cow_55,Cow_55,Cow_55,2,4,2,1,165,dataset\4\Cow_55\f_165_rgb.jpg,dataset\4\Cow_55\f_165_depth.npy,1,,8,174.2174835205078,174.18630981445312,0.4011548161506653,0.9803815135637631,0.9523578108303242,0.986452227016701,0,entry_or_trunk_with_rump,0.020171219247117733,0.020171219247117733,0.4494047619047619,0.036608874797821045,0.10830400139093399,0.5372395975665292,0.6603354958784088,0.0,0.0,0.0,0.0
BCS4__Cow_55,Cow_55,Cow_55,2,4,2,1,180,dataset\4\Cow_55\f_180_rgb.jpg,dataset\4\Cow_55\f_180_depth.npy,1,,3,175.01284790039062,175.2974090576172,0.4358009696006775,0.9027313469165544,0.9018583427695084,0.9308566188748255,0,trunk_head_neck_reversed,-1.126579515623547,0.08438539260501443,0.4642857142857143,0.004249615129083395,0.016346793621778488,0.5988994909437153,0.21752653642486147,0.0,0.25,0.0,1.0
BCS4__Cow_5_1018,Cow_5_1018,Cow_5,2,4,2,1,345,dataset\4\Cow_5_1018\f_345_rgb.jpg,dataset\4\Cow_5_1018\f_345_depth.npy,1,,8,167.12796020507812,167.6313018798828,2.868915319442749,0.9841979839216288,0.7626634296262291,0.9879381312253863,1,head_neck_trunk,6.3706158062097415,0.20857099331959716,0.7333333333333333,0.015871409326791763,0.05350657179951668,0.20539945804983684,0.8676353155359621,0.0625,0.0,1.0,0.0
BCS4__Cow_5_273,Cow_5_273,Cow_5,2,4,2,1,330,dataset\4\Cow_5_273\f_330_rgb.jpg,dataset\4\Cow_5_273\f_330_depth.npy,1,,9,172.49818420410156,172.66189575195312,1.2871485948562622,0.974454637808518,0.9001094594454864,0.9803224154220043,0,head_neck_trunk,9.645296265909693,0.06255995479146748,0.2995391705069124,0.025207338854670525,0.08015322685241699,0.26579476245595585,0.7766197695444146,0.3541666666666667,0.0,1.0,0.0
BCS4__Cow_6,Cow_6,Cow_6,1,4,2,1,30,dataset\4\Cow_6\f_30_rgb.jpg,dataset\4\Cow_6\f_30_depth.npy,1,,9,162.49050903320312,162.2370147705078,1.0260834693908691,0.9806801262131872,0.9593338460614054,0.9877330423025303,0,head_neck_trunk,2.4189998341773276,0.0773607413846662,0.4302788844621514,0.006747306790202856,0.03215577080845833,0.09805830712078026,0.8386452322307607,0.25297619047619047,0.0,1.0,0.0
BCS4__Cow_6,Cow_6,Cow_6,1,4,2,1,45,dataset\4\Cow_6\f_45_rgb.jpg,dataset\4\Cow_6\f_45_depth.npy,1,,8,169.33535766601562,169.00120544433594,1.242751955986023,0.9260689256958551,0.7918339233609418,0.9492205049279843,1,head_neck_trunk,3.7431681086004573,0.07542347990052178,0.3867595818815331,0.02286101132631302,0.0651809349656105,0.12832540075725712,0.8370580692260398,0.14583333333333334,0.0,1.0,0.0
BCS4__Cow_6,Cow_6,Cow_6,1,4,2,1,60,dataset\4\Cow_6\f_60_rgb.jpg,dataset\4\Cow_6\f_60_depth.npy,1,,9,171.4034881591797,171.41651916503906,0.6735361814498901,0.9732973939873534,0.9424124820358913,0.9772431796821487,0,head_neck_trunk,1.5007155877261908,0.07399742578171242,0.29846153846153844,0.0033112468663603067,0.01575290597975254,0.15049713260945666,0.8203273021314329,0.03273809523809524,0.0,1.0,0.0
BCS4__Cow_6,Cow_6,Cow_6,1,4,2,1,405,dataset\4\Cow_6\f_405_rgb.jpg,dataset\4\Cow_6\f_405_depth.npy,1,,9,168.5899200439453,168.52613830566406,0.5882507562637329,0.8847988974079827,0.8107652585004896,0.9240234921156176,0,entry_or_trunk_with_rump,3.6093754179466657,0.22162668665912122,0.2261904761904762,0.021541442722082138,0.08792247623205185,0.19193452549085083,0.8327791074884457,0.0,0.0,0.0,0.0
BCS4__Cow_6,Cow_6,Cow_6,1,4,2,1,420,dataset\4\Cow_6\f_420_rgb.jpg,dataset\4\Cow_6\f_420_depth.npy,1,,9,167.84986877441406,167.894775390625,0.4397819936275482,0.945124581202855,0.9188100058765349,0.9559857954372293,0,head_neck_trunk,1.6870897436198362,0.0772920984378942,0.33641975308641975,0.016983918845653534,0.06595470756292343,0.16257463055942611,0.8373206053509551,0.03571428571428571,0.0,1.0,0.0
BCS4__Cow_6,Cow_6,Cow_6,1,4,2,1,540,dataset\4\Cow_6\f_540_rgb.jpg,dataset\4\Cow_6\f_540_depth.npy,1,,5,167.99313354492188,168.03121948242188,0.22587715089321136,0.9215664243420716,0.8689243346552487,0.9589332529355108,0,head_neck_trunk,-0.2319759689966645,0.031200605463311604,0.22023809523809523,0.013774335384368896,0.05565360188484192,0.18243012919662074,0.8419010259079318,0.0,0.0,1.0,0.0
BCS4__Cow_6,Cow_6,Cow_6,1,4,2,1,570,dataset\4\Cow_6\f_570_rgb.jpg,dataset\4\Cow_6\f_570_depth.npy,1,,7,168.26824951171875,168.4518280029297,0.5882402062416077,0.9235357673395287,0.9095779518252055,0.9359672856352257,0,head_neck_trunk,2.9468116351048366,0.13645750006776325,0.22916666666666666,0.020030729472637177,0.06477014720439911,0.21110673782728254,0.8286840417796991,0.0,0.0,1.0,0.0
BCS4__Cow_7,Cow_7,Cow_7,0,4,2,1,225,dataset\4\Cow_7\f_225_rgb.jpg,dataset\4\Cow_7\f_225_depth.npy,1,,5,171.23435974121094,171.39047241210938,1.2437946796417236,0.9111886844580962,0.5356967725918292,0.9325315819297485,1,entry_or_trunk_with_rump,2.9043722628438076,0.11534324734040524,0.33630952380952384,0.008744196966290474,0.02418847568333149,0.09375246966801275,0.8859317072606219,0.0,0.0,0.0,0.0
BCS4__Cow_7,Cow_7,Cow_7,0,4,2,1,270,dataset\4\Cow_7\f_270_rgb.jpg,dataset\4\Cow_7\f_270_depth.npy,1,,3,173.1942901611328,172.4835662841797,1.5142722129821777,0.961265137936346,0.850454520916422,0.9683288017729172,0,trunk_head_neck_reversed,-1.2173714500275281,0.003869378163145143,0.3244047619047619,0.017612993717193604,0.0609549880027771,0.4524636378076237,0.5231463313296377,0.0,0.0,0.0,1.0
BCS4__Cow_7,Cow_7,Cow_7,0,4,2,1,285,dataset\4\Cow_7\f_285_rgb.jpg,dataset\4\Cow_7\f_285_depth.npy,1,,8,172.13546752929688,172.16732788085938,0.616619884967804,0.9326194140072904,0.8536762766169668,0.9542617558058646,0,trunk_head_neck_reversed,-0.6636661777205575,0.04746459705427242,0.35119047619047616,0.004746831022202969,0.02815122902393341,0.4952202910772492,0.4664767695145741,0.0,0.0,0.0,1.0
BCS4__Cow_7,Cow_7,Cow_7,0,4,2,1,300,dataset\4\Cow_7\f_300_rgb.jpg,dataset\4\Cow_7\f_300_depth.npy,1,,8,173.40505981445312,173.5742645263672,1.0519824028015137,0.9440214787402068,0.8668023702793783,0.9612595680662127,0,trunk_head_neck_reversed,-0.3593345880680232,0.07777299246565406,0.3601190476190476,0.010710765607655048,0.03996893763542175,0.48380362945392175,0.4642349752936633,0.0,0.0,0.0,1.0
BCS4__Cow_7,Cow_7,Cow_7,0,4,2,1,315,dataset\4\Cow_7\f_315_rgb.jpg,dataset\4\Cow_7\f_315_depth.npy,1,,9,172.30137634277344,172.78514099121094,1.8332240581512451,0.9411262408767437,0.7807962914643254,0.9645261588501826,1,trunk_head_neck_reversed,-0.9389281518677564,0.003111870319585819,0.3601190476190476,0.011316780932247639,0.039892375469207764,0.4792496730429652,0.4906765472987271,0.0,0.0,0.0,1.0
BCS4__Cow_7,Cow_7,Cow_7,0,4,2,1,330,dataset\4\Cow_7\f_330_rgb.jpg,dataset\4\Cow_7\f_330_depth.npy,1,,8,172.04896545410156,172.517578125,1.0820165872573853,0.9296187827105009,0.8257629462175773,0.9447913008549454,0,trunk_head_neck_reversed,-2.1238582670052466,0.06250597879078157,0.43452380952380953,0.007182688917964697,0.032461024820804596,0.45823173566935793,0.48627256210678693,0.0,0.0,0.0,1.0
BCS4__Cow_7,Cow_7,Cow_7,0,4,2,1,345,dataset\4\Cow_7\f_345_rgb.jpg,dataset\4\Cow_7\f_345_depth.npy,1,,9,171.64724731445312,171.78335571289062,1.184741497039795,0.9418376678259052,0.900766710924976,0.9611267569530121,0,trunk_head_neck_reversed,-2.968809676571155,0.048634852445829324,0.43154761904761907,0.00544763496145606,0.02850825898349285,0.4739533793886826,0.45674214068060176,0.0,0.0,0.0,1.0
BCS4__Cow_7,Cow_7,Cow_7,0,4,2,1,360,dataset\4\Cow_7\f_360_rgb.jpg,dataset\4\Cow_7\f_360_depth.npy,1,,9,172.14947509765625,172.28411865234375,0.6174707412719727,0.9363934044212421,0.860260136356253,0.9630834857435588,0,trunk_head_neck_reversed,-4.704227925182522,0.08676897698560992,0.34523809523809523,0.00921978522092104,0.031167902052402496,0.44973072058253954,0.4481890541656777,0.0,0.0,0.0,1.0
BCS4__Cow_7,Cow_7,Cow_7,0,4,2,1,375,dataset\4\Cow_7\f_375_rgb.jpg,dataset\4\Cow_7\f_375_depth.npy,1,,8,173.0186767578125,172.91317749023438,0.6133182644844055,0.946618317160419,0.9225319631635307,0.9612651913879502,0,trunk_head_neck_reversed,-5.203353044170839,0.12422238799096874,0.3333333333333333,0.009577304124832153,0.034835316240787506,0.45110035912778546,0.4496756715306227,0.0,0.0,0.0,1.0
BCS4__Cow_7,Cow_7,Cow_7,0,4,2,1,390,dataset\4\Cow_7\f_390_rgb.jpg,dataset\4\Cow_7\f_390_depth.npy,1,,8,171.53701782226562,171.44586181640625,0.8056240677833557,0.9518154897604707,0.9075424914140148,0.9571122369077201,0,trunk_head_neck_reversed,-5.6306992174401955,0.13561302208258041,0.25,0.011890037916600704,0.033183157444000244,0.4334874622039028,0.40606718200913444,0.0,0.0,0.0,1.0
BCS4__Cow_7,Cow_7,Cow_7,0,4,2,1,405,dataset\4\Cow_7\f_405_rgb.jpg,dataset\4\Cow_7\f_405_depth.npy,1,,9,170.7367401123047,170.50669860839844,0.7608872056007385,0.9455736994194807,0.9108831234007173,0.9602310471778448,0,trunk_head_neck_reversed,-5.396082750850724,0.12292324604582916,0.24107142857142858,0.009897221811115742,0.025669701397418976,0.435531419124206,0.4266246454284997,0.0,0.0,0.0,1.0
BCS4__Cow_7,Cow_7,Cow_7,0,4,2,1,420,dataset\4\Cow_7\f_420_rgb.jpg,dataset\4\Cow_7\f_420_depth.npy,1,,9,171.15684509277344,171.240234375,0.48646554350852966,0.9410910773567074,0.8582949291203452,0.9671788042288337,0,trunk_head_neck_reversed,-5.642707041970539,0.10711273649283726,0.31547619047619047,0.004749637562781572,0.01904091238975525,0.4433606059695675,0.43210727499978707,0.0,0.0,0.0,1.0
BCS4__Cow_7,Cow_7,Cow_7,0,4,2,1,435,dataset\4\Cow_7\f_435_rgb.jpg,dataset\4\Cow_7\f_435_depth.npy,1,,7,171.55447387695312,171.548828125,0.704343318939209,0.9470865813306906,0.9326770333258453,0.9650586937573458,0,trunk_head_neck_reversed,-5.20813598093855,0.12493868315061718,0.3005952380952381,0.008321026340126991,0.03407132625579834,0.44845066924619326,0.43279715499664795,0.0,0.0,0.0,1.0
BCS4__Cow_7,Cow_7,Cow_7,0,4,2,1,450,dataset\4\Cow_7\f_450_rgb.jpg,dataset\4\Cow_7\f_450_depth.npy,1,,7,171.53244018554688,171.25521850585938,1.086214542388916,0.9636861434642949,0.9273928428385789,0.9707135964987748,0,trunk_head_neck_reversed,-4.224478504644026,0.08942297840364688,0.3392857142857143,0.011631311848759651,0.0347757562994957,0.4454828463457447,0.4463326597499034,0.0,0.0,0.0,1.0
BCS4__Cow_7,Cow_7,Cow_7,0,4,2,1,465,dataset\4\Cow_7\f_465_rgb.jpg,dataset\4\Cow_7\f_465_depth.npy,1,,7,172.31338500976562,172.60768127441406,1.1580978631973267,0.9478268485095009,0.8835456943871887,0.9614002807155093,0,trunk_head_neck_reversed,-3.2683650745785684,0.05523277239176139,0.32142857142857145,0.010641975328326225,0.03395196422934532,0.4312559933587647,0.4150567354434243,0.0,0.0,0.0,1.0
BCS4__Cow_7_06,Cow_7_06,Cow_7,0,4,2,1,1380,dataset\4\Cow_7_06\f_1380_rgb.jpg,dataset\4\Cow_7_06\f_1380_depth.npy,1,,9,163.90240478515625,163.9853057861328,1.0837451219558716,0.9775484189668283,0.9441271825855712,0.9870730186576797,0,head_neck_trunk,0.659562680530982,0.09949079972967922,0.3710247349823322,0.009927594102919102,0.03101717121899128,0.09912369431851459,0.8641851293293462,0.15773809523809523,0.0,1.0,0.0
BCS4__Cow_7_06,Cow_7_06,Cow_7,0,4,2,1,1425,dataset\4\Cow_7_06\f_1425_rgb.jpg,dataset\4\Cow_7_06\f_1425_depth.npy,1,,7,170.0317840576172,170.3175506591797,0.9227516055107117,0.952926987710696,0.9201134598134311,0.9669605347439509,0,trunk_head_neck_reversed,-7.576627896634577,0.584392284542048,0.3269230769230769,0.010357591323554516,0.0402933731675148,0.5742021081602532,0.12657137156713508,0.0,0.2261904761904762,0.0,1.0
BCS4__Cow_8,Cow_8,Cow_8,2,4,2,1,105,dataset\4\Cow_8\f_105_rgb.jpg,dataset\4\Cow_8\f_105_depth.npy,1,,9,162.6370391845703,162.81529235839844,1.7832274436950684,0.9757078944786863,0.8590072818688841,0.9847174234852105,0,entry_or_trunk_with_rump,3.6007022856816064,0.12088351620752746,0.6011904761904762,0.011074800044298172,0.040468886494636536,0.17232993028836163,0.8723582898981967,0.0,0.0,0.0,0.0
BCS4__Cow_8,Cow_8,Cow_8,2,4,2,1,120,dataset\4\Cow_8\f_120_rgb.jpg,dataset\4\Cow_8\f_120_depth.npy,1,,8,169.43655395507812,169.5523681640625,0.9881691336631775,0.9553274331633161,0.5511821234111777,0.9719210126386,2,head_neck_trunk,2.0331839639073053,0.09330606824602228,0.4226190476190476,0.01818486675620079,0.060358330607414246,0.21632195391838405,0.9014204352260646,0.0,0.0,1.0,0.0
BCS4__Cow_8,Cow_8,Cow_8,2,4,2,1,135,dataset\4\Cow_8\f_135_rgb.jpg,dataset\4\Cow_8\f_135_depth.npy,1,,9,170.16590881347656,170.39874267578125,0.7059666514396667,0.9321603096851895,0.6822892049819371,0.9604326227685887,1,head_neck_trunk,-1.9716421506748247,0.036501655002169286,0.4791666666666667,0.017177915200591087,0.0472978875041008,0.29343166259859593,0.871296515964157,0.0,0.0,1.0,0.0
BCS4__Cow_8,Cow_8,Cow_8,2,4,2,1,150,dataset\4\Cow_8\f_150_rgb.jpg,dataset\4\Cow_8\f_150_depth.npy,1,,6,170.54461669921875,171.02276611328125,0.9267030954360962,0.9492926306932183,0.7674318159922238,0.9623204431719378,1,entry_or_trunk_with_rump,-4.051365578358471,0.06913001003736952,0.5208333333333334,0.013384646736085415,0.046552836894989014,0.41519316188764566,0.786232185085405,0.0,0.0,0.0,0.0
BCS4__Cow_8,Cow_8,Cow_8,2,4,2,1,165,dataset\4\Cow_8\f_165_rgb.jpg,dataset\4\Cow_8\f_165_depth.npy,1,,8,170.92849731445312,171.2336883544922,0.9279997944831848,0.9122258777391609,0.8388275014739844,0.9403904519266766,0,entry_or_trunk_with_rump,-3.003469245148594,0.07436258875323176,0.5327380952380952,0.013361758552491665,0.04596307501196861,0.4125141215530673,0.7853923725822618,0.0,0.0,0.0,0.0
BCS4__Cow_8,Cow_8,Cow_8,2,4,2,1,180,dataset\4\Cow_8\f_180_rgb.jpg,dataset\4\Cow_8\f_180_depth.npy,1,,8,169.510986328125,169.29949951171875,0.6000597476959229,0.9575653980695422,0.8835769356177787,0.9661464708456772,0,entry_or_trunk_with_rump,-0.9634299662345853,0.025601471718161406,0.40476190476190477,0.011103705503046513,0.034896645694971085,0.4019750618838431,0.7958477815432682,0.0,0.0,0.0,0.0
BCS4__Cow_8,Cow_8,Cow_8,2,4,2,1,195,dataset\4\Cow_8\f_195_rgb.jpg,dataset\4\Cow_8\f_195_depth.npy,1,,8,169.85101318359375,169.93869018554688,0.37093228101730347,0.9566595387779937,0.9083804934086546,0.9750101986606637,0,entry_or_trunk_with_rump,-0.9972348717088835,0.04819122980978818,0.3333333333333333,0.01164659671485424,0.03441932424902916,0.4035011365916743,0.7639059908588441,0.0,0.0,0.0,0.0
BCS4__Cow_8,Cow_8,Cow_8,2,4,2,1,210,dataset\4\Cow_8\f_210_rgb.jpg,dataset\4\Cow_8\f_210_depth.npy,1,,6,169.54653930664062,169.7063751220703,0.8334546685218811,0.9173541543489729,0.8287655590044352,0.9303634079313761,0,entry_or_trunk_with_rump,0.06526807392233991,0.06386376606326394,0.33630952380952384,0.006698320619761944,0.019254472106695175,0.3807042401969737,0.7785414818442815,0.0,0.0,0.0,0.0
BCS4__Cow_8,Cow_8,Cow_8,2,4,2,1,225,dataset\4\Cow_8\f_225_rgb.jpg,dataset\4\Cow_8\f_225_depth.npy,1,,7,169.7235107421875,169.65530395507812,0.8306130766868591,0.9626770730256314,0.7681337073718906,0.977019018014628,2,entry_or_trunk_with_rump,1.3210706014361335,0.04187464211346992,0.3898809523809524,0.005932474508881569,0.022728221490979195,0.3197061241564387,0.817678350771963,0.0,0.0,0.0,0.0
BCS4__Cow_8,Cow_8,Cow_8,2,4,2,1,240,dataset\4\Cow_8\f_240_rgb.jpg,dataset\4\Cow_8\f_240_depth.npy,1,,6,170.23309326171875,170.20603942871094,0.5552077293395996,0.966665238166984,0.9278983075416507,0.9784435297993734,0,head_neck_trunk,1.4415824062820093,0.059571189034528516,0.46726190476190477,0.011697504669427872,0.037623725831508636,0.30015202891511406,0.8473961626813983,0.0,0.0,1.0,0.0
BCS4__Cow_8,Cow_8,Cow_8,2,4,2,1,270,dataset\4\Cow_8\f_270_rgb.jpg,dataset\4\Cow_8\f_270_depth.npy,1,,3,169.7779541015625,169.9404296875,0.6754454970359802,0.6765315028535797,0.6176978577407223,0.8311007607783479,2,head_neck_trunk,7.203380461289569,0.3936262536025481,0.41369047619047616,0.022857652977108955,0.06787344813346863,0.16485429196893567,0.8292616037129238,0.0,0.0,1.0,0.0
BCS4__Cow_8,Cow_8,Cow_8,2,4,2,1,285,dataset\4\Cow_8\f_285_rgb.jpg,dataset\4\Cow_8\f_285_depth.npy,1,,3,169.87744140625,170.10121154785156,0.6083269119262695,0.8694787071527146,0.6515324613332736,0.9314281300551865,1,head_neck_trunk,7.033932011278026,0.47086795388962344,0.44072948328267475,0.01573922671377659,0.05747590959072113,0.13834204939143335,0.8552526638105068,0.020833333333333332,0.0,1.0,0.0
BCS4__Cow_8,Cow_8,Cow_8,2,4,2,1,300,dataset\4\Cow_8\f_300_rgb.jpg,dataset\4\Cow_8\f_300_depth.npy,1,,9,166.30154418945312,166.65440368652344,0.8729817271232605,0.973758311666866,0.8932706179660017,0.9834795752983124,0,head_neck_trunk,3.6816405319075898,0.23091679826067946,0.4444444444444444,0.013366937637329102,0.04213680326938629,0.13901050473888668,0.8870864026726297,0.08928571428571429,0.0,1.0,0.0
BCS4__Cow_8,Cow_8,Cow_8,2,4,2,1,315,dataset\4\Cow_8\f_315_rgb.jpg,dataset\4\Cow_8\f_315_depth.npy,1,,9,164.35064697265625,164.50694274902344,0.7459803223609924,0.9777857182343679,0.9097770107402426,0.9872732172867066,0,head_neck_trunk,-0.5200229001426067,0.011365694822700334,0.39100346020761245,0.005323305726051331,0.027448752894997597,0.11395125099139268,0.8970163100484124,0.13988095238095238,0.0,1.0,0.0
BCS4__Cow_8,Cow_8,Cow_8,2,4,2,1,330,dataset\4\Cow_8\f_330_rgb.jpg,dataset\4\Cow_8\f_330_depth.npy,1,,9,164.61155700683594,164.5863494873047,0.8423476815223694,0.9738755131267338,0.9346713154687855,0.9824214052775344,0,entry_or_trunk_with_rump,-3.110081350721103,0.22997276130843147,0.29375,0.007340297568589449,0.023803504183888435,0.060544856159276045,0.879599846500836,0.047619047619047616,0.0,0.0,0.0
BCS4__Cow_8,Cow_8,Cow_8,2,4,2,1,345,dataset\4\Cow_8\f_345_rgb.jpg,dataset\4\Cow_8\f_345_depth.npy,1,,9,165.20150756835938,164.93621826171875,1.3075660467147827,0.9357057470079402,0.907744738849815,0.948850548997107,0,entry_or_trunk_with_rump,-5.555151045657595,0.5689641315564558,0.24702380952380953,0.005184009205549955,0.016874151304364204,0.7996202888125243,0.8768756072124121,0.0,0.0,0.0,0.0
BCS4__Cow_8,Cow_8,Cow_8,2,4,2,1,510,dataset\4\Cow_8\f_510_rgb.jpg,dataset\4\Cow_8\f_510_depth.npy,1,,9,161.96873474121094,162.0525665283203,0.9648253321647644,0.9916885119820265,0.9752534097944916,0.9931485412474501,0,entry_or_trunk_with_rump,-6.843887822497663,0.5938294853993398,0.30097087378640774,0.002989385277032852,0.011554873548448086,0.04263214493289569,0.8342403808800627,0.08035714285714286,0.0,0.0,0.0
BCS4__Cow_8,Cow_8,Cow_8,2,4,2,1,525,dataset\4\Cow_8\f_525_rgb.jpg,dataset\4\Cow_8\f_525_depth.npy,1,,9,164.5482635498047,164.5336456298828,0.49207398295402527,0.9829377507721343,0.9731373764156318,0.9880978638759743,0,head_neck_trunk,-7.0069932793567915,0.6364963235524925,0.34408602150537637,0.008324215188622475,0.030774906277656555,0.11012094119517771,0.8261576537535422,0.16964285714285715,0.0,1.0,0.0
BCS4__Cow_8,Cow_8,Cow_8,2,4,2,1,570,dataset\4\Cow_8\f_570_rgb.jpg,dataset\4\Cow_8\f_570_depth.npy,1,,7,169.6185302734375,169.41285705566406,0.8733533024787903,0.9553828540150602,0.8890675072314982,0.9702382573986532,0,head_neck_trunk,3.031510471192064,0.05970519737149971,0.49404761904761907,0.013453473336994648,0.03972351551055908,0.388227692624396,0.798299924631346,0.0,0.0,1.0,0.0
BCS4__Cow_8,Cow_8,Cow_8,2,4,2,1,585,dataset\4\Cow_8\f_585_rgb.jpg,dataset\4\Cow_8\f_585_depth.npy,1,,6,170.98916625976562,170.96006774902344,0.5478770732879639,0.9238331143530816,0.8485310561375954,0.9428289323970664,0,entry_or_trunk_with_rump,0.0964152063418311,0.0964152063418311,0.5297619047619048,0.013730425387620926,0.04669221490621567,0.46190859121103045,0.7422204819857964,0.0,0.0,0.0,0.0
BCS4__Cow_8,Cow_8,Cow_8,2,4,2,1,600,dataset\4\Cow_8\f_600_rgb.jpg,dataset\4\Cow_8\f_600_depth.npy,1,,7,171.99661254882812,171.92074584960938,0.407503604888916,0.9344069695749131,0.6279452709638054,0.9549853279042777,1,entry_or_trunk_with_rump,-0.5021185045172984,0.04174581867384575,0.5446428571428571,0.0147319957613945,0.049613483250141144,0.4565195987121826,0.7159375155359883,0.0,0.0,0.0,0.0
BCS4__Cow_8,Cow_8,Cow_8,2,4,2,1,615,dataset\4\Cow_8\f_615_rgb.jpg,dataset\4\Cow_8\f_615_depth.npy,1,,4,170.6065673828125,170.64126586914062,0.2296273410320282,0.9810091886530876,0.9493523714963316,0.9853760167881136,0,entry_or_trunk_with_rump,0.2766018890814621,0.08217511526063959,0.47619047619047616,0.01639944314956665,0.045178599655628204,0.4703836829598976,0.7409239694703917,0.0,0.0,0.0,0.0
BCS4__Cow_8,Cow_8,Cow_8,2,4,2,1,630,dataset\4\Cow_8\f_630_rgb.jpg,dataset\4\Cow_8\f_630_depth.npy,1,,8,169.62808227539062,169.9866180419922,0.9132081866264343,0.9414551347825584,0.7378747356981996,0.9588781821937118,1,entry_or_trunk_with_rump,0.6786933686970968,0.04659062170155437,0.41964285714285715,0.01784808188676834,0.05307593196630478,0.5048478467942324,0.7606317078749577,0.0,0.0,0.0,0.0
BCS4__Cow_8,Cow_8,Cow_8,2,4,2,1,645,dataset\4\Cow_8\f_645_rgb.jpg,dataset\4\Cow_8\f_645_depth.npy,1,,6,172.28274536132812,172.24949645996094,0.7762183547019958,0.9317407315155551,0.6722250716831804,0.9437470111521127,1,entry_or_trunk_with_rump,0.788453124590049,0.03522017807802058,0.42857142857142855,0.012341167777776718,0.04155217483639717,0.5192001010277032,0.7716400420895838,0.0,0.0,0.0,0.0
BCS4__Cow_8,Cow_8,Cow_8,2,4,2,1,660,dataset\4\Cow_8\f_660_rgb.jpg,dataset\4\Cow_8\f_660_depth.npy,1,,5,171.61428833007812,171.66038513183594,1.295224666595459,0.951620453541614,0.7357624640293903,0.9716668333790627,1,entry_or_trunk_with_rump,1.1177965001367483,0.04511798251479604,0.4494047619047619,0.013367895036935806,0.04123632237315178,0.5146786976949652,0.7509551447455408,0.0,0.0,0.0,0.0
BCS4__Cow_8,Cow_8,Cow_8,2,4,2,1,675,dataset\4\Cow_8\f_675_rgb.jpg,dataset\4\Cow_8\f_675_depth.npy,1,,7,170.88658142089844,171.18882751464844,1.1316885948181152,0.9349927138046867,0.8586575124546391,0.9582445224292737,0,entry_or_trunk_with_rump,1.1670024083850024,0.03673922910054728,0.42857142857142855,0.015747657045722008,0.04876701161265373,0.5147536590960596,0.7699868918892191,0.0,0.0,0.0,0.0
BCS4__Cow_8_9012,Cow_8_9012,Cow_8,2,4,2,1,1005,dataset\4\Cow_8_9012\f_1005_rgb.jpg,dataset\4\Cow_8_9012\f_1005_depth.npy,1,,7,170.39157104492188,169.41810607910156,1.5871855020523071,0.8858469099616954,0.7959771944210392,0.9328272252284766,1,entry_or_trunk_with_rump,6.639611284946312,0.29476634300836224,0.625,0.011704465374350548,0.049054067581892014,0.36906165169054134,0.8876317732022038,0.0,0.0,0.0,0.0
BCS4__Cow_8_9012,Cow_8_9012,Cow_8,2,4,2,1,1035,dataset\4\Cow_8_9012\f_1035_rgb.jpg,dataset\4\Cow_8_9012\f_1035_depth.npy,1,,3,173.96168518066406,173.65968322753906,0.6069605946540833,0.9569625415304357,0.9389334258009405,0.9671971082873756,0,trunk_dominant,1.3363430981861484,0.029398431844441575,0.42857142857142855,0.0037027092184871435,0.017551351338624954,0.5064978741918393,0.1894301491356523,0.0,0.0,1.0,1.0
BCS4__Cow_9,Cow_9,Cow_9,2,4,2,1,15,dataset\4\Cow_9\f_15_rgb.jpg,dataset\4\Cow_9\f_15_depth.npy,1,,4,173.7186279296875,173.52798461914062,0.38128596544265747,0.9651329754178057,0.9101090871408132,0.9741289003273728,0,trunk_head_neck_reversed,4.491074848704329,0.032344415289287554,0.3005952380952381,0.012893867678940296,0.038198865950107574,0.3530530330856317,0.44759712140698327,0.0,0.0,0.0,1.0
BCS4__Cow_9,Cow_9,Cow_9,2,4,2,1,30,dataset\4\Cow_9\f_30_rgb.jpg,dataset\4\Cow_9\f_30_depth.npy,1,,3,173.00157165527344,173.01051330566406,0.3416524827480316,0.9712452674628475,0.922598008438908,0.971825698561747,0,trunk_head_neck_reversed,-0.11822726326910526,0.11822726326910526,0.2708333333333333,0.013596313074231148,0.04191937670111656,0.34595147830766004,0.4760189150309015,0.0,0.0,0.0,1.0
BCS4__Cow_9,Cow_9,Cow_9,2,4,2,1,75,dataset\4\Cow_9\f_75_rgb.jpg,dataset\4\Cow_9\f_75_depth.npy,1,,5,172.19287109375,172.38623046875,1.2991957664489746,0.9583360444708843,0.8699214098210045,0.9648603631901931,0,trunk_head_neck_reversed,5.6597330728737205,0.024174569234219234,0.2619047619047619,0.008379735983908176,0.03087002970278263,0.19794368243045463,0.3033698361429084,0.0,0.0,0.0,1.0
BCS4__Cow_9,Cow_9,Cow_9,2,4,2,1,90,dataset\4\Cow_9\f_90_rgb.jpg,dataset\4\Cow_9\f_90_depth.npy,1,,8,171.36752319335938,171.19430541992188,2.703199625015259,0.9552538037959806,0.9038126114172309,0.9721245566528851,0,trunk_dominant,-2.938965149485341,0.006892327819741695,0.43373493975903615,0.01227212231606245,0.034592095762491226,0.08603541978028788,0.2574690763625501,0.25,0.008928571428571428,1.0,1.0
BCS4__Cow_9,Cow_9,Cow_9,2,4,2,1,105,dataset\4\Cow_9\f_105_rgb.jpg,dataset\4\Cow_9\f_105_depth.npy,1,,8,166.58279418945312,167.3095703125,4.322412967681885,0.9631168523743829,0.738141788082167,0.9687606979578376,2,trunk_dominant,-4.5911242332266795,0.016499744575895647,0.5043103448275862,0.020239386707544327,0.05934274569153786,0.11727797204274347,0.23904015629064648,0.26785714285714285,0.041666666666666664,1.0,1.0
BCS4__Cow_9,Cow_9,Cow_9,2,4,2,1,120,dataset\4\Cow_9\f_120_rgb.jpg,dataset\4\Cow_9\f_120_depth.npy,1,,9,163.6450958251953,164.48123168945312,4.089491844177246,0.9828334728238415,0.9343831590744107,0.9861026167948934,0,trunk_dominant,-1.1510541728517438,0.006468949243966904,0.5964912280701754,0.019478408619761467,0.0687539353966713,0.12326424554038529,0.23665666167299673,0.2708333333333333,0.050595238095238096,1.0,1.0
BCS4__Cow_9,Cow_9,Cow_9,2,4,2,1,135,dataset\4\Cow_9\f_135_rgb.jpg,dataset\4\Cow_9\f_135_depth.npy,1,,9,163.13975524902344,164.29354858398438,3.6146774291992188,0.9518283121371455,0.8818950582019359,0.9703798216202306,0,trunk_dominant,2.7541737197791463,0.0038569484090231754,0.5745614035087719,0.015485155396163464,0.041963085532188416,0.12073479807227473,0.2304336482937654,0.25892857142857145,0.0625,1.0,1.0
BCS4__Cow_9,Cow_9,Cow_9,2,4,2,1,150,dataset\4\Cow_9\f_150_rgb.jpg,dataset\4\Cow_9\f_150_depth.npy,1,,8,161.44918823242188,162.96450805664062,3.196603775024414,0.9797686887307397,0.9208521451946879,0.9861836617796111,0,trunk_dominant,4.578994006560052,0.01710793030106572,0.5822222222222222,0.01563708484172821,0.053556185215711594,0.1559357260611721,0.22235893980199936,0.2619047619047619,0.06845238095238096,1.0,1.0
BCS4__Cow_9,Cow_9,Cow_9,2,4,2,1,165,dataset\4\Cow_9\f_165_rgb.jpg,dataset\4\Cow_9\f_165_depth.npy,1,,9,161.2500457763672,163.0618133544922,3.6389517784118652,0.9716337330728845,0.9274609285523174,0.9803846111194328,0,trunk_dominant,4.197856510275415,0.044955051573396076,0.5866666666666667,0.017076119780540466,0.056948572397232056,0.12294021592571729,0.24114688301179046,0.25297619047619047,0.07738095238095238,1.0,1.0
BCS4__Cow_9,Cow_9,Cow_9,2,4,2,1,180,dataset\4\Cow_9\f_180_rgb.jpg,dataset\4\Cow_9\f_180_depth.npy,1,,9,159.7254638671875,162.6023712158203,4.152161121368408,0.9806104243958217,0.9189976216521181,0.9855774474874066,0,trunk_dominant,4.319744811848167,0.009673749248563013,0.5919282511210763,0.01713518798351288,0.06805731356143951,0.13170130314050407,0.2420809844594926,0.2619047619047619,0.0744047619047619,1.0,1.0
BCS4__Cow_9,Cow_9,Cow_9,2,4,2,1,195,dataset\4\Cow_9\f_195_rgb.jpg,dataset\4\Cow_9\f_195_depth.npy,1,,9,162.42185974121094,163.7308349609375,3.9954941272735596,0.9682450079168151,0.8761401633306829,0.9710453139185385,0,trunk_dominant,4.110198425874486,0.020458787155334335,0.59375,0.016181927174329758,0.05362469330430031,0.1360212862605908,0.2231116721746227,0.27380952380952384,0.05952380952380952,1.0,1.0
BCS4__Cow_9,Cow_9,Cow_9,2,4,2,1,210,dataset\4\Cow_9\f_210_rgb.jpg,dataset\4\Cow_9\f_210_depth.npy,1,,9,161.29672241210938,163.60215759277344,4.409703254699707,0.9643720627320279,0.911462848992293,0.9756445970712788,0,trunk_dominant,5.032941236861049,0.039079416226158514,0.5859030837004405,0.015901140868663788,0.05739748850464821,0.11899776091192346,0.25746525060740855,0.27380952380952384,0.050595238095238096,1.0,1.0
BCS4__Cow_9,Cow_9,Cow_9,2,4,2,1,225,dataset\4\Cow_9\f_225_rgb.jpg,dataset\4\Cow_9\f_225_depth.npy,1,,8,160.9277801513672,162.57745361328125,3.3962554931640625,0.9829082667478068,0.9546014782164025,0.9878018073539252,0,trunk_dominant,4.590915779027085,0.0265062287049318,0.5982142857142857,0.017782514914870262,0.06505749374628067,0.15659373891461995,0.21143950000497527,0.30654761904761907,0.026785714285714284,1.0,1.0
BCS4__Cow_9,Cow_9,Cow_9,2,4,2,1,240,dataset\4\Cow_9\f_240_rgb.jpg,dataset\4\Cow_9\f_240_depth.npy,1,,9,162.8561248779297,164.57493591308594,5.424585342407227,0.9761435251494587,0.5838031526536368,0.9868209285335585,2,trunk_dominant,5.020768597748102,0.04462320621914273,0.5682819383259912,0.019588110968470573,0.07179185003042221,0.1773286398254315,0.19443594037318937,0.3244047619047619,0.0,1.0,1.0
BCS4__Cow_9,Cow_9,Cow_9,2,4,2,1,255,dataset\4\Cow_9\f_255_rgb.jpg,dataset\4\Cow_9\f_255_depth.npy,1,,7,162.30528259277344,163.55709838867188,3.115164041519165,0.9843227559583042,0.904184033387252,0.9892477024442538,0,trunk_dominant,9.11119068343433,0.04909444988679468,0.602803738317757,0.013280791230499744,0.045163679867982864,0.1594212162516212,0.4513859781688629,0.3630952380952381,0.0,1.0,1.0
BCS4__Cow_9,Cow_9,Cow_9,2,4,2,1,270,dataset\4\Cow_9\f_270_rgb.jpg,dataset\4\Cow_9\f_270_depth.npy,1,,7,165.87400817871094,166.79832458496094,4.483945846557617,0.9726207659842208,0.9256274508287223,0.9805352842562081,0,trunk_dominant,12.996701074978901,0.8037800297293245,0.5821596244131455,0.00732860853895545,0.030058400705456734,0.08997889661681811,0.5498683848751044,0.36607142857142855,0.0,1.0,1.0
BCS4__Cow_9,Cow_9,Cow_9,2,4,2,1,285,dataset\4\Cow_9\f_285_rgb.jpg,dataset\4\Cow_9\f_285_depth.npy,1,,9,163.28627014160156,165.0618438720703,4.072652339935303,0.973471727751169,0.8981500671247546,0.9777748828580759,0,head_neck_trunk,10.072941510060673,1.5028218959563446,0.6028708133971292,0.005214383825659752,0.021880973130464554,0.09048226373046436,0.5731024523655983,0.37797619047619047,0.0,1.0,0.0
BCS4__Cow_9,Cow_9,Cow_9,2,4,2,1,360,dataset\4\Cow_9\f_360_rgb.jpg,dataset\4\Cow_9\f_360_depth.npy,1,,4,171.0037841796875,171.07400512695312,0.4179944396018982,0.9438141998828757,0.8920159106454967,0.9486912340907129,0,trunk_head_neck_reversed,3.7450911074916036,0.10483972667493902,0.2767857142857143,0.007239289581775665,0.025057217106223106,0.31407876626680536,0.431707046076092,0.0,0.0,0.0,1.0
BCS4__Cow_9,Cow_9,Cow_9,2,4,2,1,375,dataset\4\Cow_9\f_375_rgb.jpg,dataset\4\Cow_9\f_375_depth.npy,1,,3,172.14149475097656,171.25653076171875,1.423872470855713,0.9238404065227811,0.8506211267730291,0.9329515696081454,0,trunk_head_neck_reversed,2.907165163342242,0.066631459478387,0.23511904761904762,0.0043768445029854774,0.017615368589758873,0.32035454897282684,0.4251396518081125,0.0,0.0,0.0,1.0
BCS4__Cow_9_NOTAG,Cow_9_NOTAG,Cow_9,2,4,2,1,240,dataset\4\Cow_9_NOTAG\f_240_rgb.jpg,dataset\4\Cow_9_NOTAG\f_240_depth.npy,1,,4,169.96051025390625,169.99569702148438,0.43044182658195496,0.9503210706384846,0.9393141156565625,0.9538820876139728,0,entry_or_trunk_with_rump,4.712073091580919,0.04852741049514009,0.25595238095238093,0.03535519540309906,0.08856325596570969,0.2207959763536453,0.836302192826171,0.0,0.0,0.0,0.0
BCS4__Cow_9_NOTAG,Cow_9_NOTAG,Cow_9,2,4,2,1,270,dataset\4\Cow_9_NOTAG\f_270_rgb.jpg,dataset\4\Cow_9_NOTAG\f_270_depth.npy,1,,8,169.150634765625,169.43746948242188,1.1057308912277222,0.9694014198051304,0.938987833269879,0.9732899116013229,0,trunk_head_neck_reversed,-0.6468166145012191,0.09285375249517358,0.5381679389312977,0.006247029639780521,0.017171692103147507,0.6478571238090085,0.1051677976926298,0.0,0.22023809523809523,0.0,1.0
BCS5__Cow_10_0029,Cow_10_0029,Cow_10,2,5,3,1,135,dataset\5\Cow_10_0029\f_135_rgb.jpg,dataset\5\Cow_10_0029\f_135_depth.npy,1,,9,164.50050354003906,164.5312042236328,0.6132286190986633,0.9803090775676887,0.9416922512052789,0.985648018241301,0,head_neck_trunk,6.635340231091419,0.4945506532483819,0.3236514522821577,0.0092764375731349,0.0297786183655262,0.13198910335470845,0.817265844305308,0.28273809523809523,0.0,1.0,0.0
BCS5__Cow_10_0029,Cow_10_0029,Cow_10,2,5,3,1,150,dataset\5\Cow_10_0029\f_150_rgb.jpg,dataset\5\Cow_10_0029\f_150_depth.npy,1,,9,171.1713409423828,171.00360107421875,1.1589447259902954,0.9859688982005848,0.8193157203697254,0.9883568940206318,0,head_neck_trunk,5.6041456773872085,0.3772017992101695,0.3836065573770492,0.01031381543725729,0.030156567692756653,0.15088080743175367,0.8347111499286948,0.09226190476190477,0.0,1.0,0.0
BCS5__Cow_10_0029,Cow_10_0029,Cow_10,2,5,3,1,195,dataset\5\Cow_10_0029\f_195_rgb.jpg,dataset\5\Cow_10_0029\f_195_depth.npy,1,,6,172.01513671875,172.3434600830078,0.8531203866004944,0.9531818128522415,0.829055600080254,0.9673440222208798,0,trunk_head_neck_reversed,6.5579120423351185,0.06379611879900438,0.22321428571428573,0.013741817325353622,0.053779542446136475,0.4327830917597459,0.3020231240165135,0.0,0.0,0.0,1.0
BCS5__Cow_10_0029,Cow_10_0029,Cow_10,2,5,3,1,210,dataset\5\Cow_10_0029\f_210_rgb.jpg,dataset\5\Cow_10_0029\f_210_depth.npy,1,,8,172.3724365234375,172.51510620117188,0.9645681381225586,0.9359447965297951,0.5840977366132958,0.9618273892929716,1,trunk_head_neck_reversed,8.509656093847326,0.26954736937564405,0.3471698113207547,0.01324972789734602,0.04714890941977501,0.6105581653597746,0.2376460187989264,0.0,0.2113095238095238,0.0,1.0
BCS5__Cow_10_0029,Cow_10_0029,Cow_10,2,5,3,1,225,dataset\5\Cow_10_0029\f_225_rgb.jpg,dataset\5\Cow_10_0029\f_225_depth.npy,1,,4,170.87396240234375,170.7161865234375,0.38649964332580566,0.8656309353718618,0.37678713752269666,0.916490905487946,2,trunk_head_neck_reversed,3.682806718118556,0.3013335340195198,0.6082949308755761,0.006796687375754118,0.018818210810422897,0.6711359101192031,0.18001634570220834,0.0,0.3541666666666667,0.0,1.0
BCS5__Cow_12_6006,Cow_12_6006,Cow_12,1,5,3,1,360,dataset\5\Cow_12_6006\f_360_rgb.jpg,dataset\5\Cow_12_6006\f_360_depth.npy,1,,9,167.7547149658203,167.8109588623047,0.7995003461837769,0.9901579938080017,0.9587417635002186,0.9917925643298955,0,trunk_head_neck_reversed,-7.420600765382659,0.6767233114224069,0.5397489539748954,0.00901186652481556,0.031685855239629745,0.7157568497641618,0.1377622185190352,0.0,0.28869047619047616,0.0,1.0
BCS5__Cow_12_NOTAG,Cow_12_NOTAG,Cow_12,1,5,3,1,180,dataset\5\Cow_12_NOTAG\f_180_rgb.jpg,dataset\5\Cow_12_NOTAG\f_180_depth.npy,1,,9,171.1470489501953,171.14134216308594,0.9638910889625549,0.9735537214175634,0.8824253906421499,0.9814818814888288,0,head_neck_trunk,8.71620082508413,0.01793562658143344,0.7142857142857143,0.013944140635430813,0.07212705165147781,0.1564557395548592,0.6293491203214814,0.4583333333333333,0.0,1.0,0.0
BCS5__Cow_12_NOTAG,Cow_12_NOTAG,Cow_12,1,5,3,1,195,dataset\5\Cow_12_NOTAG\f_195_rgb.jpg,dataset\5\Cow_12_NOTAG\f_195_depth.npy,1,,8,174.43617248535156,174.3517303466797,0.3390744626522064,0.9423296285123941,0.8420138749272565,0.9668176473438381,0,trunk_dominant,10.183123731493211,0.0006394230884723129,0.3435114503816794,0.044789522886276245,0.1253810077905655,0.28036132980480183,0.5198949974995951,0.22023809523809523,0.0,1.0,1.0
BCS5__Cow_12_NOTAG,Cow_12_NOTAG,Cow_12,1,5,3,1,225,dataset\5\Cow_12_NOTAG\f_225_rgb.jpg,dataset\5\Cow_12_NOTAG\f_225_depth.npy,1,,9,169.63949584960938,170.18109130859375,2.4519641399383545,0.9549297114009712,0.7498689515228567,0.9725102559477351,1,trunk_dominant,8.872290113811914,0.400244883488142,0.518918918918919,0.011008106172084808,0.04021720588207245,0.48625081016841587,0.1468748458930434,0.0,0.4494047619047619,1.0,1.0
BCS5__Cow_13,Cow_13,Cow_13,1,5,3,1,0,dataset\5\Cow_13\f_0_rgb.jpg,dataset\5\Cow_13\f_0_depth.npy,1,,9,170.6942596435547,170.14913940429688,1.418191909790039,0.9596125239248322,0.8847277260876769,0.975707207528237,0,entry_or_trunk_with_rump,3.0090176373088013,0.037361805298345985,0.3125,0.007416307460516691,0.027326714247465134,0.4295838241119102,0.5735877990505466,0.0,0.0,0.0,0.0
BCS5__Cow_13,Cow_13,Cow_13,1,5,3,1,45,dataset\5\Cow_13\f_45_rgb.jpg,dataset\5\Cow_13\f_45_depth.npy,1,,7,172.21290588378906,172.53799438476562,1.0247204303741455,0.9625000087709363,0.9308328493146669,0.9683911658996521,0,trunk_head_neck_reversed,6.713971257843852,0.006283059391819279,0.28012048192771083,0.010532617568969727,0.0334843285381794,0.3397122105370977,0.2877256244263036,0.0,0.011904761904761904,0.0,1.0
BCS5__Cow_13,Cow_13,Cow_13,1,5,3,1,60,dataset\5\Cow_13\f_60_rgb.jpg,dataset\5\Cow_13\f_60_depth.npy,1,,5,171.56484985351562,171.96585083007812,1.0310331583023071,0.9255046237185272,0.8140825037358805,0.9328112783640194,0,trunk_head_neck_reversed,4.511538235579351,0.029853795406182826,0.2796352583586626,0.00678972527384758,0.025103125721216202,0.35106152179823924,0.2762204454982186,0.0,0.020833333333333332,0.0,1.0
BCS5__Cow_13,Cow_13,Cow_13,1,5,3,1,75,dataset\5\Cow_13\f_75_rgb.jpg,dataset\5\Cow_13\f_75_depth.npy,1,,8,172.06234741210938,171.8968963623047,1.8356951475143433,0.975591735145539,0.9457463522027204,0.9823443553447836,0,trunk_head_neck_reversed,3.912046607806886,0.019628325644461597,0.2948328267477204,0.011152676306664944,0.042861275374889374,0.36310856162780725,0.29781552169683484,0.0,0.020833333333333332,0.0,1.0
BCS5__Cow_13,Cow_13,Cow_13,1,5,3,1,90,dataset\5\Cow_13\f_90_rgb.jpg,dataset\5\Cow_13\f_90_depth.npy,1,,8,172.1937255859375,171.99037170410156,1.246612787246704,0.9761772750609193,0.8811746816919938,0.9803708444273513,0,trunk_head_neck_reversed,3.564976071399954,0.0027011586440011115,0.2926829268292683,0.014551383443176746,0.042129646986722946,0.34556308381510603,0.29749253274967025,0.0,0.023809523809523808,0.0,1.0
BCS5__Cow_13,Cow_13,Cow_13,1,5,3,1,105,dataset\5\Cow_13\f_105_rgb.jpg,dataset\5\Cow_13\f_105_depth.npy,1,,9,173.31434631347656,171.89382934570312,2.5979557037353516,0.9510345492769275,0.9188971492884801,0.9662734985770165,0,trunk_head_neck_reversed,3.2853512381205263,0.0024956049237090383,0.32621951219512196,0.006404247134923935,0.02591497264802456,0.3574053967748612,0.28744388007577226,0.0,0.023809523809523808,0.0,1.0
BCS5__Cow_13,Cow_13,Cow_13,1,5,3,1,120,dataset\5\Cow_13\f_120_rgb.jpg,dataset\5\Cow_13\f_120_depth.npy,1,,6,172.7973175048828,172.71839904785156,1.2975701093673706,0.9454055833518114,0.9120771270096142,0.9592950796404754,0,trunk_head_neck_reversed,2.677590919873282,0.012306780750591884,0.31402439024390244,0.006136501207947731,0.02541150525212288,0.35873235180630403,0.29818809260396906,0.0,0.023809523809523808,0.0,1.0
BCS5__Cow_13,Cow_13,Cow_13,1,5,3,1,135,dataset\5\Cow_13\f_135_rgb.jpg,dataset\5\Cow_13\f_135_depth.npy,1,,8,173.21810913085938,172.66970825195312,2.0787770748138428,0.9655465975345163,0.9346416133673404,0.9725841905806285,0,trunk_head_neck_reversed,1.0984375669391397,0.0003385217132603202,0.29393939393939394,0.01519583910703659,0.05030544474720955,0.35503247002826394,0.2578309267387429,0.0,0.017857142857142856,0.0,1.0
BCS5__Cow_13,Cow_13,Cow_13,1,5,3,1,150,dataset\5\Cow_13\f_150_rgb.jpg,dataset\5\Cow_13\f_150_depth.npy,1,,6,172.27401733398438,172.7424774169922,1.0257591009140015,0.9290947375615237,0.9254948642607727,0.9529638105909306,0,trunk_head_neck_reversed,0.0008044676650200699,0.0008044676650200699,0.26443768996960487,0.015503489412367344,0.0486280731856823,0.3531113838493343,0.2778683482889223,0.0,0.020833333333333332,0.0,1.0
BCS5__Cow_13,Cow_13,Cow_13,1,5,3,1,165,dataset\5\Cow_13\f_165_rgb.jpg,dataset\5\Cow_13\f_165_depth.npy,1,,6,172.81072998046875,172.8224334716797,0.7294268012046814,0.8966500180002724,0.8517808160940777,0.9316293449150015,0,trunk_head_neck_reversed,-0.43935241607412934,0.03722799748427974,0.25914634146341464,0.0098731005564332,0.03714970499277115,0.3700573360471111,0.2858077431966688,0.0,0.023809523809523808,0.0,1.0
BCS5__Cow_13,Cow_13,Cow_13,1,5,3,1,180,dataset\5\Cow_13\f_180_rgb.jpg,dataset\5\Cow_13\f_180_depth.npy,1,,5,172.91778564453125,173.2838134765625,0.9049100875854492,0.9475820896309726,0.9315006035090012,0.9609578056011826,0,trunk_head_neck_reversed,0.3256603022354625,0.06144672010285035,0.23547400611620795,0.009432205930352211,0.03587426617741585,0.35448322198473653,0.2845176587324615,0.0,0.026785714285714284,0.0,1.0
BCS5__Cow_13,Cow_13,Cow_13,1,5,3,1,195,dataset\5\Cow_13\f_195_rgb.jpg,dataset\5\Cow_13\f_195_depth.npy,1,,7,174.03651428222656,173.876220703125,0.5471232533454895,0.9269166709311402,0.9045591814202294,0.9522744597038931,0,trunk_head_neck_reversed,0.33090869525800315,0.060920351543018114,0.25382262996941896,0.013742992654442787,0.043848916888237,0.33933257768843583,0.2893019889039918,0.0,0.026785714285714284,0.0,1.0
BCS5__Cow_13,Cow_13,Cow_13,1,5,3,1,210,dataset\5\Cow_13\f_210_rgb.jpg,dataset\5\Cow_13\f_210_depth.npy,1,,4,171.8272705078125,171.9800567626953,0.5366612076759338,0.9306941017981052,0.8840314936703234,0.950682243914648,0,trunk_head_neck_reversed,-0.9609871138890611,0.027278058133845207,0.2599388379204893,0.0077278269454836845,0.0320039764046669,0.3374857323749056,0.26658645437577116,0.0,0.026785714285714284,0.0,1.0
BCS5__Cow_13,Cow_13,Cow_13,1,5,3,1,240,dataset\5\Cow_13\f_240_rgb.jpg,dataset\5\Cow_13\f_240_depth.npy,1,,7,174.09744262695312,173.5740966796875,1.7333145141601562,0.9324073648577706,0.8708117348824788,0.9508088416253213,0,trunk_dominant,1.0815438048331742,0.015424715750015139,0.38006230529595014,0.011182399466633797,0.03673785552382469,0.28829539384812025,0.22765839970867272,0.0,0.044642857142857144,1.0,1.0
BCS5__Cow_13,Cow_13,Cow_13,1,5,3,1,255,dataset\5\Cow_13\f_255_rgb.jpg,dataset\5\Cow_13\f_255_depth.npy,1,,6,168.25314331054688,166.53814697265625,4.124215602874756,0.9152766540695183,0.7403083063536458,0.935704091404675,1,trunk_dominant,2.9260794229574856,0.29435741163851503,0.6964285714285714,0.02475259266793728,0.08186060935258865,0.5081842757233893,0.091826398399212,0.0,0.0,1.0,1.0
BCS5__Cow_13,Cow_13,Cow_13,1,5,3,1,270,dataset\5\Cow_13\f_270_rgb.jpg,dataset\5\Cow_13\f_270_depth.npy,1,,5,167.9399871826172,166.63095092773438,3.112241744995117,0.9319434929701995,0.7427825671857091,0.9397447976476665,1,trunk_dominant,5.57271194267129,0.49015040395873655,0.7321428571428571,0.030987925827503204,0.09332514554262161,0.4560502517695709,0.0846971456926178,0.0,0.0,1.0,1.0
BCS5__Cow_13,Cow_13,Cow_13,1,5,3,1,285,dataset\5\Cow_13\f_285_rgb.jpg,dataset\5\Cow_13\f_285_depth.npy,1,,5,172.83580017089844,172.47650146484375,2.2359235286712646,0.9636156030783036,0.773170494261048,0.972980772413394,1,trunk_dominant,-4.446150669175751,0.044448707278746724,0.3993055555555556,0.012613028287887573,0.04072806239128113,0.27672319084203595,0.19896258121074864,0.0,0.14285714285714285,1.0,1.0
BCS5__Cow_13,Cow_13,Cow_13,1,5,3,1,300,dataset\5\Cow_13\f_300_rgb.jpg,dataset\5\Cow_13\f_300_depth.npy,1,,7,174.21131896972656,173.29759216308594,2.379528284072876,0.932609429482933,0.8675900686278689,0.9488969068506008,0,trunk_dominant,-4.736858617492345,0.0453000559701735,0.3908450704225352,0.01994011364877224,0.0604361817240715,0.2892613063831685,0.22107264084383715,0.0,0.15476190476190477,1.0,1.0
BCS5__Cow_13,Cow_13,Cow_13,1,5,3,1,315,dataset\5\Cow_13\f_315_rgb.jpg,dataset\5\Cow_13\f_315_depth.npy,1,,9,174.0503692626953,173.47314453125,1.7978236675262451,0.9249743732795811,0.7001452633318879,0.9416424111420065,1,trunk_dominant,0.10874412949922885,0.10874412949922885,0.45791245791245794,0.018175195902585983,0.05748821422457695,0.31307517858797473,0.21386835977024654,0.0,0.11607142857142858,1.0,1.0
BCS5__Cow_13,Cow_13,Cow_13,1,5,3,1,330,dataset\5\Cow_13\f_330_rgb.jpg,dataset\5\Cow_13\f_330_depth.npy,1,,8,174.8781280517578,174.79368591308594,0.5998351573944092,0.9255585223431297,0.8809311344987368,0.9486068289923555,0,trunk_dominant,5.674629878226213,0.029034097480789,0.40822784810126583,0.01294544618576765,0.05795567110180855,0.2402867645808022,0.21045218380538067,0.0,0.05952380952380952,1.0,1.0
BCS5__Cow_13_8001,Cow_13_8001,Cow_13,1,5,3,1,345,dataset\5\Cow_13_8001\f_345_rgb.jpg,dataset\5\Cow_13_8001\f_345_depth.npy,1,,8,169.99752807617188,170.0498504638672,0.6373112797737122,0.942988356381739,0.8992047194507692,0.9631672902909831,0,entry_or_trunk_with_rump,3.9168246383022165,0.1483520872937305,0.7440476190476191,0.017537323758006096,0.07607422024011612,0.6522057187207203,0.8171294414814753,0.0,0.0,0.0,0.0
BCS5__Cow_13_8001,Cow_13_8001,Cow_13,1,5,3,1,360,dataset\5\Cow_13_8001\f_360_rgb.jpg,dataset\5\Cow_13_8001\f_360_depth.npy,1,,7,170.81878662109375,171.13681030273438,1.0124036073684692,0.9517661549428935,0.9358465005517462,0.961205294939471,0,trunk_head_neck_reversed,-0.5226598994961478,0.011800077847283319,0.5850746268656717,0.016303902491927147,0.06014302745461464,0.6560579124269955,0.2047031687719149,0.0,0.002976190476190476,0.0,1.0
BCS5__Cow_13_8001,Cow_13_8001,Cow_13,1,5,3,1,375,dataset\5\Cow_13_8001\f_375_rgb.jpg,dataset\5\Cow_13_8001\f_375_depth.npy,1,,7,171.1967010498047,170.30030822753906,1.5857137441635132,0.9708693807609673,0.9506136340360494,0.9782386841875812,0,trunk_head_neck_reversed,2.120729422458041,0.13850583803203165,0.5288888888888889,0.01224968396127224,0.04091692343354225,0.6450492130551777,0.11082102080000084,0.0,0.33035714285714285,0.0,1.0
BCS5__Cow_14_1044,Cow_14_1044,Cow_14,1,5,3,1,330,dataset\5\Cow_14_1044\f_330_rgb.jpg,dataset\5\Cow_14_1044\f_330_depth.npy,1,,9,164.92591857910156,164.64776611328125,1.999945878982544,0.9292909587421354,0.8874864634494,0.9523356787770854,0,head_neck_trunk,7.394935286732888,0.4304924058405817,0.3539518900343643,0.009687493555247784,0.029795145615935326,0.11369657532671126,0.8639944787838344,0.13392857142857142,0.0,1.0,0.0
BCS5__Cow_14_1044,Cow_14_1044,Cow_14,1,5,3,1,360,dataset\5\Cow_14_1044\f_360_rgb.jpg,dataset\5\Cow_14_1044\f_360_depth.npy,1,,8,168.24856567382812,167.9276123046875,1.4517154693603516,0.9663026943943556,0.9472743502609433,0.976400807010513,0,trunk_head_neck_reversed,0.5780289404810333,0.17052041376365423,0.5538461538461539,0.018931742757558823,0.06168697774410248,0.7555785059522955,0.1602612219147176,0.0,0.41964285714285715,0.0,1.0
BCS5__Cow_15,Cow_15,Cow_15,0,5,3,1,15,dataset\5\Cow_15\f_15_rgb.jpg,dataset\5\Cow_15\f_15_depth.npy,1,,9,164.8192901611328,163.91163635253906,2.054032325744629,0.968479834743318,0.9362101429705197,0.9762184274565876,0,head_neck_trunk,8.546532253486802,1.1029652309790947,0.5327868852459017,0.006402565632015467,0.020933639258146286,0.09849128764311862,0.7997572836950413,0.27380952380952384,0.0,1.0,0.0
BCS5__Cow_15,Cow_15,Cow_15,0,5,3,1,45,dataset\5\Cow_15\f_45_rgb.jpg,dataset\5\Cow_15\f_45_depth.npy,1,,7,171.78671264648438,171.7172393798828,0.3388630747795105,0.87830786612429,0.8446371620209481,0.9366224497471315,0,head_neck_trunk,1.2168225158618071,0.012893774746203235,0.2767857142857143,0.01654661074280739,0.051260218024253845,0.26393707276909384,0.8657631824972438,0.0,0.0,1.0,0.0
BCS5__Cow_15,Cow_15,Cow_15,0,5,3,1,60,dataset\5\Cow_15\f_60_rgb.jpg,dataset\5\Cow_15\f_60_depth.npy,1,,8,172.78121948242188,172.70211791992188,0.5580172538757324,0.8924751700889837,0.8246101001681441,0.942970292683786,0,head_neck_trunk,-0.9158463034064397,0.03917439508569487,0.30952380952380953,0.01577671431005001,0.049703020602464676,0.4189412890982397,0.803605367450693,0.0,0.0,1.0,0.0
BCS5__Cow_15,Cow_15,Cow_15,0,5,3,1,75,dataset\5\Cow_15\f_75_rgb.jpg,dataset\5\Cow_15\f_75_depth.npy,1,,6,172.55810546875,172.2764434814453,1.1820601224899292,0.9704080702527575,0.9005907564675396,0.9741042143762064,0,entry_or_trunk_with_rump,-2.275533007966473,0.12229365760715893,0.3333333333333333,0.019357986748218536,0.06998756527900696,0.4991711519253989,0.7221540689061481,0.0,0.0,0.0,0.0
BCS5__Cow_15,Cow_15,Cow_15,0,5,3,1,90,dataset\5\Cow_15\f_90_rgb.jpg,dataset\5\Cow_15\f_90_depth.npy,1,,7,170.032470703125,170.4270782470703,1.7122431993484497,0.9579294490322265,0.8550931126486008,0.9639438733889183,0,entry_or_trunk_with_rump,-3.8996630218069157,0.17246987382779366,0.3273809523809524,0.025422245264053345,0.0760752484202385,0.4999587223095786,0.6434340860944996,0.0,0.0,0.0,0.0
BCS5__Cow_15,Cow_15,Cow_15,0,5,3,1,105,dataset\5\Cow_15\f_105_rgb.jpg,dataset\5\Cow_15\f_105_depth.npy,1,,5,169.42523193359375,169.46495056152344,1.1590763330459595,0.9407863835473717,0.9337509006622539,0.9677123969052748,0,entry_or_trunk_with_rump,-5.054907509120639,0.22871453464016156,0.4166666666666667,0.015253121964633465,0.06018722802400589,0.48377847657570383,0.6598837373769869,0.0,0.0,0.0,0.0
BCS5__Cow_15,Cow_15,Cow_15,0,5,3,1,120,dataset\5\Cow_15\f_120_rgb.jpg,dataset\5\Cow_15\f_120_depth.npy,1,,8,169.3402557373047,169.84246826171875,2.198566436767578,0.9553250880431836,0.7376306954454638,0.9703272957274458,1,entry_or_trunk_with_rump,-5.6128401464492725,0.2389067436165817,0.36607142857142855,0.019528105854988098,0.06426851451396942,0.450991459492224,0.6215731363642802,0.0,0.0,0.0,0.0
BCS5__Cow_15,Cow_15,Cow_15,0,5,3,1,135,dataset\5\Cow_15\f_135_rgb.jpg,dataset\5\Cow_15\f_135_depth.npy,1,,7,169.8780059814453,170.30874633789062,1.2736090421676636,0.9569168513748341,0.9205344137011766,0.9674389879514973,0,entry_or_trunk_with_rump,-4.95655263485385,0.19598296736273824,0.375,0.021939929574728012,0.06749638170003891,0.4477799285207249,0.5934592618030037,0.0,0.0,0.0,0.0
BCS5__Cow_15,Cow_15,Cow_15,0,5,3,1,150,dataset\5\Cow_15\f_150_rgb.jpg,dataset\5\Cow_15\f_150_depth.npy,1,,9,170.06634521484375,170.00204467773438,0.896640419960022,0.9596267618795128,0.7845231564365953,0.9788072816226008,1,entry_or_trunk_with_rump,-2.353291568689329,0.09329944095523501,0.38392857142857145,0.01992848515510559,0.06309593468904495,0.477731887541988,0.5797139427499707,0.0,0.0,0.0,0.0
BCS5__Cow_15,Cow_15,Cow_15,0,5,3,1,165,dataset\5\Cow_15\f_165_rgb.jpg,dataset\5\Cow_15\f_165_depth.npy,1,,8,169.1390380859375,169.42576599121094,2.0181221961975098,0.9590090742100714,0.900014436121124,0.9650692816573634,0,entry_or_trunk_with_rump,-3.0170763110844945,0.12047336711054868,0.3898809523809524,0.02003733441233635,0.05911232531070709,0.48669163029207513,0.6065715818483394,0.0,0.0,0.0,0.0
BCS5__Cow_15,Cow_15,Cow_15,0,5,3,1,180,dataset\5\Cow_15\f_180_rgb.jpg,dataset\5\Cow_15\f_180_depth.npy,1,,7,170.09573364257812,170.09646606445312,2.094409465789795,0.961358679026884,0.9082193836834849,0.9686139403992289,0,entry_or_trunk_with_rump,-4.8588285350231075,0.20283457840626795,0.37202380952380953,0.022636443376541138,0.07764549553394318,0.48580285483192226,0.6325685591901695,0.0,0.0,0.0,0.0
BCS5__Cow_15,Cow_15,Cow_15,0,5,3,1,195,dataset\5\Cow_15\f_195_rgb.jpg,dataset\5\Cow_15\f_195_depth.npy,1,,7,168.80201721191406,169.123046875,1.371233582496643,0.9597858676028272,0.8676395380023659,0.9731603661262496,0,entry_or_trunk_with_rump,-5.596884196287391,0.2461150982127691,0.34523809523809523,0.027817243710160255,0.08785221725702286,0.4802198486641909,0.6352571868694541,0.0,0.0,0.0,0.0
BCS5__Cow_15,Cow_15,Cow_15,0,5,3,1,210,dataset\5\Cow_15\f_210_rgb.jpg,dataset\5\Cow_15\f_210_depth.npy,1,,7,169.6341094970703,170.00462341308594,1.75385320186615,0.9178500694510703,0.8467816380721815,0.9514681837132697,0,entry_or_trunk_with_rump,-6.2222087170303695,0.25795483390845675,0.3333333333333333,0.02523956075310707,0.07204623520374298,0.4865577392369379,0.628345515681932,0.0,0.0,0.0,0.0
BCS5__Cow_15,Cow_15,Cow_15,0,5,3,1,225,dataset\5\Cow_15\f_225_rgb.jpg,dataset\5\Cow_15\f_225_depth.npy,1,,5,172.61065673828125,172.32656860351562,0.5757411122322083,0.9590025689680786,0.9103794445347405,0.9713035270916128,0,entry_or_trunk_with_rump,-7.401382357972139,0.30024255577080794,0.32142857142857145,0.024490837007761,0.06889225542545319,0.4809203914823411,0.6178691607786497,0.0,0.0,0.0,0.0
BCS5__Cow_15,Cow_15,Cow_15,0,5,3,1,240,dataset\5\Cow_15\f_240_rgb.jpg,dataset\5\Cow_15\f_240_depth.npy,1,,8,170.64535522460938,170.8489990234375,0.7513487339019775,0.9197121946338962,0.8144892424169634,0.952849737557273,0,entry_or_trunk_with_rump,-8.162492327514542,0.27807103677611167,0.38392857142857145,0.020777136087417603,0.05653044208884239,0.44790652945787957,0.6636027550085074,0.0,0.0,0.0,0.0
BCS5__Cow_15,Cow_15,Cow_15,0,5,3,1,255,dataset\5\Cow_15\f_255_rgb.jpg,dataset\5\Cow_15\f_255_depth.npy,1,,6,170.25653076171875,169.6601104736328,1.5635614395141602,0.9415842146399368,0.7032721627209834,0.9612466064833503,1,entry_or_trunk_with_rump,-7.871043881649612,0.34005263053971646,0.375,0.02037428505718708,0.07632999122142792,0.4244319172657518,0.6754357113576415,0.0,0.0,0.0,0.0
BCS5__Cow_15,Cow_15,Cow_15,0,5,3,1,270,dataset\5\Cow_15\f_270_rgb.jpg,dataset\5\Cow_15\f_270_depth.npy,1,,6,168.17628479003906,168.04437255859375,1.251659870147705,0.9583901543840221,0.8636712824684686,0.9691961693051891,0,entry_or_trunk_with_rump,-5.792561170687932,0.288488356632584,0.38095238095238093,0.03603164106607437,0.1125398501753807,0.4268176917139052,0.672096347081517,0.0,0.0,0.0,0.0
BCS5__Cow_15,Cow_15,Cow_15,0,5,3,1,285,dataset\5\Cow_15\f_285_rgb.jpg,dataset\5\Cow_15\f_285_depth.npy,1,,5,169.04112243652344,169.39207458496094,2.9457716941833496,0.929794140535747,0.7626687766855429,0.9611865174245191,1,entry_or_trunk_with_rump,-5.235764461919047,0.27437811932900047,0.3869047619047619,0.02627580054104328,0.0885431170463562,0.4323792149042321,0.6589952955180985,0.0,0.0,0.0,0.0
BCS5__Cow_15,Cow_15,Cow_15,0,5,3,1,300,dataset\5\Cow_15\f_300_rgb.jpg,dataset\5\Cow_15\f_300_depth.npy,1,,9,171.88540649414062,171.49154663085938,2.3610126972198486,0.9491598231293416,0.895607844640814,0.9565784600014511,0,entry_or_trunk_with_rump,-5.409596236540153,0.20089925239166462,0.44642857142857145,0.021716197952628136,0.07475053519010544,0.4504584243606361,0.6908144257953839,0.0,0.0,0.0,0.0
BCS5__Cow_15,Cow_15,Cow_15,0,5,3,1,315,dataset\5\Cow_15\f_315_rgb.jpg,dataset\5\Cow_15\f_315_depth.npy,1,,9,169.31983947753906,169.0056915283203,0.8409392833709717,0.9677847830601531,0.9213118618544118,0.9800550194577351,0,entry_or_trunk_with_rump,-2.1523851582373084,0.10162428831486636,0.46130952380952384,0.013804794289171696,0.0649479478597641,0.3235537312008309,0.6688977934798861,0.0,0.0,0.0,0.0
BCS5__Cow_15,Cow_15,Cow_15,0,5,3,1,330,dataset\5\Cow_15\f_330_rgb.jpg,dataset\5\Cow_15\f_330_depth.npy,1,,5,172.90989685058594,173.2329864501953,0.9177281856536865,0.9038041455742867,0.6383254368723235,0.9262333086135695,2,head_neck_trunk,6.794077873725655,0.09355003193218181,0.4234527687296417,0.017595097422599792,0.04513043537735939,0.17602824601948963,0.8037783000128882,0.08630952380952381,0.0,1.0,0.0
BCS5__Cow_15,Cow_15,Cow_15,0,5,3,1,345,dataset\5\Cow_15\f_345_rgb.jpg,dataset\5\Cow_15\f_345_depth.npy,1,,9,167.24954223632812,166.80091857910156,1.2418493032455444,0.9444373156278313,0.9248282259526268,0.9554389629287016,0,head_neck_trunk,6.506115657817759,0.02814186300155086,0.39097744360902253,0.018709834665060043,0.05619816109538078,0.15215448426104178,0.7479442805943329,0.20833333333333334,0.0,1.0,0.0
BCS5__Cow_15,Cow_15,Cow_15,0,5,3,1,360,dataset\5\Cow_15\f_360_rgb.jpg,dataset\5\Cow_15\f_360_depth.npy,1,,5,165.1199951171875,165.3658905029297,0.7472552061080933,0.9662153282973566,0.9068618594161193,0.9714408096248845,0,head_neck_trunk,12.385674354202393,0.2377308926086954,0.33852140077821014,0.006134938448667526,0.026055466383695602,0.11747648259162909,0.6446630122580106,0.23511904761904762,0.0,1.0,0.0
BCS5__Cow_15,Cow_15,Cow_15,0,5,3,1,390,dataset\5\Cow_15\f_390_rgb.jpg,dataset\5\Cow_15\f_390_depth.npy,1,,7,161.2868194580078,160.58628845214844,1.1230511665344238,0.913006078440442,0.8806506829938497,0.9389146724811426,0,trunk_dominant,14.59302637265948,0.295198960783992,0.5063829787234042,0.007474969141185284,0.02643575146794319,0.1437004143874086,0.5353508954397285,0.3005952380952381,0.0,1.0,1.0
BCS5__Cow_15,Cow_15,Cow_15,0,5,3,1,405,dataset\5\Cow_15\f_405_rgb.jpg,dataset\5\Cow_15\f_405_depth.npy,1,,5,163.5189971923828,163.671875,0.39306721091270447,0.9887032264836404,0.9369760550390179,0.991563100258644,0,head_neck_trunk,11.009985866631524,0.30917692540566577,0.4879032258064516,0.006020477972924709,0.023929424583911896,0.1080992582470611,0.6701938308379479,0.2619047619047619,0.0,1.0,0.0
BCS5__Cow_17_17,Cow_17_17,Cow_17,0,5,3,1,840,dataset\5\Cow_17_17\f_840_rgb.jpg,dataset\5\Cow_17_17\f_840_depth.npy,1,,9,160.28192138671875,160.1368865966797,0.913876473903656,0.9807763061525622,0.9628373242985083,0.989045559026223,0,head_neck_trunk,12.799986210849923,2.579869691029117,0.5471698113207547,0.007794957607984543,0.029303597286343575,0.1249711693510363,0.7111429240540763,0.5267857142857143,0.0,1.0,0.0
BCS5__Cow_17_17,Cow_17_17,Cow_17,0,5,3,1,855,dataset\5\Cow_17_17\f_855_rgb.jpg,dataset\5\Cow_17_17\f_855_depth.npy,1,,9,167.76666259765625,167.71421813964844,0.3976789712905884,0.990914951715415,0.9712210268948667,0.9920176366868863,0,head_neck_trunk,10.051972822143824,0.9593954429186056,0.42424242424242425,0.010123685002326965,0.028773978352546692,0.10844792498898308,0.8006550975733226,0.4107142857142857,0.0,1.0,0.0
BCS5__Cow_17_17,Cow_17_17,Cow_17,0,5,3,1,870,dataset\5\Cow_17_17\f_870_rgb.jpg,dataset\5\Cow_17_17\f_870_depth.npy,1,,9,171.48974609375,171.71942138671875,1.009982705116272,0.9714023629135657,0.784835554617978,0.9810206931340424,1,head_neck_trunk,8.308930974334004,0.6198492743250767,0.4603174603174603,0.008180270902812481,0.022529015317559242,0.17765553706220355,0.7569521974981573,0.25,0.0,1.0,0.0
BCS5__Cow_17_17,Cow_17_17,Cow_17,0,5,3,1,915,dataset\5\Cow_17_17\f_915_rgb.jpg,dataset\5\Cow_17_17\f_915_depth.npy,1,,7,172.1808319091797,172.14114379882812,0.1426744908094406,0.9800794822761238,0.9208689825687202,0.9881991370838707,0,trunk_head_neck_reversed,6.005524603127114,0.06757427038711228,0.27181208053691275,0.007892793975770473,0.02816268987953663,0.399344395237457,0.16620096471303533,0.0,0.1130952380952381,0.0,1.0
BCS5__Cow_17_17,Cow_17_17,Cow_17,0,5,3,1,930,dataset\5\Cow_17_17\f_930_rgb.jpg,dataset\5\Cow_17_17\f_930_depth.npy,1,,9,172.0806427001953,171.58685302734375,1.5033501386642456,0.9141459014987214,0.6998944428033173,0.9397993531328412,1,trunk_head_neck_reversed,5.868715883705079,0.18670972707859335,0.6078431372549019,0.011366860009729862,0.04017755016684532,0.5795099869925728,0.1535592030358069,0.0,0.24107142857142858,0.0,1.0
BCS5__Cow_17_17,Cow_17_17,Cow_17,0,5,3,1,945,dataset\5\Cow_17_17\f_945_rgb.jpg,dataset\5\Cow_17_17\f_945_depth.npy,1,,6,171.57357788085938,171.59295654296875,0.4995565414428711,0.9160854271921153,0.8708540177825026,0.9545158912107502,0,trunk_head_neck_reversed,5.072597241005781,0.3211834048754696,0.6038647342995169,0.005750492215156555,0.018489621579647064,0.6324750433491724,0.14855507377880994,0.0,0.38392857142857145,0.0,1.0
BCS5__Cow_17_72,Cow_17_72,Cow_17,0,5,3,1,120,dataset\5\Cow_17_72\f_120_rgb.jpg,dataset\5\Cow_17_72\f_120_depth.npy,1,,3,173.14353942871094,173.2801513671875,1.1974133253097534,0.9691023100957552,0.9261925330564459,0.9742228729293294,0,trunk_head_neck_reversed,5.676216345592408,0.3466585658824073,0.6517857142857143,0.02994915470480919,0.09515929967164993,0.6559832380851004,0.20796956947589515,0.0,0.0,0.0,1.0
BCS5__Cow_17_72,Cow_17_72,Cow_17,0,5,3,1,135,dataset\5\Cow_17_72\f_135_rgb.jpg,dataset\5\Cow_17_72\f_135_depth.npy,1,,4,169.69146728515625,169.35162353515625,2.0835018157958984,0.9001691860532025,0.8769817213261328,0.9155910020702864,0,trunk_head_neck_reversed,10.985124141723247,2.3843856016553957,0.4752475247524752,0.010623415000736713,0.03199402242898941,0.583420495933226,0.11201955070880672,0.0,0.39880952380952384,0.0,1.0
BCS5__Cow_1_27,Cow_1_27,Cow_1,1,5,3,1,510,dataset\5\Cow_1_27\f_510_rgb.jpg,dataset\5\Cow_1_27\f_510_depth.npy,1,,4,170.79193115234375,171.04644775390625,0.7663195729255676,0.9435169899166622,0.9183017985597676,0.9640165879449407,0,head_neck_trunk,10.997147077753766,0.23409903370878737,0.36134453781512604,0.014684855006635189,0.04480687901377678,0.15909932993495549,0.7720081655065263,0.2916666666666667,0.0,1.0,0.0
BCS5__Cow_1_27,Cow_1_27,Cow_1,1,5,3,1,540,dataset\5\Cow_1_27\f_540_rgb.jpg,dataset\5\Cow_1_27\f_540_depth.npy,1,,8,169.65321350097656,169.9095458984375,2.625653028488159,0.9787801919281851,0.9693574976847812,0.9840953544356424,0,trunk_head_neck_reversed,11.304192497361484,0.24443122834676956,0.3931034482758621,0.03745976462960243,0.10579017549753189,0.8188545154353105,0.2983268271667832,0.0,0.13690476190476192,0.0,1.0
BCS5__Cow_1_27,Cow_1_27,Cow_1,1,5,3,1,555,dataset\5\Cow_1_27\f_555_rgb.jpg,dataset\5\Cow_1_27\f_555_depth.npy,1,,7,172.005859375,171.94033813476562,1.793338418006897,0.9423476245627,0.8478759317414656,0.9692987865977398,0,trunk_head_neck_reversed,10.540749130350306,0.41156041857280456,0.62,0.023527100682258606,0.08673368394374847,0.561997312978208,0.11447689092802919,0.0,0.40476190476190477,0.0,1.0
BCS5__Cow_20,Cow_20,Cow_20,2,5,3,1,195,dataset\5\Cow_20\f_195_rgb.jpg,dataset\5\Cow_20\f_195_depth.npy,1,,3,171.04905700683594,172.2615509033203,2.137190580368042,0.9797831165055156,0.8462447355210272,0.9848254700973473,0,trunk_head_neck_reversed,3.45248029927005,0.12091606880927941,0.2261904761904762,0.005940140690654516,0.019323505461215973,0.36227949776433876,0.45490704898793194,0.0,0.0,0.0,1.0
BCS5__Cow_20_10,Cow_20_10,Cow_20,2,5,3,1,90,dataset\5\Cow_20_10\f_90_rgb.jpg,dataset\5\Cow_20_10\f_90_depth.npy,1,,8,173.50637817382812,172.65158081054688,2.3248093128204346,0.9008087216262608,0.8510740408880787,0.9390931062342074,0,trunk_head_neck_reversed,6.934594400465457,0.04348874385158297,0.3150684931506849,0.01120364386588335,0.04707163944840431,0.26032266275878324,0.2520667343468505,0.0,0.3482142857142857,0.0,1.0
BCS5__Cow_21,Cow_21,Cow_21,0,5,3,1,105,dataset\5\Cow_21\f_105_rgb.jpg,dataset\5\Cow_21\f_105_depth.npy,1,,9,158.51531982421875,159.15696716308594,2.874964714050293,0.9614250096502255,0.8424655310319947,0.9641129664328774,0,head_neck_trunk,-2.2155027075676657,0.2730126407705171,0.5867768595041323,0.008654925972223282,0.02713782899081707,0.12006258315975403,0.8747970619000028,0.27976190476190477,0.0,1.0,0.0
BCS5__Cow_21,Cow_21,Cow_21,0,5,3,1,120,dataset\5\Cow_21\f_120_rgb.jpg,dataset\5\Cow_21\f_120_depth.npy,1,,9,168.12863159179688,168.1800079345703,0.741294264793396,0.947083809611976,0.9273393796167614,0.9585638174252473,0,head_neck_trunk,-0.33214710566772965,0.06908853018607886,0.39436619718309857,0.008560573682188988,0.028452929109334946,0.1779572494543575,0.8995665433581985,0.15476190476190477,0.0,1.0,0.0
BCS5__Cow_21,Cow_21,Cow_21,0,5,3,1,150,dataset\5\Cow_21\f_150_rgb.jpg,dataset\5\Cow_21\f_150_depth.npy,1,,7,171.1911163330078,170.98414611816406,0.8687743544578552,0.9378665091031413,0.9055619076613574,0.9576219510001496,0,entry_or_trunk_with_rump,0.9341474664659586,0.027850552446651022,0.23511904761904762,0.004778952803462744,0.02102741412818432,0.41069772510629554,0.695383762089313,0.0,0.0,0.0,0.0
BCS5__Cow_21,Cow_21,Cow_21,0,5,3,1,165,dataset\5\Cow_21\f_165_rgb.jpg,dataset\5\Cow_21\f_165_depth.npy,1,,8,172.26173400878906,172.56886291503906,1.0452649593353271,0.9547520113631581,0.9022709340208906,0.9686040604332402,0,trunk_head_neck_reversed,-0.5843054273223771,0.0063486976567901365,0.23809523809523808,0.007087353616952896,0.024028435349464417,0.45693838613751175,0.5427274090941504,0.0,0.0,0.0,1.0
BCS5__Cow_21,Cow_21,Cow_21,0,5,3,1,195,dataset\5\Cow_21\f_195_rgb.jpg,dataset\5\Cow_21\f_195_depth.npy,1,,9,171.68258666992188,171.43678283691406,1.1181565523147583,0.9561865732565471,0.924831113472507,0.9696390477257297,0,trunk_head_neck_reversed,1.7690470037667865,0.036291409141313125,0.22916666666666666,0.0030506399925798178,0.011648492887616158,0.39185889050413125,0.45276114584847,0.0,0.0,0.0,1.0
BCS5__Cow_21,Cow_21,Cow_21,0,5,3,1,210,dataset\5\Cow_21\f_210_rgb.jpg,dataset\5\Cow_21\f_210_depth.npy,1,,9,171.91818237304688,171.61859130859375,0.7529849410057068,0.9625627239074309,0.9344396685952,0.968604374803935,0,trunk_head_neck_reversed,3.9551259719356437,0.04180295510349197,0.22916666666666666,0.008749906904995441,0.03519356623291969,0.3644354280270274,0.46737844550053964,0.0,0.0,0.0,1.0
BCS5__Cow_21,Cow_21,Cow_21,0,5,3,1,225,dataset\5\Cow_21\f_225_rgb.jpg,dataset\5\Cow_21\f_225_depth.npy,1,,7,172.9945831298828,172.53060913085938,1.0054905414581299,0.9526364045602908,0.9282157817407819,0.962894462308369,0,trunk_head_neck_reversed,5.720335133072183,0.09482624806673812,0.22321428571428573,0.011055106297135353,0.03872223198413849,0.3866868602563327,0.4749244024128785,0.0,0.0,0.0,1.0
BCS5__Cow_21,Cow_21,Cow_21,0,5,3,1,240,dataset\5\Cow_21\f_240_rgb.jpg,dataset\5\Cow_21\f_240_depth.npy,1,,9,172.05650329589844,172.10232543945312,0.7020744681358337,0.9500904915984567,0.9388168061188382,0.9631995821522742,0,trunk_head_neck_reversed,4.940202895642386,0.1269591203728737,0.23511904761904762,0.023136675357818604,0.06049109995365143,0.39539865139101765,0.4824254624776324,0.0,0.0,0.0,1.0
BCS5__Cow_21,Cow_21,Cow_21,0,5,3,1,285,dataset\5\Cow_21\f_285_rgb.jpg,dataset\5\Cow_21\f_285_depth.npy,1,,8,170.29397583007812,170.29721069335938,1.31325364112854,0.9856787956313122,0.9656041712100266,0.9906448267015461,0,trunk_head_neck_reversed,-2.930098951630029,0.0015324659217270664,0.28273809523809523,0.005349412560462952,0.02612864039838314,0.2840994775412286,0.23222948129227156,0.0,0.0,0.0,1.0
BCS5__Cow_21,Cow_21,Cow_21,0,5,3,1,300,dataset\5\Cow_21\f_300_rgb.jpg,dataset\5\Cow_21\f_300_depth.npy,1,,6,171.6525115966797,171.74266052246094,0.397328644990921,0.977423216927362,0.9567833057402765,0.983913338093706,0,trunk_head_neck_reversed,-1.270464379370054,0.0061474694191474555,0.24702380952380953,0.007217970676720142,0.022499125450849533,0.2747160152576098,0.32155998295425814,0.0,0.0,0.0,1.0
BCS5__Cow_21,Cow_21,Cow_21,0,5,3,1,315,dataset\5\Cow_21\f_315_rgb.jpg,dataset\5\Cow_21\f_315_depth.npy,1,,8,171.39889526367188,171.20947265625,0.825455367565155,0.9684263937341773,0.9541112639373188,0.9772422773880978,0,trunk_head_neck_reversed,-1.226708141088153,0.035905558360667555,0.2261904761904762,0.011965719982981682,0.0370250940322876,0.28083702061837884,0.35004170261415907,0.0,0.0,0.0,1.0
BCS5__Cow_21,Cow_21,Cow_21,0,5,3,1,330,dataset\5\Cow_21\f_330_rgb.jpg,dataset\5\Cow_21\f_330_depth.npy,1,,8,170.80636596679688,171.0557861328125,1.0037020444869995,0.9706501402667127,0.9001706886617109,0.9780421789249911,0,trunk_head_neck_reversed,-0.36532270319654003,0.0683273948972527,0.22916666666666666,0.010053134523332119,0.03325613588094711,0.28229680402235124,0.3521796066101757,0.0,0.0,0.0,1.0
BCS5__Cow_21,Cow_21,Cow_21,0,5,3,1,345,dataset\5\Cow_21\f_345_rgb.jpg,dataset\5\Cow_21\f_345_depth.npy,1,,7,171.3986053466797,170.531982421875,1.2868826389312744,0.9705751637193821,0.8881789867006977,0.9805597840474689,0,trunk_head_neck_reversed,-0.33317175933156307,0.07134028545966942,0.22916666666666666,0.009623211808502674,0.0306208748370409,0.3037584151039292,0.4239598998354231,0.0,0.0,0.0,1.0
BCS5__Cow_21,Cow_21,Cow_21,0,5,3,1,360,dataset\5\Cow_21\f_360_rgb.jpg,dataset\5\Cow_21\f_360_depth.npy,1,,9,171.10989379882812,171.0292205810547,0.3627737760543823,0.9485587622990923,0.8808437216276335,0.9680442441838706,0,trunk_head_neck_reversed,-0.5514326892022012,0.01046936136170018,0.22916666666666666,0.00999312661588192,0.03025493398308754,0.2777026800149757,0.3225205365319578,0.0,0.0,0.0,1.0
BCS5__Cow_21,Cow_21,Cow_21,0,5,3,1,405,dataset\5\Cow_21\f_405_rgb.jpg,dataset\5\Cow_21\f_405_depth.npy,1,,7,168.9244384765625,169.22975158691406,0.8611118197441101,0.9812065135308193,0.9670288791679491,0.9870304637868528,0,trunk_head_neck_reversed,1.149533626667946,0.023170331331016314,0.27380952380952384,0.007010727655142546,0.022103438153862953,0.25585497848232325,0.26711684558490334,0.0,0.0,0.0,1.0
BCS5__Cow_21,Cow_21,Cow_21,0,5,3,1,420,dataset\5\Cow_21\f_420_rgb.jpg,dataset\5\Cow_21\f_420_depth.npy,1,,9,168.97813415527344,168.92294311523438,0.8389695286750793,0.9475284712514882,0.9077444041490491,0.9722589806164775,0,trunk_head_neck_reversed,-0.8795378890592787,0.015793913954041727,0.25297619047619047,0.004926794208586216,0.018521305173635483,0.2587532194437017,0.25797007144038003,0.0,0.0,0.0,1.0
BCS5__Cow_21,Cow_21,Cow_21,0,5,3,1,435,dataset\5\Cow_21\f_435_rgb.jpg,dataset\5\Cow_21\f_435_depth.npy,1,,9,169.1121368408203,169.10414123535156,0.8622236847877502,0.9815260498201765,0.8797684316019612,0.9893868822733012,0,trunk_head_neck_reversed,-1.147911148491474,0.022092608781520084,0.25,0.010606655851006508,0.03355002775788307,0.2785707122263651,0.29614260680192594,0.0,0.0,0.0,1.0
BCS5__Cow_21,Cow_21,Cow_21,0,5,3,1,450,dataset\5\Cow_21\f_450_rgb.jpg,dataset\5\Cow_21\f_450_depth.npy,1,,9,170.88275146484375,170.91632080078125,0.47986987233161926,0.9826488198371466,0.940558480867614,0.9889448126308569,0,trunk_head_neck_reversed,-0.6287540472175124,0.027555012490694253,0.23511904761904762,0.009090476669371128,0.03769133239984512,0.3131129073810773,0.30661458035101286,0.0,0.0,0.0,1.0
BCS5__Cow_21_4079,Cow_21_4079,Cow_21,0,5,3,1,90,dataset\5\Cow_21_4079\f_90_rgb.jpg,dataset\5\Cow_21_4079\f_90_depth.npy,1,,4,165.70565795898438,166.52447509765625,2.61549973487854,0.9575373853677049,0.9145876972754733,0.9735695129861979,0,head_neck_trunk,6.9423793113270165,0.1821960252482171,0.7526501766784452,0.03569994121789932,0.11067313700914383,0.18117671453670323,0.7573323770649248,0.15773809523809523,0.0,1.0,0.0
BCS5__Cow_23_1067,Cow_23_1067,Cow_23,0,5,3,1,135,dataset\5\Cow_23_1067\f_135_rgb.jpg,dataset\5\Cow_23_1067\f_135_depth.npy,1,,9,163.3074951171875,163.4297637939453,0.5688486695289612,0.9805802435357911,0.9672890239689624,0.984317892672127,0,head_neck_trunk,12.184872307765517,1.0573926190008365,0.23394495412844038,0.009076078422367573,0.02718459628522396,0.15491123647649488,0.7553781126160637,0.35119047619047616,0.0,1.0,0.0
BCS5__Cow_23_1067,Cow_23_1067,Cow_23,0,5,3,1,150,dataset\5\Cow_23_1067\f_150_rgb.jpg,dataset\5\Cow_23_1067\f_150_depth.npy,1,,8,170.19863891601562,170.1078338623047,1.4549665451049805,0.9504494820646572,0.9225012060906824,0.9665958284628318,0,head_neck_trunk,8.986382039171076,0.24655297237936225,0.3818770226537217,0.022146981209516525,0.08125173300504684,0.20414487854911018,0.8038608512370136,0.08035714285714286,0.0,1.0,0.0
BCS5__Cow_23_1067,Cow_23_1067,Cow_23,0,5,3,1,165,dataset\5\Cow_23_1067\f_165_rgb.jpg,dataset\5\Cow_23_1067\f_165_depth.npy,1,,7,173.1259307861328,173.17051696777344,0.4720199704170227,0.9698793280305318,0.8434211668337404,0.9810380263034202,0,trunk_head_neck_reversed,6.574533758011981,0.08768844419005006,0.23809523809523808,0.019893286749720573,0.06838347762823105,0.44193225592201935,0.3715407818661241,0.0,0.0,0.0,1.0
BCS5__Cow_23_1067,Cow_23_1067,Cow_23,0,5,3,1,180,dataset\5\Cow_23_1067\f_180_rgb.jpg,dataset\5\Cow_23_1067\f_180_depth.npy,1,,8,169.81988525390625,170.23870849609375,1.7256370782852173,0.921168082444614,0.8402415276474942,0.955298654570803,0,trunk_head_neck_reversed,3.784135844606851,0.1908350904867575,0.5963636363636363,0.013316490687429905,0.040299203246831894,0.6289327628618182,0.13310350034253632,0.0,0.18154761904761904,0.0,1.0
BCS5__Cow_23_1067,Cow_23_1067,Cow_23,0,5,3,1,195,dataset\5\Cow_23_1067\f_195_rgb.jpg,dataset\5\Cow_23_1067\f_195_depth.npy,1,,5,169.36300659179688,169.3247528076172,0.8954756855964661,0.6142918127629755,0.29872784792851337,0.803185056135274,3,trunk_head_neck_reversed,0.4701535071035323,0.18742508622676723,0.5572139303482587,0.016626963391900063,0.05319388210773468,0.6244142938925492,0.12185962362963576,0.0,0.4017857142857143,0.0,1.0
BCS5__Cow_23_49,Cow_23_49,Cow_23,0,5,3,1,120,dataset\5\Cow_23_49\f_120_rgb.jpg,dataset\5\Cow_23_49\f_120_depth.npy,1,,8,168.15562438964844,168.13333129882812,0.825772762298584,0.9841380083351612,0.9636696035187654,0.9871247877960291,0,trunk_head_neck_reversed,-2.1962706954129914,0.13077745445374944,0.6584362139917695,0.016842713579535484,0.06620946526527405,0.7969498207596276,0.14912652393126838,0.0,0.2767857142857143,0.0,1.0
BCS5__Cow_24,Cow_24,Cow_24,2,5,3,1,75,dataset\5\Cow_24\f_75_rgb.jpg,dataset\5\Cow_24\f_75_depth.npy,1,,7,171.28738403320312,170.87796020507812,0.9956503510475159,0.9767704987089928,0.9465173074086239,0.9829598825308449,0,head_neck_trunk,1.1383993891588347,0.054625381761781,0.43636363636363634,0.012036851607263088,0.0419669970870018,0.18371179546343638,0.8411054414547879,0.017857142857142856,0.0,1.0,0.0
BCS5__Cow_24,Cow_24,Cow_24,2,5,3,1,105,dataset\5\Cow_24\f_105_rgb.jpg,dataset\5\Cow_24\f_105_depth.npy,1,,9,170.47019958496094,170.72332763671875,0.4329944849014282,0.9805463641480447,0.9208544412449118,0.9866249542799963,0,trunk_head_neck_reversed,-0.49672588784090976,0.036752145044331996,0.4107142857142857,0.008431035093963146,0.023765871301293373,0.4698734161260686,0.5008669436307799,0.0,0.0,0.0,1.0
BCS5__Cow_24,Cow_24,Cow_24,2,5,3,1,120,dataset\5\Cow_24\f_120_rgb.jpg,dataset\5\Cow_24\f_120_depth.npy,1,,9,171.03057861328125,170.60450744628906,1.0287175178527832,0.957129970502049,0.9486200259850261,0.9741513445371468,0,trunk_head_neck_reversed,0.2785870840642559,0.03400214376274846,0.5089285714285714,0.005170964635908604,0.015518889762461185,0.39883559473214847,0.403255841525773,0.0,0.0,0.0,1.0
BCS5__Cow_24,Cow_24,Cow_24,2,5,3,1,165,dataset\5\Cow_24\f_165_rgb.jpg,dataset\5\Cow_24\f_165_depth.npy,1,,9,172.3859405517578,172.26312255859375,1.356668472290039,0.9691842385580177,0.9467103731581912,0.9777362966781986,0,trunk_dominant,1.2785846673132681,0.0011606646027786383,0.5044776119402985,0.003326364327222109,0.014662744477391243,0.4334648531983186,0.2438012882280152,0.0,0.002976190476190476,1.0,1.0
BCS5__Cow_24,Cow_24,Cow_24,2,5,3,1,195,dataset\5\Cow_24\f_195_rgb.jpg,dataset\5\Cow_24\f_195_depth.npy,1,,9,172.98716735839844,172.9364013671875,0.6646509766578674,0.9535426646723635,0.917000855622591,0.9708213487999979,0,trunk_dominant,-3.086273437455745,0.0078088697728162515,0.5075528700906344,0.0031286312732845545,0.014161081984639168,0.43759803013266024,0.11410611547171463,0.0,0.01488095238095238,1.0,1.0
BCS5__Cow_24,Cow_24,Cow_24,2,5,3,1,225,dataset\5\Cow_24\f_225_rgb.jpg,dataset\5\Cow_24\f_225_depth.npy,1,,9,171.2017822265625,171.3634490966797,0.6327635645866394,0.9584076632097686,0.9323087463448035,0.9718048072049525,0,trunk_dominant,-3.2952856843731126,0.007161989240501043,0.5,0.0033172336407005787,0.013856598176062107,0.40180156534433153,0.21753012479564243,0.0,0.017857142857142856,1.0,1.0
BCS5__Cow_24,Cow_24,Cow_24,2,5,3,1,240,dataset\5\Cow_24\f_240_rgb.jpg,dataset\5\Cow_24\f_240_depth.npy,1,,9,170.38528442382812,170.02479553222656,0.8456422090530396,0.9814263285047419,0.9257160640679347,0.9819771175580492,0,trunk_dominant,0.2738850195720346,0.0379694594926292,0.5446428571428571,0.004473977722227573,0.0181613489985466,0.438875926328351,0.18084201955319548,0.0,0.0,1.0,1.0
BCS5__Cow_24,Cow_24,Cow_24,2,5,3,1,255,dataset\5\Cow_24\f_255_rgb.jpg,dataset\5\Cow_24\f_255_depth.npy,1,,9,170.57618713378906,170.5384979248047,0.5856886506080627,0.9597128988760781,0.9075142979823119,0.9688928945428552,0,trunk_dominant,7.533240271666216,0.030933933510624456,0.5327380952380952,0.010630936361849308,0.03219522535800934,0.36081644341114605,0.19707596902532995,0.0,0.0,1.0,1.0
BCS5__Cow_24,Cow_24,Cow_24,2,5,3,1,285,dataset\5\Cow_24\f_285_rgb.jpg,dataset\5\Cow_24\f_285_depth.npy,1,,8,171.7624053955078,171.8787841796875,0.676090657711029,0.9762557795794657,0.961977727544452,0.9805352466241489,0,trunk_dominant,-2.3362833807322403,0.00198764997735168,0.49702380952380953,0.006919094827026129,0.0373816154897213,0.36199828358921937,0.22235962790272104,0.0,0.0,1.0,1.0
BCS5__Cow_24,Cow_24,Cow_24,2,5,3,1,315,dataset\5\Cow_24\f_315_rgb.jpg,dataset\5\Cow_24\f_315_depth.npy,1,,9,171.9205780029297,172.00083923339844,1.079211711883545,0.9634779546914015,0.939247142512514,0.9708604768579363,0,trunk_dominant,1.707301268373186,0.0039456002892279685,0.46726190476190477,0.007830480113625526,0.035962216556072235,0.3137120201410118,0.24432630203498343,0.0,0.0,1.0,1.0
BCS5__Cow_24,Cow_24,Cow_24,2,5,3,1,405,dataset\5\Cow_24\f_405_rgb.jpg,dataset\5\Cow_24\f_405_depth.npy,1,,7,172.8579864501953,172.56295776367188,0.6361395716667175,0.9691931575471171,0.911012377219373,0.9755393360418105,0,trunk_head_neck_reversed,-2.078908390542992,0.02065698993095566,0.5029761904761905,0.005014155525714159,0.018622536212205887,0.33018809721191533,0.48367856577159085,0.0,0.0,0.0,1.0
BCS5__Cow_24,Cow_24,Cow_24,2,5,3,1,420,dataset\5\Cow_24\f_420_rgb.jpg,dataset\5\Cow_24\f_420_depth.npy,1,,9,172.3938751220703,172.32998657226562,0.36155861616134644,0.9798686443932375,0.9699144581050818,0.9835903789688785,0,trunk_head_neck_reversed,2.2529365654190485,0.02479404825398035,0.4791666666666667,0.00482691265642643,0.022675538435578346,0.3326196167484257,0.5308679781738995,0.0,0.0,0.0,1.0
BCS5__Cow_24_7022,Cow_24_7022,Cow_24,2,5,3,1,45,dataset\5\Cow_24_7022\f_45_rgb.jpg,dataset\5\Cow_24_7022\f_45_depth.npy,1,,4,165.3334197998047,165.1741943359375,0.701880693435669,0.9812568754502422,0.9682170603784928,0.9868740538657056,0,head_neck_trunk,2.24305511602995,0.0991944779711389,0.6666666666666666,0.011229684576392174,0.03182486444711685,0.2303650086178653,0.8905630984451437,0.09821428571428571,0.0,1.0,0.0
BCS5__Cow_24_7022,Cow_24_7022,Cow_24,2,5,3,1,60,dataset\5\Cow_24_7022\f_60_rgb.jpg,dataset\5\Cow_24_7022\f_60_depth.npy,1,,5,171.9207000732422,171.6421661376953,1.447547435760498,0.908771885183749,0.8075315943324999,0.9504209997977939,0,entry_or_trunk_with_rump,-0.5761303554328805,0.03496873177192583,0.2261904761904762,0.024537907913327217,0.07015499472618103,0.4019567026087058,0.7573993580751294,0.0,0.0,0.0,0.0
BCS5__Cow_24_7022,Cow_24_7022,Cow_24,2,5,3,1,90,dataset\5\Cow_24_7022\f_90_rgb.jpg,dataset\5\Cow_24_7022\f_90_depth.npy,1,,6,169.0581817626953,168.98863220214844,0.9860373735427856,0.9508956173281942,0.9144973789598937,0.9668102159545702,0,trunk_head_neck_reversed,2.0952194880846946,0.12936237528762717,0.6204081632653061,0.010953267104923725,0.033223457634449005,0.6360130872591594,0.18460483203296774,0.0,0.2708333333333333,0.0,1.0
BCS5__Cow_25,Cow_25,Cow_25,0,5,3,1,435,dataset\5\Cow_25\f_435_rgb.jpg,dataset\5\Cow_25\f_435_depth.npy,1,,9,168.05519104003906,168.41128540039062,1.1850485801696777,0.9548963831073141,0.7857559845475718,0.9644131425138416,1,head_neck_trunk,-1.8662776602091071,0.14067658894917656,0.30340557275541796,0.004038372542709112,0.013110819272696972,0.05980963175638234,0.884914087549939,0.03869047619047619,0.0,1.0,0.0
BCS5__Cow_25,Cow_25,Cow_25,0,5,3,1,600,dataset\5\Cow_25\f_600_rgb.jpg,dataset\5\Cow_25\f_600_depth.npy,1,,6,167.10316467285156,167.73306274414062,1.4994745254516602,0.9235647874721622,0.897970121785939,0.9500218500792568,0,entry_or_trunk_with_rump,-0.5682296372233253,0.02971032391337758,0.35714285714285715,0.00980222038924694,0.037284184247255325,0.399874128199336,0.708186342481048,0.0,0.0,0.0,0.0
BCS5__Cow_25,Cow_25,Cow_25,0,5,3,1,615,dataset\5\Cow_25\f_615_rgb.jpg,dataset\5\Cow_25\f_615_depth.npy,1,,4,168.04075622558594,167.7926483154297,1.7168093919754028,0.9673669330153539,0.8628067644297328,0.9761824556517005,0,entry_or_trunk_with_rump,0.3071099204713761,0.10376878039529913,0.35714285714285715,0.00743806641548872,0.030612286180257797,0.4074533963564178,0.7059900329592611,0.0,0.0,0.0,0.0
BCS5__Cow_25,Cow_25,Cow_25,0,5,3,1,630,dataset\5\Cow_25\f_630_rgb.jpg,dataset\5\Cow_25\f_630_depth.npy,1,,8,167.48118591308594,167.46270751953125,1.3423036336898804,0.9674425816747584,0.8788126548763594,0.9735208537561162,0,entry_or_trunk_with_rump,-0.23271744604018352,0.03600299112426342,0.35714285714285715,0.008586716838181019,0.0270277988165617,0.4157188649441526,0.7089511596070767,0.0,0.0,0.0,0.0
BCS5__Cow_25,Cow_25,Cow_25,0,5,3,1,675,dataset\5\Cow_25\f_675_rgb.jpg,dataset\5\Cow_25\f_675_depth.npy,1,,5,168.94972229003906,168.02935791015625,2.029513120651245,0.9680867567810917,0.9564947602913423,0.9743385839082269,0,entry_or_trunk_with_rump,2.7350958568201804,0.12140570795905603,0.4017857142857143,0.019664542749524117,0.05932417884469032,0.39645488722115596,0.6827135703631375,0.0,0.0,0.0,0.0
BCS5__Cow_25,Cow_25,Cow_25,0,5,3,1,690,dataset\5\Cow_25\f_690_rgb.jpg,dataset\5\Cow_25\f_690_depth.npy,1,,7,168.43003845214844,167.91390991210938,1.1514999866485596,0.9666810931031157,0.8468969102401714,0.9737893763172375,0,entry_or_trunk_with_rump,2.863981990507412,0.1183538176177592,0.4017857142857143,0.027355609461665154,0.07020770758390427,0.37149732539385255,0.7069219823811357,0.0,0.0,0.0,0.0
BCS5__Cow_25,Cow_25,Cow_25,0,5,3,1,735,dataset\5\Cow_25\f_735_rgb.jpg,dataset\5\Cow_25\f_735_depth.npy,1,,5,168.2191619873047,168.41476440429688,0.6083177328109741,0.9503256253844933,0.9170823236209915,0.9624813612649143,0,entry_or_trunk_with_rump,2.338083385433194,0.07353326252292902,0.37202380952380953,0.013092813082039356,0.04083023965358734,0.30843982179821317,0.7292146191037453,0.0,0.0,0.0,0.0
BCS5__Cow_25,Cow_25,Cow_25,0,5,3,1,765,dataset\5\Cow_25\f_765_rgb.jpg,dataset\5\Cow_25\f_765_depth.npy,1,,7,169.3832550048828,168.6923065185547,1.017890214920044,0.9270220812807638,0.8599854567471381,0.9525271787963071,0,entry_or_trunk_with_rump,0.020257219827641393,0.020257219827641393,0.35714285714285715,0.01892646588385105,0.0510718934237957,0.3252476578212743,0.7524952983230052,0.0,0.0,0.0,0.0
BCS5__Cow_25,Cow_25,Cow_25,0,5,3,1,855,dataset\5\Cow_25\f_855_rgb.jpg,dataset\5\Cow_25\f_855_depth.npy,1,,6,168.6444549560547,168.64979553222656,1.178937554359436,0.9635303233187295,0.8459906596253576,0.9754993812922428,0,entry_or_trunk_with_rump,-0.32987470547227815,0.10795693816066887,0.3541666666666667,0.019972238689661026,0.0665251761674881,0.3542446827146426,0.7115013004741148,0.0,0.0,0.0,0.0
BCS5__Cow_25,Cow_25,Cow_25,0,5,3,1,870,dataset\5\Cow_25\f_870_rgb.jpg,dataset\5\Cow_25\f_870_depth.npy,1,,6,168.20944213867188,168.16046142578125,0.9120877981185913,0.9257598009926993,0.8540967788198544,0.94826915427634,0,entry_or_trunk_with_rump,-1.3839733562248995,0.07157936026361256,0.32142857142857145,0.013898702338337898,0.04864436388015747,0.33396048636380976,0.7004813323691211,0.0,0.0,0.0,0.0
BCS5__Cow_25,Cow_25,Cow_25,0,5,3,1,885,dataset\5\Cow_25\f_885_rgb.jpg,dataset\5\Cow_25\f_885_depth.npy,1,,4,168.55963134765625,168.43321228027344,1.027584433555603,0.9286688983517428,0.9020873005176308,0.9431998863852623,0,entry_or_trunk_with_rump,-1.320504556686771,0.07108020603374143,0.34523809523809523,0.018722383305430412,0.05864512175321579,0.3399787867734237,0.7037061406321876,0.0,0.0,0.0,0.0
BCS5__Cow_25,Cow_25,Cow_25,0,5,3,1,945,dataset\5\Cow_25\f_945_rgb.jpg,dataset\5\Cow_25\f_945_depth.npy,1,,5,168.34536743164062,168.5293426513672,0.6154652237892151,0.9540410953879496,0.8576913135892764,0.9628037317114753,0,entry_or_trunk_with_rump,-0.9877305024209306,0.05333623329872239,0.3630952380952381,0.021519985049962997,0.0666494220495224,0.36204492533192745,0.7249029845479399,0.0,0.0,0.0,0.0
BCS5__Cow_25,Cow_25,Cow_25,0,5,3,1,960,dataset\5\Cow_25\f_960_rgb.jpg,dataset\5\Cow_25\f_960_depth.npy,1,,4,167.77976989746094,167.79769897460938,0.2834547162055969,0.8716185370280294,0.7796282464073586,0.9211585850885764,2,entry_or_trunk_with_rump,0.14182169123343158,0.14182169123343158,0.3630952380952381,0.019767064601182938,0.060402896255254745,0.3668435831405707,0.7168760698362193,0.0,0.0,0.0,0.0
BCS5__Cow_25,Cow_25,Cow_25,0,5,3,1,1005,dataset\5\Cow_25\f_1005_rgb.jpg,dataset\5\Cow_25\f_1005_depth.npy,1,,3,167.697021484375,167.62155151367188,0.29618266224861145,0.9365284371576427,0.8767876131211658,0.9456540727708946,0,entry_or_trunk_with_rump,0.02279249634896985,0.02279249634896985,0.3541666666666667,0.01494729146361351,0.049548663198947906,0.36590187506284105,0.6881813815398518,0.0,0.0,0.0,0.0
BCS5__Cow_25,Cow_25,Cow_25,0,5,3,1,1050,dataset\5\Cow_25\f_1050_rgb.jpg,dataset\5\Cow_25\f_1050_depth.npy,1,,4,167.45909118652344,167.6598358154297,0.9919475317001343,0.936125435673211,0.7773765988868235,0.9495595887545601,1,entry_or_trunk_with_rump,0.03280115403039474,0.02844950834401061,0.34226190476190477,0.010931973345577717,0.03615280240774155,0.36162912848847384,0.6934811510458363,0.0,0.0,0.0,0.0
BCS5__Cow_25,Cow_25,Cow_25,0,5,3,1,1065,dataset\5\Cow_25\f_1065_rgb.jpg,dataset\5\Cow_25\f_1065_depth.npy,1,,6,168.1942138671875,168.1953887939453,0.922256588935852,0.9434937801421851,0.8297376187791101,0.9555668159915249,0,entry_or_trunk_with_rump,0.07287341549520931,0.07287341549520931,0.34523809523809523,0.012444932945072651,0.04276515170931816,0.3661377920793552,0.6924385016677379,0.0,0.0,0.0,0.0
BCS5__Cow_25,Cow_25,Cow_25,0,5,3,1,1095,dataset\5\Cow_25\f_1095_rgb.jpg,dataset\5\Cow_25\f_1095_depth.npy,1,,7,168.6829376220703,168.44723510742188,1.380915880203247,0.8967345167324917,0.8455059297853313,0.9403556320184596,0,entry_or_trunk_with_rump,1.9471104268415331,0.06092053305422951,0.35119047619047616,0.009635908529162407,0.036358874291181564,0.35848841729690445,0.6752293618483352,0.0,0.0,0.0,0.0
BCS5__Cow_25,Cow_25,Cow_25,0,5,3,1,1110,dataset\5\Cow_25\f_1110_rgb.jpg,dataset\5\Cow_25\f_1110_depth.npy,1,,4,166.4361114501953,166.58641052246094,0.8777145743370056,0.9458848970669329,0.834462309548,0.9603341720233658,0,entry_or_trunk_with_rump,1.6092682637467988,0.04717148620663636,0.33630952380952384,0.00812243577092886,0.02954355627298355,0.3536458538645653,0.6895469105158015,0.0,0.0,0.0,0.0
BCS5__Cow_25,Cow_25,Cow_25,0,5,3,1,1140,dataset\5\Cow_25\f_1140_rgb.jpg,dataset\5\Cow_25\f_1140_depth.npy,1,,4,168.50103759765625,168.4016876220703,0.9713271856307983,0.9434699115749309,0.8114425987573874,0.9577858646436729,0,entry_or_trunk_with_rump,1.4963051311776923,0.051686589654892146,0.3601190476190476,0.00898062065243721,0.043429262936115265,0.3612708140849606,0.6974146133635266,0.0,0.0,0.0,0.0
BCS5__Cow_25,Cow_25,Cow_25,0,5,3,1,1155,dataset\5\Cow_25\f_1155_rgb.jpg,dataset\5\Cow_25\f_1155_depth.npy,1,,5,168.70423889160156,169.29705810546875,1.3784977197647095,0.9571808799840449,0.885514544932313,0.9698511699460615,0,entry_or_trunk_with_rump,1.738868154585063,0.07107978831399464,0.35714285714285715,0.011490684002637863,0.04332946613430977,0.35166934335722594,0.6916955909867089,0.0,0.0,0.0,0.0
BCS5__Cow_25,Cow_25,Cow_25,0,5,3,1,1185,dataset\5\Cow_25\f_1185_rgb.jpg,dataset\5\Cow_25\f_1185_depth.npy,1,,3,167.8338623046875,167.6939697265625,0.3062506914138794,0.9335233054965975,0.8751102196702514,0.9501564016941858,0,entry_or_trunk_with_rump,1.030889960552841,0.056670753709340715,0.35714285714285715,0.010248386301100254,0.03666871041059494,0.3531862663703975,0.7062022860281444,0.0,0.0,0.0,0.0
BCS5__Cow_25,Cow_25,Cow_25,0,5,3,1,1200,dataset\5\Cow_25\f_1200_rgb.jpg,dataset\5\Cow_25\f_1200_depth.npy,1,,4,169.00985717773438,168.60122680664062,0.9726303815841675,0.9402109853063016,0.7952945834485962,0.9540768686087346,1,entry_or_trunk_with_rump,-0.003973748141760325,0.010588977112561793,0.3541666666666667,0.01104431226849556,0.046568308025598526,0.3587170343736187,0.7150255206557934,0.0,0.0,0.0,0.0
BCS5__Cow_25,Cow_25,Cow_25,0,5,3,1,1215,dataset\5\Cow_25\f_1215_rgb.jpg,dataset\5\Cow_25\f_1215_depth.npy,1,,5,169.0623321533203,168.28140258789062,1.7364250421524048,0.9417352351567227,0.7799890852760236,0.9423278080008044,1,entry_or_trunk_with_rump,0.14627407195453657,0.14174443021897787,0.3482142857142857,0.01377110555768013,0.043023984879255295,0.35609731609765544,0.6915404755439055,0.0,0.0,0.0,0.0
BCS5__Cow_25,Cow_25,Cow_25,0,5,3,1,1245,dataset\5\Cow_25\f_1245_rgb.jpg,dataset\5\Cow_25\f_1245_depth.npy,1,,5,167.20384216308594,167.49473571777344,1.1413344144821167,0.9292827166989021,0.8522135620308504,0.9564469071028429,0,entry_or_trunk_with_rump,-0.2829760116691489,0.09250434037048194,0.3482142857142857,0.007457614876329899,0.029576504603028297,0.35349622649979784,0.6861896537021954,0.0,0.0,0.0,0.0
BCS5__Cow_25,Cow_25,Cow_25,0,5,3,1,1350,dataset\5\Cow_25\f_1350_rgb.jpg,dataset\5\Cow_25\f_1350_depth.npy,1,,6,167.28012084960938,167.81759643554688,1.5368560552597046,0.9597826738005817,0.7969207988619463,0.966649434913157,1,entry_or_trunk_with_rump,-5.329199177598767,0.1457599838056325,0.4017857142857143,0.009401747025549412,0.03253799304366112,0.19146151394928174,0.7525854934730442,0.0,0.0,0.0,0.0
BCS5__Cow_25,Cow_25,Cow_25,0,5,3,1,1365,dataset\5\Cow_25\f_1365_rgb.jpg,dataset\5\Cow_25\f_1365_depth.npy,1,,4,166.3182373046875,167.05606079101562,1.8729819059371948,0.9721025886870938,0.9600962220726912,0.9765947670865704,0,head_neck_trunk,-11.256754288388791,0.7293242975599838,0.34523809523809523,0.010380913503468037,0.03982151299715042,0.13748597047512254,0.7772613281676918,0.0,0.0,1.0,0.0
BCS5__Cow_25,Cow_25,Cow_25,0,5,3,1,1380,dataset\5\Cow_25\f_1380_rgb.jpg,dataset\5\Cow_25\f_1380_depth.npy,1,,8,168.3467254638672,168.029296875,0.8471742272377014,0.9694237550909832,0.9186716703743381,0.9775780464794801,0,head_neck_trunk,-9.535953080110957,0.9730667892901437,0.343042071197411,0.016527749598026276,0.04908491298556328,0.11827147686882541,0.8038364650158273,0.08035714285714286,0.0,1.0,0.0
BCS5__Cow_25,Cow_25,Cow_25,0,5,3,1,1395,dataset\5\Cow_25\f_1395_rgb.jpg,dataset\5\Cow_25\f_1395_depth.npy,1,,7,164.16404724121094,164.1022186279297,0.4108683168888092,0.9780394989206069,0.9122959487107446,0.9790237282209104,0,head_neck_trunk,2.0736626156669615,0.2877619828435769,0.3445692883895131,0.013384329155087471,0.03859295696020126,0.10599863792263145,0.8791584410535747,0.20535714285714285,0.0,1.0,0.0
BCS5__Cow_25,Cow_25,Cow_25,0,5,3,1,1410,dataset\5\Cow_25\f_1410_rgb.jpg,dataset\5\Cow_25\f_1410_depth.npy,1,,9,162.167236328125,162.06912231445312,1.6232914924621582,0.932245366236389,0.8243650063898156,0.9606486602850323,0,head_neck_trunk,0.6849324101407177,0.21499607812961585,0.24166666666666667,0.003330203937366605,0.008388758637011051,0.05833262456459065,0.8698151234586422,0.2857142857142857,0.0,1.0,0.0
BCS5__Cow_25_6005,Cow_25_6005,Cow_25,0,5,3,1,165,dataset\5\Cow_25_6005\f_165_rgb.jpg,dataset\5\Cow_25_6005\f_165_depth.npy,1,,9,171.35406494140625,171.1153564453125,1.3728382587432861,0.9422064808253383,0.6938748896610365,0.9639868897965234,2,head_neck_trunk,2.6631185148099803,0.1836936400476219,0.3232758620689655,0.0085372906178236,0.03360302373766899,0.13261818285603397,0.851440674309702,0.30952380952380953,0.0,1.0,0.0
BCS5__Cow_27,Cow_27,Cow_27,1,5,3,1,75,dataset\5\Cow_27\f_75_rgb.jpg,dataset\5\Cow_27\f_75_depth.npy,1,,9,156.0859832763672,156.2329864501953,1.2403157949447632,0.995321179047392,0.9697930807327169,0.9967090064233946,0,head_neck_trunk,-8.976580393700246,1.1824465006544642,0.5089285714285714,0.012106579728424549,0.04753148928284645,0.09974941587876703,0.7443302026786962,0.3333333333333333,0.0,1.0,0.0
BCS5__Cow_27,Cow_27,Cow_27,1,5,3,1,90,dataset\5\Cow_27\f_90_rgb.jpg,dataset\5\Cow_27\f_90_depth.npy,1,,9,159.8443145751953,159.51321411132812,0.9858066439628601,0.9871839533536846,0.9673899745753408,0.9900218789777958,0,head_neck_trunk,-11.395551704637853,0.6151368893688556,0.37969924812030076,0.009710986167192459,0.0371084064245224,0.1147736614625821,0.7205028434503153,0.20833333333333334,0.0,1.0,0.0
BCS5__Cow_27,Cow_27,Cow_27,1,5,3,1,120,dataset\5\Cow_27\f_120_rgb.jpg,dataset\5\Cow_27\f_120_depth.npy,1,,8,166.9337158203125,167.41079711914062,1.8477810621261597,0.9703434231546693,0.9194244420716285,0.980225464096864,0,head_neck_trunk,-6.25701228245984,0.39984346491146994,0.41522491349480967,0.00742615619674325,0.023254813626408577,0.13456437869373225,0.8213070998542811,0.13988095238095238,0.0,1.0,0.0
BCS5__Cow_27,Cow_27,Cow_27,1,5,3,1,165,dataset\5\Cow_27\f_165_rgb.jpg,dataset\5\Cow_27\f_165_depth.npy,1,,9,168.65174865722656,168.63111877441406,0.6211403608322144,0.9758367064316413,0.9368355477650546,0.9850935185329381,0,head_neck_trunk,-2.853440652256751,0.44527788809921276,0.38235294117647056,0.0032431711442768574,0.010831165127456188,0.11770522264422058,0.8496635362586261,0.08928571428571429,0.0,1.0,0.0
BCS5__Cow_27,Cow_27,Cow_27,1,5,3,1,210,dataset\5\Cow_27\f_210_rgb.jpg,dataset\5\Cow_27\f_210_depth.npy,1,,9,169.8372039794922,169.54757690429688,0.6184216141700745,0.9484105434147299,0.9120904199771711,0.9607091042478628,0,trunk_head_neck_reversed,5.876260487590841,0.049326295166750356,0.35714285714285715,0.014548899605870247,0.04661707952618599,0.41965276579043514,0.448906341725387,0.0,0.0,0.0,1.0
BCS5__Cow_27,Cow_27,Cow_27,1,5,3,1,225,dataset\5\Cow_27\f_225_rgb.jpg,dataset\5\Cow_27\f_225_depth.npy,1,,9,169.15267944335938,169.1528778076172,0.7894296050071716,0.9712686347126479,0.923756320613637,0.9810270599056625,0,trunk_head_neck_reversed,4.4337646112306,0.0357001188460373,0.48214285714285715,0.012587415985763073,0.04262940213084221,0.3430576231884732,0.5444833557294902,0.0,0.0,0.0,1.0
BCS5__Cow_27,Cow_27,Cow_27,1,5,3,1,240,dataset\5\Cow_27\f_240_rgb.jpg,dataset\5\Cow_27\f_240_depth.npy,1,,9,169.54541015625,169.54144287109375,0.46705013513565063,0.9515943196748569,0.8538031478735222,0.9728155455361995,0,head_neck_trunk,1.918946809952402,0.04262538278344152,0.4732142857142857,0.02571762539446354,0.10853171348571777,0.28809050447080264,0.7921486554466557,0.0,0.0,1.0,0.0
BCS5__Cow_27,Cow_27,Cow_27,1,5,3,1,255,dataset\5\Cow_27\f_255_rgb.jpg,dataset\5\Cow_27\f_255_depth.npy,1,,9,169.8101043701172,169.78436279296875,0.3379802107810974,0.9475474530942429,0.8465137974137363,0.9647666180274479,0,head_neck_trunk,8.063987324482042,0.7728042256810284,0.37202380952380953,0.005610205698758364,0.02153850346803665,0.21531487504935243,0.8288803737861117,0.0,0.0,1.0,0.0
BCS5__Cow_27,Cow_27,Cow_27,1,5,3,1,330,dataset\5\Cow_27\f_330_rgb.jpg,dataset\5\Cow_27\f_330_depth.npy,1,,9,164.87066650390625,165.2550811767578,1.5409767627716064,0.960849397389413,0.9244251089116322,0.9664951959610734,0,head_neck_trunk,10.87725286619903,1.0909773111482366,0.44753086419753085,0.014580415561795235,0.04422708600759506,0.14578218645975322,0.838926592548456,0.03571428571428571,0.0,1.0,0.0
BCS5__Cow_27,Cow_27,Cow_27,1,5,3,1,345,dataset\5\Cow_27\f_345_rgb.jpg,dataset\5\Cow_27\f_345_depth.npy,1,,9,169.1365203857422,168.9718780517578,0.6599017977714539,0.96786555508826,0.9417402217346553,0.9749458281562342,0,head_neck_trunk,5.915721454226386,0.5438585559676739,0.3898809523809524,0.00823524221777916,0.023068910464644432,0.16368103776234702,0.8346580013394094,0.0,0.0,1.0,0.0
BCS5__Cow_27,Cow_27,Cow_27,1,5,3,1,360,dataset\5\Cow_27\f_360_rgb.jpg,dataset\5\Cow_27\f_360_depth.npy,1,,9,169.1557159423828,169.0312957763672,0.509381890296936,0.97368829456595,0.9475754301424426,0.9839291404152752,0,head_neck_trunk,8.526118673745515,0.7069130980622447,0.37797619047619047,0.007522444240748882,0.029000677168369293,0.1753706078159703,0.8154221808054694,0.0,0.0,1.0,0.0
BCS5__Cow_27,Cow_27,Cow_27,1,5,3,1,405,dataset\5\Cow_27\f_405_rgb.jpg,dataset\5\Cow_27\f_405_depth.npy,1,,9,166.5035400390625,166.28659057617188,0.7557938098907471,0.9673935224356208,0.9380801549588168,0.9753250825163318,0,head_neck_trunk,17.732798461143844,2.083008901895141,0.41904761904761906,0.023037349805235863,0.0787726491689682,0.12339271239293655,0.7726121259156556,0.0625,0.0,1.0,0.0
BCS5__Cow_27,Cow_27,Cow_27,1,5,3,1,510,dataset\5\Cow_27\f_510_rgb.jpg,dataset\5\Cow_27\f_510_depth.npy,1,,9,167.97592163085938,167.5072021484375,1.1599113941192627,0.9637357056635035,0.948250244472244,0.9767731746419612,0,head_neck_trunk,-10.860073561379068,0.5487687855853096,0.46726190476190477,0.014782608486711979,0.06431775540113449,0.10545749049981074,0.7824832022429045,0.0,0.0,1.0,0.0
BCS5__Cow_27,Cow_27,Cow_27,1,5,3,1,525,dataset\5\Cow_27\f_525_rgb.jpg,dataset\5\Cow_27\f_525_depth.npy,1,,9,165.75331115722656,165.7281036376953,1.3263503313064575,0.9633966913049887,0.9543404223996899,0.9743072410525473,0,head_neck_trunk,-10.83290097811495,0.6965798919157322,0.4523809523809524,0.015090541914105415,0.05872705578804016,0.13928617229415327,0.791530053698361,0.0,0.0,1.0,0.0
BCS5__Cow_27,Cow_27,Cow_27,1,5,3,1,555,dataset\5\Cow_27\f_555_rgb.jpg,dataset\5\Cow_27\f_555_depth.npy,1,,9,168.61859130859375,168.70257568359375,0.9183939695358276,0.9793910170431244,0.9561232289424181,0.9886482239486893,0,entry_or_trunk_with_rump,-13.07422458166154,0.18940240164275224,0.43452380952380953,0.01616542413830757,0.061648815870285034,0.35050139985514983,0.7167586864108793,0.0,0.0,0.0,0.0
BCS5__Cow_27,Cow_27,Cow_27,1,5,3,1,585,dataset\5\Cow_27\f_585_rgb.jpg,dataset\5\Cow_27\f_585_depth.npy,1,,7,170.80857849121094,170.6350555419922,0.5199260711669922,0.9682234266149687,0.9303209672448125,0.9779461269164085,0,entry_or_trunk_with_rump,-15.491112554504141,0.16452427041673445,0.2916666666666667,0.014155575074255466,0.05006341263651848,0.3757728168221458,0.5926492950624851,0.0,0.0,0.0,0.0
BCS5__Cow_27,Cow_27,Cow_27,1,5,3,1,600,dataset\5\Cow_27\f_600_rgb.jpg,dataset\5\Cow_27\f_600_depth.npy,1,,4,172.31153869628906,172.29339599609375,0.7959659695625305,0.9790425733270006,0.9460138033850946,0.9817568869886967,0,entry_or_trunk_with_rump,-15.364699716389168,0.21258772051166375,0.3005952380952381,0.01736105978488922,0.04991156980395317,0.352489539245017,0.5877501035489601,0.0,0.0,0.0,0.0
BCS5__Cow_27,Cow_27,Cow_27,1,5,3,1,615,dataset\5\Cow_27\f_615_rgb.jpg,dataset\5\Cow_27\f_615_depth.npy,1,,7,170.97511291503906,170.81431579589844,0.5665202736854553,0.9232425119218862,0.8706267909089356,0.9520864425788025,0,entry_or_trunk_with_rump,-14.873149106205858,0.2729090785102102,0.3244047619047619,0.02039060741662979,0.05736829340457916,0.33022921513214165,0.6343284607552421,0.0,0.0,0.0,0.0
BCS5__Cow_27,Cow_27,Cow_27,1,5,3,1,630,dataset\5\Cow_27\f_630_rgb.jpg,dataset\5\Cow_27\f_630_depth.npy,1,,3,169.77020263671875,169.7641143798828,0.08007586747407913,0.9734974294974955,0.8797513514544543,0.9740808080459425,0,entry_or_trunk_with_rump,-11.618892723064462,0.15713759982321562,0.3005952380952381,0.017495647072792053,0.05655752122402191,0.34547208419290343,0.7252369671597171,0.0,0.0,0.0,0.0
BCS5__Cow_27,Cow_27,Cow_27,1,5,3,1,645,dataset\5\Cow_27\f_645_rgb.jpg,dataset\5\Cow_27\f_645_depth.npy,1,,8,171.7197265625,171.96832275390625,0.7492152452468872,0.9700254839943064,0.9034201829695638,0.9775817703703258,0,entry_or_trunk_with_rump,-7.98992054030515,0.12214679110692828,0.30357142857142855,0.016019823029637337,0.05350107327103615,0.3676651033584912,0.7079587249210622,0.0,0.0,0.0,0.0
BCS5__Cow_27,Cow_27,Cow_27,1,5,3,1,690,dataset\5\Cow_27\f_690_rgb.jpg,dataset\5\Cow_27\f_690_depth.npy,1,,9,170.64892578125,170.7378692626953,0.25999632477760315,0.9872148952393036,0.9234898129572828,0.988154137246654,0,entry_or_trunk_with_rump,-13.840829426241783,0.1808613591448136,0.32142857142857145,0.010370572097599506,0.034547124058008194,0.33430724443670784,0.7345726866914859,0.0,0.0,0.0,0.0
BCS5__Cow_27_1,Cow_27_1,Cow_27,1,5,3,1,165,dataset\5\Cow_27_1\f_165_rgb.jpg,dataset\5\Cow_27_1\f_165_depth.npy,1,,9,170.39846801757812,170.53656005859375,2.033245801925659,0.9712682143888685,0.8361455242593434,0.9729955942361735,0,head_neck_trunk,-6.908593203890661,0.13392275346697602,0.7619047619047619,0.023386875167489052,0.07991142570972443,0.32280748020722166,0.7267352858008033,0.0,0.0,1.0,0.0
BCS5__Cow_27_1,Cow_27_1,Cow_27,1,5,3,1,180,dataset\5\Cow_27_1\f_180_rgb.jpg,dataset\5\Cow_27_1\f_180_depth.npy,1,,9,168.67691040039062,169.11380004882812,1.1227513551712036,0.9681689640601124,0.7675773480634118,0.9778959280408432,1,trunk_dominant,-13.297835430694747,0.32964859858805085,0.5482758620689655,0.01550216693431139,0.051340993493795395,0.538870917688079,0.10313076214000438,0.0,0.13690476190476192,1.0,1.0
BCS5__Cow_28,Cow_28,Cow_28,2,5,3,1,30,dataset\5\Cow_28\f_30_rgb.jpg,dataset\5\Cow_28\f_30_depth.npy,1,,9,160.20416259765625,159.9882049560547,0.8199061751365662,0.9841393683514621,0.9662119598694238,0.9867620125422251,0,head_neck_trunk,9.793127747806636,1.3084677441978982,0.4979757085020243,0.007426380645483732,0.027809541672468185,0.1164534748399593,0.7753882057609913,0.2648809523809524,0.0,1.0,0.0
BCS5__Cow_28,Cow_28,Cow_28,2,5,3,1,45,dataset\5\Cow_28\f_45_rgb.jpg,dataset\5\Cow_28\f_45_depth.npy,1,,9,172.56813049316406,172.41424560546875,0.47907400131225586,0.9580108727512118,0.948397967548957,0.9718569656230498,0,head_neck_trunk,6.8226277927160766,0.2857372936141189,0.3557692307692308,0.008768969215452671,0.03071664460003376,0.1397419901341408,0.8441695637956304,0.07142857142857142,0.0,1.0,0.0
BCS5__Cow_28,Cow_28,Cow_28,2,5,3,1,60,dataset\5\Cow_28\f_60_rgb.jpg,dataset\5\Cow_28\f_60_depth.npy,1,,4,170.14743041992188,170.7318115234375,1.296455979347229,0.9356388320789213,0.7268808441394949,0.9521094827335157,1,head_neck_trunk,3.5458229570543125,0.11294693402051337,0.22916666666666666,0.022908752784132957,0.06120478734374046,0.35270136239869687,0.8268062602594981,0.0,0.0,1.0,0.0
BCS5__Cow_28,Cow_28,Cow_28,2,5,3,1,75,dataset\5\Cow_28\f_75_rgb.jpg,dataset\5\Cow_28\f_75_depth.npy,1,,6,169.3111572265625,169.30593872070312,0.2999483346939087,0.9594146603824998,0.9547642921974543,0.9671957790278809,0,entry_or_trunk_with_rump,0.5367891540261382,0.012695534590676516,0.2976190476190476,0.0184433963149786,0.05464240163564682,0.483547076857139,0.5993995984438997,0.0,0.0,0.0,0.0
BCS5__Cow_28,Cow_28,Cow_28,2,5,3,1,90,dataset\5\Cow_28\f_90_rgb.jpg,dataset\5\Cow_28\f_90_depth.npy,1,,8,171.441162109375,171.42160034179688,0.3352573812007904,0.9656939990345748,0.9170209855830901,0.9718983769416685,0,trunk_head_neck_reversed,2.6204688574125043,0.07103330793972873,0.30952380952380953,0.018261844292283058,0.059432871639728546,0.44234702332162706,0.49278064194974935,0.0,0.0,0.0,1.0
BCS5__Cow_28,Cow_28,Cow_28,2,5,3,1,105,dataset\5\Cow_28\f_105_rgb.jpg,dataset\5\Cow_28\f_105_depth.npy,1,,5,170.10182189941406,170.8815155029297,1.8122860193252563,0.9670154160566011,0.9026512583439575,0.9715709911337647,0,entry_or_trunk_with_rump,6.119890197701579,0.22069004172320206,0.3273809523809524,0.029183410108089447,0.085146464407444,0.4815693172965031,0.5995360228688339,0.0,0.0,0.0,0.0
BCS5__Cow_28,Cow_28,Cow_28,2,5,3,1,120,dataset\5\Cow_28\f_120_rgb.jpg,dataset\5\Cow_28\f_120_depth.npy,1,,5,169.7137451171875,169.718017578125,0.31208789348602295,0.9688092806051004,0.9665482975094706,0.9732110368619656,0,entry_or_trunk_with_rump,7.148040389555277,0.21827053925407824,0.3005952380952381,0.023308832198381424,0.07003850489854813,0.43581448575664655,0.6173003264720772,0.0,0.0,0.0,0.0
BCS5__Cow_28,Cow_28,Cow_28,2,5,3,1,135,dataset\5\Cow_28\f_135_rgb.jpg,dataset\5\Cow_28\f_135_depth.npy,1,,6,170.6220703125,170.6030731201172,0.5355018973350525,0.9723037728966757,0.9587245263718083,0.9817804844438732,0,entry_or_trunk_with_rump,7.564361749215621,0.23918009341228696,0.3125,0.030983874574303627,0.0836162343621254,0.40986591784476095,0.6947402759914006,0.0,0.0,0.0,0.0
BCS5__Cow_28,Cow_28,Cow_28,2,5,3,1,150,dataset\5\Cow_28\f_150_rgb.jpg,dataset\5\Cow_28\f_150_depth.npy,1,,7,170.43275451660156,170.72018432617188,0.791918158531189,0.976206760233079,0.961517972777653,0.9858825888068645,0,entry_or_trunk_with_rump,7.971204888861749,0.23716932905600174,0.3333333333333333,0.02639184519648552,0.07671038061380386,0.39089220385415013,0.7665101360912894,0.0,0.0,0.0,0.0
BCS5__Cow_28,Cow_28,Cow_28,2,5,3,1,165,dataset\5\Cow_28\f_165_rgb.jpg,dataset\5\Cow_28\f_165_depth.npy,1,,6,170.86383056640625,171.0778350830078,0.7287360429763794,0.961679953477656,0.9188674234912301,0.9712053884190033,0,entry_or_trunk_with_rump,9.178311739155077,0.2780666180075997,0.3005952380952381,0.017374346032738686,0.052207767963409424,0.39979439832906616,0.7540763632689433,0.0,0.0,0.0,0.0
BCS5__Cow_28,Cow_28,Cow_28,2,5,3,1,180,dataset\5\Cow_28\f_180_rgb.jpg,dataset\5\Cow_28\f_180_depth.npy,1,,7,169.93328857421875,170.22093200683594,0.7615160346031189,0.9726071835246822,0.9244749117274849,0.9765529948171541,0,entry_or_trunk_with_rump,9.334039879312556,0.2568208430001988,0.27976190476190477,0.021706096827983856,0.06619465351104736,0.42294898111786783,0.7240469408129564,0.0,0.0,0.0,0.0
BCS5__Cow_28,Cow_28,Cow_28,2,5,3,1,195,dataset\5\Cow_28\f_195_rgb.jpg,dataset\5\Cow_28\f_195_depth.npy,1,,7,169.899658203125,170.38864135742188,1.6366767883300781,0.9703715415600345,0.955228669566686,0.9747148680406539,0,entry_or_trunk_with_rump,8.565474466819424,0.19659478674367392,0.26785714285714285,0.015093402937054634,0.044712044298648834,0.4261407691004689,0.6965270507910554,0.0,0.0,0.0,0.0
BCS5__Cow_28,Cow_28,Cow_28,2,5,3,1,210,dataset\5\Cow_28\f_210_rgb.jpg,dataset\5\Cow_28\f_210_depth.npy,1,,6,172.00125122070312,171.61204528808594,1.2490702867507935,0.9721591388531443,0.9420843626129923,0.9784340262668046,0,entry_or_trunk_with_rump,7.394746103410711,0.19822857666214588,0.25595238095238093,0.022449839860200882,0.06434699892997742,0.4331229097799138,0.6730308884942193,0.0,0.0,0.0,0.0
BCS5__Cow_28,Cow_28,Cow_28,2,5,3,1,240,dataset\5\Cow_28\f_240_rgb.jpg,dataset\5\Cow_28\f_240_depth.npy,1,,5,170.2569580078125,170.74227905273438,1.534999966621399,0.9590195400748784,0.8454715938053694,0.9750983012702976,0,entry_or_trunk_with_rump,8.652426822363779,0.23625957042143853,0.29464285714285715,0.028150714933872223,0.07642462849617004,0.44148612015141314,0.6716738332756286,0.0,0.0,0.0,0.0
BCS5__Cow_28,Cow_28,Cow_28,2,5,3,1,255,dataset\5\Cow_28\f_255_rgb.jpg,dataset\5\Cow_28\f_255_depth.npy,1,,5,169.3161163330078,169.62518310546875,0.6621235013008118,0.978399366962738,0.9731651604926177,0.9853530783125181,0,entry_or_trunk_with_rump,8.228120181818639,0.22629364019449838,0.28869047619047616,0.027427179738879204,0.07668211311101913,0.4470873953007485,0.6648033688442366,0.0,0.0,0.0,0.0
BCS5__Cow_28,Cow_28,Cow_28,2,5,3,1,270,dataset\5\Cow_28\f_270_rgb.jpg,dataset\5\Cow_28\f_270_depth.npy,1,,3,169.38040161132812,170.8021240234375,2.0362513065338135,0.9742214666698114,0.9657148908031411,0.979718291418127,0,entry_or_trunk_with_rump,8.05462910077948,0.250637249413586,0.28869047619047616,0.03122630901634693,0.08668778836727142,0.4489986482096491,0.6748231303343005,0.0,0.0,0.0,0.0
BCS5__Cow_28,Cow_28,Cow_28,2,5,3,1,285,dataset\5\Cow_28\f_285_rgb.jpg,dataset\5\Cow_28\f_285_depth.npy,1,,6,170.3273162841797,170.95703125,1.4839838743209839,0.9722582833375333,0.8007472415646275,0.9766597409675162,0,entry_or_trunk_with_rump,9.197563958348297,0.2596162828441777,0.2767857142857143,0.021508853882551193,0.0628085806965828,0.4486217305007291,0.6515743682524838,0.0,0.0,0.0,0.0
BCS5__Cow_28,Cow_28,Cow_28,2,5,3,1,300,dataset\5\Cow_28\f_300_rgb.jpg,dataset\5\Cow_28\f_300_depth.npy,1,,6,171.520751953125,171.31982421875,1.564884901046753,0.7683230120236537,0.5686966629815076,0.8763877800779543,4,entry_or_trunk_with_rump,9.195812282662686,0.25838494626398756,0.25892857142857145,0.030274830758571625,0.07943316549062729,0.4531937430510574,0.6523484236762495,0.0,0.0,0.0,0.0
BCS5__Cow_28,Cow_28,Cow_28,2,5,3,1,315,dataset\5\Cow_28\f_315_rgb.jpg,dataset\5\Cow_28\f_315_depth.npy,1,,5,169.18739318847656,170.1092071533203,1.8519355058670044,0.9678062765441985,0.8158595819483936,0.9746502311534078,0,entry_or_trunk_with_rump,8.65233738172195,0.2793113014672457,0.2916666666666667,0.031100766733288765,0.08759050071239471,0.46178377438693474,0.6474376310670781,0.0,0.0,0.0,0.0
BCS5__Cow_28,Cow_28,Cow_28,2,5,3,1,330,dataset\5\Cow_28\f_330_rgb.jpg,dataset\5\Cow_28\f_330_depth.npy,1,,3,169.94808959960938,170.8914794921875,2.2929368019104004,0.9780872880488912,0.6811099707314996,0.978500961839144,1,entry_or_trunk_with_rump,7.937665303038344,0.22818056648428353,0.26785714285714285,0.02321893721818924,0.06696875393390656,0.46240913438126413,0.650231140609556,0.0,0.0,0.0,0.0
BCS5__Cow_28,Cow_28,Cow_28,2,5,3,1,345,dataset\5\Cow_28\f_345_rgb.jpg,dataset\5\Cow_28\f_345_depth.npy,1,,7,171.0478057861328,170.78114318847656,1.281216025352478,0.9631678639647031,0.8835547290195976,0.9674161862656221,0,entry_or_trunk_with_rump,7.247391164591747,0.21053034034591178,0.29464285714285715,0.015865320339798927,0.04883617162704468,0.4649627116330291,0.634383938076858,0.0,0.0,0.0,0.0
BCS5__Cow_28,Cow_28,Cow_28,2,5,3,1,375,dataset\5\Cow_28\f_375_rgb.jpg,dataset\5\Cow_28\f_375_depth.npy,1,,3,169.37570190429688,169.4081268310547,0.19120736420154572,0.9789571830644889,0.9719676910515355,0.9873130510871437,0,entry_or_trunk_with_rump,7.868222645588546,0.22399889787632787,0.2767857142857143,0.02236246131360531,0.06582535803318024,0.45226146411600815,0.6474654330581276,0.0,0.0,0.0,0.0
BCS5__Cow_28,Cow_28,Cow_28,2,5,3,1,390,dataset\5\Cow_28\f_390_rgb.jpg,dataset\5\Cow_28\f_390_depth.npy,1,,5,169.4071502685547,170.55477905273438,2.3080716133117676,0.976962936830619,0.9445349541511896,0.9785509732816086,0,entry_or_trunk_with_rump,8.43932926377056,0.2396875318344911,0.2767857142857143,0.016474977135658264,0.051532141864299774,0.4367940209815102,0.6820460997629436,0.0,0.0,0.0,0.0
BCS5__Cow_28,Cow_28,Cow_28,2,5,3,1,405,dataset\5\Cow_28\f_405_rgb.jpg,dataset\5\Cow_28\f_405_depth.npy,1,,4,169.91929626464844,170.43963623046875,1.4287608861923218,0.9525016288325729,0.9339261911738519,0.9637778953153403,0,entry_or_trunk_with_rump,8.220044873408455,0.2678721480905608,0.2767857142857143,0.02630663476884365,0.07224433869123459,0.42559124848159746,0.714147929224802,0.0,0.0,0.0,0.0
BCS5__Cow_28,Cow_28,Cow_28,2,5,3,1,420,dataset\5\Cow_28\f_420_rgb.jpg,dataset\5\Cow_28\f_420_depth.npy,1,,3,169.405517578125,170.2364501953125,1.2257360219955444,0.9682078903448186,0.9352086787120443,0.978180995765016,0,entry_or_trunk_with_rump,6.727433589984301,0.2080782332685942,0.27976190476190477,0.02326200343668461,0.06520387530326843,0.4214229280938071,0.712615210867806,0.0,0.0,0.0,0.0
BCS5__Cow_28,Cow_28,Cow_28,2,5,3,1,435,dataset\5\Cow_28\f_435_rgb.jpg,dataset\5\Cow_28\f_435_depth.npy,1,,6,170.19659423828125,170.3794403076172,1.5008232593536377,0.9737027115877398,0.9408194506220396,0.9760021681465445,0,entry_or_trunk_with_rump,6.450070228201028,0.1715679730626647,0.2857142857142857,0.02541843242943287,0.07291864603757858,0.4364133350809941,0.7206181347122252,0.0,0.0,0.0,0.0
BCS5__Cow_28,Cow_28,Cow_28,2,5,3,1,450,dataset\5\Cow_28\f_450_rgb.jpg,dataset\5\Cow_28\f_450_depth.npy,1,,6,169.83163452148438,169.89898681640625,0.3770504295825958,0.9564021096637649,0.9441191538438753,0.967645790564218,0,entry_or_trunk_with_rump,6.297353862455125,0.17993193249850492,0.2767857142857143,0.028076475486159325,0.07948964089155197,0.43545511352173255,0.6904690413040405,0.0,0.0,0.0,0.0
BCS5__Cow_28,Cow_28,Cow_28,2,5,3,1,465,dataset\5\Cow_28\f_465_rgb.jpg,dataset\5\Cow_28\f_465_depth.npy,1,,7,170.0473175048828,170.6795196533203,1.392408013343811,0.9678898208606542,0.9255228143861018,0.9784479858719204,0,entry_or_trunk_with_rump,5.619275221786623,0.13108238301845176,0.28273809523809523,0.02656669355928898,0.0819324254989624,0.43236682268314947,0.6750943117786427,0.0,0.0,0.0,0.0
BCS5__Cow_28_4024,Cow_28_4024,Cow_28,2,5,3,1,15,dataset\5\Cow_28_4024\f_15_rgb.jpg,dataset\5\Cow_28_4024\f_15_depth.npy,1,,9,157.70098876953125,157.73204040527344,0.9162355661392212,0.9896486441760988,0.9783419818304863,0.9937212368572574,0,head_neck_trunk,-0.15476571231681646,0.15476571231681646,0.506993006993007,0.00832877866923809,0.0259412694722414,0.1032592860599717,0.8976618896523392,0.1488095238095238,0.0,1.0,0.0
BCS5__Cow_28_4024,Cow_28_4024,Cow_28,2,5,3,1,30,dataset\5\Cow_28_4024\f_30_rgb.jpg,dataset\5\Cow_28_4024\f_30_depth.npy,1,,9,165.04837036132812,165.70037841796875,1.7227574586868286,0.9833357816574855,0.9577040905216812,0.9885440719641839,0,head_neck_trunk,1.9974340629290452,0.05789593332728771,0.6507462686567164,0.012566681951284409,0.05312718078494072,0.20220048812551744,0.8444471794179207,0.002976190476190476,0.0,1.0,0.0
BCS5__Cow_28_4024,Cow_28_4024,Cow_28,2,5,3,1,90,dataset\5\Cow_28_4024\f_90_rgb.jpg,dataset\5\Cow_28_4024\f_90_depth.npy,1,,4,171.78353881835938,172.32107543945312,1.0237606763839722,0.9552135820246124,0.9186568513434098,0.9694921779551595,0,trunk_head_neck_reversed,-4.842184789736962,0.2831632148496226,0.5201612903225806,0.00590420700609684,0.02040817216038704,0.562788330313798,0.27735291993382033,0.0,0.2619047619047619,0.0,1.0
BCS5__Cow_29,Cow_29,Cow_29,1,5,3,1,180,dataset\5\Cow_29\f_180_rgb.jpg,dataset\5\Cow_29\f_180_depth.npy,1,,9,164.00999450683594,164.0209503173828,1.1919554471969604,0.9815387162500023,0.8874127037428364,0.9889764733438251,0,head_neck_trunk,2.0597620306443503,0.172292885576951,0.5384615384615384,0.005538525525480509,0.021264448761940002,0.08222129909141915,0.8523363404291561,0.1875,0.0,1.0,0.0
BCS5__Cow_29,Cow_29,Cow_29,1,5,3,1,195,dataset\5\Cow_29\f_195_rgb.jpg,dataset\5\Cow_29\f_195_depth.npy,1,,9,170.16754150390625,169.99215698242188,0.9797923564910889,0.9535245710435505,0.8998205160509863,0.971469775127102,0,head_neck_trunk,5.423397590063431,0.3572192147634752,0.28273809523809523,0.009480766020715237,0.042824383825063705,0.15613052586283818,0.8752740405256887,0.0,0.0,1.0,0.0
BCS5__Cow_29,Cow_29,Cow_29,1,5,3,1,210,dataset\5\Cow_29\f_210_rgb.jpg,dataset\5\Cow_29\f_210_depth.npy,1,,9,170.6798095703125,170.74269104003906,0.5808016657829285,0.9443455259568567,0.8672087681474446,0.9717068293805449,0,head_neck_trunk,2.2899087713460062,0.14219443462974368,0.35714285714285715,0.004493079148232937,0.012672225013375282,0.18327329692986283,0.8893789988026534,0.0,0.0,1.0,0.0
BCS5__Cow_29,Cow_29,Cow_29,1,5,3,1,225,dataset\5\Cow_29\f_225_rgb.jpg,dataset\5\Cow_29\f_225_depth.npy,1,,6,172.1472625732422,172.24224853515625,0.7252637147903442,0.9328573830167421,0.7647301604502889,0.9624435698747748,1,head_neck_trunk,-2.090695053294084,0.13454093900685393,0.32142857142857145,0.0077795726247131824,0.028944823890924454,0.33844808227954026,0.8132419326622313,0.0,0.0,1.0,0.0
BCS5__Cow_29,Cow_29,Cow_29,1,5,3,1,240,dataset\5\Cow_29\f_240_rgb.jpg,dataset\5\Cow_29\f_240_depth.npy,1,,9,172.2827606201172,171.9614715576172,0.836283802986145,0.9428633151026834,0.8851596423173739,0.9592215532429923,0,head_neck_trunk,-4.144375928355572,0.25656938223306724,0.23511904761904762,0.009591438807547092,0.030215907841920853,0.3684566985810599,0.8120336534322719,0.0,0.0,1.0,0.0
BCS5__Cow_29,Cow_29,Cow_29,1,5,3,1,255,dataset\5\Cow_29\f_255_rgb.jpg,dataset\5\Cow_29\f_255_depth.npy,1,,5,172.27464294433594,172.0380859375,0.34009799361228943,0.9112709502918654,0.8781972642071587,0.9377009561236587,0,head_neck_trunk,-4.036529463661083,0.23607075020966306,0.2261904761904762,0.009178630076348782,0.0365263856947422,0.3730725600300033,0.7952128075711965,0.0,0.0,1.0,0.0
BCS5__Cow_29,Cow_29,Cow_29,1,5,3,1,270,dataset\5\Cow_29\f_270_rgb.jpg,dataset\5\Cow_29\f_270_depth.npy,1,,4,172.28213500976562,171.73721313476562,0.980756938457489,0.9642097046003216,0.913718736263525,0.9789784514881601,0,head_neck_trunk,-3.7017622473936456,0.22674454468257466,0.23809523809523808,0.01211418118327856,0.03638565167784691,0.3643470529346968,0.8067249830088777,0.0,0.0,1.0,0.0
BCS5__Cow_29,Cow_29,Cow_29,1,5,3,1,330,dataset\5\Cow_29\f_330_rgb.jpg,dataset\5\Cow_29\f_330_depth.npy,1,,4,170.17437744140625,170.11045837402344,0.29705390334129333,0.9509160237710073,0.8990709644112046,0.9689189539581335,0,entry_or_trunk_with_rump,-2.1587760338060065,0.05298082282068606,0.2767857142857143,0.004985830746591091,0.02061132900416851,0.4292375336801706,0.7019825335004194,0.0,0.0,0.0,0.0
BCS5__Cow_29,Cow_29,Cow_29,1,5,3,1,345,dataset\5\Cow_29\f_345_rgb.jpg,dataset\5\Cow_29\f_345_depth.npy,1,,7,169.4480743408203,169.4456024169922,0.5229341387748718,0.9460928351616151,0.9283151981672783,0.9645020315529164,0,entry_or_trunk_with_rump,1.2752421778031078,0.048136119603682914,0.29464285714285715,0.0038945015985518694,0.013422640040516853,0.40791107739207416,0.6469631171919435,0.0,0.0,0.0,0.0
BCS5__Cow_29,Cow_29,Cow_29,1,5,3,1,360,dataset\5\Cow_29\f_360_rgb.jpg,dataset\5\Cow_29\f_360_depth.npy,1,,8,172.20144653320312,171.80059814453125,1.4426891803741455,0.9450554859521021,0.9327059925361852,0.9635734007382191,0,entry_or_trunk_with_rump,3.939425198012927,0.20454846956117478,0.27380952380952384,0.005505676381289959,0.016352972015738487,0.3394301130789548,0.6136066387423179,0.0,0.0,0.0,0.0
BCS5__Cow_29,Cow_29,Cow_29,1,5,3,1,375,dataset\5\Cow_29\f_375_rgb.jpg,dataset\5\Cow_29\f_375_depth.npy,1,,4,170.38461303710938,170.8849334716797,1.9120397567749023,0.9659328476179229,0.9594840605387708,0.9774784644057026,0,entry_or_trunk_with_rump,4.329021288417067,0.19073483388808654,0.25892857142857145,0.004497827030718327,0.016617974266409874,0.3261073843921098,0.6031966130804177,0.0,0.0,0.0,0.0
BCS5__Cow_29,Cow_29,Cow_29,1,5,3,1,390,dataset\5\Cow_29\f_390_rgb.jpg,dataset\5\Cow_29\f_390_depth.npy,1,,5,171.5277099609375,171.36788940429688,1.6009562015533447,0.9712202550156828,0.9429982463105613,0.9712762485033228,0,entry_or_trunk_with_rump,3.2515555414343,0.14325114980202613,0.2976190476190476,0.009098665788769722,0.029891809448599815,0.36038974094631226,0.6126840881338839,0.0,0.0,0.0,0.0
BCS5__Cow_29,Cow_29,Cow_29,1,5,3,1,405,dataset\5\Cow_29\f_405_rgb.jpg,dataset\5\Cow_29\f_405_depth.npy,1,,6,172.8349609375,172.810302734375,1.225386142730713,0.9752832543664416,0.9325103844688206,0.978957840346945,0,entry_or_trunk_with_rump,1.8247629070808955,0.07741230060673843,0.29464285714285715,0.007046574726700783,0.01976381614804268,0.4104038362665331,0.6525694487178176,0.0,0.0,0.0,0.0
BCS5__Cow_29,Cow_29,Cow_29,1,5,3,1,420,dataset\5\Cow_29\f_420_rgb.jpg,dataset\5\Cow_29\f_420_depth.npy,1,,4,172.58212280273438,172.2650146484375,1.4241125583648682,0.9052167373757936,0.8939358925739948,0.9336821921660448,0,entry_or_trunk_with_rump,1.0780569951497085,0.041276092967294176,0.2857142857142857,0.005817586090415716,0.022811509668827057,0.3871485090788502,0.6924857305859119,0.0,0.0,0.0,0.0
BCS5__Cow_29,Cow_29,Cow_29,1,5,3,1,435,dataset\5\Cow_29\f_435_rgb.jpg,dataset\5\Cow_29\f_435_depth.npy,1,,7,171.2276611328125,170.96279907226562,1.9154775142669678,0.9568822926109564,0.8978605345618748,0.9736753124146733,0,entry_or_trunk_with_rump,1.671032163182204,0.08129514238446234,0.3333333333333333,0.004440065007656813,0.016300655901432037,0.3662097288772315,0.6512439505373054,0.0,0.0,0.0,0.0
BCS5__Cow_29,Cow_29,Cow_29,1,5,3,1,450,dataset\5\Cow_29\f_450_rgb.jpg,dataset\5\Cow_29\f_450_depth.npy,1,,4,170.60743713378906,170.3992919921875,0.7545714378356934,0.9776186531041886,0.933324892056571,0.9818901081538405,0,entry_or_trunk_with_rump,2.1071378063899147,0.1107432722253634,0.27380952380952384,0.005254065617918968,0.023203281685709953,0.3535231585532167,0.6081651081355023,0.0,0.0,0.0,0.0
BCS5__Cow_29,Cow_29,Cow_29,1,5,3,1,465,dataset\5\Cow_29\f_465_rgb.jpg,dataset\5\Cow_29\f_465_depth.npy,1,,8,172.78465270996094,171.59747314453125,2.3757882118225098,0.964415857121258,0.8896367376604023,0.9761041803913297,0,entry_or_trunk_with_rump,2.249993643616108,0.05861329641018642,0.3005952380952381,0.005839358549565077,0.020359929651021957,0.31784268909652724,0.6223706194367612,0.0,0.0,0.0,0.0
BCS5__Cow_29,Cow_29,Cow_29,1,5,3,1,480,dataset\5\Cow_29\f_480_rgb.jpg,dataset\5\Cow_29\f_480_depth.npy,1,,7,172.441162109375,172.36453247070312,2.4365391731262207,0.9374620032323461,0.9304043476192786,0.9631517811756971,0,entry_or_trunk_with_rump,3.9899627227384826,0.15023542412200186,0.29464285714285715,0.010312444530427456,0.03428320586681366,0.32271208195773554,0.60554734016035,0.0,0.0,0.0,0.0
BCS5__Cow_29,Cow_29,Cow_29,1,5,3,1,495,dataset\5\Cow_29\f_495_rgb.jpg,dataset\5\Cow_29\f_495_depth.npy,1,,6,172.6190643310547,172.3263397216797,1.4450116157531738,0.9571824107649527,0.9199939171438137,0.9668003127839526,0,entry_or_trunk_with_rump,3.082772310643648,0.10579269652915002,0.26785714285714285,0.008708499372005463,0.02947503887116909,0.3747980957478247,0.5993063464026533,0.0,0.0,0.0,0.0
BCS5__Cow_29,Cow_29,Cow_29,1,5,3,1,510,dataset\5\Cow_29\f_510_rgb.jpg,dataset\5\Cow_29\f_510_depth.npy,1,,6,172.93824768066406,172.9401092529297,0.5791758894920349,0.975425474443872,0.9460410714658276,0.9762756743853074,0,entry_or_trunk_with_rump,-2.26413372036248,0.032349666050023984,0.3125,0.01067430805414915,0.04001803323626518,0.4168450008173896,0.7127254055620796,0.0,0.0,0.0,0.0
BCS5__Cow_29,Cow_29,Cow_29,1,5,3,1,525,dataset\5\Cow_29\f_525_rgb.jpg,dataset\5\Cow_29\f_525_depth.npy,1,,9,170.8164825439453,170.65391540527344,0.5570363402366638,0.9630955855631271,0.9336024921945503,0.9767066087445007,0,head_neck_trunk,-7.5975043031193366,0.3127459445570082,0.23214285714285715,0.004948296584188938,0.016565604135394096,0.33997981953957473,0.8035679693109016,0.0,0.0,1.0,0.0
BCS5__Cow_29,Cow_29,Cow_29,1,5,3,1,540,dataset\5\Cow_29\f_540_rgb.jpg,dataset\5\Cow_29\f_540_depth.npy,1,,9,170.5802001953125,170.57765197753906,0.7959194779396057,0.9580572391939282,0.8812691884929048,0.966213366432342,0,head_neck_trunk,-8.646566643466656,0.6356797407415087,0.3869047619047619,0.00900131743401289,0.02581854537129402,0.319758364673725,0.8483497249343683,0.0,0.0,1.0,0.0
BCS5__Cow_29,Cow_29,Cow_29,1,5,3,1,555,dataset\5\Cow_29\f_555_rgb.jpg,dataset\5\Cow_29\f_555_depth.npy,1,,9,170.64910888671875,170.44088745117188,0.6493236422538757,0.9780750364620097,0.93116467346708,0.9799912896819227,0,head_neck_trunk,-7.7441694776861,0.39201539625311455,0.3392857142857143,0.010514194145798683,0.04088453948497772,0.3404457055158593,0.8082067673543173,0.0,0.0,1.0,0.0
BCS5__Cow_29,Cow_29,Cow_29,1,5,3,1,600,dataset\5\Cow_29\f_600_rgb.jpg,dataset\5\Cow_29\f_600_depth.npy,1,,4,172.59776306152344,172.61505126953125,0.835700273513794,0.9514138481031893,0.945473237281063,0.9704412559637644,0,entry_or_trunk_with_rump,-7.909122243609701,0.3808033116683731,0.22023809523809523,0.0044281743466854095,0.016592856496572495,0.4050400013464781,0.8249499723910918,0.0,0.0,0.0,0.0
BCS5__Cow_29,Cow_29,Cow_29,1,5,3,1,615,dataset\5\Cow_29\f_615_rgb.jpg,dataset\5\Cow_29\f_615_depth.npy,1,,7,172.1705780029297,171.57797241210938,1.4436147212982178,0.9500220609487908,0.8712816225976084,0.9724485808322938,0,head_neck_trunk,-11.04297170606624,0.5041852333431507,0.25,0.01968505047261715,0.056270960718393326,0.3817887421693591,0.7874572566425333,0.0,0.0,1.0,0.0
BCS5__Cow_3,Cow_3,Cow_3,2,5,3,1,15,dataset\5\Cow_3\f_15_rgb.jpg,dataset\5\Cow_3\f_15_depth.npy,1,,3,170.1301727294922,170.33831787109375,0.9969900846481323,0.9768558008853286,0.9599512305891228,0.98158555500989,0,entry_or_trunk_with_rump,-12.353961954157157,0.4568981373495262,0.2648809523809524,0.009074393659830093,0.034413520246744156,0.3421011656724506,0.5692584847954865,0.0,0.0,0.0,0.0
BCS5__Cow_3,Cow_3,Cow_3,2,5,3,1,30,dataset\5\Cow_3\f_30_rgb.jpg,dataset\5\Cow_3\f_30_depth.npy,1,,3,170.78822326660156,171.1238555908203,2.3572001457214355,0.9755055035820888,0.8452370086784484,0.9825478870382138,0,entry_or_trunk_with_rump,-12.984008282070974,0.5080690847663618,0.2916666666666667,0.008901880122721195,0.03399461507797241,0.3177676423954845,0.5756510023609281,0.0,0.0,0.0,0.0
BCS5__Cow_3,Cow_3,Cow_3,2,5,3,1,45,dataset\5\Cow_3\f_45_rgb.jpg,dataset\5\Cow_3\f_45_depth.npy,1,,3,173.40689086914062,173.47230529785156,0.9528413414955139,0.9560648617262151,0.9366758856180596,0.9626984446878437,0,trunk_head_neck_reversed,-10.882431319988498,0.614407552434983,0.3244047619047619,0.0203583724796772,0.07028423249721527,0.3470587462543586,0.422094826820184,0.0,0.0,0.0,1.0
BCS5__Cow_3,Cow_3,Cow_3,2,5,3,1,60,dataset\5\Cow_3\f_60_rgb.jpg,dataset\5\Cow_3\f_60_depth.npy,1,,3,170.75282287597656,170.86134338378906,1.4608927965164185,0.9565651372822294,0.9380203319704319,0.9752995264260018,0,entry_or_trunk_with_rump,-11.76218806519222,0.5403761142910071,0.37202380952380953,0.012502471916377544,0.05069032311439514,0.34687485277591806,0.5976458828838823,0.0,0.0,0.0,0.0
BCS5__Cow_3,Cow_3,Cow_3,2,5,3,1,75,dataset\5\Cow_3\f_75_rgb.jpg,dataset\5\Cow_3\f_75_depth.npy,1,,3,170.7999267578125,171.39353942871094,1.5018848180770874,0.9708625743941582,0.9372842361496325,0.9719736360447484,0,entry_or_trunk_with_rump,-11.44368989009621,0.4935979414527196,0.34523809523809523,0.0145333306863904,0.0564739890396595,0.3408827735260086,0.5885829484625087,0.0,0.0,0.0,0.0
BCS5__Cow_3,Cow_3,Cow_3,2,5,3,1,90,dataset\5\Cow_3\f_90_rgb.jpg,dataset\5\Cow_3\f_90_depth.npy,1,,4,171.17245483398438,171.29385375976562,1.96307373046875,0.9737691778734159,0.8948199596219909,0.978506857191991,0,entry_or_trunk_with_rump,-11.362462785671994,0.5343189217410327,0.3005952380952381,0.007440082263201475,0.03134699538350105,0.3339135219895931,0.5790508524856779,0.0,0.0,0.0,0.0
BCS5__Cow_3,Cow_3,Cow_3,2,5,3,1,120,dataset\5\Cow_3\f_120_rgb.jpg,dataset\5\Cow_3\f_120_depth.npy,1,,4,170.86761474609375,170.67823791503906,1.6330286264419556,0.9567680055054435,0.935218617982326,0.9755066687732237,0,entry_or_trunk_with_rump,-11.045791008404592,0.408715110655379,0.31845238095238093,0.011732046492397785,0.04265161231160164,0.33617036006810647,0.5649256017781146,0.0,0.0,0.0,0.0
BCS5__Cow_3,Cow_3,Cow_3,2,5,3,1,180,dataset\5\Cow_3\f_180_rgb.jpg,dataset\5\Cow_3\f_180_depth.npy,1,,3,171.78912353515625,171.51165771484375,2.206711769104004,0.9469762083725277,0.9350931048077961,0.9639194276970164,0,entry_or_trunk_with_rump,-10.388802691976366,0.566404348114574,0.3482142857142857,0.010706678032875061,0.05118623003363609,0.34391972447460445,0.602523340694279,0.0,0.0,0.0,0.0
BCS5__Cow_3,Cow_3,Cow_3,2,5,3,1,195,dataset\5\Cow_3\f_195_rgb.jpg,dataset\5\Cow_3\f_195_depth.npy,1,,3,173.68260192871094,173.5933837890625,0.9864845275878906,0.9491627159977859,0.9096951730834317,0.9636382587959349,0,entry_or_trunk_with_rump,-10.162276812143531,0.2897795292022636,0.3333333333333333,0.017033148556947708,0.061332762241363525,0.3322707672804001,0.5663564742986344,0.0,0.0,0.0,0.0
BCS5__Cow_3,Cow_3,Cow_3,2,5,3,1,210,dataset\5\Cow_3\f_210_rgb.jpg,dataset\5\Cow_3\f_210_depth.npy,1,,6,172.33245849609375,172.65541076660156,0.9966399073600769,0.9424062195504674,0.9200154391033047,0.9557335152846292,0,entry_or_trunk_with_rump,-10.050682021772943,0.4031177660035752,0.30952380952380953,0.01329987496137619,0.051863428205251694,0.316313130441107,0.567999428607727,0.0,0.0,0.0,0.0
BCS5__Cow_30_2021,Cow_30_2021,Cow_30,2,5,3,1,105,dataset\5\Cow_30_2021\f_105_rgb.jpg,dataset\5\Cow_30_2021\f_105_depth.npy,1,,9,163.4549102783203,163.8040313720703,1.5769809484481812,0.95537554120456,0.7522646930173968,0.9722940578608759,1,head_neck_trunk,5.375572139557036,1.0342442646367545,0.32098765432098764,0.007408990059047937,0.023450981825590134,0.1130608741827236,0.8332686881589353,0.2767857142857143,0.0,1.0,0.0
BCS5__Cow_30_30,Cow_30_30,Cow_30,2,5,3,1,255,dataset\5\Cow_30_30\f_255_rgb.jpg,dataset\5\Cow_30_30\f_255_depth.npy,1,,9,171.11708068847656,170.97227478027344,1.4566237926483154,0.9320829348979005,0.8633167926995821,0.9654260967680885,0,head_neck_trunk,8.143522753870542,0.4105897532996181,0.44907407407407407,0.010890046134591103,0.03912821784615517,0.11243304568463044,0.7964710904899656,0.35714285714285715,0.0,1.0,0.0
BCS5__Cow_30_30,Cow_30_30,Cow_30,2,5,3,1,270,dataset\5\Cow_30_30\f_270_rgb.jpg,dataset\5\Cow_30_30\f_270_depth.npy,1,,8,170.99183654785156,171.2340087890625,1.6961663961410522,0.9883628657754644,0.8766006860316614,0.9919487790960304,0,head_neck_trunk,5.801799833112739,0.15336773864633813,0.25287356321839083,0.02257499098777771,0.07215970754623413,0.1717158776366687,0.841342872244023,0.22321428571428573,0.0,1.0,0.0
BCS5__Cow_30_30,Cow_30_30,Cow_30,2,5,3,1,300,dataset\5\Cow_30_30\f_300_rgb.jpg,dataset\5\Cow_30_30\f_300_depth.npy,1,,9,172.00550842285156,172.02828979492188,0.4626312553882599,0.9450062510865364,0.8659688919812869,0.9690860295433866,0,trunk_head_neck_reversed,1.8890448198031038,0.000869056279356073,0.23853211009174313,0.02468479983508587,0.07153131067752838,0.3399148012978336,0.2704833000701925,0.0,0.026785714285714284,0.0,1.0
BCS5__Cow_30_30,Cow_30_30,Cow_30,2,5,3,1,315,dataset\5\Cow_30_30\f_315_rgb.jpg,dataset\5\Cow_30_30\f_315_depth.npy,1,,7,172.50498962402344,172.83956909179688,1.018721342086792,0.9230861759534795,0.6610777631570267,0.9547403846021963,2,trunk_head_neck_reversed,3.757957331424052,0.053581141151482825,0.25539568345323743,0.01702801324427128,0.05850638449192047,0.3816331503584727,0.18553072261036474,0.0,0.17261904761904762,0.0,1.0
BCS5__Cow_30_30,Cow_30_30,Cow_30,2,5,3,1,330,dataset\5\Cow_30_30\f_330_rgb.jpg,dataset\5\Cow_30_30\f_330_depth.npy,1,,9,174.1522216796875,174.40943908691406,1.627515196800232,0.3899911278149337,0.008654947048685524,0.6932903871681647,9,trunk_head_neck_reversed,7.81154738660932,0.2814759554279789,0.35344827586206895,0.01099546067416668,0.03643026575446129,0.5570350465942677,0.11714973790931056,0.0,0.30952380952380953,0.0,1.0
BCS5__Cow_30_30,Cow_30_30,Cow_30,2,5,3,1,345,dataset\5\Cow_30_30\f_345_rgb.jpg,dataset\5\Cow_30_30\f_345_depth.npy,1,,8,172.41090393066406,172.32186889648438,1.2645281553268433,0.9188632272287143,0.7116559144308612,0.9519560451163454,2,trunk_head_neck_reversed,9.629306128913356,0.6089227035887887,0.6446700507614214,0.008635912090539932,0.03532575070858002,0.6020033768648037,0.058544052334285716,0.0,0.41369047619047616,0.0,1.0
BCS5__Cow_31_15,Cow_31_15,Cow_31,0,5,3,1,165,dataset\5\Cow_31_15\f_165_rgb.jpg,dataset\5\Cow_31_15\f_165_depth.npy,1,,7,171.04847717285156,171.02944946289062,1.0465704202651978,0.8733827091498881,0.7850171344100516,0.9116691117902598,1,head_neck_trunk,3.9265483199904594,0.1753163785324432,0.6290322580645161,0.018893858417868614,0.05733121931552887,0.15912437940052426,0.7991296463208549,0.44642857142857145,0.0,1.0,0.0
BCS5__Cow_31_15,Cow_31_15,Cow_31,0,5,3,1,180,dataset\5\Cow_31_15\f_180_rgb.jpg,dataset\5\Cow_31_15\f_180_depth.npy,1,,7,174.41261291503906,173.975830078125,1.3467329740524292,0.9370014351387885,0.6753875857236675,0.9576081800105158,3,head_neck_trunk,8.23486772295928,0.015925799130911855,0.33916083916083917,0.020908957347273827,0.06505021452903748,0.21990677357764277,0.681212998882351,0.1488095238095238,0.0,1.0,0.0
BCS5__Cow_31_15,Cow_31_15,Cow_31,0,5,3,1,210,dataset\5\Cow_31_15\f_210_rgb.jpg,dataset\5\Cow_31_15\f_210_depth.npy,1,,7,171.9007110595703,172.1482391357422,1.3802796602249146,0.8582183561706487,0.7285053545548054,0.9194472641151419,2,trunk_head_neck_reversed,2.694563868879129,0.11469254722550204,0.35918367346938773,0.014168977737426758,0.048830315470695496,0.5769163648396984,0.16546590513727755,0.0,0.2708333333333333,0.0,1.0
BCS5__Cow_31_2024,Cow_31_2024,Cow_31,0,5,3,1,75,dataset\5\Cow_31_2024\f_75_rgb.jpg,dataset\5\Cow_31_2024\f_75_depth.npy,1,,9,157.46945190429688,157.74612426757812,1.5147576332092285,0.9622262545394129,0.9238801242055729,0.9786046893492248,0,entry_or_trunk_with_rump,2.0330669625951856,0.2989221968862097,0.3046594982078853,0.006866679526865482,0.026316294446587563,0.059737568017359875,0.8710646562747244,0.16964285714285715,0.0,0.0,0.0
BCS5__Cow_31_2024,Cow_31_2024,Cow_31,0,5,3,1,90,dataset\5\Cow_31_2024\f_90_rgb.jpg,dataset\5\Cow_31_2024\f_90_depth.npy,1,,7,170.8380889892578,170.95469665527344,1.1132196187973022,0.9801112575400863,0.9384122001448272,0.9845376561526962,0,head_neck_trunk,-1.0348955433759386,0.05079221201931716,0.5029761904761905,0.01049814186990261,0.040923237800598145,0.3027432631468104,0.8817735353370995,0.0,0.0,1.0,0.0
BCS5__Cow_31_2024,Cow_31_2024,Cow_31,0,5,3,1,105,dataset\5\Cow_31_2024\f_105_rgb.jpg,dataset\5\Cow_31_2024\f_105_depth.npy,1,,9,171.70530700683594,171.8658447265625,0.4167713522911072,0.9181292720129942,0.8799825653573425,0.9551989413165592,0,trunk_head_neck_reversed,-2.5588283916115415,0.08132635588513892,0.40773809523809523,0.004176023881882429,0.016311397776007652,0.4655648607409348,0.5237703812423633,0.0,0.0,0.0,1.0
BCS5__Cow_31_2024,Cow_31_2024,Cow_31,0,5,3,1,120,dataset\5\Cow_31_2024\f_120_rgb.jpg,dataset\5\Cow_31_2024\f_120_depth.npy,1,,9,169.39999389648438,169.71688842773438,0.522095799446106,0.9834701421123743,0.9420592827038543,0.9886677201401035,0,trunk_head_neck_reversed,-2.2619045274062444,0.0827491364528754,0.5791245791245792,0.004470054060220718,0.019300222396850586,0.7455004471237476,0.10956895740030433,0.0,0.11607142857142858,0.0,1.0
BCS5__Cow_31_2024,Cow_31_2024,Cow_31,0,5,3,1,135,dataset\5\Cow_31_2024\f_135_rgb.jpg,dataset\5\Cow_31_2024\f_135_depth.npy,1,,7,161.22801208496094,162.24050903320312,3.08935546875,0.9689994695066749,0.9332429162894094,0.9837183697453116,0,trunk_head_neck_reversed,-3.4750941541061025,0.8904546127874085,0.685,0.010854983702301979,0.03817400336265564,0.8188620267841359,0.13913699419345976,0.0,0.40476190476190477,0.0,1.0
BCS5__Cow_32,Cow_32,Cow_32,0,5,3,1,15,dataset\5\Cow_32\f_15_rgb.jpg,dataset\5\Cow_32\f_15_depth.npy,1,,8,170.565673828125,171.0744171142578,1.6587255001068115,0.9805079366679355,0.9516572344120959,0.984230912682726,0,head_neck_trunk,-0.6476874992435455,0.056427062489689206,0.75,0.018379149958491325,0.06854182481765747,0.4029057460355421,0.883929934804607,0.0,0.0,1.0,0.0
BCS5__Cow_32,Cow_32,Cow_32,0,5,3,1,60,dataset\5\Cow_32\f_60_rgb.jpg,dataset\5\Cow_32\f_60_depth.npy,1,,7,173.0461883544922,173.3083953857422,0.7977712750434875,0.9426027088017896,0.9056255153555427,0.9646047646465865,0,trunk_head_neck_reversed,-1.3326438904242366,0.03366345190450204,0.3244047619047619,0.02416103333234787,0.07119087129831314,0.35888774811301954,0.3520912551412378,0.0,0.0,0.0,1.0
BCS5__Cow_32,Cow_32,Cow_32,0,5,3,1,75,dataset\5\Cow_32\f_75_rgb.jpg,dataset\5\Cow_32\f_75_depth.npy,1,,4,173.32339477539062,173.54652404785156,1.6381076574325562,0.8879018039880988,0.8489691472294997,0.936147212913064,0,trunk_head_neck_reversed,0.11842432632093391,0.12026024595979834,0.2619047619047619,0.011564696207642555,0.03898729756474495,0.3324109404863177,0.48322645454686053,0.0,0.0,0.0,1.0
BCS5__Cow_32,Cow_32,Cow_32,0,5,3,1,135,dataset\5\Cow_32\f_135_rgb.jpg,dataset\5\Cow_32\f_135_depth.npy,1,,5,172.87974548339844,173.3807373046875,0.9376557469367981,0.9691053925571123,0.9487705472753533,0.9749842307027821,0,trunk_head_neck_reversed,7.03739250658316,0.12117335360778725,0.30654761904761907,0.020270386710762978,0.06344348192214966,0.2764192476324529,0.5318255061877037,0.0,0.0,0.0,1.0
BCS5__Cow_32,Cow_32,Cow_32,0,5,3,1,210,dataset\5\Cow_32\f_210_rgb.jpg,dataset\5\Cow_32\f_210_depth.npy,1,,8,172.1502227783203,172.0009765625,0.8499045968055725,0.8911227975600338,0.8763013653699676,0.937601091440093,0,entry_or_trunk_with_rump,2.3359790547480372,0.08748254933948374,0.28273809523809523,0.01291598193347454,0.039758823812007904,0.4346687054381884,0.8206378166275394,0.0,0.0,0.0,0.0
BCS5__Cow_34,Cow_34,Cow_34,2,5,3,1,75,dataset\5\Cow_34\f_75_rgb.jpg,dataset\5\Cow_34\f_75_depth.npy,1,,9,167.08380126953125,166.9964141845703,1.1935244798660278,0.9460573157634963,0.836585967994574,0.9670149282355707,0,head_neck_trunk,-3.8158157671901165,0.21865194587498138,0.6516516516516516,0.005558851175010204,0.02178388275206089,0.1509441453100533,0.8852486980373288,0.008928571428571428,0.0,1.0,0.0
BCS5__Cow_34,Cow_34,Cow_34,2,5,3,1,270,dataset\5\Cow_34\f_270_rgb.jpg,dataset\5\Cow_34\f_270_depth.npy,1,,9,171.67044067382812,171.84320068359375,0.7825806140899658,0.9478054331876297,0.9105140092323771,0.9594434462903275,0,head_neck_trunk,-11.134930384400164,0.7222894099066508,0.43452380952380953,0.003466984024271369,0.015272791497409344,0.46527744326945053,0.7445095578121546,0.0,0.0,1.0,0.0
BCS5__Cow_34,Cow_34,Cow_34,2,5,3,1,285,dataset\5\Cow_34\f_285_rgb.jpg,dataset\5\Cow_34\f_285_depth.npy,1,,8,171.210205078125,171.19894409179688,0.1502312272787094,0.9515736304029923,0.8786342635660737,0.9613609191672818,0,head_neck_trunk,-12.563577824055585,0.7975897940509213,0.35119047619047616,0.007966490462422371,0.027954623103141785,0.518289369280442,0.7366005865998331,0.0,0.0,1.0,0.0
BCS5__Cow_34,Cow_34,Cow_34,2,5,3,1,300,dataset\5\Cow_34\f_300_rgb.jpg,dataset\5\Cow_34\f_300_depth.npy,1,,7,171.08326721191406,171.00413513183594,0.2804107069969177,0.9614951738795564,0.9369912438330709,0.9713831349441286,0,head_neck_trunk,-11.560073158826611,0.665668119126849,0.36607142857142855,0.00786998588591814,0.02734980918467045,0.5103402655050494,0.7456622438922588,0.0,0.0,1.0,0.0
BCS5__Cow_34,Cow_34,Cow_34,2,5,3,1,315,dataset\5\Cow_34\f_315_rgb.jpg,dataset\5\Cow_34\f_315_depth.npy,1,,8,171.4820556640625,171.47311401367188,0.39905762672424316,0.9649638327124629,0.9005991597322819,0.9719521848432153,0,head_neck_trunk,-10.371790628702485,0.7170473551507115,0.39285714285714285,0.006383614614605904,0.023271264508366585,0.48620579342562836,0.7719759742146632,0.0,0.0,1.0,0.0
BCS5__Cow_34,Cow_34,Cow_34,2,5,3,1,330,dataset\5\Cow_34\f_330_rgb.jpg,dataset\5\Cow_34\f_330_depth.npy,1,,9,171.52955627441406,171.167236328125,0.5574575662612915,0.9512178906491291,0.9273159450509953,0.961935950104414,0,head_neck_trunk,-8.828863566213087,0.7055388716382112,0.4226190476190476,0.006246494594961405,0.023210201412439346,0.4629814674977194,0.8106733124558291,0.0,0.0,1.0,0.0
BCS5__Cow_34,Cow_34,Cow_34,2,5,3,1,345,dataset\5\Cow_34\f_345_rgb.jpg,dataset\5\Cow_34\f_345_depth.npy,1,,9,171.540771484375,171.36294555664062,0.6242351531982422,0.9786708853650663,0.9587550947797525,0.982502062747133,0,head_neck_trunk,-7.311834421419761,0.6655344590841707,0.35119047619047616,0.008778269402682781,0.0285643357783556,0.3829414241615634,0.8059961469329314,0.0,0.0,1.0,0.0
BCS5__Cow_34,Cow_34,Cow_34,2,5,3,1,645,dataset\5\Cow_34\f_645_rgb.jpg,dataset\5\Cow_34\f_645_depth.npy,1,,8,170.99928283691406,171.0572509765625,0.2860628068447113,0.9335814585894013,0.8620825326143823,0.9421472664748551,0,head_neck_trunk,-6.135645146385045,1.0183232304042775,0.39880952380952384,0.0030689132399857044,0.01240286510437727,0.25009010639030615,0.8054821914830342,0.0,0.0,1.0,0.0
BCS5__Cow_34,Cow_34,Cow_34,2,5,3,1,660,dataset\5\Cow_34\f_660_rgb.jpg,dataset\5\Cow_34\f_660_depth.npy,1,,7,170.52389526367188,170.51828002929688,0.8303477168083191,0.8884229045772599,0.7132448804670851,0.9408715908003028,2,head_neck_trunk,-0.028371378427877403,0.02836005869507119,0.3869047619047619,0.005670693702995777,0.01703619956970215,0.31903313392109445,0.9007073146300077,0.0,0.0,1.0,0.0
BCS5__Cow_34_1,Cow_34_1,Cow_34,2,5,3,1,15,dataset\5\Cow_34_1\f_15_rgb.jpg,dataset\5\Cow_34_1\f_15_depth.npy,1,,4,168.3599395751953,168.0733642578125,0.8981501460075378,0.9653606513797897,0.9592259844502483,0.9725109352604173,0,trunk_dominant,-13.709342468938303,0.9133648719243155,0.4279661016949153,0.009966744109988213,0.030104929581284523,0.07235309183037879,0.400135894610089,0.2976190476190476,0.0,1.0,1.0
BCS5__Cow_34_1,Cow_34_1,Cow_34,2,5,3,1,30,dataset\5\Cow_34_1\f_30_rgb.jpg,dataset\5\Cow_34_1\f_30_depth.npy,1,,3,164.2591094970703,164.18548583984375,0.2136233150959015,0.9563008566606442,0.933106545947449,0.9767240778375883,0,trunk_head_neck_reversed,-30.768387071767805,8.376577471427211,0.3425076452599388,0.0032752256374806166,0.014029783196747303,0.07074717067054738,0.1463508501594985,0.0,0.026785714285714284,0.0,1.0
BCS5__Cow_34_1,Cow_34_1,Cow_34,2,5,3,1,60,dataset\5\Cow_34_1\f_60_rgb.jpg,dataset\5\Cow_34_1\f_60_depth.npy,1,,7,164.52130126953125,165.1460418701172,2.8471877574920654,0.9405308660971291,0.6806723046378156,0.9666141205111812,2,trunk_dominant,16.579169789571523,14.496259475158425,0.6919191919191919,0.027314385399222374,0.06890182197093964,0.06826770035243435,0.521735734740221,0.4107142857142857,0.0,1.0,1.0
BCS5__Cow_34_1,Cow_34_1,Cow_34,2,5,3,1,75,dataset\5\Cow_34_1\f_75_rgb.jpg,dataset\5\Cow_34_1\f_75_depth.npy,1,,6,164.14923095703125,164.4690704345703,1.477207899093628,0.9773531148079175,0.9599980802038948,0.9835368586586852,0,trunk_dominant,14.7615218756021,15.474959395399537,0.696969696969697,0.02751775272190571,0.0771300345659256,0.06815118054425467,0.5419867454919657,0.4107142857142857,0.0,1.0,1.0
BCS5__Cow_37,Cow_37,Cow_37,1,5,3,1,45,dataset\5\Cow_37\f_45_rgb.jpg,dataset\5\Cow_37\f_45_depth.npy,1,,9,154.9563751220703,155.82925415039062,2.127103567123413,0.9664888560475529,0.907365429085036,0.9794445081153177,0,head_neck_trunk,-1.2892174769961429,0.33419030707980824,0.5628140703517588,0.014744755811989307,0.04528531804680824,0.10595844579508114,0.8400422758962564,0.40773809523809523,0.0,1.0,0.0
BCS5__Cow_37,Cow_37,Cow_37,1,5,3,1,60,dataset\5\Cow_37\f_60_rgb.jpg,dataset\5\Cow_37\f_60_depth.npy,1,,9,162.2363739013672,162.23443603515625,1.106469988822937,0.9870998855947177,0.974061677151448,0.9912228217927996,0,head_neck_trunk,-10.216632598202764,2.125438517287634,0.5344827586206896,0.007082129828631878,0.026375455781817436,0.11237267884183583,0.7912116441478829,0.30952380952380953,0.0,1.0,0.0
BCS5__Cow_37,Cow_37,Cow_37,1,5,3,1,75,dataset\5\Cow_37\f_75_rgb.jpg,dataset\5\Cow_37\f_75_depth.npy,1,,9,168.81651306152344,168.93743896484375,0.43883654475212097,0.9777841184799109,0.9333793044232114,0.9840472887715006,0,head_neck_trunk,-6.1930431255095755,0.6105840831116325,0.4536082474226804,0.008346212096512318,0.03374967724084854,0.12311647863035083,0.8176692899380822,0.13392857142857142,0.0,1.0,0.0
BCS5__Cow_37,Cow_37,Cow_37,1,5,3,1,90,dataset\5\Cow_37\f_90_rgb.jpg,dataset\5\Cow_37\f_90_depth.npy,1,,9,170.10665893554688,170.02809143066406,0.662395179271698,0.9753493958680247,0.9679044528481832,0.9830793058990153,0,head_neck_trunk,-8.793150751346829,0.2510076114051998,0.5297619047619048,0.008383866399526596,0.030450113117694855,0.3009020270334875,0.8059281113866859,0.0,0.0,1.0,0.0
BCS5__Cow_37,Cow_37,Cow_37,1,5,3,1,120,dataset\5\Cow_37\f_120_rgb.jpg,dataset\5\Cow_37\f_120_depth.npy,1,,9,172.8306121826172,172.7825469970703,0.5928458571434021,0.9625097360247825,0.9221707815489724,0.9734064332764069,0,entry_or_trunk_with_rump,-3.4285241222988674,0.03523563793469009,0.3482142857142857,0.014739462174475193,0.06038300320506096,0.4257383148320563,0.754364991954346,0.0,0.0,0.0,0.0
BCS5__Cow_37,Cow_37,Cow_37,1,5,3,1,135,dataset\5\Cow_37\f_135_rgb.jpg,dataset\5\Cow_37\f_135_depth.npy,1,,8,172.5885009765625,172.68638610839844,1.0270236730575562,0.9444040173235948,0.9080201907434295,0.957749845781038,0,entry_or_trunk_with_rump,-1.6657517207106736,0.03297383085275385,0.35714285714285715,0.034300386905670166,0.11062358319759369,0.3771521601254504,0.8060595341298226,0.0,0.0,0.0,0.0
BCS5__Cow_37,Cow_37,Cow_37,1,5,3,1,150,dataset\5\Cow_37\f_150_rgb.jpg,dataset\5\Cow_37\f_150_depth.npy,1,,3,172.1474151611328,171.91029357910156,0.3399870991706848,0.94335935329059,0.8677930577554173,0.9664837586454578,0,head_neck_trunk,-1.8586230019560759,0.046650771503166766,0.29464285714285715,0.03638175129890442,0.09933088719844818,0.340630618753095,0.8507500606803778,0.0,0.0,1.0,0.0
BCS5__Cow_37,Cow_37,Cow_37,1,5,3,1,165,dataset\5\Cow_37\f_165_rgb.jpg,dataset\5\Cow_37\f_165_depth.npy,1,,8,171.48843383789062,171.54685974121094,0.3279636800289154,0.9824973277713964,0.9462464296125284,0.9859182061004119,0,head_neck_trunk,-1.8498025461654777,0.0413710397698992,0.3333333333333333,0.025860687717795372,0.07393481582403183,0.3703705535688301,0.8584567171456419,0.0,0.0,1.0,0.0
BCS5__Cow_37,Cow_37,Cow_37,1,5,3,1,180,dataset\5\Cow_37\f_180_rgb.jpg,dataset\5\Cow_37\f_180_depth.npy,1,,7,172.4063262939453,172.3118438720703,0.7193895578384399,0.9747713315594793,0.9121529225554932,0.9755345309706549,0,entry_or_trunk_with_rump,-0.9317538196304014,0.0020966127856922867,0.23214285714285715,0.00846333522349596,0.03393138572573662,0.4057531636835216,0.8486187811827477,0.0,0.0,0.0,0.0
BCS5__Cow_37,Cow_37,Cow_37,1,5,3,1,195,dataset\5\Cow_37\f_195_rgb.jpg,dataset\5\Cow_37\f_195_depth.npy,1,,5,172.1492156982422,172.3036651611328,0.3436470031738281,0.9642580558947956,0.9247832582190593,0.9792972401875617,0,entry_or_trunk_with_rump,0.6126502024283127,0.02253600886017182,0.2648809523809524,0.024425316601991653,0.06696326285600662,0.4046856508697685,0.8058800556240034,0.0,0.0,0.0,0.0
BCS5__Cow_37,Cow_37,Cow_37,1,5,3,1,210,dataset\5\Cow_37\f_210_rgb.jpg,dataset\5\Cow_37\f_210_depth.npy,1,,6,172.13949584960938,172.18455505371094,0.4139431416988373,0.9721043827900089,0.9328397219759581,0.9835373141213769,0,entry_or_trunk_with_rump,1.481977636234248,0.030348164453599225,0.25,0.02234390377998352,0.0705946758389473,0.4196620338644514,0.8053435669206079,0.0,0.0,0.0,0.0
BCS5__Cow_37,Cow_37,Cow_37,1,5,3,1,225,dataset\5\Cow_37\f_225_rgb.jpg,dataset\5\Cow_37\f_225_depth.npy,1,,9,172.63778686523438,172.44891357421875,0.5985353589057922,0.9798810774617291,0.9452631593434779,0.9849621496605312,0,entry_or_trunk_with_rump,1.4114788614079714,0.03686385205152476,0.2708333333333333,0.02639545500278473,0.07750590890645981,0.42798542416021945,0.7940653397405132,0.0,0.0,0.0,0.0
BCS5__Cow_37,Cow_37,Cow_37,1,5,3,1,240,dataset\5\Cow_37\f_240_rgb.jpg,dataset\5\Cow_37\f_240_depth.npy,1,,9,172.15782165527344,172.156005859375,0.390741765499115,0.977428872641252,0.9325164501968188,0.9857581158412049,0,entry_or_trunk_with_rump,1.5630250083407162,0.00041232214424269387,0.3601190476190476,0.032282400876283646,0.10234595835208893,0.4280409431904021,0.7868222182263045,0.0,0.0,0.0,0.0
BCS5__Cow_37,Cow_37,Cow_37,1,5,3,1,255,dataset\5\Cow_37\f_255_rgb.jpg,dataset\5\Cow_37\f_255_depth.npy,1,,9,172.36837768554688,172.3342742919922,0.38998743891716003,0.9589194907144583,0.8663981436121628,0.9648158550566106,0,entry_or_trunk_with_rump,0.5635233423337525,0.01049398195100082,0.3392857142857143,0.03519973158836365,0.10277039557695389,0.38494962645749253,0.8166513469225567,0.0,0.0,0.0,0.0
BCS5__Cow_37,Cow_37,Cow_37,1,5,3,1,270,dataset\5\Cow_37\f_270_rgb.jpg,dataset\5\Cow_37\f_270_depth.npy,1,,7,172.1893310546875,172.1729736328125,0.6443465948104858,0.941020700288204,0.6461963188245086,0.9587580258200468,2,entry_or_trunk_with_rump,-0.791625675158798,0.00010334865478967004,0.3601190476190476,0.03378542140126228,0.10395096987485886,0.39778621926938734,0.8144628247035557,0.0,0.0,0.0,0.0
BCS5__Cow_37,Cow_37,Cow_37,1,5,3,1,285,dataset\5\Cow_37\f_285_rgb.jpg,dataset\5\Cow_37\f_285_depth.npy,1,,7,172.99806213378906,173.15774536132812,0.49799567461013794,0.9530815743165484,0.8349706957164477,0.9629733489891984,0,entry_or_trunk_with_rump,-1.363464481940042,0.03536665683785145,0.29464285714285715,0.02211831323802471,0.07010016590356827,0.40525941204066485,0.7725370188865296,0.0,0.0,0.0,0.0
BCS5__Cow_37,Cow_37,Cow_37,1,5,3,1,300,dataset\5\Cow_37\f_300_rgb.jpg,dataset\5\Cow_37\f_300_depth.npy,1,,4,173.99813842773438,174.30894470214844,0.5918281078338623,0.9098800872808612,0.7802019429243198,0.9466301582401029,1,entry_or_trunk_with_rump,0.03618658976351696,0.03618658976351696,0.48214285714285715,0.010252293199300766,0.036375660449266434,0.5202952840857997,0.6256984464430857,0.0,0.0,0.0,0.0
BCS5__Cow_37,Cow_37,Cow_37,1,5,3,1,315,dataset\5\Cow_37\f_315_rgb.jpg,dataset\5\Cow_37\f_315_depth.npy,1,,6,173.46771240234375,173.6143035888672,0.40012121200561523,0.9526011037290882,0.9106061624053713,0.9727015649690207,0,entry_or_trunk_with_rump,-0.14777791181880673,0.14777791181880673,0.47023809523809523,0.007192249409854412,0.019922493025660515,0.4938380252504987,0.65542714431677,0.0,0.0,0.0,0.0
BCS5__Cow_37,Cow_37,Cow_37,1,5,3,1,345,dataset\5\Cow_37\f_345_rgb.jpg,dataset\5\Cow_37\f_345_depth.npy,1,,6,172.0325469970703,172.01466369628906,0.498218297958374,0.9525029373751195,0.8691207918461785,0.967231863972271,0,trunk_head_neck_reversed,0.43530470022288625,0.014022846577333326,0.5982142857142857,0.0052209156565368176,0.020937243476510048,0.5352646630247435,0.547297603556201,0.0,0.0,0.0,1.0
BCS5__Cow_37,Cow_37,Cow_37,1,5,3,1,360,dataset\5\Cow_37\f_360_rgb.jpg,dataset\5\Cow_37\f_360_depth.npy,1,,7,171.82203674316406,171.88633728027344,0.655377984046936,0.9506487835963013,0.9190654271350199,0.970293385672123,0,trunk_head_neck_reversed,-0.2856415485661472,0.06419500287162805,0.5982142857142857,0.01659090258181095,0.0550469234585762,0.5621427138828599,0.5371608747693774,0.0,0.0,0.0,1.0
BCS5__Cow_37,Cow_37,Cow_37,1,5,3,1,375,dataset\5\Cow_37\f_375_rgb.jpg,dataset\5\Cow_37\f_375_depth.npy,1,,6,172.8265380859375,172.7862091064453,0.8095397353172302,0.9497498693873672,0.8137758689516355,0.9589196966452428,0,head_neck_trunk,-6.944134310104232,0.11151601855640081,0.49702380952380953,0.04154294729232788,0.11678168922662735,0.3722330931274704,0.7471044452152148,0.0,0.0,1.0,0.0
BCS5__Cow_37,Cow_37,Cow_37,1,5,3,1,390,dataset\5\Cow_37\f_390_rgb.jpg,dataset\5\Cow_37\f_390_depth.npy,1,,8,170.72972106933594,170.508056640625,0.7455464005470276,0.9831317397917027,0.8970145560335913,0.9881402294788473,0,head_neck_trunk,-12.279365984376852,0.7218976594340063,0.37797619047619047,0.011170321144163609,0.044892389327287674,0.33838711556585593,0.784279882462692,0.0,0.0,1.0,0.0
BCS5__Cow_37,Cow_37,Cow_37,1,5,3,1,405,dataset\5\Cow_37\f_405_rgb.jpg,dataset\5\Cow_37\f_405_depth.npy,1,,9,171.16445922851562,170.8125457763672,0.8552336096763611,0.9798446836429993,0.9531619925751496,0.9861881521105723,0,head_neck_trunk,-12.819050289303505,0.8131743125031932,0.4255952380952381,0.017623040825128555,0.04864366725087166,0.348261681542214,0.7940207523804127,0.0,0.0,1.0,0.0
BCS5__Cow_37,Cow_37,Cow_37,1,5,3,1,420,dataset\5\Cow_37\f_420_rgb.jpg,dataset\5\Cow_37\f_420_depth.npy,1,,7,170.54820251464844,170.86386108398438,0.6697413921356201,0.9798943240611879,0.9566032322366413,0.9860298710670856,0,head_neck_trunk,-13.2508714852912,0.7036376576159711,0.38095238095238093,0.01147029735147953,0.03245024383068085,0.3606802955066688,0.7939843866337143,0.0,0.0,1.0,0.0
BCS5__Cow_37,Cow_37,Cow_37,1,5,3,1,435,dataset\5\Cow_37\f_435_rgb.jpg,dataset\5\Cow_37\f_435_depth.npy,1,,6,170.36166381835938,170.25601196289062,0.6993863582611084,0.9646536944011812,0.8493794674427991,0.9754174575741614,0,head_neck_trunk,-13.618753011356276,0.7951802133503776,0.4107142857142857,0.010204119607806206,0.03309529274702072,0.38097566313867837,0.8015219698597368,0.0,0.0,1.0,0.0
BCS5__Cow_37,Cow_37,Cow_37,1,5,3,1,450,dataset\5\Cow_37\f_450_rgb.jpg,dataset\5\Cow_37\f_450_depth.npy,1,,9,170.96466064453125,171.08773803710938,0.9494013786315918,0.9659967190316158,0.9449525778306314,0.9745174985276004,0,head_neck_trunk,-13.921535785058097,0.7630169495499217,0.4226190476190476,0.010554340668022633,0.03789117559790611,0.3857050950150888,0.8134665907531761,0.0,0.0,1.0,0.0
BCS5__Cow_37_and_38,Cow_37_and_38,Cow_37,1,5,3,1,210,dataset\5\Cow_37_and_38\f_210_rgb.jpg,dataset\5\Cow_37_and_38\f_210_depth.npy,1,,8,170.45346069335938,170.33531188964844,1.4584592580795288,0.9588076978858888,0.9071170403668125,0.969785067507142,0,trunk_head_neck_reversed,-4.003107630292959,0.1546690120766101,0.5580645161290323,0.02056754007935524,0.05912917107343674,0.7898741710505253,0.26618386013161804,0.0,0.07738095238095238,0.0,1.0
BCS5__Cow_37_and_38,Cow_37_and_38,Cow_37,1,5,3,1,600,dataset\5\Cow_37_and_38\f_600_rgb.jpg,dataset\5\Cow_37_and_38\f_600_depth.npy,1,,9,170.39244079589844,170.78492736816406,0.7505807280540466,0.981586016035347,0.8995650879874151,0.982440686100998,0,head_neck_trunk,-1.7770856846011895,0.04333160445285955,0.28869047619047616,0.009054644033312798,0.029056208208203316,0.2626154130896299,0.7996166062327423,0.0,0.0,1.0,0.0
BCS5__Cow_37_and_38,Cow_37_and_38,Cow_37,1,5,3,1,660,dataset\5\Cow_37_and_38\f_660_rgb.jpg,dataset\5\Cow_37_and_38\f_660_depth.npy,1,,5,172.5032501220703,172.4844207763672,0.21890321373939514,0.9637585184731733,0.92586871202024,0.9740304062498131,0,trunk_dominant,3.1527332291522043,0.03282323307651325,0.4107142857142857,0.015313643030822277,0.051777783781290054,0.3137803527837512,0.12172344334148705,0.0,0.0,1.0,1.0
BCS5__Cow_43,Cow_43,Cow_43,1,5,3,1,0,dataset\5\Cow_43\f_0_rgb.jpg,dataset\5\Cow_43\f_0_depth.npy,1,,7,170.6207733154297,170.4589080810547,0.8407780528068542,0.9413059275047101,0.8516072588847674,0.9639264186464693,0,entry_or_trunk_with_rump,-1.3764753382501027,0.11496436924348075,0.22916666666666666,0.013639177195727825,0.040017057210206985,0.34925440794667717,0.8455123878189613,0.0,0.0,0.0,0.0
BCS5__Cow_43,Cow_43,Cow_43,1,5,3,1,15,dataset\5\Cow_43\f_15_rgb.jpg,dataset\5\Cow_43\f_15_depth.npy,1,,5,170.95143127441406,171.02703857421875,0.42457735538482666,0.9648508959926023,0.8726568889529981,0.9744529778798495,0,entry_or_trunk_with_rump,-1.3060488022425147,0.10497961882911966,0.23511904761904762,0.014827425591647625,0.0369265116751194,0.33769269562521936,0.8544486837673213,0.0,0.0,0.0,0.0
BCS5__Cow_43,Cow_43,Cow_43,1,5,3,1,30,dataset\5\Cow_43\f_30_rgb.jpg,dataset\5\Cow_43\f_30_depth.npy,1,,8,170.75863647460938,171.20150756835938,0.8898278474807739,0.9454153919263555,0.8772688118961794,0.9557890627445682,0,entry_or_trunk_with_rump,-1.100267027860184,0.10997930021082425,0.23511904761904762,0.012258931994438171,0.03650916740298271,0.3583672762404109,0.8564994577577201,0.0,0.0,0.0,0.0
BCS5__Cow_43,Cow_43,Cow_43,1,5,3,1,45,dataset\5\Cow_43\f_45_rgb.jpg,dataset\5\Cow_43\f_45_depth.npy,1,,8,171.43154907226562,171.31570434570312,0.2497965395450592,0.950366429265192,0.8546000953900801,0.9578657560314299,0,entry_or_trunk_with_rump,-1.0798359251578944,0.10668976854819334,0.23511904761904762,0.01486960519105196,0.04000704362988472,0.37751831731745134,0.8658440129939539,0.0,0.0,0.0,0.0
BCS5__Cow_43,Cow_43,Cow_43,1,5,3,1,60,dataset\5\Cow_43\f_60_rgb.jpg,dataset\5\Cow_43\f_60_depth.npy,1,,7,171.25669860839844,171.30934143066406,0.5019315481185913,0.9224851280817558,0.8049137774190507,0.9435938992152682,0,entry_or_trunk_with_rump,-0.8730929016612663,0.04408313520741558,0.23214285714285715,0.016977792605757713,0.04306769371032715,0.3746889493748039,0.8786620000499449,0.0,0.0,0.0,0.0
BCS5__Cow_43,Cow_43,Cow_43,1,5,3,1,90,dataset\5\Cow_43\f_90_rgb.jpg,dataset\5\Cow_43\f_90_depth.npy,1,,7,171.74081420898438,171.95860290527344,0.7106695771217346,0.9746769054316504,0.7954879711353204,0.9768730512492135,1,entry_or_trunk_with_rump,-0.5851120585225544,0.052686380507751096,0.23511904761904762,0.01034445408731699,0.030582495033740997,0.36783042878900907,0.8679752277976269,0.0,0.0,0.0,0.0
BCS5__Cow_43,Cow_43,Cow_43,1,5,3,1,105,dataset\5\Cow_43\f_105_rgb.jpg,dataset\5\Cow_43\f_105_depth.npy,1,,6,171.56875610351562,171.46873474121094,0.2874465882778168,0.9331163932341862,0.8769947378998475,0.9561930054391959,0,entry_or_trunk_with_rump,-0.3201780271056123,0.09744000330982772,0.2261904761904762,0.0088337492197752,0.027529576793313026,0.36136751893339114,0.8742522619220207,0.0,0.0,0.0,0.0
BCS5__Cow_43,Cow_43,Cow_43,1,5,3,1,120,dataset\5\Cow_43\f_120_rgb.jpg,dataset\5\Cow_43\f_120_depth.npy,1,,5,170.8376007080078,170.91537475585938,0.19132593274116516,0.9613785345210236,0.9433450122772693,0.9707151063625381,0,entry_or_trunk_with_rump,1.826403700208715,0.20090112215028455,0.23511904761904762,0.009710853919386864,0.03658568859100342,0.3466481845073786,0.8667337634300848,0.0,0.0,0.0,0.0
BCS5__Cow_43,Cow_43,Cow_43,1,5,3,1,135,dataset\5\Cow_43\f_135_rgb.jpg,dataset\5\Cow_43\f_135_depth.npy,1,,8,170.6847686767578,170.7374725341797,0.41179394721984863,0.963239972681285,0.8690637298160897,0.9743902074404878,0,entry_or_trunk_with_rump,4.131342037971692,0.4461526878722566,0.2261904761904762,0.005530287511646748,0.02120344340801239,0.3321081512966569,0.8315799017571099,0.0,0.0,0.0,0.0
BCS5__Cow_43,Cow_43,Cow_43,1,5,3,1,150,dataset\5\Cow_43\f_150_rgb.jpg,dataset\5\Cow_43\f_150_depth.npy,1,,9,171.13162231445312,170.9525909423828,0.8367903828620911,0.978042839824553,0.948785797244727,0.9816951491154005,0,head_neck_trunk,7.389694881763617,0.804765347128523,0.31547619047619047,0.002566854003816843,0.009977527894079685,0.31667432079160407,0.846246663123795,0.0,0.0,1.0,0.0
BCS5__Cow_43,Cow_43,Cow_43,1,5,3,1,165,dataset\5\Cow_43\f_165_rgb.jpg,dataset\5\Cow_43\f_165_depth.npy,1,,7,170.3289031982422,170.23863220214844,0.6859377026557922,0.9650501889350531,0.9144219097562121,0.9761302361288098,0,head_neck_trunk,9.75092356780317,1.1012638191914732,0.2916666666666667,0.003964857663959265,0.010097002610564232,0.32286095071281473,0.8253010767519736,0.0,0.0,1.0,0.0
BCS5__Cow_43,Cow_43,Cow_43,1,5,3,1,180,dataset\5\Cow_43\f_180_rgb.jpg,dataset\5\Cow_43\f_180_depth.npy,1,,8,170.33404541015625,170.3685302734375,0.6018785834312439,0.9573469730688982,0.8904216028014172,0.9727946097234021,0,head_neck_trunk,10.117180525856725,0.9533215138035587,0.36904761904761907,0.008148056454956532,0.025998685508966446,0.3650893700353074,0.8554368829979925,0.0,0.0,1.0,0.0
BCS5__Cow_43,Cow_43,Cow_43,1,5,3,1,195,dataset\5\Cow_43\f_195_rgb.jpg,dataset\5\Cow_43\f_195_depth.npy,1,,8,168.60379028320312,168.70228576660156,1.0477286577224731,0.9473966729893122,0.9302535710288441,0.9666597536704364,0,head_neck_trunk,10.020379978489231,0.8896441562076376,0.3541666666666667,0.005899145267903805,0.025304432958364487,0.35822982342553616,0.8263692102021144,0.0,0.0,1.0,0.0
BCS5__Cow_43,Cow_43,Cow_43,1,5,3,1,210,dataset\5\Cow_43\f_210_rgb.jpg,dataset\5\Cow_43\f_210_depth.npy,1,,9,168.7222900390625,169.0428009033203,0.9479403495788574,0.9334339327896685,0.8889009563873275,0.9550254673716225,0,head_neck_trunk,11.258738402893442,0.5906374695895948,0.3898809523809524,0.007682774215936661,0.02679586037993431,0.37373176259830637,0.8110651437508919,0.0,0.0,1.0,0.0
BCS5__Cow_43,Cow_43,Cow_43,1,5,3,1,225,dataset\5\Cow_43\f_225_rgb.jpg,dataset\5\Cow_43\f_225_depth.npy,1,,9,169.63833618164062,169.8136444091797,0.7218838930130005,0.8949716547144447,0.7705315884476389,0.9312374036742701,1,head_neck_trunk,11.865886485247216,0.603100039171153,0.3482142857142857,0.006647550966590643,0.019370511174201965,0.35778041267705596,0.7933686443179631,0.0,0.0,1.0,0.0
BCS5__Cow_43,Cow_43,Cow_43,1,5,3,1,240,dataset\5\Cow_43\f_240_rgb.jpg,dataset\5\Cow_43\f_240_depth.npy,1,,8,168.40127563476562,168.15042114257812,1.0291574001312256,0.9458357020077639,0.9311264749657427,0.9649276584546844,0,head_neck_trunk,10.927827218361642,0.5191485719121118,0.38095238095238093,0.007493568118661642,0.02759489417076111,0.33014627225301585,0.8198839902214449,0.0,0.0,1.0,0.0
BCS5__Cow_43,Cow_43,Cow_43,1,5,3,1,255,dataset\5\Cow_43\f_255_rgb.jpg,dataset\5\Cow_43\f_255_depth.npy,1,,9,166.60760498046875,167.03817749023438,1.6146231889724731,0.9524674920534122,0.9391630225860531,0.9681601970287947,0,head_neck_trunk,9.877843954684394,0.49220196857022813,0.3958333333333333,0.006452888250350952,0.020046940073370934,0.3417598503628126,0.8355257057578102,0.0,0.0,1.0,0.0
BCS5__Cow_43,Cow_43,Cow_43,1,5,3,1,270,dataset\5\Cow_43\f_270_rgb.jpg,dataset\5\Cow_43\f_270_depth.npy,1,,9,167.64559936523438,167.4282989501953,0.539017915725708,0.9529820393854357,0.9111898009925746,0.9692663549140679,0,head_neck_trunk,9.848068966997857,0.43593250834004493,0.3869047619047619,0.007268934044986963,0.024255476891994476,0.3430679842534193,0.8313596678190855,0.0,0.0,1.0,0.0
BCS5__Cow_43,Cow_43,Cow_43,1,5,3,1,285,dataset\5\Cow_43\f_285_rgb.jpg,dataset\5\Cow_43\f_285_depth.npy,1,,9,167.85076904296875,167.89617919921875,0.3491584360599518,0.9267546758016941,0.8987787595094008,0.9493889126441738,0,head_neck_trunk,9.003008889641876,0.38117453349103414,0.36904761904761907,0.006896199658513069,0.028707457706332207,0.34894054483191456,0.8380449584139968,0.0,0.0,1.0,0.0
BCS5__Cow_43,Cow_43,Cow_43,1,5,3,1,300,dataset\5\Cow_43\f_300_rgb.jpg,dataset\5\Cow_43\f_300_depth.npy,1,,9,168.01742553710938,167.6067352294922,0.9282655715942383,0.9452350951962638,0.9278239447895333,0.9595082147657363,0,head_neck_trunk,8.17768547980016,0.3723928649724826,0.37202380952380953,0.006298590451478958,0.02055399864912033,0.34652516814789025,0.8523780796987542,0.0,0.0,1.0,0.0
BCS5__Cow_43,Cow_43,Cow_43,1,5,3,1,315,dataset\5\Cow_43\f_315_rgb.jpg,dataset\5\Cow_43\f_315_depth.npy,1,,9,167.4434356689453,167.9088592529297,1.0324480533599854,0.9371748526142006,0.872372231388231,0.9623507779558612,0,head_neck_trunk,7.996212329533492,0.3472965868396898,0.3630952380952381,0.004330777563154697,0.016270417720079422,0.33894027254827586,0.8471669018143058,0.0,0.0,1.0,0.0
BCS5__Cow_43,Cow_43,Cow_43,1,5,3,1,330,dataset\5\Cow_43\f_330_rgb.jpg,dataset\5\Cow_43\f_330_depth.npy,1,,9,167.45559692382812,167.82850646972656,0.813091516494751,0.9309032331521104,0.852040861715521,0.9531311843992861,0,head_neck_trunk,8.003817952261059,0.35398779624929944,0.38392857142857145,0.00420342618599534,0.016413625329732895,0.341076284765369,0.8352425014675297,0.0,0.0,1.0,0.0
BCS5__Cow_43,Cow_43,Cow_43,1,5,3,1,345,dataset\5\Cow_43\f_345_rgb.jpg,dataset\5\Cow_43\f_345_depth.npy,1,,9,166.34359741210938,166.55706787109375,0.4544808864593506,0.9245975503052358,0.8902723975836884,0.9584325060094532,0,head_neck_trunk,7.8376365664577605,0.35605876798994984,0.38095238095238093,0.007580949924886227,0.02435332164168358,0.3487193754439968,0.8475410207907165,0.0,0.0,1.0,0.0
BCS5__Cow_43,Cow_43,Cow_43,1,5,3,1,360,dataset\5\Cow_43\f_360_rgb.jpg,dataset\5\Cow_43\f_360_depth.npy,1,,8,167.5193634033203,167.351318359375,0.9830387234687805,0.937159737584218,0.8908858053283025,0.9618828322516123,0,head_neck_trunk,7.853667616418335,0.33468572893188764,0.36904761904761907,0.006335361395031214,0.020583266392350197,0.34377235936072964,0.850947383552321,0.0,0.0,1.0,0.0
BCS5__Cow_43,Cow_43,Cow_43,1,5,3,1,375,dataset\5\Cow_43\f_375_rgb.jpg,dataset\5\Cow_43\f_375_depth.npy,1,,9,167.4897003173828,167.64805603027344,1.0978095531463623,0.9373512956636182,0.8914246055478988,0.9567885951790318,0,head_neck_trunk,7.948250065032099,0.3361482236401514,0.36607142857142855,0.004712684545665979,0.016435153782367706,0.34657293375638293,0.84648249191655,0.0,0.0,1.0,0.0
BCS5__Cow_43,Cow_43,Cow_43,1,5,3,1,390,dataset\5\Cow_43\f_390_rgb.jpg,dataset\5\Cow_43\f_390_depth.npy,1,,9,167.68833923339844,167.69256591796875,1.0910120010375977,0.934464717726935,0.9293430831216538,0.9496976224074527,0,head_neck_trunk,7.935657438266034,0.360788466771524,0.36904761904761907,0.0034502272028476,0.01243076752871275,0.35249758816238475,0.8558583385065563,0.0,0.0,1.0,0.0
BCS5__Cow_43,Cow_43,Cow_43,1,5,3,1,405,dataset\5\Cow_43\f_405_rgb.jpg,dataset\5\Cow_43\f_405_depth.npy,1,,9,168.03904724121094,168.24940490722656,1.1975244283676147,0.9125762675068415,0.8767682744096557,0.9480065360762678,0,head_neck_trunk,8.12213036248157,0.3196766074507593,0.3630952380952381,0.007210617419332266,0.025176526978611946,0.3459039228429521,0.8506709053007857,0.0,0.0,1.0,0.0
BCS5__Cow_43,Cow_43,Cow_43,1,5,3,1,420,dataset\5\Cow_43\f_420_rgb.jpg,dataset\5\Cow_43\f_420_depth.npy,1,,9,167.9359893798828,167.8995361328125,0.7160707116127014,0.9349825681602291,0.9142832265789875,0.9545011888703913,0,head_neck_trunk,8.274974896538879,0.32811438571337703,0.35714285714285715,0.005057939328253269,0.0209747813642025,0.34189672090999834,0.8489057747049443,0.0,0.0,1.0,0.0
BCS5__Cow_43,Cow_43,Cow_43,1,5,3,1,435,dataset\5\Cow_43\f_435_rgb.jpg,dataset\5\Cow_43\f_435_depth.npy,1,,9,168.2210693359375,167.96075439453125,0.6190947890281677,0.9453362365245894,0.9228954416698205,0.9624065818181,0,head_neck_trunk,8.41352192713137,0.36988617572646376,0.37202380952380953,0.004089239984750748,0.016685672104358673,0.3459439621441043,0.8549240654357704,0.0,0.0,1.0,0.0
BCS5__Cow_43,Cow_43,Cow_43,1,5,3,1,450,dataset\5\Cow_43\f_450_rgb.jpg,dataset\5\Cow_43\f_450_depth.npy,1,,9,168.10987854003906,168.1190185546875,0.6074610352516174,0.922352004930582,0.8681732263817848,0.9496576638834577,0,head_neck_trunk,7.6385357202252635,0.29778386368336385,0.35119047619047616,0.005312670487910509,0.020154109224677086,0.32676181051967723,0.8307964416572947,0.0,0.0,1.0,0.0
BCS5__Cow_43,Cow_43,Cow_43,1,5,3,1,465,dataset\5\Cow_43\f_465_rgb.jpg,dataset\5\Cow_43\f_465_depth.npy,1,,9,167.5668182373047,167.56707763671875,0.7329952716827393,0.9423298794388348,0.9155949678135133,0.9597808989523012,0,head_neck_trunk,6.773583368729902,0.33428403062954715,0.38095238095238093,0.004267509561032057,0.020687522366642952,0.32574143484986384,0.8679063661253056,0.0,0.0,1.0,0.0
BCS5__Cow_43,Cow_43,Cow_43,1,5,3,1,480,dataset\5\Cow_43\f_480_rgb.jpg,dataset\5\Cow_43\f_480_depth.npy,1,,9,167.21844482421875,167.2612762451172,0.7459220290184021,0.9254850422160076,0.904072402023865,0.9594187007596431,0,head_neck_trunk,6.6173558562206125,0.29527835266623015,0.3482142857142857,0.0040325927548110485,0.012428165413439274,0.31333259451743417,0.8672667060099,0.0,0.0,1.0,0.0
BCS5__Cow_43,Cow_43,Cow_43,1,5,3,1,495,dataset\5\Cow_43\f_495_rgb.jpg,dataset\5\Cow_43\f_495_depth.npy,1,,9,169.26840209960938,169.80128479003906,0.9198540449142456,0.9070918722758474,0.8509031563187096,0.930051782961275,0,head_neck_trunk,5.452922090858763,0.266610729215941,0.36904761904761907,0.006619087420403957,0.02449304610490799,0.2924533255256655,0.8735174280996894,0.0,0.0,1.0,0.0
BCS5__Cow_43,Cow_43,Cow_43,1,5,3,1,510,dataset\5\Cow_43\f_510_rgb.jpg,dataset\5\Cow_43\f_510_depth.npy,1,,9,170.3883056640625,170.4306640625,0.48217517137527466,0.950556219757354,0.8684968968990225,0.9725277444474945,0,head_neck_trunk,5.699131632952202,0.3911598792630855,0.3482142857142857,0.0036388204898685217,0.011521161533892155,0.32037094978257413,0.8464074770034244,0.0,0.0,1.0,0.0
BCS5__Cow_43,Cow_43,Cow_43,1,5,3,1,525,dataset\5\Cow_43\f_525_rgb.jpg,dataset\5\Cow_43\f_525_depth.npy,1,,8,170.24676513671875,170.17381286621094,0.5083730220794678,0.9609894868223313,0.9230827335808991,0.9714733354698518,0,head_neck_trunk,2.627640530720072,0.3696597004894926,0.27976190476190477,0.012067550793290138,0.03275253251194954,0.2055327948782555,0.8464458780173657,0.0,0.0,1.0,0.0
BCS5__Cow_43,Cow_43,Cow_43,1,5,3,1,540,dataset\5\Cow_43\f_540_rgb.jpg,dataset\5\Cow_43\f_540_depth.npy,1,,9,173.13206481933594,173.07029724121094,0.8001694679260254,0.9582728772334882,0.8735443599596683,0.9644279555257631,0,trunk_head_neck_reversed,-3.0620370981325777,0.05855098501086786,0.3898809523809524,0.009796416386961937,0.04074544459581375,0.36056744079896086,0.4965406604719991,0.0,0.0,0.0,1.0
BCS5__Cow_43,Cow_43,Cow_43,1,5,3,1,555,dataset\5\Cow_43\f_555_rgb.jpg,dataset\5\Cow_43\f_555_depth.npy,1,,8,171.59869384765625,171.7833251953125,1.3918499946594238,0.9447794343254177,0.7023994631614339,0.9542708473707602,3,trunk_dominant,-6.867593192277582,0.22827581846591727,0.2893081761006289,0.008115463890135288,0.032476771622896194,0.5028173328359961,0.11366935455198253,0.0,0.05357142857142857,1.0,1.0
BCS5__Cow_44_3008,Cow_44_3008,Cow_44,0,5,3,1,30,dataset\5\Cow_44_3008\f_30_rgb.jpg,dataset\5\Cow_44_3008\f_30_depth.npy,1,,9,142.08204650878906,141.73931884765625,8.893285751342773,0.746696488614945,0.6756551063560128,0.8155965765223849,8,trunk_dominant,30.843995560953033,1.851708225685499,0.5,0.03226008266210556,0.10097509622573853,0.03312722585956673,0.012453676443898791,0.7916666666666666,0.0,1.0,1.0
BCS5__Cow_44_3008,Cow_44_3008,Cow_44,0,5,3,1,60,dataset\5\Cow_44_3008\f_60_rgb.jpg,dataset\5\Cow_44_3008\f_60_depth.npy,1,,9,164.1024932861328,164.04376220703125,0.7054122686386108,0.944076881689255,0.9032898053937066,0.9682980631662508,0,head_neck_trunk,8.935837924984483,0.5914926366864961,0.4511627906976744,0.0038675458636134863,0.013273542746901512,0.05626629788092029,0.8017378885368157,0.3601190476190476,0.0,1.0,0.0
BCS5__Cow_44_3008,Cow_44_3008,Cow_44,0,5,3,1,75,dataset\5\Cow_44_3008\f_75_rgb.jpg,dataset\5\Cow_44_3008\f_75_depth.npy,1,,9,172.2567901611328,172.14309692382812,1.0350165367126465,0.9659328045774485,0.8133432606246118,0.9731727450223306,0,head_neck_trunk,11.190479538192704,0.7366399934778656,0.2976190476190476,0.022368017584085464,0.06054399162530899,0.36894455716968105,0.8085182569681014,0.0,0.0,1.0,0.0
BCS5__Cow_45,Cow_45,Cow_45,0,5,3,1,135,dataset\5\Cow_45\f_135_rgb.jpg,dataset\5\Cow_45\f_135_depth.npy,1,,9,165.29852294921875,165.55935668945312,1.5245780944824219,0.9761872276522053,0.9419584338537236,0.9842700990047557,0,head_neck_trunk,5.080647020254318,0.46481278883879895,0.34686346863468637,0.0044244686141610146,0.0177060067653656,0.14126023802339963,0.8471028445669168,0.19345238095238096,0.0,1.0,0.0
BCS5__Cow_45,Cow_45,Cow_45,0,5,3,1,150,dataset\5\Cow_45\f_150_rgb.jpg,dataset\5\Cow_45\f_150_depth.npy,1,,9,170.72235107421875,170.91839599609375,0.6307923197746277,0.9415698905982871,0.8729503671420182,0.9661140722378098,0,head_neck_trunk,-0.06413407027453388,0.06834729625632008,0.3213213213213213,0.008097302168607712,0.03041611984372139,0.176105162928415,0.8936803557853944,0.008928571428571428,0.0,1.0,0.0
BCS5__Cow_45,Cow_45,Cow_45,0,5,3,1,180,dataset\5\Cow_45\f_180_rgb.jpg,dataset\5\Cow_45\f_180_depth.npy,1,,8,170.99209594726562,170.8428497314453,0.489882230758667,0.9797016565298067,0.9539603252805339,0.983801702633933,0,entry_or_trunk_with_rump,-3.386816966538774,0.09877153907766001,0.27380952380952384,0.008449624292552471,0.02908565104007721,0.4384263776964246,0.6173843927959908,0.0,0.0,0.0,0.0
BCS5__Cow_45,Cow_45,Cow_45,0,5,3,1,195,dataset\5\Cow_45\f_195_rgb.jpg,dataset\5\Cow_45\f_195_depth.npy,1,,8,169.54812622070312,169.73501586914062,0.6042680740356445,0.9687039523872092,0.9575521489152965,0.9815264223912841,0,trunk_head_neck_reversed,-1.2357003236791115,0.0010597984763052182,0.27380952380952384,0.012457055039703846,0.04253213107585907,0.47466688150635394,0.5222657740805982,0.0,0.0,0.0,1.0
BCS5__Cow_45,Cow_45,Cow_45,0,5,3,1,210,dataset\5\Cow_45\f_210_rgb.jpg,dataset\5\Cow_45\f_210_depth.npy,1,,8,169.84030151367188,169.91964721679688,0.44972503185272217,0.9793391094546287,0.9750415562639565,0.9850601037377036,0,trunk_head_neck_reversed,0.02859774941150306,0.02859774941150306,0.3333333333333333,0.003685737494379282,0.01476492453366518,0.5019367999573146,0.5272880485514554,0.0,0.0,0.0,1.0
BCS5__Cow_45,Cow_45,Cow_45,0,5,3,1,225,dataset\5\Cow_45\f_225_rgb.jpg,dataset\5\Cow_45\f_225_depth.npy,1,,9,169.72796630859375,169.8653564453125,0.34132251143455505,0.9808287098562487,0.9671289851798919,0.9862149915145875,0,trunk_head_neck_reversed,0.33554464587422217,0.09249535255837316,0.3333333333333333,0.005254216492176056,0.014377509243786335,0.4931975760854792,0.5152504865904153,0.0,0.0,0.0,1.0
BCS5__Cow_45,Cow_45,Cow_45,0,5,3,1,240,dataset\5\Cow_45\f_240_rgb.jpg,dataset\5\Cow_45\f_240_depth.npy,1,,8,169.11151123046875,169.172119140625,0.27458512783050537,0.9810745756026624,0.9630776335101003,0.9870250701949881,0,trunk_head_neck_reversed,0.035328998674401646,0.035328998674401646,0.33035714285714285,0.0031381486915051937,0.010808276943862438,0.4083624316552812,0.5152167819247617,0.0,0.0,0.0,1.0
BCS5__Cow_45,Cow_45,Cow_45,0,5,3,1,255,dataset\5\Cow_45\f_255_rgb.jpg,dataset\5\Cow_45\f_255_depth.npy,1,,9,168.84107971191406,169.04933166503906,0.43893539905548096,0.9810964607043287,0.9532146799457003,0.98606317572359,0,trunk_head_neck_reversed,-1.7740857859018604,0.042568544599916436,0.3333333333333333,0.0040590898133814335,0.014430674724280834,0.41362639984795346,0.47769874036494786,0.0,0.0,0.0,1.0
BCS5__Cow_45,Cow_45,Cow_45,0,5,3,1,270,dataset\5\Cow_45\f_270_rgb.jpg,dataset\5\Cow_45\f_270_depth.npy,1,,9,169.8466033935547,169.84593200683594,0.4701632261276245,0.9892798489960218,0.9651926812401721,0.9907414474132146,0,trunk_head_neck_reversed,-3.5540519386660776,0.06616668081288424,0.3541666666666667,0.004840047564357519,0.018304267898201942,0.42592027679025646,0.38905559457732186,0.0,0.0,0.0,1.0
BCS5__Cow_45,Cow_45,Cow_45,0,5,3,1,285,dataset\5\Cow_45\f_285_rgb.jpg,dataset\5\Cow_45\f_285_depth.npy,1,,9,169.72836303710938,169.80801391601562,0.5393199920654297,0.9857454479287531,0.963572315984797,0.9908691850537412,0,trunk_head_neck_reversed,-3.9317415260527753,0.0795702382202137,0.3392857142857143,0.005485640373080969,0.025101058185100555,0.46415190306841003,0.4036805320431885,0.0,0.0,0.0,1.0
BCS5__Cow_45,Cow_45,Cow_45,0,5,3,1,300,dataset\5\Cow_45\f_300_rgb.jpg,dataset\5\Cow_45\f_300_depth.npy,1,,9,169.80296325683594,169.78878784179688,0.7139316201210022,0.9669292607080848,0.9172640787185441,0.973212244931831,0,trunk_head_neck_reversed,-6.910681265879973,0.1639376770515355,0.31547619047619047,0.011306962929666042,0.04370436444878578,0.4407107462369683,0.44158891037513304,0.0,0.0,0.0,1.0
BCS5__Cow_45,Cow_45,Cow_45,0,5,3,1,315,dataset\5\Cow_45\f_315_rgb.jpg,dataset\5\Cow_45\f_315_depth.npy,1,,9,170.19540405273438,169.73545837402344,0.8851401805877686,0.982829170188212,0.9670527032380347,0.9856039815077444,0,trunk_head_neck_reversed,-8.17319834722555,0.22995809269711742,0.33630952380952384,0.009287436492741108,0.02944949083030224,0.43529093949036024,0.3967543338306636,0.0,0.0,0.0,1.0
BCS5__Cow_45,Cow_45,Cow_45,0,5,3,1,330,dataset\5\Cow_45\f_330_rgb.jpg,dataset\5\Cow_45\f_330_depth.npy,1,,9,169.8487091064453,169.8463134765625,0.3247971832752228,0.9863211836645875,0.9757023839244027,0.9914584418787379,0,trunk_head_neck_reversed,-6.820956270420254,0.16546236463099717,0.3482142857142857,0.007691511418670416,0.032331597059965134,0.41870879410669043,0.3123012155740344,0.0,0.0,0.0,1.0
BCS5__Cow_45,Cow_45,Cow_45,0,5,3,1,345,dataset\5\Cow_45\f_345_rgb.jpg,dataset\5\Cow_45\f_345_depth.npy,1,,9,172.3518524169922,171.99293518066406,0.6875380873680115,0.97537349048454,0.9430598325608563,0.9834078841619938,0,trunk_head_neck_reversed,-6.241876450843776,0.06984802818848834,0.4523809523809524,0.003576669143512845,0.014028849080204964,0.3389788121035947,0.3111375320636554,0.0,0.0,0.0,1.0
BCS5__Cow_45,Cow_45,Cow_45,0,5,3,1,360,dataset\5\Cow_45\f_360_rgb.jpg,dataset\5\Cow_45\f_360_depth.npy,1,,8,170.85211181640625,170.65707397460938,0.5072965025901794,0.9814101315327688,0.9658878276865831,0.9882882460131122,0,trunk_head_neck_reversed,-4.682528666688583,0.07381248920127348,0.3333333333333333,0.004556639585644007,0.017382008954882622,0.3387478097756214,0.36221102847960446,0.0,0.0,0.0,1.0
BCS5__Cow_45,Cow_45,Cow_45,0,5,3,1,375,dataset\5\Cow_45\f_375_rgb.jpg,dataset\5\Cow_45\f_375_depth.npy,1,,9,171.19314575195312,171.40098571777344,0.4866284430027008,0.9797054805951465,0.9563004929955535,0.983803832646405,0,trunk_head_neck_reversed,-5.649837067465285,0.0794938082448482,0.37797619047619047,0.007726224604994059,0.03150618448853493,0.3622937146017711,0.3591311523192032,0.0,0.0,0.0,1.0
BCS5__Cow_45,Cow_45,Cow_45,0,5,3,1,390,dataset\5\Cow_45\f_390_rgb.jpg,dataset\5\Cow_45\f_390_depth.npy,1,,8,169.28042602539062,169.36558532714844,0.32775938510894775,0.9787988037632904,0.9543778187386712,0.9844988973038707,0,trunk_head_neck_reversed,-9.307358977434674,0.22974259487584447,0.3244047619047619,0.004934305790811777,0.020968981087207794,0.3775610339714776,0.41189815665045804,0.0,0.0,0.0,1.0
BCS5__Cow_45,Cow_45,Cow_45,0,5,3,1,405,dataset\5\Cow_45\f_405_rgb.jpg,dataset\5\Cow_45\f_405_depth.npy,1,,9,169.96302795410156,169.81776428222656,0.3402809202671051,0.9819578569043139,0.9613659415060563,0.9886314461310265,0,trunk_head_neck_reversed,-10.266793265428305,0.22346399877372392,0.33035714285714285,0.005619584582746029,0.024484528228640556,0.3920422215818063,0.43798009172907854,0.0,0.0,0.0,1.0
BCS5__Cow_45,Cow_45,Cow_45,0,5,3,1,420,dataset\5\Cow_45\f_420_rgb.jpg,dataset\5\Cow_45\f_420_depth.npy,1,,9,169.53321838378906,169.58734130859375,0.34049296379089355,0.9836662166979182,0.9704847205042733,0.9889492238506803,0,trunk_head_neck_reversed,-9.30484522830848,0.2171713807859703,0.34226190476190477,0.0047056484036147594,0.01801290549337864,0.4276793478558284,0.47359812827645426,0.0,0.0,0.0,1.0
BCS5__Cow_45,Cow_45,Cow_45,0,5,3,1,435,dataset\5\Cow_45\f_435_rgb.jpg,dataset\5\Cow_45\f_435_depth.npy,1,,9,170.5243377685547,170.63967895507812,0.5140790939331055,0.9675862307218984,0.9554877707435356,0.9764898367803188,0,trunk_head_neck_reversed,-8.127307339698788,0.18895569069863427,0.36607142857142855,0.0039051298517733812,0.01788337156176567,0.4132206435197031,0.4578969562346666,0.0,0.0,0.0,1.0
BCS5__Cow_45,Cow_45,Cow_45,0,5,3,1,450,dataset\5\Cow_45\f_450_rgb.jpg,dataset\5\Cow_45\f_450_depth.npy,1,,9,170.3922576904297,170.33680725097656,0.5046260356903076,0.9804768311682137,0.90907029464029,0.9864452611061907,0,trunk_head_neck_reversed,-7.655392812825511,0.13757702405035843,0.34523809523809523,0.004326906055212021,0.01408005878329277,0.4095307957417135,0.47150246546045876,0.0,0.0,0.0,1.0
BCS5__Cow_45,Cow_45,Cow_45,0,5,3,1,465,dataset\5\Cow_45\f_465_rgb.jpg,dataset\5\Cow_45\f_465_depth.npy,1,,9,169.73403930664062,169.56739807128906,0.9411657452583313,0.9770285593799033,0.9534903309543908,0.9818556407994223,0,trunk_head_neck_reversed,-8.629004526344318,0.18256348676544576,0.3333333333333333,0.0033595170825719833,0.014030673541128635,0.36939568141782303,0.4461769615677962,0.0,0.0,0.0,1.0
BCS5__Cow_45,Cow_45,Cow_45,0,5,3,1,480,dataset\5\Cow_45\f_480_rgb.jpg,dataset\5\Cow_45\f_480_depth.npy,1,,9,170.9207305908203,170.89932250976562,1.097828984260559,0.9868862545798847,0.9617876142266514,0.9902486859715496,0,trunk_head_neck_reversed,-9.046640831884233,0.20744153245875907,0.34226190476190477,0.0032068081200122833,0.010579635389149189,0.3741808892728246,0.41329007155272607,0.0,0.0,0.0,1.0
BCS5__Cow_45,Cow_45,Cow_45,0,5,3,1,495,dataset\5\Cow_45\f_495_rgb.jpg,dataset\5\Cow_45\f_495_depth.npy,1,,9,171.89138793945312,171.872314453125,0.5119603276252747,0.9714141902817158,0.9492996475418416,0.9774630903065291,0,trunk_head_neck_reversed,-8.335959776923971,0.14951822460895414,0.34523809523809523,0.0025252774357795715,0.010399963706731796,0.36216141866500473,0.3715395715887506,0.0,0.0,0.0,1.0
BCS5__Cow_48_1018,Cow_48_1018,Cow_48,1,5,3,1,90,dataset\5\Cow_48_1018\f_90_rgb.jpg,dataset\5\Cow_48_1018\f_90_depth.npy,1,,9,165.05978393554688,165.3487091064453,1.368562936782837,0.9769910634538971,0.9550288712060789,0.9878268200148683,0,head_neck_trunk,7.776164685326293,0.32547464078621147,0.6060606060606061,0.01499844528734684,0.050850387662649155,0.10495421919402136,0.8427144144498196,0.21428571428571427,0.0,1.0,0.0
BCS5__Cow_48_1018,Cow_48_1018,Cow_48,1,5,3,1,105,dataset\5\Cow_48_1018\f_105_rgb.jpg,dataset\5\Cow_48_1018\f_105_depth.npy,1,,9,166.46986389160156,166.45675659179688,0.786139190196991,0.9821169470288847,0.9352885836005985,0.9884503966763436,0,entry_or_trunk_with_rump,7.1073328875042705,0.01734866989438899,0.5357142857142857,0.015377815812826157,0.06926359981298447,0.7130403616195328,0.35323077809324455,0.0,0.0,0.0,0.0
BCS5__Cow_48_1018,Cow_48_1018,Cow_48,1,5,3,1,120,dataset\5\Cow_48_1018\f_120_rgb.jpg,dataset\5\Cow_48_1018\f_120_depth.npy,1,,6,171.28713989257812,171.4207000732422,0.8726319670677185,0.9055197885592943,0.8538310225348109,0.9389511067324543,0,trunk_head_neck_reversed,7.318522903539048,0.847960241500644,0.5129310344827587,0.011730288155376911,0.04510509595274925,0.6459958819372807,0.1131163090719166,0.0,0.30952380952380953,0.0,1.0
BCS5__Cow_49_72,Cow_49_72,Cow_49,2,5,3,1,150,dataset\5\Cow_49_72\f_150_rgb.jpg,dataset\5\Cow_49_72\f_150_depth.npy,1,,9,171.8831024169922,172.05409240722656,1.5765831470489502,0.9746989929320268,0.8584169436817752,0.9757749214090343,0,trunk_dominant,11.994601925102671,0.04729228678002073,0.7508771929824561,0.01572447083890438,0.056318335235118866,0.3213451150832551,0.44363086514250566,0.0,0.15178571428571427,1.0,1.0
BCS5__Cow_49_72,Cow_49_72,Cow_49,2,5,3,1,165,dataset\5\Cow_49_72\f_165_rgb.jpg,dataset\5\Cow_49_72\f_165_depth.npy,1,,8,172.15745544433594,172.17669677734375,0.5568896532058716,0.9526797426136163,0.9196755865024017,0.9683465007944273,0,trunk_head_neck_reversed,6.539909588983065,0.3871490493488352,0.6016260162601627,0.008715062402188778,0.029587337747216225,0.6507608356229787,0.1751126443604352,0.0,0.26785714285714285,0.0,1.0
BCS5__Cow_4_8036,Cow_4_8036,Cow_4,1,5,3,1,465,dataset\5\Cow_4_8036\f_465_rgb.jpg,dataset\5\Cow_4_8036\f_465_depth.npy,1,,6,171.5576171875,171.04461669921875,2.582144260406494,0.9749010590439778,0.90574731594817,0.9867470090459,0,entry_or_trunk_with_rump,1.2835004000333896,0.011634862777967214,0.9196428571428571,0.021645531058311462,0.07732226699590683,0.7155968395755968,0.6398704732630727,0.0,0.0,0.0,0.0
BCS5__Cow_4_8036,Cow_4_8036,Cow_4,1,5,3,1,480,dataset\5\Cow_4_8036\f_480_rgb.jpg,dataset\5\Cow_4_8036\f_480_depth.npy,1,,9,161.34178161621094,162.7464599609375,2.7017977237701416,0.9846812904534911,0.9667986858833785,0.9873300742080751,0,trunk_head_neck_reversed,6.217429347362753,3.278886544200205,0.5747126436781609,0.010424050502479076,0.03741195797920227,0.7316464717149008,0.08448682042099782,0.0,0.48214285714285715,0.0,1.0
BCS5__Cow_50,Cow_50,Cow_50,2,5,3,1,0,dataset\5\Cow_50\f_0_rgb.jpg,dataset\5\Cow_50\f_0_depth.npy,1,,7,172.3902130126953,172.43663024902344,1.1201530694961548,0.9539312725183156,0.889535621951377,0.9736231707653598,0,trunk_head_neck_reversed,10.361261939554765,0.20154776436888255,0.4226190476190476,0.005147421266883612,0.023428361862897873,0.4539227765711279,0.38948310443843753,0.0,0.0,0.0,1.0
BCS5__Cow_50,Cow_50,Cow_50,2,5,3,1,15,dataset\5\Cow_50\f_15_rgb.jpg,dataset\5\Cow_50\f_15_depth.npy,1,,9,171.35255432128906,171.30067443847656,0.6598435044288635,0.9819581454322253,0.9732687441672644,0.9887461923555494,0,trunk_head_neck_reversed,13.27517623164691,0.22285128455490621,0.37797619047619047,0.006950356997549534,0.023341037333011627,0.46184138685860027,0.44036405445343374,0.0,0.0,0.0,1.0
BCS5__Cow_50,Cow_50,Cow_50,2,5,3,1,30,dataset\5\Cow_50\f_30_rgb.jpg,dataset\5\Cow_50\f_30_depth.npy,1,,7,172.03662109375,171.8851776123047,0.47497832775115967,0.9803233592866029,0.9447600120035847,0.9854169141051721,0,trunk_head_neck_reversed,15.340541566352826,0.17267730090161137,0.40773809523809523,0.0029314716812223196,0.011533480137586594,0.49224800638950306,0.3163317024352938,0.0,0.0,0.0,1.0
BCS5__Cow_50,Cow_50,Cow_50,2,5,3,1,45,dataset\5\Cow_50\f_45_rgb.jpg,dataset\5\Cow_50\f_45_depth.npy,1,,8,171.26907348632812,171.0271453857422,0.7250397205352783,0.9815161951668716,0.9306002349687803,0.9849593462989216,0,trunk_dominant,10.706440524613484,0.06444959824871432,0.4375,0.006603357847779989,0.026669755578041077,0.47650946593651744,0.29333346597240123,0.0,0.0,1.0,1.0
BCS5__Cow_50,Cow_50,Cow_50,2,5,3,1,60,dataset\5\Cow_50\f_60_rgb.jpg,dataset\5\Cow_50\f_60_depth.npy,1,,6,172.4039306640625,172.26478576660156,0.8292202353477478,0.9279831265643945,0.888844767581818,0.9541618664129552,0,trunk_dominant,6.877908032570772,0.034962581902433953,0.4494047619047619,0.007840585894882679,0.029480576515197754,0.47539819300613445,0.2817286957373617,0.0,0.0,1.0,1.0
BCS5__Cow_50,Cow_50,Cow_50,2,5,3,1,75,dataset\5\Cow_50\f_75_rgb.jpg,dataset\5\Cow_50\f_75_depth.npy,1,,8,172.28294372558594,172.4989013671875,0.9666978716850281,0.9559755710174783,0.8674413890868805,0.96928442883267,0,trunk_dominant,6.091981870939804,0.04972277647850376,0.49107142857142855,0.007164300885051489,0.029630815610289574,0.47368558571753444,0.3023754850153284,0.0,0.0,1.0,1.0
BCS5__Cow_50,Cow_50,Cow_50,2,5,3,1,90,dataset\5\Cow_50\f_90_rgb.jpg,dataset\5\Cow_50\f_90_depth.npy,1,,5,173.681396484375,173.8412628173828,0.5574061274528503,0.9652015609869941,0.9263901798832805,0.9758899732428274,0,trunk_dominant,4.801617723502346,0.030223689485126215,0.4791666666666667,0.00456111878156662,0.014706902205944061,0.4474444660137711,0.30888457807946973,0.0,0.0,1.0,1.0
BCS5__Cow_50,Cow_50,Cow_50,2,5,3,1,105,dataset\5\Cow_50\f_105_rgb.jpg,dataset\5\Cow_50\f_105_depth.npy,1,,9,173.66506958007812,173.6351318359375,0.4965936839580536,0.8810813213021775,0.7537399731663997,0.9285241411168808,1,trunk_dominant,4.5877896573687025,0.002116575980721791,0.40773809523809523,0.0034106967505067587,0.014175284653902054,0.44198555121021094,0.31097031353433546,0.0,0.0,1.0,1.0
BCS5__Cow_50,Cow_50,Cow_50,2,5,3,1,120,dataset\5\Cow_50\f_120_rgb.jpg,dataset\5\Cow_50\f_120_depth.npy,1,,8,173.70623779296875,173.41937255859375,0.8926903605461121,0.9634004143441778,0.9440637281101305,0.9785514467034939,0,trunk_dominant,5.393041595466215,0.03229314154128815,0.5089285714285714,0.005659591406583786,0.022096382454037666,0.4788723985396547,0.310452358344933,0.0,0.0,1.0,1.0
BCS5__Cow_50,Cow_50,Cow_50,2,5,3,1,135,dataset\5\Cow_50\f_135_rgb.jpg,dataset\5\Cow_50\f_135_depth.npy,1,,8,173.52059936523438,173.50537109375,0.9232657551765442,0.94123766907934,0.8885132440236733,0.9591669645824228,0,trunk_dominant,6.581392640807337,0.042694584291652404,0.4583333333333333,0.005709384568035603,0.02575520984828472,0.4634387340975907,0.3044220483226143,0.0,0.0,1.0,1.0
BCS5__Cow_50,Cow_50,Cow_50,2,5,3,1,150,dataset\5\Cow_50\f_150_rgb.jpg,dataset\5\Cow_50\f_150_depth.npy,1,,8,173.14634704589844,173.12625122070312,0.8469248414039612,0.9470738275732921,0.9153169797841786,0.9596217830195052,0,trunk_dominant,7.389595981343689,0.051569130973689425,0.4226190476190476,0.00785039085894823,0.02878664806485176,0.45217078920888715,0.2850569038055371,0.0,0.0,1.0,1.0
BCS5__Cow_50,Cow_50,Cow_50,2,5,3,1,165,dataset\5\Cow_50\f_165_rgb.jpg,dataset\5\Cow_50\f_165_depth.npy,1,,4,172.57537841796875,172.39932250976562,1.0245957374572754,0.976555998984926,0.9559471635407836,0.9824493898904859,0,trunk_dominant,7.041858359607318,0.05342468144151269,0.43452380952380953,0.006764453370124102,0.028984304517507553,0.45995441237206813,0.2752723699178315,0.0,0.0,1.0,1.0
BCS5__Cow_50,Cow_50,Cow_50,2,5,3,1,180,dataset\5\Cow_50\f_180_rgb.jpg,dataset\5\Cow_50\f_180_depth.npy,1,,6,173.77734375,173.7978973388672,0.2502668797969818,0.9629236158055922,0.9408058241574803,0.9728349863479206,0,trunk_dominant,6.481223845843047,0.07229763232618325,0.4107142857142857,0.004745801445096731,0.02478930354118347,0.46268197643923226,0.28455543462405475,0.0,0.0,1.0,1.0
BCS5__Cow_50,Cow_50,Cow_50,2,5,3,1,195,dataset\5\Cow_50\f_195_rgb.jpg,dataset\5\Cow_50\f_195_depth.npy,1,,5,173.06845092773438,172.5644073486328,0.7824640274047852,0.9697323959005132,0.8950242636274945,0.981985593147381,0,trunk_dominant,5.895708490355233,0.05498478484483371,0.45535714285714285,0.00439190398901701,0.018117506057024002,0.4785007175723533,0.28713704374156884,0.0,0.0,1.0,1.0
BCS5__Cow_50,Cow_50,Cow_50,2,5,3,1,210,dataset\5\Cow_50\f_210_rgb.jpg,dataset\5\Cow_50\f_210_depth.npy,1,,4,172.70254516601562,172.94265747070312,0.6844977140426636,0.9665094326790833,0.932223104713334,0.9740410979068663,0,trunk_dominant,4.998774106058789,0.018205160553506516,0.47023809523809523,0.005624705459922552,0.02559896931052208,0.4682074716984679,0.2997745269809974,0.0,0.0,1.0,1.0
BCS5__Cow_50,Cow_50,Cow_50,2,5,3,1,225,dataset\5\Cow_50\f_225_rgb.jpg,dataset\5\Cow_50\f_225_depth.npy,1,,7,173.34347534179688,173.27442932128906,0.38506656885147095,0.951279312836317,0.9038770043256611,0.9625942121423827,0,trunk_dominant,3.3890722163993985,0.07036651900270385,0.4523809523809524,0.008217410184442997,0.029886595904827118,0.4816498449412339,0.34269388853192784,0.0,0.0,1.0,1.0
BCS5__Cow_50,Cow_50,Cow_50,2,5,3,1,240,dataset\5\Cow_50\f_240_rgb.jpg,dataset\5\Cow_50\f_240_depth.npy,1,,6,173.23388671875,173.0406494140625,0.6242403984069824,0.9330990560133329,0.8321956252087765,0.9579384383811131,0,trunk_dominant,0.7313263568173625,0.038210491128651825,0.49702380952380953,0.005746333859860897,0.01880965381860733,0.48020594739671285,0.32561410965790905,0.0,0.0,1.0,1.0
BCS5__Cow_50,Cow_50,Cow_50,2,5,3,1,255,dataset\5\Cow_50\f_255_rgb.jpg,dataset\5\Cow_50\f_255_depth.npy,1,,7,173.37037658691406,173.39756774902344,0.6580983400344849,0.9609838331582268,0.9366134415950362,0.967336696106963,0,trunk_dominant,-4.067527481515242,0.09073534473183997,0.5,0.003819387638941407,0.014888513833284378,0.5047519915989231,0.2949671503156997,0.0,0.0,1.0,1.0
BCS5__Cow_50,Cow_50,Cow_50,2,5,3,1,270,dataset\5\Cow_50\f_270_rgb.jpg,dataset\5\Cow_50\f_270_depth.npy,1,,5,174.02000427246094,173.87051391601562,0.7175795435905457,0.9633552850852396,0.9406721768071747,0.9705038603691505,0,trunk_dominant,-7.105150355248071,0.20666159430589914,0.4642857142857143,0.0046551162376999855,0.022319428622722626,0.5060806008283397,0.2817368532495008,0.0,0.0,1.0,1.0
BCS5__Cow_50,Cow_50,Cow_50,2,5,3,1,285,dataset\5\Cow_50\f_285_rgb.jpg,dataset\5\Cow_50\f_285_depth.npy,1,,7,173.48805236816406,173.28392028808594,0.7162672281265259,0.9549638233578455,0.926629633007585,0.9658850092897677,0,trunk_dominant,-9.536211108056435,0.23263788855892642,0.5089285714285714,0.005036513786762953,0.022357361391186714,0.504083005317153,0.2677620341564678,0.0,0.0,1.0,1.0
BCS5__Cow_50,Cow_50,Cow_50,2,5,3,1,300,dataset\5\Cow_50\f_300_rgb.jpg,dataset\5\Cow_50\f_300_depth.npy,1,,6,174.04019165039062,174.02613830566406,0.4426114559173584,0.9377909808932327,0.805985241853485,0.9557154949440461,0,trunk_dominant,-8.520974409744838,0.25168437854740944,0.48214285714285715,0.004406382329761982,0.017774956300854683,0.48539543561922893,0.25917418741087006,0.0,0.0,1.0,1.0
BCS5__Cow_50,Cow_50,Cow_50,2,5,3,1,315,dataset\5\Cow_50\f_315_rgb.jpg,dataset\5\Cow_50\f_315_depth.npy,1,,7,174.16302490234375,174.0241241455078,0.8329727053642273,0.9367653763810982,0.8776662112961356,0.9469248298114187,0,trunk_dominant,-6.714768213937248,0.17360598108871272,0.49702380952380953,0.002858203137293458,0.01101709809154272,0.5015348184551871,0.27881680194030456,0.0,0.0,1.0,1.0
BCS5__Cow_50,Cow_50,Cow_50,2,5,3,1,330,dataset\5\Cow_50\f_330_rgb.jpg,dataset\5\Cow_50\f_330_depth.npy,1,,5,173.90081787109375,174.14694213867188,0.42926087975502014,0.9241405298133548,0.8789616165645513,0.9308731733094322,0,trunk_dominant,-4.982474934132,0.12726223287005212,0.48214285714285715,0.004249518271535635,0.021840903908014297,0.47567970592917047,0.2942696042985447,0.0,0.0,1.0,1.0
BCS5__Cow_50,Cow_50,Cow_50,2,5,3,1,345,dataset\5\Cow_50\f_345_rgb.jpg,dataset\5\Cow_50\f_345_depth.npy,1,,5,172.60623168945312,172.85092163085938,0.8729888200759888,0.972424832243222,0.8834866446117354,0.9842785230959602,0,trunk_dominant,-3.6586109864223886,0.0861706680673251,0.46726190476190477,0.0033283669035881758,0.014680735766887665,0.5039835145226332,0.32246118029735615,0.0,0.0,1.0,1.0
BCS5__Cow_50,Cow_50,Cow_50,2,5,3,1,360,dataset\5\Cow_50\f_360_rgb.jpg,dataset\5\Cow_50\f_360_depth.npy,1,,7,173.61929321289062,173.14712524414062,0.7425227165222168,0.9631233071607247,0.9437807346169362,0.9736431980202647,0,trunk_dominant,-2.416235341123439,0.08338055336609784,0.49404761904761907,0.004472099710255861,0.01485469751060009,0.49981804120038054,0.33275323923038763,0.0,0.0,1.0,1.0
BCS5__Cow_50,Cow_50,Cow_50,2,5,3,1,375,dataset\5\Cow_50\f_375_rgb.jpg,dataset\5\Cow_50\f_375_depth.npy,1,,3,172.7455596923828,172.93894958496094,1.1348628997802734,0.9395512758211569,0.9313368440679186,0.9574958378502014,0,trunk_dominant,-1.8506775156104425,0.05051317051619719,0.49107142857142855,0.0025450107641518116,0.011297031305730343,0.5131413681919069,0.3274779890422567,0.0,0.0,1.0,1.0
BCS5__Cow_50,Cow_50,Cow_50,2,5,3,1,390,dataset\5\Cow_50\f_390_rgb.jpg,dataset\5\Cow_50\f_390_depth.npy,1,,7,173.6245880126953,173.7904052734375,1.2940502166748047,0.9365359449453909,0.8964345309176429,0.9499223980973459,0,trunk_dominant,0.47623188673300376,0.03050439191906662,0.4880952380952381,0.0034038631711155176,0.011081361211836338,0.4916858752067243,0.32872197740901893,0.0,0.0,1.0,1.0
BCS5__Cow_50,Cow_50,Cow_50,2,5,3,1,405,dataset\5\Cow_50\f_405_rgb.jpg,dataset\5\Cow_50\f_405_depth.npy,1,,9,173.734375,173.6431884765625,0.893599808216095,0.9749165193033191,0.9474635202904953,0.9777276990191748,0,trunk_dominant,4.218218585182939,0.07348368024578633,0.44642857142857145,0.0042496626265347,0.01814982481300831,0.48793497080814735,0.3256090758279067,0.0,0.0,1.0,1.0
BCS5__Cow_50,Cow_50,Cow_50,2,5,3,1,420,dataset\5\Cow_50\f_420_rgb.jpg,dataset\5\Cow_50\f_420_depth.npy,1,,7,173.3354949951172,173.57839965820312,1.061997413635254,0.9687992932438081,0.9378825408212317,0.9770683366202502,0,trunk_dominant,5.021628740496652,0.05991987143464428,0.47619047619047616,0.003337692702189088,0.011078781448304653,0.49277558364156104,0.3327333485470468,0.0,0.0,1.0,1.0
BCS5__Cow_50,Cow_50,Cow_50,2,5,3,1,435,dataset\5\Cow_50\f_435_rgb.jpg,dataset\5\Cow_50\f_435_depth.npy,1,,6,173.25466918945312,173.23924255371094,0.8047975897789001,0.9742583265648215,0.9191748414889737,0.9818014310924007,0,trunk_dominant,5.208367971989119,0.05861024900555378,0.44642857142857145,0.005127109587192535,0.018211552873253822,0.46969961377343916,0.32327446022140477,0.0,0.0,1.0,1.0
BCS5__Cow_50,Cow_50,Cow_50,2,5,3,1,450,dataset\5\Cow_50\f_450_rgb.jpg,dataset\5\Cow_50\f_450_depth.npy,1,,8,173.34759521484375,173.2906036376953,0.542548656463623,0.9684124327485408,0.927401382746962,0.9748262740679359,0,trunk_dominant,4.126643306884773,0.05077368448532127,0.41369047619047616,0.004250003956258297,0.014584320597350597,0.4780718312349477,0.32903090894487225,0.0,0.0,1.0,1.0
BCS5__Cow_50,Cow_50,Cow_50,2,5,3,1,465,dataset\5\Cow_50\f_465_rgb.jpg,dataset\5\Cow_50\f_465_depth.npy,1,,4,172.81512451171875,173.10482788085938,0.929828941822052,0.9748761711783406,0.9357164185212336,0.9793188542879192,0,trunk_dominant,3.5744975014760882,0.037352244492467435,0.4583333333333333,0.0043486617505550385,0.021798422560095787,0.4837754117910806,0.32360642993967303,0.0,0.0,1.0,1.0
BCS5__Cow_50,Cow_50,Cow_50,2,5,3,1,480,dataset\5\Cow_50\f_480_rgb.jpg,dataset\5\Cow_50\f_480_depth.npy,1,,6,173.24349975585938,172.94178771972656,0.7874563336372375,0.9801544469993777,0.9549892310024699,0.9854206229464961,0,trunk_dominant,3.127566243447717,0.03709472102688949,0.4494047619047619,0.004458177834749222,0.014637162908911705,0.484786881968893,0.32054891135237823,0.0,0.0,1.0,1.0
BCS5__Cow_50,Cow_50,Cow_50,2,5,3,1,495,dataset\5\Cow_50\f_495_rgb.jpg,dataset\5\Cow_50\f_495_depth.npy,1,,9,173.14175415039062,173.3072967529297,0.4922011196613312,0.9675023384000118,0.9209275659427562,0.9742364075926688,0,trunk_dominant,3.0155355342997012,0.010364935197330283,0.4791666666666667,0.007469260599464178,0.026209047064185143,0.5025443908844275,0.3193841988006378,0.0,0.0,1.0,1.0
BCS5__Cow_50,Cow_50,Cow_50,2,5,3,1,510,dataset\5\Cow_50\f_510_rgb.jpg,dataset\5\Cow_50\f_510_depth.npy,1,,9,173.54226684570312,173.61550903320312,0.6374273300170898,0.9653818233242647,0.9147195075940615,0.9741695859911739,0,trunk_dominant,2.9855283250345366,0.040694937338230375,0.4226190476190476,0.005116738379001617,0.021633755415678024,0.4729770036820979,0.3192807101079905,0.0,0.0,1.0,1.0
BCS5__Cow_50,Cow_50,Cow_50,2,5,3,1,525,dataset\5\Cow_50\f_525_rgb.jpg,dataset\5\Cow_50\f_525_depth.npy,1,,3,172.08889770507812,172.7223663330078,1.0370357036590576,0.9605689433527251,0.9573224329986271,0.9747157831876682,0,trunk_dominant,2.5020885381438944,0.04827963689464809,0.4166666666666667,0.00483460770919919,0.014497554861009121,0.4782909946368296,0.33713777022731284,0.0,0.0,1.0,1.0
BCS5__Cow_50,Cow_50,Cow_50,2,5,3,1,540,dataset\5\Cow_50\f_540_rgb.jpg,dataset\5\Cow_50\f_540_depth.npy,1,,5,173.31158447265625,173.3146209716797,0.03606307879090309,0.9674157246519336,0.9161920438231865,0.9755408362164333,0,trunk_dominant,0.7832033871857931,0.0074013256086402635,0.4583333333333333,0.00455549405887723,0.01892051473259926,0.5069215624088721,0.34812758935105664,0.0,0.0,1.0,1.0
BCS5__Cow_50,Cow_50,Cow_50,2,5,3,1,555,dataset\5\Cow_50\f_555_rgb.jpg,dataset\5\Cow_50\f_555_depth.npy,1,,9,173.56948852539062,173.49720764160156,0.4239479899406433,0.9627185577913147,0.8384944320770458,0.9706989459962436,0,trunk_head_neck_reversed,-0.8895815588727913,0.0010347234864553911,0.4583333333333333,0.006377592217177153,0.022808874025940895,0.4957134713534546,0.3832939946400683,0.0,0.0,0.0,1.0
BCS5__Cow_50,Cow_50,Cow_50,2,5,3,1,570,dataset\5\Cow_50\f_570_rgb.jpg,dataset\5\Cow_50\f_570_depth.npy,1,,8,172.3155517578125,172.22833251953125,1.236839771270752,0.9644518064600967,0.8312248055480282,0.979291930054935,0,trunk_head_neck_reversed,-0.07659773811177217,0.07659773811177217,0.4642857142857143,0.005421350710093975,0.026768486946821213,0.49070654349552906,0.4324479519800939,0.0,0.0,0.0,1.0
BCS5__Cow_50_49,Cow_50_49,Cow_50,2,5,3,1,105,dataset\5\Cow_50_49\f_105_rgb.jpg,dataset\5\Cow_50_49\f_105_depth.npy,1,,9,168.98342895507812,168.7271728515625,0.8540886044502258,0.9631816168060264,0.9206692292830848,0.9690583623392941,0,head_neck_trunk,8.153025956003503,0.316364756727026,0.3132530120481928,0.021547021344304085,0.0593595914542675,0.08393175104256954,0.7982274473540655,0.25892857142857145,0.0,1.0,0.0
BCS5__Cow_50_49,Cow_50_49,Cow_50,2,5,3,1,120,dataset\5\Cow_50_49\f_120_rgb.jpg,dataset\5\Cow_50_49\f_120_depth.npy,1,,9,166.856689453125,167.6336669921875,1.8705023527145386,0.989955276191413,0.857204081753566,0.9930908208163947,0,trunk_head_neck_reversed,10.25308248259816,0.023752679894826656,0.5625,0.03253430128097534,0.12420519441366196,0.6885852198579631,0.22699888608360555,0.0,0.0,0.0,1.0
BCS5__Cow_50_49,Cow_50_49,Cow_50,2,5,3,1,135,dataset\5\Cow_50_49\f_135_rgb.jpg,dataset\5\Cow_50_49\f_135_depth.npy,1,,9,170.1019287109375,170.191162109375,0.948976457118988,0.8558453098739679,0.7189395580978583,0.9143597157964064,2,trunk_head_neck_reversed,5.883735232373198,0.57905855360994,0.5825688073394495,0.014990919269621372,0.06784969568252563,0.7530087453978052,0.10457712054929638,0.0,0.35119047619047616,0.0,1.0
BCS5__Cow_53_30,Cow_53_30,Cow_53,0,5,3,1,375,dataset\5\Cow_53_30\f_375_rgb.jpg,dataset\5\Cow_53_30\f_375_depth.npy,1,,8,165.97116088867188,166.4893035888672,2.051623821258545,0.955705270285246,0.8537010592337306,0.9729278237287373,0,head_neck_trunk,10.912213974755232,0.19742526205963884,0.38513513513513514,0.03135938569903374,0.11178982257843018,0.30585908487504737,0.8398628416370748,0.11904761904761904,0.0,1.0,0.0
BCS5__Cow_53_30,Cow_53_30,Cow_53,0,5,3,1,390,dataset\5\Cow_53_30\f_390_rgb.jpg,dataset\5\Cow_53_30\f_390_depth.npy,1,,9,167.82968139648438,168.37060546875,2.1177196502685547,0.9699978266869902,0.9334510361710426,0.9772080615791049,0,head_neck_trunk,13.187718962812795,1.1701847612116154,0.6619047619047619,0.02339623123407364,0.06737525016069412,0.13385735411247984,0.8320633537630142,0.375,0.0,1.0,0.0
BCS5__Cow_53_30,Cow_53_30,Cow_53,0,5,3,1,450,dataset\5\Cow_53_30\f_450_rgb.jpg,dataset\5\Cow_53_30\f_450_depth.npy,1,,8,172.5438995361328,172.42596435546875,1.5263222455978394,0.9731347746005012,0.7981202063650485,0.9798606479247715,1,trunk_head_neck_reversed,1.1107122875043842,0.02884397888126955,0.2597864768683274,0.01911957934498787,0.057123180478811264,0.483120156541395,0.20845784887265786,0.0,0.1636904761904762,0.0,1.0
BCS5__Cow_53_30,Cow_53_30,Cow_53,0,5,3,1,465,dataset\5\Cow_53_30\f_465_rgb.jpg,dataset\5\Cow_53_30\f_465_depth.npy,1,,9,172.43434143066406,172.6221160888672,1.1503914594650269,0.832644339970946,0.47517794861126883,0.8985504095860255,1,trunk_head_neck_reversed,3.2899958509620433,0.14457732577380966,0.6428571428571429,0.006158338859677315,0.018824292346835136,0.6292523420154192,0.15853599232537066,0.0,0.3333333333333333,0.0,1.0
BCS5__Cow_54,Cow_54,Cow_54,1,5,3,1,0,dataset\5\Cow_54\f_0_rgb.jpg,dataset\5\Cow_54\f_0_depth.npy,1,,6,171.10592651367188,169.9279022216797,2.023993968963623,0.9692760310049443,0.9050225464017972,0.9769274480730571,0,entry_or_trunk_with_rump,-0.5619177655960073,0.03173822858751407,0.30357142857142855,0.01721322350203991,0.04486248269677162,0.3034451452309165,0.8797190293020739,0.0,0.0,0.0,0.0
BCS5__Cow_54,Cow_54,Cow_54,1,5,3,1,15,dataset\5\Cow_54\f_15_rgb.jpg,dataset\5\Cow_54\f_15_depth.npy,1,,7,169.87986755371094,169.60836791992188,0.8303578495979309,0.979110903011472,0.8763437583910055,0.9865368783389218,0,head_neck_trunk,-0.5352816811202388,0.009946831853227422,0.40773809523809523,0.008532661013305187,0.031145716086030006,0.25884150637967557,0.9081605546965313,0.0,0.0,1.0,0.0
BCS5__Cow_54,Cow_54,Cow_54,1,5,3,1,30,dataset\5\Cow_54\f_30_rgb.jpg,dataset\5\Cow_54\f_30_depth.npy,1,,4,170.78712463378906,170.23768615722656,1.3115439414978027,0.9517722815096945,0.888674141924154,0.9660869406438626,0,head_neck_trunk,-1.9951822934740306,0.08695355034365093,0.3541666666666667,0.007640004623681307,0.03864676132798195,0.24566375159693632,0.8432222684896091,0.0,0.0,1.0,0.0
BCS5__Cow_54,Cow_54,Cow_54,1,5,3,1,60,dataset\5\Cow_54\f_60_rgb.jpg,dataset\5\Cow_54\f_60_depth.npy,1,,9,171.77481079101562,171.50856018066406,0.5178013443946838,0.9585439828568253,0.9092976983843498,0.9691144743655634,0,trunk_head_neck_reversed,-3.1829820401132025,0.11786234756954173,0.5297619047619048,0.006817285902798176,0.02789609506726265,0.5438964905686619,0.49703101319834647,0.0,0.0,0.0,1.0
BCS5__Cow_54,Cow_54,Cow_54,1,5,3,1,75,dataset\5\Cow_54\f_75_rgb.jpg,dataset\5\Cow_54\f_75_depth.npy,1,,8,169.8544921875,169.7879638671875,0.7531239986419678,0.9662793372635403,0.9023174326694435,0.9804338325963873,0,trunk_dominant,-6.492725486734358,0.01835873304503366,0.5119047619047619,0.009528704918920994,0.03971124067902565,0.44780531053644973,0.20739703489179606,0.0,0.0,1.0,1.0
BCS5__Cow_54,Cow_54,Cow_54,1,5,3,1,90,dataset\5\Cow_54\f_90_rgb.jpg,dataset\5\Cow_54\f_90_depth.npy,1,,6,169.31219482421875,169.0956573486328,0.5547477602958679,0.9738562765055767,0.9566890682042817,0.9816228992503446,0,trunk_head_neck_reversed,-13.531418298195831,0.41973370896909046,0.6498194945848376,0.03055952489376068,0.09704699367284775,0.6300524664314003,0.14747495368281907,0.0,0.17559523809523808,0.0,1.0
BCS5__Cow_6_5029,Cow_6_5029,Cow_6,1,5,3,1,330,dataset\5\Cow_6_5029\f_330_rgb.jpg,dataset\5\Cow_6_5029\f_330_depth.npy,1,,9,167.39089965820312,167.43756103515625,0.361177533864975,0.899367091018586,0.8732052916993851,0.9205176347875659,0,head_neck_trunk,2.980824176058462,0.2475626021455497,0.32971014492753625,0.008819160051643848,0.03545280918478966,0.1712679174094585,0.8632350417111849,0.17857142857142858,0.0,1.0,0.0
BCS5__Cow_6_5029,Cow_6_5029,Cow_6,1,5,3,1,375,dataset\5\Cow_6_5029\f_375_rgb.jpg,dataset\5\Cow_6_5029\f_375_depth.npy,1,,7,167.29190063476562,167.74563598632812,1.241142749786377,0.9520212834019591,0.8188229785321,0.9648939888766066,0,trunk_head_neck_reversed,-8.801269809043347,2.128272842737033,0.5110132158590308,0.0037532595451921225,0.01308759581297636,0.7107589495114969,0.09657299268136182,0.0,0.3244047619047619,0.0,1.0
BCS5__Cow_6_5051,Cow_6_5051,Cow_6,1,5,3,1,210,dataset\5\Cow_6_5051\f_210_rgb.jpg,dataset\5\Cow_6_5051\f_210_depth.npy,1,,9,166.95660400390625,167.20352172851562,0.6475827097892761,0.9816259757442203,0.9623772149360822,0.9891667601340953,0,head_neck_trunk,6.107189285821647,1.0925617840555333,0.27884615384615385,0.02180194854736328,0.06261910498142242,0.15023710170294277,0.8345750789622768,0.38095238095238093,0.0,1.0,0.0
BCS5__Cow_6_5051,Cow_6_5051,Cow_6,1,5,3,1,225,dataset\5\Cow_6_5051\f_225_rgb.jpg,dataset\5\Cow_6_5051\f_225_depth.npy,1,,4,172.99032592773438,172.83639526367188,0.6308832764625549,0.8831948227736661,0.8711679375576499,0.9356831613727155,0,head_neck_trunk,2.8782470960052535,0.4813460111501371,0.2791519434628975,0.013273817487061024,0.04041169956326485,0.1674494076839657,0.8429696624644802,0.15773809523809523,0.0,1.0,0.0
BCS5__Cow_6_5051,Cow_6_5051,Cow_6,1,5,3,1,270,dataset\5\Cow_6_5051\f_270_rgb.jpg,dataset\5\Cow_6_5051\f_270_depth.npy,1,,4,171.63864135742188,171.410400390625,0.4213962256908417,0.9580453404643845,0.9229657097205827,0.968046607248688,0,trunk_head_neck_reversed,5.06476296880146,0.18903130961139425,0.35714285714285715,0.01970357447862625,0.06104345992207527,0.5379320355733893,0.16613382079784536,0.0,0.25,0.0,1.0
BCS5__Cow_7_6022,Cow_7_6022,Cow_7,0,5,3,1,780,dataset\5\Cow_7_6022\f_780_rgb.jpg,dataset\5\Cow_7_6022\f_780_depth.npy,1,,3,167.09228515625,167.26893615722656,1.447189211845398,0.668426639536027,0.6228118010381876,0.8112385491324202,2,head_neck_trunk,6.856809058679389,0.05101298766383877,0.7492163009404389,0.026188714429736137,0.0771453008055687,0.29968049477713804,0.7677522025214406,0.050595238095238096,0.0,1.0,0.0
BCS5__Cow_7_6022,Cow_7_6022,Cow_7,0,5,3,1,810,dataset\5\Cow_7_6022\f_810_rgb.jpg,dataset\5\Cow_7_6022\f_810_depth.npy,1,,9,169.47813415527344,169.67050170898438,1.332943081855774,0.971502717898414,0.9158928700500114,0.980901723550335,0,trunk_head_neck_reversed,-0.1955589402218294,0.0965866800533206,0.6073825503355704,0.012264177203178406,0.04394114017486572,0.8345964128700765,0.22612488455958366,0.0,0.1130952380952381,0.0,1.0
BCS5__Cow_7_6022,Cow_7_6022,Cow_7,0,5,3,1,825,dataset\5\Cow_7_6022\f_825_rgb.jpg,dataset\5\Cow_7_6022\f_825_depth.npy,1,,9,168.2646942138672,167.7941131591797,3.4714481830596924,0.9824507133021025,0.9698004449071866,0.9864631470775186,0,trunk_head_neck_reversed,-0.4171068164715024,0.5143845418502622,0.6580310880829016,0.011775210499763489,0.03636175021529198,0.7980775862775652,0.10529400310724445,0.0,0.4255952380952381,0.0,1.0
BCS5__Cow_8_NOTAG,Cow_8_NOTAG,Cow_8,2,5,3,1,480,dataset\5\Cow_8_NOTAG\f_480_rgb.jpg,dataset\5\Cow_8_NOTAG\f_480_depth.npy,1,,9,167.27029418945312,167.59864807128906,1.2927372455596924,0.9592695062614007,0.8675579245292512,0.9670571939404311,0,entry_or_trunk_with_rump,5.753537007114176,0.2597287916670723,0.545751633986928,0.015159419737756252,0.05518020689487457,0.2251051281914689,0.8899063886274449,0.08928571428571429,0.0,0.0,0.0
BCS5__Cow_8_NOTAG,Cow_8_NOTAG,Cow_8,2,5,3,1,495,dataset\5\Cow_8_NOTAG\f_495_rgb.jpg,dataset\5\Cow_8_NOTAG\f_495_depth.npy,1,,8,172.94293212890625,173.05355834960938,1.1528302431106567,0.8707064243524762,0.751852834680065,0.9087235963820305,3,head_neck_trunk,4.8827765680244255,0.2702232819174242,0.2857142857142857,0.006795719265937805,0.02256736345589161,0.08520567256816977,0.8459551661607121,0.0625,0.0,1.0,0.0
BCS5__Cow_8_NOTAG,Cow_8_NOTAG,Cow_8,2,5,3,1,555,dataset\5\Cow_8_NOTAG\f_555_rgb.jpg,dataset\5\Cow_8_NOTAG\f_555_depth.npy,1,,4,170.0586395263672,170.81646728515625,1.4600664377212524,0.9309333185633264,0.5628970976804786,0.9537816651689008,1,trunk_head_neck_reversed,-0.5670555069146559,0.09523780143506144,0.5177865612648221,0.01355747226625681,0.04718032106757164,0.5851976875441679,0.12753604812026673,0.0,0.24702380952380953,0.0,1.0
BCS5__Cow_8_NOTAG,Cow_8_NOTAG,Cow_8,2,5,3,1,570,dataset\5\Cow_8_NOTAG\f_570_rgb.jpg,dataset\5\Cow_8_NOTAG\f_570_depth.npy,1,,3,171.10565185546875,171.00611877441406,1.388126015663147,0.7523847358088376,0.22632088954148188,0.8199477184938377,2,trunk_head_neck_reversed,-2.0016721237690263,0.4301604279063156,0.6,0.004544516559690237,0.015702011063694954,0.7596094371894699,0.13977133789343324,0.0,0.375,0.0,1.0
BCS5__Cow_9_NOTG,Cow_9_NOTG,Cow_9,2,5,3,1,360,dataset\5\Cow_9_NOTG\f_360_rgb.jpg,dataset\5\Cow_9_NOTG\f_360_depth.npy,1,,9,170.5768280029297,170.45936584472656,0.41495180130004883,0.9469916760261894,0.9186870681470747,0.9665062164152161,0,trunk_head_neck_reversed,1.7792673234060175,0.04101010597878485,0.43636363636363634,0.008104180917143822,0.02426011674106121,0.5641126730482382,0.1726514116333282,0.0,0.18154761904761904,0.0,1.0
BCS6__Cow_11_07,Cow_11_07,Cow_11,1,6,4,2,270,dataset\6\Cow_11_07\f_270_rgb.jpg,dataset\6\Cow_11_07\f_270_depth.npy,1,,7,172.50601196289062,172.59214782714844,1.7196612358093262,0.9202207109160564,0.8625565792008886,0.9562890311264873,0,head_neck_trunk,8.88875143654873,0.013724975730724509,0.22137404580152673,0.044931549578905106,0.11445432156324387,0.1658941206084183,0.7310496822470669,0.22023809523809523,0.0,1.0,0.0
BCS6__Cow_11_07,Cow_11_07,Cow_11,1,6,4,2,285,dataset\6\Cow_11_07\f_285_rgb.jpg,dataset\6\Cow_11_07\f_285_depth.npy,1,,3,174.99644470214844,174.7915802001953,1.5180426836013794,0.5213959617181778,0.06078258767755973,0.7038207963353211,2,head_neck_trunk,10.32648292459379,0.0008966952082545276,0.2577639751552795,0.010308732278645039,0.03347424045205116,0.27343804223098217,0.5799975813695913,0.041666666666666664,0.0,1.0,0.0
BCS6__Cow_11_07,Cow_11_07,Cow_11,1,6,4,2,300,dataset\6\Cow_11_07\f_300_rgb.jpg,dataset\6\Cow_11_07\f_300_depth.npy,1,,8,170.01153564453125,170.3233642578125,2.0128400325775146,0.9795894513248693,0.9393063711152491,0.9842099139169916,0,trunk_dominant,8.797628716473255,0.020726405719159402,0.22916666666666666,0.011652589775621891,0.03733851760625839,0.3649703418854185,0.42855134666528644,0.0,0.0,1.0,1.0
BCS6__Cow_11_07,Cow_11_07,Cow_11,1,6,4,2,315,dataset\6\Cow_11_07\f_315_rgb.jpg,dataset\6\Cow_11_07\f_315_depth.npy,1,,6,173.4209442138672,173.4346466064453,0.1961773931980133,0.9451242145748502,0.8807641707674858,0.9616669792885733,0,trunk_head_neck_reversed,8.715328858602135,0.08433426324123161,0.277602523659306,0.013797512277960777,0.050433576107025146,0.426613577390919,0.27186455932494685,0.0,0.05654761904761905,0.0,1.0
BCS6__Cow_11_07,Cow_11_07,Cow_11,1,6,4,2,320,dataset\6\Cow_11_07\f_320_rgb.jpg,dataset\6\Cow_11_07\f_320_depth.npy,1,,6,172.7732696533203,172.9504852294922,0.6803791522979736,0.9497562342670547,0.5803503464044196,0.9720760902019908,2,trunk_head_neck_reversed,8.392022346149986,0.06023300083941763,0.3076923076923077,0.010153621435165405,0.04713721200823784,0.36854671470240274,0.23630544892345823,0.0,0.07142857142857142,0.0,1.0
BCS6__Cow_11_07,Cow_11_07,Cow_11,1,6,4,2,330,dataset\6\Cow_11_07\f_330_rgb.jpg,dataset\6\Cow_11_07\f_330_depth.npy,1,,6,173.120361328125,172.72410583496094,1.5525838136672974,0.9673529623877597,0.7329027678318589,0.9792751777830528,1,trunk_head_neck_reversed,8.186591321478744,0.052572537599246516,0.3708609271523179,0.011420492082834244,0.06965910643339157,0.35450716404045035,0.24251323256962526,0.0,0.10119047619047619,0.0,1.0
BCS6__Cow_11_07,Cow_11_07,Cow_11,1,6,4,2,340,dataset\6\Cow_11_07\f_340_rgb.jpg,dataset\6\Cow_11_07\f_340_depth.npy,1,,3,173.4617156982422,173.3548126220703,0.3164023756980896,0.3942786332856286,0.11511944837062738,0.6960550594536197,2,trunk_dominant,8.255996236897275,0.021100162981952053,0.38333333333333336,0.012083564884960651,0.04210678115487099,0.3542893282816827,0.23811461858276242,0.0,0.10714285714285714,1.0,1.0
BCS6__Cow_11_07,Cow_11_07,Cow_11,1,6,4,2,345,dataset\6\Cow_11_07\f_345_rgb.jpg,dataset\6\Cow_11_07\f_345_depth.npy,1,,4,172.59251403808594,172.91033935546875,0.7569237947463989,0.8579193950468805,0.7968615364712582,0.9081023483515988,1,trunk_head_neck_reversed,7.648238593643498,0.029642424949344104,0.3825503355704698,0.007469633594155312,0.029919102787971497,0.32968003055612716,0.22355015588183455,0.0,0.1130952380952381,0.0,1.0
BCS6__Cow_11_07,Cow_11_07,Cow_11,1,6,4,2,350,dataset\6\Cow_11_07\f_350_rgb.jpg,dataset\6\Cow_11_07\f_350_depth.npy,1,,7,172.86656188964844,172.40440368652344,0.7862435579299927,0.9069722736449498,0.5673422999241917,0.9512880113523704,2,trunk_head_neck_reversed,7.427193937340149,0.0015386795395215813,0.3010033444816054,0.019429750740528107,0.06347540766000748,0.31181339653570656,0.2064755783677545,0.0,0.11011904761904762,0.0,1.0
BCS6__Cow_11_07,Cow_11_07,Cow_11,1,6,4,2,360,dataset\6\Cow_11_07\f_360_rgb.jpg,dataset\6\Cow_11_07\f_360_depth.npy,1,,4,172.09861755371094,172.08370971679688,0.9628456830978394,0.8841371074390004,0.8140867331706427,0.9398466622462858,0,trunk_head_neck_reversed,7.12175709718025,0.013091545898120671,0.22591362126245848,0.027170971035957336,0.0822194516658783,0.3345204601548961,0.20555368852288758,0.0,0.10416666666666667,0.0,1.0
BCS6__Cow_11_07,Cow_11_07,Cow_11,1,6,4,2,370,dataset\6\Cow_11_07\f_370_rgb.jpg,dataset\6\Cow_11_07\f_370_depth.npy,1,,5,172.9401092529297,172.8319549560547,0.5247898697853088,0.8719712517133252,0.6307546075649806,0.9301538805330134,1,trunk_head_neck_reversed,6.847580187840123,0.027217151830200237,0.35855263157894735,0.011322245933115482,0.0376054123044014,0.40058712941363633,0.2505077398909878,0.0,0.09523809523809523,0.0,1.0
BCS6__Cow_11_07,Cow_11_07,Cow_11,1,6,4,2,375,dataset\6\Cow_11_07\f_375_rgb.jpg,dataset\6\Cow_11_07\f_375_depth.npy,1,,4,172.8541259765625,172.85235595703125,0.8754773139953613,0.8924372417662947,0.7825946224523801,0.9357428345362151,1,trunk_head_neck_reversed,5.788712628896732,0.03751315779393849,0.28852459016393445,0.011694300919771194,0.03769546002149582,0.4499298798521992,0.27460000785603855,0.0,0.09226190476190477,0.0,1.0
BCS6__Cow_11_07,Cow_11_07,Cow_11,1,6,4,2,420,dataset\6\Cow_11_07\f_420_rgb.jpg,dataset\6\Cow_11_07\f_420_depth.npy,1,,4,172.6973114013672,171.69808959960938,2.1577723026275635,0.3976554776377695,0.1595730938289336,0.683443120436839,3,trunk_head_neck_reversed,4.130814054593188,0.0007935504998783927,0.23174603174603176,0.04064827412366867,0.11012303084135056,0.415271403228945,0.24922169799046953,0.0,0.0625,0.0,1.0
BCS6__Cow_11_07,Cow_11_07,Cow_11,1,6,4,2,435,dataset\6\Cow_11_07\f_435_rgb.jpg,dataset\6\Cow_11_07\f_435_depth.npy,1,,3,173.01907348632812,172.8534393310547,0.6428911685943604,0.19781536919233345,0.00475423978013545,0.5834113052048493,2,trunk_head_neck_reversed,5.040928680629534,0.013782748303015069,0.2641509433962264,0.026635419577360153,0.06997374445199966,0.44035585468844807,0.2351196899210854,0.0,0.05357142857142857,0.0,1.0
BCS6__Cow_11_07,Cow_11_07,Cow_11,1,6,4,2,460,dataset\6\Cow_11_07\f_460_rgb.jpg,dataset\6\Cow_11_07\f_460_depth.npy,1,,4,172.38113403320312,172.3037567138672,0.577322244644165,0.922917670205055,0.6433572679390814,0.9593464774038101,1,trunk_head_neck_reversed,7.383368319410394,0.02572228402200949,0.32087227414330216,0.016133926808834076,0.04952177032828331,0.4349807154207784,0.2625172950216553,0.0,0.044642857142857144,0.0,1.0
BCS6__Cow_11_07,Cow_11_07,Cow_11,1,6,4,2,480,dataset\6\Cow_11_07\f_480_rgb.jpg,dataset\6\Cow_11_07\f_480_depth.npy,1,,7,172.8880157470703,173.0996551513672,0.9074212312698364,0.9064574600707379,0.24107416288758887,0.9489192318368359,2,trunk_dominant,7.579638559856988,0.0037159156102575253,0.3048780487804878,0.01874489337205887,0.06992164999246597,0.33453082083398766,0.20042264011858135,0.0,0.023809523809523808,1.0,1.0
BCS6__Cow_11_07,Cow_11_07,Cow_11,1,6,4,2,490,dataset\6\Cow_11_07\f_490_rgb.jpg,dataset\6\Cow_11_07\f_490_depth.npy,1,,4,172.20458984375,172.30718994140625,0.6887274980545044,0.9694444744609397,0.245826770242215,0.9812157042852574,1,trunk_dominant,8.366949832258058,0.03362815255729856,0.3541666666666667,0.01818723790347576,0.05529937148094177,0.378139452485024,0.23148394580121914,0.0,0.0,1.0,1.0
BCS6__Cow_11_07,Cow_11_07,Cow_11,1,6,4,2,495,dataset\6\Cow_11_07\f_495_rgb.jpg,dataset\6\Cow_11_07\f_495_depth.npy,1,,3,171.63629150390625,171.9303436279297,0.8663467168807983,0.9019136167823576,0.7451821946743316,0.9457079425079093,1,trunk_head_neck_reversed,8.295165598769188,0.02634797175943504,0.33630952380952384,0.019906027242541313,0.06668591499328613,0.3812556040231621,0.25558253336467557,0.0,0.0,0.0,1.0
BCS6__Cow_11_07,Cow_11_07,Cow_11,1,6,4,2,500,dataset\6\Cow_11_07\f_500_rgb.jpg,dataset\6\Cow_11_07\f_500_depth.npy,1,,3,173.32949829101562,173.0546417236328,0.5047562718391418,0.8346570397011905,0.7709924787195326,0.9119981250732656,1,trunk_dominant,8.321922439502742,0.014474553684635794,0.31845238095238093,0.016010908409953117,0.06964043527841568,0.33642040238510934,0.23103386141002233,0.0,0.0,1.0,1.0
BCS6__Cow_11_07,Cow_11_07,Cow_11,1,6,4,2,510,dataset\6\Cow_11_07\f_510_rgb.jpg,dataset\6\Cow_11_07\f_510_depth.npy,1,,5,172.82017517089844,172.8190155029297,0.1299964338541031,0.7137778662607179,0.2912480560852799,0.8400688841565089,3,trunk_dominant,7.798792669681617,0.02587942734247406,0.35119047619047616,0.014721314422786236,0.057304829359054565,0.3756109231082598,0.23764199626550433,0.0,0.0,1.0,1.0
BCS6__Cow_11_07,Cow_11_07,Cow_11,1,6,4,2,520,dataset\6\Cow_11_07\f_520_rgb.jpg,dataset\6\Cow_11_07\f_520_depth.npy,1,,6,173.28721618652344,173.2321319580078,0.6606485843658447,0.7637205480917946,0.5195012154637152,0.8800803583146091,3,trunk_dominant,7.6318625199836845,0.013994953850684055,0.3630952380952381,0.01684887520968914,0.0441686175763607,0.3653167722954458,0.18740325434270025,0.0,0.0,1.0,1.0
BCS6__Cow_11_07,Cow_11_07,Cow_11,1,6,4,2,525,dataset\6\Cow_11_07\f_525_rgb.jpg,dataset\6\Cow_11_07\f_525_depth.npy,1,,8,173.23291015625,173.41189575195312,0.588716983795166,0.9410351863153765,0.5050966448823414,0.9628983993519069,2,trunk_head_neck_reversed,7.324446386724659,0.027049665390833866,0.35060975609756095,0.015234203077852726,0.046551067382097244,0.3755088238426923,0.17516421564681503,0.0,0.023809523809523808,0.0,1.0
BCS6__Cow_11_07,Cow_11_07,Cow_11,1,6,4,2,530,dataset\6\Cow_11_07\f_530_rgb.jpg,dataset\6\Cow_11_07\f_530_depth.npy,1,,7,172.46229553222656,172.15176391601562,0.7139442563056946,0.939361731590596,0.21020364080525322,0.9620495260016609,3,trunk_head_neck_reversed,6.58766319487205,0.04475581767465542,0.30124223602484473,0.02150288224220276,0.07450130581855774,0.38673010673241726,0.2100928854933785,0.0,0.041666666666666664,0.0,1.0
BCS6__Cow_11_07,Cow_11_07,Cow_11,1,6,4,2,550,dataset\6\Cow_11_07\f_550_rgb.jpg,dataset\6\Cow_11_07\f_550_depth.npy,1,,7,172.42507934570312,172.64663696289062,0.5856117010116577,0.910295247498716,0.7695625534504583,0.9470669680280168,2,trunk_head_neck_reversed,6.15321091250199,0.16928008736718425,0.29347826086956524,0.010816839523613453,0.038744375109672546,0.47316463842524664,0.19725285411956897,0.0,0.17857142857142858,0.0,1.0
BCS6__Cow_11_07,Cow_11_07,Cow_11,1,6,4,2,555,dataset\6\Cow_11_07\f_555_rgb.jpg,dataset\6\Cow_11_07\f_555_depth.npy,1,,8,172.6616973876953,172.4921112060547,1.1261050701141357,0.9781481805294885,0.9174584289503489,0.9826259246094287,0,trunk_head_neck_reversed,6.204276810197371,0.2188301451415242,0.4521072796934866,0.013309056870639324,0.04867298901081085,0.48824220799727197,0.1791857646059248,0.0,0.22321428571428573,0.0,1.0
BCS6__Cow_11_07,Cow_11_07,Cow_11,1,6,4,2,560,dataset\6\Cow_11_07\f_560_rgb.jpg,dataset\6\Cow_11_07\f_560_depth.npy,1,,5,172.50665283203125,172.53274536132812,0.8131181001663208,0.9570376447949085,0.8618530364671873,0.9747549190695001,0,trunk_head_neck_reversed,4.942622804520866,0.20326365619736464,0.3784860557768924,0.02304806187748909,0.09168923646211624,0.5187162568356404,0.1895381347458359,0.0,0.25297619047619047,0.0,1.0
BCS6__Cow_11_07,Cow_11_07,Cow_11,1,6,4,2,570,dataset\6\Cow_11_07\f_570_rgb.jpg,dataset\6\Cow_11_07\f_570_depth.npy,1,,7,174.11083984375,174.12548828125,0.7063314914703369,0.9148483219102617,0.6993609679799453,0.9534754169411168,2,trunk_head_neck_reversed,4.608025770340944,0.19879869211729329,0.5545851528384279,0.009237237274646759,0.04714816063642502,0.5723155978828036,0.13460881308230294,0.0,0.31845238095238093,0.0,1.0
BCS6__Cow_12_2014,Cow_12_2014,Cow_12,1,6,4,2,270,dataset\6\Cow_12_2014\f_270_rgb.jpg,dataset\6\Cow_12_2014\f_270_depth.npy,1,,9,169.6348419189453,170.0321807861328,0.9375929832458496,0.9417205484841147,0.8955648405119144,0.9508601164916262,0,head_neck_trunk,3.819705117119824,0.22442525464769858,0.5932203389830508,0.0030233561992645264,0.01327077392488718,0.11845358371060927,0.8675444293832687,0.12202380952380952,0.0,1.0,0.0
BCS6__Cow_12_2014,Cow_12_2014,Cow_12,1,6,4,2,272,dataset\6\Cow_12_2014\f_272_rgb.jpg,dataset\6\Cow_12_2014\f_272_depth.npy,1,,9,170.2672576904297,170.58604431152344,1.1133339405059814,0.8893445414253637,0.5603049746527219,0.9273794858902371,1,head_neck_trunk,3.7490717030372593,0.19473044102393544,0.6053511705685619,0.0034189557190984488,0.013064945116639137,0.11878760774770708,0.8700001047257856,0.11011904761904762,0.0,1.0,0.0
BCS6__Cow_12_2014,Cow_12_2014,Cow_12,1,6,4,2,274,dataset\6\Cow_12_2014\f_274_rgb.jpg,dataset\6\Cow_12_2014\f_274_depth.npy,1,,7,170.56922912597656,170.5996856689453,0.908150315284729,0.8979450970950672,0.6803521327491369,0.9139092163305246,1,head_neck_trunk,3.502480012923513,0.22497951464708876,0.5993589743589743,0.0038988888263702393,0.017381273210048676,0.10684865931686635,0.8754570527682138,0.07142857142857142,0.0,1.0,0.0
BCS6__Cow_12_2014,Cow_12_2014,Cow_12,1,6,4,2,276,dataset\6\Cow_12_2014\f_276_rgb.jpg,dataset\6\Cow_12_2014\f_276_depth.npy,1,,8,170.36692810058594,170.3829803466797,0.9750676155090332,0.8729561143086632,0.6873248852624565,0.9243743167145744,3,head_neck_trunk,3.4386461650710203,0.16968357968643488,0.6190476190476191,0.006853437051177025,0.0261552557349205,0.10284134739054926,0.8757476267641197,0.0625,0.0,1.0,0.0
BCS6__Cow_12_2014,Cow_12_2014,Cow_12,1,6,4,2,278,dataset\6\Cow_12_2014\f_278_rgb.jpg,dataset\6\Cow_12_2014\f_278_depth.npy,1,,7,171.38360595703125,171.25111389160156,0.8012896776199341,0.94638579869288,0.8410113594115198,0.9680635814204619,0,head_neck_trunk,3.1197855246045805,0.14301494220741517,0.6551724137931034,0.010371333919465542,0.035727836191654205,0.13754854643203354,0.8787673529674105,0.050595238095238096,0.0,1.0,0.0
BCS6__Cow_12_2014,Cow_12_2014,Cow_12,1,6,4,2,280,dataset\6\Cow_12_2014\f_280_rgb.jpg,dataset\6\Cow_12_2014\f_280_depth.npy,1,,7,171.33827209472656,171.46278381347656,0.7925364971160889,0.9339076048674485,0.7961263015175432,0.9425083287835652,1,head_neck_trunk,2.503324033299009,0.098395821868138,0.6856287425149701,0.007787632290273905,0.028660953044891357,0.13171219792689007,0.9004675132703792,0.005952380952380952,0.0,1.0,0.0
BCS6__Cow_12_2014,Cow_12_2014,Cow_12,1,6,4,2,282,dataset\6\Cow_12_2014\f_282_rgb.jpg,dataset\6\Cow_12_2014\f_282_depth.npy,1,,8,171.94729614257812,171.965576171875,0.7489053010940552,0.9075883442805199,0.8099760414082929,0.9451758746453742,0,head_neck_trunk,2.0413855405810466,0.09868977423647607,0.7202380952380952,0.016719993203878403,0.06975606828927994,0.19671282895669753,0.8762675599316704,0.0,0.0,1.0,0.0
BCS6__Cow_12_2014,Cow_12_2014,Cow_12,1,6,4,2,284,dataset\6\Cow_12_2014\f_284_rgb.jpg,dataset\6\Cow_12_2014\f_284_depth.npy,1,,6,171.8444061279297,172.0012969970703,0.5130508542060852,0.9386754126970942,0.8830869062816973,0.9627874123012128,0,head_neck_trunk,1.8508548604678907,0.046140228578551046,0.7678571428571429,0.014054955914616585,0.05203196406364441,0.2858269718539513,0.8870607160294806,0.0,0.0,1.0,0.0
BCS6__Cow_12_2014,Cow_12_2014,Cow_12,1,6,4,2,285,dataset\6\Cow_12_2014\f_285_rgb.jpg,dataset\6\Cow_12_2014\f_285_depth.npy,1,,6,171.97625732421875,172.04933166503906,0.5675600171089172,0.9557757119333897,0.9104555419609636,0.9675535938472748,0,head_neck_trunk,1.837097652143484,0.05582868815142206,0.7559523809523809,0.014907553791999817,0.04928062856197357,0.2809572675521155,0.8692975199111779,0.0,0.0,1.0,0.0
BCS6__Cow_12_2014,Cow_12_2014,Cow_12,1,6,4,2,286,dataset\6\Cow_12_2014\f_286_rgb.jpg,dataset\6\Cow_12_2014\f_286_depth.npy,1,,6,172.47869873046875,172.55149841308594,0.8469113111495972,0.9700906630573147,0.960940000913859,0.9837465165900565,0,head_neck_trunk,1.4902784852649233,0.02964671694378751,0.8005952380952381,0.00955941528081894,0.03165009617805481,0.333765187424438,0.886569031092108,0.0,0.0,1.0,0.0
BCS6__Cow_12_2014,Cow_12_2014,Cow_12,1,6,4,2,288,dataset\6\Cow_12_2014\f_288_rgb.jpg,dataset\6\Cow_12_2014\f_288_depth.npy,1,,6,172.66897583007812,172.81483459472656,0.5106011033058167,0.9403336015202106,0.8888580987692504,0.967289950620972,0,head_neck_trunk,1.081838070828013,0.045297027949956714,0.8184523809523809,0.01655905693769455,0.05723923444747925,0.38030628680315026,0.8923508840202148,0.0,0.0,1.0,0.0
BCS6__Cow_12_2014,Cow_12_2014,Cow_12,1,6,4,2,290,dataset\6\Cow_12_2014\f_290_rgb.jpg,dataset\6\Cow_12_2014\f_290_depth.npy,1,,7,173.47328186035156,173.43453979492188,0.7078496217727661,0.9444227129729859,0.7448824481028107,0.9652010557007813,1,head_neck_trunk,0.2929817996864159,0.056052736110487444,0.8541666666666666,0.020944921299815178,0.09087944030761719,0.4436168047955914,0.875982984672215,0.0,0.0,1.0,0.0
BCS6__Cow_12_2014,Cow_12_2014,Cow_12,1,6,4,2,292,dataset\6\Cow_12_2014\f_292_rgb.jpg,dataset\6\Cow_12_2014\f_292_depth.npy,1,,5,173.4901885986328,173.7033233642578,1.1668846607208252,0.8484980892480979,0.7687892327896763,0.9211009226681071,1,head_neck_trunk,-0.08526969034844001,0.09001361881908565,0.5892857142857143,0.019546015188097954,0.05904576927423477,0.4251545916723581,0.8322375189336102,0.0,0.0,1.0,0.0
BCS6__Cow_12_2014,Cow_12_2014,Cow_12,1,6,4,2,294,dataset\6\Cow_12_2014\f_294_rgb.jpg,dataset\6\Cow_12_2014\f_294_depth.npy,1,,7,173.91981506347656,173.9086151123047,0.3378388285636902,0.9356935938562679,0.8165855543180018,0.9538270221531904,0,head_neck_trunk,-0.6215385249504521,0.0348212848576992,0.4523809523809524,0.011809015646576881,0.043286263942718506,0.4608917659528595,0.8523434785258652,0.0,0.0,1.0,0.0
BCS6__Cow_12_2014,Cow_12_2014,Cow_12,1,6,4,2,296,dataset\6\Cow_12_2014\f_296_rgb.jpg,dataset\6\Cow_12_2014\f_296_depth.npy,1,,3,175.09487915039062,175.19200134277344,0.23902644217014313,0.8404350594879799,0.7755213232354257,0.8946003761626549,1,head_neck_trunk,-1.1192276784065598,0.05129788268811808,0.36904761904761907,0.0068671549670398235,0.02567271888256073,0.4765237978475145,0.8857443260443527,0.0,0.0,1.0,0.0
BCS6__Cow_12_2014,Cow_12_2014,Cow_12,1,6,4,2,308,dataset\6\Cow_12_2014\f_308_rgb.jpg,dataset\6\Cow_12_2014\f_308_depth.npy,1,,7,174.2325897216797,174.25601196289062,0.3780549168586731,0.9676599175818765,0.8739373510182328,0.9771731935505482,0,entry_or_trunk_with_rump,-2.22039311588847,0.04791180805302986,0.49404761904761907,0.021535424515604973,0.07677298784255981,0.5203937971166228,0.6548390080839359,0.0,0.0,0.0,0.0
BCS6__Cow_12_2014,Cow_12_2014,Cow_12,1,6,4,2,310,dataset\6\Cow_12_2014\f_310_rgb.jpg,dataset\6\Cow_12_2014\f_310_depth.npy,1,,7,173.6742401123047,173.5916748046875,0.5714852213859558,0.9721654506648639,0.9330053352995542,0.9782078292490912,0,entry_or_trunk_with_rump,-1.596116573004963,0.03457368584857079,0.4642857142857143,0.02019723691046238,0.07165785133838654,0.5144973531751048,0.5512392460671718,0.0,0.0,0.0,0.0
BCS6__Cow_12_2014,Cow_12_2014,Cow_12,1,6,4,2,312,dataset\6\Cow_12_2014\f_312_rgb.jpg,dataset\6\Cow_12_2014\f_312_depth.npy,1,,9,173.32884216308594,173.14373779296875,0.6627815961837769,0.9803686479004441,0.9634084767908113,0.98696410565639,0,trunk_head_neck_reversed,-0.8160444434529524,0.025232192167280232,0.4583333333333333,0.021166354417800903,0.06253447383642197,0.5236270778502904,0.522663876213331,0.0,0.0,0.0,1.0
BCS6__Cow_12_2014,Cow_12_2014,Cow_12,1,6,4,2,314,dataset\6\Cow_12_2014\f_314_rgb.jpg,dataset\6\Cow_12_2014\f_314_depth.npy,1,,7,173.5860137939453,173.6209259033203,0.7365776300430298,0.9758079177305823,0.9423097551449597,0.9862677979123184,0,trunk_head_neck_reversed,0.2929320949736791,0.058160642501235316,0.4791666666666667,0.011555208824574947,0.04239201173186302,0.5381818182056561,0.442065841004178,0.0,0.0,0.0,1.0
BCS6__Cow_12_2014,Cow_12_2014,Cow_12,1,6,4,2,315,dataset\6\Cow_12_2014\f_315_rgb.jpg,dataset\6\Cow_12_2014\f_315_depth.npy,1,,7,174.01463317871094,173.8243865966797,0.702897310256958,0.952273025931556,0.9228361379135336,0.966753324857391,0,trunk_head_neck_reversed,0.17806429415648495,0.1493108053919059,0.6101190476190477,0.00902565661817789,0.028725996613502502,0.5409163743161605,0.46574535816253515,0.0,0.0,0.0,1.0
BCS6__Cow_12_2014,Cow_12_2014,Cow_12,1,6,4,2,316,dataset\6\Cow_12_2014\f_316_rgb.jpg,dataset\6\Cow_12_2014\f_316_depth.npy,1,,6,173.6376190185547,173.340576171875,0.7687814831733704,0.932208690578464,0.871259195256417,0.9543656227115912,0,trunk_head_neck_reversed,1.1300510329757714,0.026106004178174658,0.6666666666666666,0.010336346924304962,0.02967456914484501,0.5594475506748592,0.3613110165581262,0.0,0.0,0.0,1.0
BCS6__Cow_12_2014,Cow_12_2014,Cow_12,1,6,4,2,318,dataset\6\Cow_12_2014\f_318_rgb.jpg,dataset\6\Cow_12_2014\f_318_depth.npy,1,,7,173.6047821044922,173.6348419189453,0.41116589307785034,0.9121515812714555,0.776564851619451,0.9438062343656289,1,trunk_head_neck_reversed,1.4057405297999424,0.026462239161176626,0.6607142857142857,0.01143795344978571,0.03294194117188454,0.5778980665316629,0.23977780353284453,0.0,0.0,0.0,1.0
BCS6__Cow_12_2014,Cow_12_2014,Cow_12,1,6,4,2,320,dataset\6\Cow_12_2014\f_320_rgb.jpg,dataset\6\Cow_12_2014\f_320_depth.npy,1,,6,173.12245178222656,173.08302307128906,0.40713128447532654,0.8982176030528695,0.7303018832062429,0.9192649635552378,1,trunk_head_neck_reversed,1.443782291411722,0.02302583079485032,0.6785714285714286,0.011034886352717876,0.03261837363243103,0.6077530308994227,0.15286670195252203,0.0,0.0,0.0,1.0
BCS6__Cow_12_2014,Cow_12_2014,Cow_12,1,6,4,2,322,dataset\6\Cow_12_2014\f_322_rgb.jpg,dataset\6\Cow_12_2014\f_322_depth.npy,1,,3,172.57672119140625,172.79931640625,0.33597561717033386,0.9116288456655322,0.8262368981103684,0.9256852585233639,0,trunk_head_neck_reversed,1.3962376101801368,0.016290250319201505,0.6904761904761905,0.01234041154384613,0.0360955111682415,0.6302374635100749,0.0831708187012812,0.0,0.0,0.0,1.0
BCS6__Cow_12_2014,Cow_12_2014,Cow_12,1,6,4,2,324,dataset\6\Cow_12_2014\f_324_rgb.jpg,dataset\6\Cow_12_2014\f_324_depth.npy,1,,5,172.5929412841797,172.64271545410156,0.4746585786342621,0.8978546636177687,0.8283429972093446,0.9099719078594533,0,trunk_head_neck_reversed,0.6229283571616975,0.042273481167470095,0.7116564417177914,0.011107435449957848,0.03608730062842369,0.6527209172364031,0.06985854854829174,0.0,0.02976190476190476,0.0,1.0
BCS6__Cow_12_2014,Cow_12_2014,Cow_12,1,6,4,2,328,dataset\6\Cow_12_2014\f_328_rgb.jpg,dataset\6\Cow_12_2014\f_328_depth.npy,1,,8,173.42953491210938,173.0642547607422,1.077846884727478,0.9642010472344975,0.6395580519789252,0.9735966440362476,1,trunk_head_neck_reversed,-0.44941752458964856,0.07246760819336373,0.6869009584664537,0.006648487411439419,0.02344665303826332,0.7030110315740535,0.07520692916641165,0.0,0.06845238095238096,0.0,1.0
BCS6__Cow_12_2014,Cow_12_2014,Cow_12,1,6,4,2,330,dataset\6\Cow_12_2014\f_330_rgb.jpg,dataset\6\Cow_12_2014\f_330_depth.npy,1,,7,174.1651153564453,174.0131378173828,1.138941764831543,0.9385691878728982,0.875324885293773,0.9567880654311114,0,trunk_head_neck_reversed,-1.7030542022689446,0.10815951096532217,0.6854304635761589,0.005873554386198521,0.01913481578230858,0.7227459338966086,0.10824394803726531,0.0,0.10119047619047619,0.0,1.0
BCS6__Cow_12_2014,Cow_12_2014,Cow_12,1,6,4,2,332,dataset\6\Cow_12_2014\f_332_rgb.jpg,dataset\6\Cow_12_2014\f_332_depth.npy,1,,3,174.07408142089844,173.93263244628906,0.936641275882721,0.9526000263730567,0.8815564172945002,0.959271111411113,0,trunk_head_neck_reversed,-2.828020919107658,0.18161158335406924,0.6644518272425249,0.004328605253249407,0.015368413180112839,0.7432700992593037,0.10820990946860778,0.0,0.10416666666666667,0.0,1.0
BCS6__Cow_12_2014,Cow_12_2014,Cow_12,1,6,4,2,334,dataset\6\Cow_12_2014\f_334_rgb.jpg,dataset\6\Cow_12_2014\f_334_depth.npy,1,,4,175.27655029296875,175.2073516845703,0.4343225061893463,0.9036829544885797,0.8674788142556923,0.9300202704565148,0,trunk_head_neck_reversed,-3.1985644974278955,0.21449531984677606,0.6421404682274248,0.004437621682882309,0.015428376384079456,0.7487312953871714,0.11015841067676985,0.0,0.11011904761904762,0.0,1.0
BCS6__Cow_12_2014,Cow_12_2014,Cow_12,1,6,4,2,338,dataset\6\Cow_12_2014\f_338_rgb.jpg,dataset\6\Cow_12_2014\f_338_depth.npy,1,,4,175.2115478515625,175.25234985351562,0.30347466468811035,0.903729687500311,0.866841632438701,0.9292549870479051,0,trunk_head_neck_reversed,-5.213635954975004,0.3086572084069985,0.6310344827586207,0.0067988233640789986,0.022807320579886436,0.7092664547099973,0.13482761408288227,0.0,0.13690476190476192,0.0,1.0
BCS6__Cow_12_2014,Cow_12_2014,Cow_12,1,6,4,2,340,dataset\6\Cow_12_2014\f_340_rgb.jpg,dataset\6\Cow_12_2014\f_340_depth.npy,1,,3,174.70228576660156,175.03529357910156,0.47258150577545166,0.9199301975090831,0.857888646396189,0.9266052743794011,0,trunk_head_neck_reversed,-5.768458488215487,0.3104797993011914,0.6219081272084805,0.006604831665754318,0.022487567737698555,0.7051833284210144,0.1354154313257397,0.0,0.15773809523809523,0.0,1.0
BCS6__Cow_12_2014,Cow_12_2014,Cow_12,1,6,4,2,344,dataset\6\Cow_12_2014\f_344_rgb.jpg,dataset\6\Cow_12_2014\f_344_depth.npy,1,,3,174.140869140625,174.2478485107422,0.7602303624153137,0.8827295596343006,0.7535360647326973,0.9169960368524651,1,trunk_head_neck_reversed,-6.185479997126507,0.4051874795509889,0.6148148148148148,0.006037991493940353,0.02153443545103073,0.7056972425051685,0.13458510287092193,0.0,0.19642857142857142,0.0,1.0
BCS6__Cow_12_2014,Cow_12_2014,Cow_12,1,6,4,2,345,dataset\6\Cow_12_2014\f_345_rgb.jpg,dataset\6\Cow_12_2014\f_345_depth.npy,1,,3,174.4196014404297,174.37962341308594,0.6515522003173828,0.8856961594238233,0.7701349806808409,0.9210839738975235,1,trunk_head_neck_reversed,-6.292512318637691,0.4256902076618445,0.6125461254612546,0.00616217777132988,0.024737700819969177,0.702990291424085,0.12958989428295456,0.0,0.19345238095238096,0.0,1.0
BCS6__Cow_12_2014,Cow_12_2014,Cow_12,1,6,4,2,346,dataset\6\Cow_12_2014\f_346_rgb.jpg,dataset\6\Cow_12_2014\f_346_depth.npy,1,,4,174.3007354736328,174.38169860839844,0.25935298204421997,0.8409200733331318,0.82328610380956,0.8481790638656407,0,trunk_head_neck_reversed,-6.728892057360696,0.4767634679139974,0.6098484848484849,0.004603169858455658,0.028329288586974144,0.7038411087518455,0.1259148053720918,0.0,0.21428571428571427,0.0,1.0
BCS6__Cow_12_2014,Cow_12_2014,Cow_12,1,6,4,2,348,dataset\6\Cow_12_2014\f_348_rgb.jpg,dataset\6\Cow_12_2014\f_348_depth.npy,1,,4,174.65994262695312,174.4506072998047,0.445069283246994,0.8231761765559156,0.7684291738686241,0.8758828482027476,2,trunk_head_neck_reversed,-6.903952653232523,0.5504134986009035,0.5992217898832685,0.006422069389373064,0.031082384288311005,0.7006077053654164,0.13471520737044176,0.0,0.23511904761904762,0.0,1.0
BCS6__Cow_12_2014,Cow_12_2014,Cow_12,1,6,4,2,354,dataset\6\Cow_12_2014\f_354_rgb.jpg,dataset\6\Cow_12_2014\f_354_depth.npy,1,,5,172.58724975585938,172.21102905273438,2.1276302337646484,0.9379500485342279,0.7048813983503888,0.9605315434295194,1,trunk_head_neck_reversed,-7.418562922491489,0.7953406605865609,0.6694915254237288,0.016074618324637413,0.04581383243203163,0.6447021672218862,0.16263885668559963,0.0,0.2976190476190476,0.0,1.0
BCS6__Cow_12_2014,Cow_12_2014,Cow_12,1,6,4,2,356,dataset\6\Cow_12_2014\f_356_rgb.jpg,dataset\6\Cow_12_2014\f_356_depth.npy,1,,6,171.40472412109375,170.60594177246094,1.704647183418274,0.9634590930209632,0.9274888405355329,0.9757317368898425,0,trunk_head_neck_reversed,-7.090702935210899,0.8131754920636354,0.6508620689655172,0.017794808372855186,0.05471357703208923,0.6362993746090371,0.11468142489732543,0.0,0.30952380952380953,0.0,1.0
BCS6__Cow_12_2014,Cow_12_2014,Cow_12,1,6,4,2,358,dataset\6\Cow_12_2014\f_358_rgb.jpg,dataset\6\Cow_12_2014\f_358_depth.npy,1,,7,169.78648376464844,168.8299560546875,2.2873806953430176,0.9738791859826561,0.9455968613485197,0.9787641770499022,0,trunk_head_neck_reversed,-7.041211641537473,0.9762372078037345,0.6278026905829597,0.01581086777150631,0.04592046141624451,0.6137360554179218,0.14597690200684882,0.0,0.33630952380952384,0.0,1.0
BCS6__Cow_12_2014,Cow_12_2014,Cow_12,1,6,4,2,360,dataset\6\Cow_12_2014\f_360_rgb.jpg,dataset\6\Cow_12_2014\f_360_depth.npy,1,,9,168.5641326904297,168.22930908203125,2.0911874771118164,0.9750087599440014,0.9537323790096539,0.982089473365684,0,trunk_head_neck_reversed,-6.386533218420226,0.9630529408353539,0.6435185185185185,0.016449127346277237,0.046159714460372925,0.6302447331416161,0.14114781117469835,0.0,0.35714285714285715,0.0,1.0
BCS6__Cow_13_66,Cow_13_66,Cow_13,1,6,4,2,225,dataset\6\Cow_13_66\f_225_rgb.jpg,dataset\6\Cow_13_66\f_225_depth.npy,1,,8,169.21041870117188,166.9447021484375,4.948423862457275,0.9773687636905704,0.6533994951987867,0.9837886655496624,2,head_neck_trunk,6.686040894557792,0.32236276870196434,0.8041666666666667,0.029789945110678673,0.09511206299066544,0.20078873675522826,0.8480727461380942,0.2857142857142857,0.0,1.0,0.0
BCS6__Cow_13_66,Cow_13_66,Cow_13,1,6,4,2,226,dataset\6\Cow_13_66\f_226_rgb.jpg,dataset\6\Cow_13_66\f_226_depth.npy,1,,9,171.4412384033203,171.95213317871094,1.7347586154937744,0.9786240655169487,0.7199478373424608,0.9838500131118547,1,head_neck_trunk,6.747425345642341,0.2574081950869527,0.72,0.01817980222404003,0.07575765252113342,0.1919379591698197,0.8211854908388967,0.25595238095238093,0.0,1.0,0.0
BCS6__Cow_13_66,Cow_13_66,Cow_13,1,6,4,2,227,dataset\6\Cow_13_66\f_227_rgb.jpg,dataset\6\Cow_13_66\f_227_depth.npy,1,,9,171.4412384033203,171.95213317871094,1.7347586154937744,0.9786240655169487,0.7199478373424608,0.9838500131118547,1,head_neck_trunk,6.747425345642341,0.2574081950869527,0.72,0.01817980222404003,0.07575765252113342,0.1919379591698197,0.8211854908388967,0.25595238095238093,0.0,1.0,0.0
BCS6__Cow_13_66,Cow_13_66,Cow_13,1,6,4,2,228,dataset\6\Cow_13_66\f_228_rgb.jpg,dataset\6\Cow_13_66\f_228_depth.npy,1,,9,173.14076232910156,173.16751098632812,1.1709017753601074,0.9282315696743156,0.6293868848173978,0.9473149499349336,1,head_neck_trunk,5.3613819901146655,0.26862318797569174,0.4307692307692308,0.02537526935338974,0.07054411619901657,0.20828178900823757,0.8372988618304879,0.2261904761904762,0.0,1.0,0.0
BCS6__Cow_13_66,Cow_13_66,Cow_13,1,6,4,2,229,dataset\6\Cow_13_66\f_229_rgb.jpg,dataset\6\Cow_13_66\f_229_depth.npy,1,,9,173.14076232910156,173.16751098632812,1.1709017753601074,0.9282315696743156,0.6293868848173978,0.9473149499349336,1,head_neck_trunk,5.3613819901146655,0.26862318797569174,0.4307692307692308,0.02537526935338974,0.07054411619901657,0.20828178900823757,0.8372988618304879,0.2261904761904762,0.0,1.0,0.0
BCS6__Cow_13_66,Cow_13_66,Cow_13,1,6,4,2,256,dataset\6\Cow_13_66\f_256_rgb.jpg,dataset\6\Cow_13_66\f_256_depth.npy,1,,3,171.95509338378906,171.70933532714844,0.6774668097496033,0.7578373945928806,0.7565023849959359,0.8777697202561017,2,trunk_head_neck_reversed,2.072302999871141,0.04990981321357424,0.35766423357664234,0.0395217090845108,0.11584221571683884,0.5832020592995378,0.22941224606204602,0.0,0.18452380952380953,0.0,1.0
BCS6__Cow_13_66,Cow_13_66,Cow_13,1,6,4,2,257,dataset\6\Cow_13_66\f_257_rgb.jpg,dataset\6\Cow_13_66\f_257_depth.npy,1,,3,171.95509338378906,171.70933532714844,0.6774668097496033,0.7578373945928806,0.7565023849959359,0.8777697202561017,2,trunk_head_neck_reversed,2.072302999871141,0.04990981321357424,0.35766423357664234,0.0395217090845108,0.11584221571683884,0.5832020592995378,0.22941224606204602,0.0,0.18452380952380953,0.0,1.0
BCS6__Cow_13_66,Cow_13_66,Cow_13,1,6,4,2,258,dataset\6\Cow_13_66\f_258_rgb.jpg,dataset\6\Cow_13_66\f_258_depth.npy,1,,8,172.59634399414062,172.38229370117188,0.9877704977989197,0.9005993674699142,0.5487944374588187,0.9455033387623679,2,trunk_head_neck_reversed,1.7630342037710136,0.04785092540346625,0.4666666666666667,0.01290498860180378,0.04679236188530922,0.5694692278049983,0.1785702735563491,0.0,0.19642857142857142,0.0,1.0
BCS6__Cow_13_66,Cow_13_66,Cow_13,1,6,4,2,259,dataset\6\Cow_13_66\f_259_rgb.jpg,dataset\6\Cow_13_66\f_259_depth.npy,1,,8,172.59634399414062,172.38229370117188,0.9877704977989197,0.9005993674699142,0.5487944374588187,0.9455033387623679,2,trunk_head_neck_reversed,1.7630342037710136,0.04785092540346625,0.4666666666666667,0.01290498860180378,0.04679236188530922,0.5694692278049983,0.1785702735563491,0.0,0.19642857142857142,0.0,1.0
BCS6__Cow_13_66,Cow_13_66,Cow_13,1,6,4,2,260,dataset\6\Cow_13_66\f_260_rgb.jpg,dataset\6\Cow_13_66\f_260_depth.npy,1,,7,172.4545135498047,169.4349822998047,7.296146392822266,0.8032116643200063,0.0980531863909595,0.8806508783427669,3,trunk_head_neck_reversed,0.40474587831955944,0.04030133328498664,0.5369649805447471,0.016517410054802895,0.05796757712960243,0.6123389947180382,0.19313561028566614,0.0,0.23511904761904762,0.0,1.0
BCS6__Cow_13_66,Cow_13_66,Cow_13,1,6,4,2,261,dataset\6\Cow_13_66\f_261_rgb.jpg,dataset\6\Cow_13_66\f_261_depth.npy,1,,7,172.4545135498047,169.4349822998047,7.296146392822266,0.8032116643200063,0.0980531863909595,0.8806508783427669,3,trunk_head_neck_reversed,0.40474587831955944,0.04030133328498664,0.5369649805447471,0.016517410054802895,0.05796757712960243,0.6123389947180382,0.19313561028566614,0.0,0.23511904761904762,0.0,1.0
BCS6__Cow_13_66,Cow_13_66,Cow_13,1,6,4,2,262,dataset\6\Cow_13_66\f_262_rgb.jpg,dataset\6\Cow_13_66\f_262_depth.npy,1,,7,169.32200622558594,166.60452270507812,5.218801498413086,0.8754807691365182,0.020448557719761284,0.9072382646445929,3,trunk_head_neck_reversed,-0.13015000744469774,0.12535562168186232,0.5346938775510204,0.01804140955209732,0.06289077550172806,0.6356329571767357,0.1801665255546343,0.0,0.2708333333333333,0.0,1.0
BCS6__Cow_13_66,Cow_13_66,Cow_13,1,6,4,2,263,dataset\6\Cow_13_66\f_263_rgb.jpg,dataset\6\Cow_13_66\f_263_depth.npy,1,,7,169.32200622558594,166.60452270507812,5.218801498413086,0.8754807691365182,0.020448557719761284,0.9072382646445929,3,trunk_head_neck_reversed,-0.13015000744469774,0.12535562168186232,0.5346938775510204,0.01804140955209732,0.06289077550172806,0.6356329571767357,0.1801665255546343,0.0,0.2708333333333333,0.0,1.0
BCS6__Cow_13_66,Cow_13_66,Cow_13,1,6,4,2,264,dataset\6\Cow_13_66\f_264_rgb.jpg,dataset\6\Cow_13_66\f_264_depth.npy,1,,5,169.4510955810547,161.56922912597656,11.897073745727539,0.28208614353406214,0.06785096480756048,0.6293397541160239,4,trunk_head_neck_reversed,-1.768058706039966,0.032057726910153406,0.5064377682403434,0.00887195486575365,0.02618054673075676,0.6226223689948411,0.15514801525070912,0.0,0.30654761904761907,0.0,1.0
BCS6__Cow_13_66,Cow_13_66,Cow_13,1,6,4,2,265,dataset\6\Cow_13_66\f_265_rgb.jpg,dataset\6\Cow_13_66\f_265_depth.npy,1,,5,169.4510955810547,161.56922912597656,11.897073745727539,0.28208614353406214,0.06785096480756048,0.6293397541160239,4,trunk_head_neck_reversed,-1.768058706039966,0.032057726910153406,0.5064377682403434,0.00887195486575365,0.02618054673075676,0.6226223689948411,0.15514801525070912,0.0,0.30654761904761907,0.0,1.0
BCS6__Cow_13_66,Cow_13_66,Cow_13,1,6,4,2,266,dataset\6\Cow_13_66\f_266_rgb.jpg,dataset\6\Cow_13_66\f_266_depth.npy,1,,6,167.96334838867188,167.90081787109375,0.8004629015922546,0.9147315488001431,0.8386499700727805,0.9524083843107949,0,trunk_head_neck_reversed,-2.716295686636144,0.28879801867458355,0.36036036036036034,0.011680941097438335,0.03570220246911049,0.6142526806424993,0.13578420660155704,0.0,0.3392857142857143,0.0,1.0
BCS6__Cow_13_66,Cow_13_66,Cow_13,1,6,4,2,267,dataset\6\Cow_13_66\f_267_rgb.jpg,dataset\6\Cow_13_66\f_267_depth.npy,1,,6,167.96334838867188,167.90081787109375,0.8004629015922546,0.9147315488001431,0.8386499700727805,0.9524083843107949,0,trunk_head_neck_reversed,-2.716295686636144,0.28879801867458355,0.36036036036036034,0.011680941097438335,0.03570220246911049,0.6142526806424993,0.13578420660155704,0.0,0.3392857142857143,0.0,1.0
BCS6__Cow_13_66,Cow_13_66,Cow_13,1,6,4,2,268,dataset\6\Cow_13_66\f_268_rgb.jpg,dataset\6\Cow_13_66\f_268_depth.npy,1,,6,169.00123596191406,169.13385009765625,0.48415061831474304,0.9535293630082746,0.9137985306525866,0.9610828648685407,0,trunk_head_neck_reversed,-2.0544238494024682,0.27494319832992176,0.5073170731707317,0.007708131335675716,0.02743828296661377,0.6236332755597259,0.1300354326387274,0.0,0.3898809523809524,0.0,1.0
BCS6__Cow_13_66,Cow_13_66,Cow_13,1,6,4,2,269,dataset\6\Cow_13_66\f_269_rgb.jpg,dataset\6\Cow_13_66\f_269_depth.npy,1,,6,169.00123596191406,169.13385009765625,0.48415061831474304,0.9535293630082746,0.9137985306525866,0.9610828648685407,0,trunk_head_neck_reversed,-2.0544238494024682,0.27494319832992176,0.5073170731707317,0.007708131335675716,0.02743828296661377,0.6236332755597259,0.1300354326387274,0.0,0.3898809523809524,0.0,1.0
BCS6__Cow_13_66,Cow_13_66,Cow_13,1,6,4,2,270,dataset\6\Cow_13_66\f_270_rgb.jpg,dataset\6\Cow_13_66\f_270_depth.npy,1,,4,167.83724975585938,167.59518432617188,1.4864858388900757,0.9759406225457405,0.9157017776985552,0.979409081986476,0,trunk_head_neck_reversed,-2.3404143472668295,0.45602185521094896,0.48704663212435234,0.011545867659151554,0.04901014268398285,0.5969917757519482,0.13169656317496564,0.0,0.4255952380952381,0.0,1.0
BCS6__Cow_16_06,Cow_16_06,Cow_16,0,6,4,2,195,dataset\6\Cow_16_06\f_195_rgb.jpg,dataset\6\Cow_16_06\f_195_depth.npy,1,,9,168.40289306640625,168.40859985351562,1.355617642402649,0.949872153574503,0.8517944879009762,0.9729915040158179,0,head_neck_trunk,11.093436577807964,0.025111237985996127,0.648936170212766,0.014278585091233253,0.039961934089660645,0.14049516142714583,0.6376658440608802,0.44047619047619047,0.0,1.0,0.0
BCS6__Cow_16_06,Cow_16_06,Cow_16,0,6,4,2,196,dataset\6\Cow_16_06\f_196_rgb.jpg,dataset\6\Cow_16_06\f_196_depth.npy,1,,7,169.6563720703125,169.59829711914062,0.537411630153656,0.9319622644793932,0.8994968046732101,0.9639859866807621,0,head_neck_trunk,10.801557926303985,0.10948814756113734,0.6979166666666666,0.006259777117520571,0.027545087039470673,0.26296505561078826,0.635651168214116,0.42857142857142855,0.0,1.0,0.0
BCS6__Cow_16_06,Cow_16_06,Cow_16,0,6,4,2,197,dataset\6\Cow_16_06\f_197_rgb.jpg,dataset\6\Cow_16_06\f_197_depth.npy,1,,7,169.6563720703125,169.59829711914062,0.537411630153656,0.9319622644793932,0.8994968046732101,0.9639859866807621,0,head_neck_trunk,10.801557926303985,0.10948814756113734,0.6979166666666666,0.006259777117520571,0.027545087039470673,0.26296505561078826,0.635651168214116,0.42857142857142855,0.0,1.0,0.0
BCS6__Cow_16_06,Cow_16_06,Cow_16,0,6,4,2,198,dataset\6\Cow_16_06\f_198_rgb.jpg,dataset\6\Cow_16_06\f_198_depth.npy,1,,9,169.59750366210938,169.29380798339844,1.477994680404663,0.9562077037802922,0.8574237347691716,0.9664111626146946,0,head_neck_trunk,10.232551065300498,0.0641691384946057,0.6818181818181818,0.02039288356900215,0.07076041400432587,0.21143132973851309,0.6708059007976666,0.4107142857142857,0.0,1.0,0.0
BCS6__Cow_16_06,Cow_16_06,Cow_16,0,6,4,2,199,dataset\6\Cow_16_06\f_199_rgb.jpg,dataset\6\Cow_16_06\f_199_depth.npy,1,,9,169.59750366210938,169.29380798339844,1.477994680404663,0.9562077037802922,0.8574237347691716,0.9664111626146946,0,head_neck_trunk,10.232551065300498,0.0641691384946057,0.6818181818181818,0.02039288356900215,0.07076041400432587,0.21143132973851309,0.6708059007976666,0.4107142857142857,0.0,1.0,0.0
BCS6__Cow_16_06,Cow_16_06,Cow_16,0,6,4,2,200,dataset\6\Cow_16_06\f_200_rgb.jpg,dataset\6\Cow_16_06\f_200_depth.npy,1,,7,170.98707580566406,170.96548461914062,1.740362524986267,0.9380550783777544,0.00011030313365589794,0.9519567099565793,1,head_neck_trunk,9.838301797983263,0.07988047468204229,0.6682692307692307,0.012953735888004303,0.05151049420237541,0.20580198183729612,0.7255350252321918,0.38095238095238093,0.0,1.0,0.0
BCS6__Cow_16_06,Cow_16_06,Cow_16,0,6,4,2,201,dataset\6\Cow_16_06\f_201_rgb.jpg,dataset\6\Cow_16_06\f_201_depth.npy,1,,7,170.98707580566406,170.96548461914062,1.740362524986267,0.9380550783777544,0.00011030313365589794,0.9519567099565793,1,head_neck_trunk,9.838301797983263,0.07988047468204229,0.6682692307692307,0.012953735888004303,0.05151049420237541,0.20580198183729612,0.7255350252321918,0.38095238095238093,0.0,1.0,0.0
BCS6__Cow_16_06,Cow_16_06,Cow_16,0,6,4,2,202,dataset\6\Cow_16_06\f_202_rgb.jpg,dataset\6\Cow_16_06\f_202_depth.npy,1,,5,172.1095428466797,172.02284240722656,1.0711443424224854,0.905541008786009,0.8498003319014696,0.9275212628958664,0,head_neck_trunk,9.442247992602105,0.2160027710320236,0.4460093896713615,0.019047968089580536,0.0706678181886673,0.17104011798185553,0.7533722006253954,0.36607142857142855,0.0,1.0,0.0
BCS6__Cow_16_06,Cow_16_06,Cow_16,0,6,4,2,203,dataset\6\Cow_16_06\f_203_rgb.jpg,dataset\6\Cow_16_06\f_203_depth.npy,1,,5,172.1095428466797,172.02284240722656,1.0711443424224854,0.905541008786009,0.8498003319014696,0.9275212628958664,0,head_neck_trunk,9.442247992602105,0.2160027710320236,0.4460093896713615,0.019047968089580536,0.0706678181886673,0.17104011798185553,0.7533722006253954,0.36607142857142855,0.0,1.0,0.0
BCS6__Cow_16_06,Cow_16_06,Cow_16,0,6,4,2,204,dataset\6\Cow_16_06\f_204_rgb.jpg,dataset\6\Cow_16_06\f_204_depth.npy,1,,6,174.5369873046875,174.4974365234375,0.827488362789154,0.7174576710894015,0.6424764246741177,0.8304564359321414,4,head_neck_trunk,9.60796532586295,0.4283893726026946,0.37735849056603776,0.01722797378897667,0.05542689189314842,0.20982573510474964,0.7857450464331959,0.36904761904761907,0.0,1.0,0.0
BCS6__Cow_16_06,Cow_16_06,Cow_16,0,6,4,2,205,dataset\6\Cow_16_06\f_205_rgb.jpg,dataset\6\Cow_16_06\f_205_depth.npy,1,,6,174.5369873046875,174.4974365234375,0.827488362789154,0.7174576710894015,0.6424764246741177,0.8304564359321414,4,head_neck_trunk,9.60796532586295,0.4283893726026946,0.37735849056603776,0.01722797378897667,0.05542689189314842,0.20982573510474964,0.7857450464331959,0.36904761904761907,0.0,1.0,0.0
BCS6__Cow_16_06,Cow_16_06,Cow_16,0,6,4,2,206,dataset\6\Cow_16_06\f_206_rgb.jpg,dataset\6\Cow_16_06\f_206_depth.npy,1,,3,173.09356689453125,172.6712646484375,0.9626224637031555,0.9464614872972532,0.9088821981771593,0.9655928956870792,0,head_neck_trunk,9.53744342784961,0.3717465814913794,0.4608294930875576,0.029658352956175804,0.1087881401181221,0.18787816055388745,0.7855077415063663,0.3541666666666667,0.0,1.0,0.0
BCS6__Cow_16_06,Cow_16_06,Cow_16,0,6,4,2,207,dataset\6\Cow_16_06\f_207_rgb.jpg,dataset\6\Cow_16_06\f_207_depth.npy,1,,3,173.09356689453125,172.6712646484375,0.9626224637031555,0.9464614872972532,0.9088821981771593,0.9655928956870792,0,head_neck_trunk,9.53744342784961,0.3717465814913794,0.4608294930875576,0.029658352956175804,0.1087881401181221,0.18787816055388745,0.7855077415063663,0.3541666666666667,0.0,1.0,0.0
BCS6__Cow_16_06,Cow_16_06,Cow_16,0,6,4,2,212,dataset\6\Cow_16_06\f_212_rgb.jpg,dataset\6\Cow_16_06\f_212_depth.npy,1,,7,175.2849884033203,175.1073455810547,1.246771216392517,0.8311001927711783,0.004308901796227449,0.9008734503769935,3,head_neck_trunk,9.00920380099241,0.2175618570600335,0.23868312757201646,0.019068269059062004,0.050248436629772186,0.15463085553916855,0.768830632275447,0.2767857142857143,0.0,1.0,0.0
BCS6__Cow_16_06,Cow_16_06,Cow_16,0,6,4,2,213,dataset\6\Cow_16_06\f_213_rgb.jpg,dataset\6\Cow_16_06\f_213_depth.npy,1,,7,175.2849884033203,175.1073455810547,1.246771216392517,0.8311001927711783,0.004308901796227449,0.9008734503769935,3,head_neck_trunk,9.00920380099241,0.2175618570600335,0.23868312757201646,0.019068269059062004,0.050248436629772186,0.15463085553916855,0.768830632275447,0.2767857142857143,0.0,1.0,0.0
BCS6__Cow_16_06,Cow_16_06,Cow_16,0,6,4,2,214,dataset\6\Cow_16_06\f_214_rgb.jpg,dataset\6\Cow_16_06\f_214_depth.npy,1,,7,174.455322265625,174.29344177246094,1.4476301670074463,0.4842551823855271,0.0626378370839461,0.7361367176431344,4,head_neck_trunk,8.69835933906782,0.044885120395079525,0.25806451612903225,0.016126150265336037,0.04589447006583214,0.15725606630910233,0.7206218913441862,0.2619047619047619,0.0,1.0,0.0
BCS6__Cow_16_06,Cow_16_06,Cow_16,0,6,4,2,215,dataset\6\Cow_16_06\f_215_rgb.jpg,dataset\6\Cow_16_06\f_215_depth.npy,1,,7,174.455322265625,174.29344177246094,1.4476301670074463,0.4842551823855271,0.0626378370839461,0.7361367176431344,4,head_neck_trunk,8.69835933906782,0.044885120395079525,0.25806451612903225,0.016126150265336037,0.04589447006583214,0.15725606630910233,0.7206218913441862,0.2619047619047619,0.0,1.0,0.0
BCS6__Cow_16_06,Cow_16_06,Cow_16,0,6,4,2,216,dataset\6\Cow_16_06\f_216_rgb.jpg,dataset\6\Cow_16_06\f_216_depth.npy,1,,6,172.9491424560547,172.9333953857422,1.0582518577575684,0.5820766028444675,0.14672094802586888,0.7754349983772252,4,head_neck_trunk,8.356337356404183,0.03761690993026434,0.23552123552123552,0.006901601329445839,0.022669414058327675,0.1834411535987168,0.6573697096179437,0.22916666666666666,0.0,1.0,0.0
BCS6__Cow_16_06,Cow_16_06,Cow_16,0,6,4,2,217,dataset\6\Cow_16_06\f_217_rgb.jpg,dataset\6\Cow_16_06\f_217_depth.npy,1,,6,172.9491424560547,172.9333953857422,1.0582518577575684,0.5820766028444675,0.14672094802586888,0.7754349983772252,4,head_neck_trunk,8.356337356404183,0.03761690993026434,0.23552123552123552,0.006901601329445839,0.022669414058327675,0.1834411535987168,0.6573697096179437,0.22916666666666666,0.0,1.0,0.0
BCS6__Cow_16_06,Cow_16_06,Cow_16,0,6,4,2,218,dataset\6\Cow_16_06\f_218_rgb.jpg,dataset\6\Cow_16_06\f_218_depth.npy,1,,4,173.57821655273438,173.65357971191406,1.3306738138198853,0.8428956057314764,0.7108200284821082,0.9092795858875153,1,head_neck_trunk,8.353369137777648,0.009040535424972518,0.23507462686567165,0.018731774762272835,0.06961069256067276,0.15789060743610575,0.5831754091972864,0.20238095238095238,0.0,1.0,0.0
BCS6__Cow_16_06,Cow_16_06,Cow_16,0,6,4,2,219,dataset\6\Cow_16_06\f_219_rgb.jpg,dataset\6\Cow_16_06\f_219_depth.npy,1,,4,173.57821655273438,173.65357971191406,1.3306738138198853,0.8428956057314764,0.7108200284821082,0.9092795858875153,1,head_neck_trunk,8.353369137777648,0.009040535424972518,0.23507462686567165,0.018731774762272835,0.06961069256067276,0.15789060743610575,0.5831754091972864,0.20238095238095238,0.0,1.0,0.0
BCS6__Cow_16_06,Cow_16_06,Cow_16,0,6,4,2,222,dataset\6\Cow_16_06\f_222_rgb.jpg,dataset\6\Cow_16_06\f_222_depth.npy,1,,8,172.14398193359375,171.70993041992188,2.0024843215942383,0.9703406635457259,0.9250057396319955,0.977081206597182,0,head_neck_trunk,7.90445428636815,0.034764461819605685,0.3460207612456747,0.03583873063325882,0.11594335734844208,0.23316911265606374,0.6053926266033467,0.13988095238095238,0.0,1.0,0.0
BCS6__Cow_16_06,Cow_16_06,Cow_16,0,6,4,2,223,dataset\6\Cow_16_06\f_223_rgb.jpg,dataset\6\Cow_16_06\f_223_depth.npy,1,,8,172.14398193359375,171.70993041992188,2.0024843215942383,0.9703406635457259,0.9250057396319955,0.977081206597182,0,head_neck_trunk,7.90445428636815,0.034764461819605685,0.3460207612456747,0.03583873063325882,0.11594335734844208,0.23316911265606374,0.6053926266033467,0.13988095238095238,0.0,1.0,0.0
BCS6__Cow_16_06,Cow_16_06,Cow_16,0,6,4,2,224,dataset\6\Cow_16_06\f_224_rgb.jpg,dataset\6\Cow_16_06\f_224_depth.npy,1,,5,173.3367919921875,173.38272094726562,0.4712517559528351,0.9344460099574832,0.9040457722032849,0.9598261792550946,0,trunk_dominant,7.482216328206718,0.01920986270133085,0.25333333333333335,0.01984962448477745,0.053131103515625,0.24300959555170576,0.4697522702770664,0.10714285714285714,0.0,1.0,1.0
BCS6__Cow_16_06,Cow_16_06,Cow_16,0,6,4,2,225,dataset\6\Cow_16_06\f_225_rgb.jpg,dataset\6\Cow_16_06\f_225_depth.npy,1,,5,173.3367919921875,173.38272094726562,0.4712517559528351,0.9344460099574832,0.9040457722032849,0.9598261792550946,0,trunk_dominant,7.482216328206718,0.01920986270133085,0.25333333333333335,0.01984962448477745,0.053131103515625,0.24300959555170576,0.4697522702770664,0.10714285714285714,0.0,1.0,1.0
BCS6__Cow_16_06,Cow_16_06,Cow_16,0,6,4,2,228,dataset\6\Cow_16_06\f_228_rgb.jpg,dataset\6\Cow_16_06\f_228_depth.npy,1,,5,173.2477264404297,173.54623413085938,0.5963732004165649,0.970037989227727,0.9565332039253037,0.9820250598619559,0,trunk_dominant,6.4928809233042415,0.014337282773141169,0.23824451410658307,0.022802332416176796,0.08529739826917648,0.2702640819385611,0.4474304545246828,0.050595238095238096,0.0,1.0,1.0
BCS6__Cow_16_06,Cow_16_06,Cow_16,0,6,4,2,229,dataset\6\Cow_16_06\f_229_rgb.jpg,dataset\6\Cow_16_06\f_229_depth.npy,1,,5,173.2477264404297,173.54623413085938,0.5963732004165649,0.970037989227727,0.9565332039253037,0.9820250598619559,0,trunk_dominant,6.4928809233042415,0.014337282773141169,0.23824451410658307,0.022802332416176796,0.08529739826917648,0.2702640819385611,0.4474304545246828,0.050595238095238096,0.0,1.0,1.0
BCS6__Cow_16_06,Cow_16_06,Cow_16,0,6,4,2,232,dataset\6\Cow_16_06\f_232_rgb.jpg,dataset\6\Cow_16_06\f_232_depth.npy,1,,7,171.9405517578125,171.2466583251953,3.0921432971954346,0.9846770795587593,0.9765195667098098,0.986004850330521,0,trunk_dominant,6.4927682305313965,0.010790534293633414,0.25892857142857145,0.021313786506652832,0.08173003047704697,0.318257904670814,0.4119936678995397,0.0,0.0,1.0,1.0
BCS6__Cow_16_06,Cow_16_06,Cow_16,0,6,4,2,233,dataset\6\Cow_16_06\f_233_rgb.jpg,dataset\6\Cow_16_06\f_233_depth.npy,1,,7,171.9405517578125,171.2466583251953,3.0921432971954346,0.9846770795587593,0.9765195667098098,0.986004850330521,0,trunk_dominant,6.4927682305313965,0.010790534293633414,0.25892857142857145,0.021313786506652832,0.08173003047704697,0.318257904670814,0.4119936678995397,0.0,0.0,1.0,1.0
BCS6__Cow_16_06,Cow_16_06,Cow_16,0,6,4,2,236,dataset\6\Cow_16_06\f_236_rgb.jpg,dataset\6\Cow_16_06\f_236_depth.npy,1,,8,172.30804443359375,172.4014434814453,1.4426709413528442,0.9837565250419835,0.9320320254934285,0.9864597546425484,0,trunk_head_neck_reversed,6.454125615354485,0.03741483268892409,0.22796352583586627,0.03757009282708168,0.12404210865497589,0.45002407881657586,0.2922808499009801,0.0,0.020833333333333332,0.0,1.0
BCS6__Cow_16_06,Cow_16_06,Cow_16,0,6,4,2,237,dataset\6\Cow_16_06\f_237_rgb.jpg,dataset\6\Cow_16_06\f_237_depth.npy,1,,8,172.30804443359375,172.4014434814453,1.4426709413528442,0.9837565250419835,0.9320320254934285,0.9864597546425484,0,trunk_head_neck_reversed,6.454125615354485,0.03741483268892409,0.22796352583586627,0.03757009282708168,0.12404210865497589,0.45002407881657586,0.2922808499009801,0.0,0.020833333333333332,0.0,1.0
BCS6__Cow_16_06,Cow_16_06,Cow_16,0,6,4,2,240,dataset\6\Cow_16_06\f_240_rgb.jpg,dataset\6\Cow_16_06\f_240_depth.npy,1,,8,173.87062072753906,172.76971435546875,2.1368770599365234,0.9766958607857078,0.8655538419056314,0.9833230886616359,0,trunk_head_neck_reversed,6.197567134480167,0.00597580311793422,0.25161290322580643,0.03020852990448475,0.08413191884756088,0.40497495519156607,0.3117652644321335,0.0,0.07738095238095238,0.0,1.0
BCS6__Cow_16_06,Cow_16_06,Cow_16,0,6,4,2,241,dataset\6\Cow_16_06\f_241_rgb.jpg,dataset\6\Cow_16_06\f_241_depth.npy,1,,8,173.87062072753906,172.76971435546875,2.1368770599365234,0.9766958607857078,0.8655538419056314,0.9833230886616359,0,trunk_head_neck_reversed,6.197567134480167,0.00597580311793422,0.25161290322580643,0.03020852990448475,0.08413191884756088,0.40497495519156607,0.3117652644321335,0.0,0.07738095238095238,0.0,1.0
BCS6__Cow_16_06,Cow_16_06,Cow_16,0,6,4,2,242,dataset\6\Cow_16_06\f_242_rgb.jpg,dataset\6\Cow_16_06\f_242_depth.npy,1,,9,172.1753387451172,171.944091796875,1.9339406490325928,0.9574642982771512,0.8436405053029923,0.962131438470184,0,trunk_head_neck_reversed,6.655345001417473,0.02474217763118247,0.24918032786885247,0.014126835390925407,0.0607505701482296,0.2957116566488373,0.23002742283862498,0.0,0.09226190476190477,0.0,1.0
BCS6__Cow_16_06,Cow_16_06,Cow_16,0,6,4,2,243,dataset\6\Cow_16_06\f_243_rgb.jpg,dataset\6\Cow_16_06\f_243_depth.npy,1,,9,172.1753387451172,171.944091796875,1.9339406490325928,0.9574642982771512,0.8436405053029923,0.962131438470184,0,trunk_head_neck_reversed,6.655345001417473,0.02474217763118247,0.24918032786885247,0.014126835390925407,0.0607505701482296,0.2957116566488373,0.23002742283862498,0.0,0.09226190476190477,0.0,1.0
BCS6__Cow_16_06,Cow_16_06,Cow_16,0,6,4,2,244,dataset\6\Cow_16_06\f_244_rgb.jpg,dataset\6\Cow_16_06\f_244_depth.npy,1,,8,171.6154327392578,170.77780151367188,1.8606451749801636,0.9746157948707808,0.9255786476942839,0.9821706070386097,0,trunk_head_neck_reversed,6.768709386539285,0.03282269279753791,0.24829931972789115,0.008975088596343994,0.0359250046312809,0.22663427642331896,0.24060005643103333,0.0,0.125,0.0,1.0
BCS6__Cow_16_06,Cow_16_06,Cow_16,0,6,4,2,245,dataset\6\Cow_16_06\f_245_rgb.jpg,dataset\6\Cow_16_06\f_245_depth.npy,1,,8,171.6154327392578,170.77780151367188,1.8606451749801636,0.9746157948707808,0.9255786476942839,0.9821706070386097,0,trunk_head_neck_reversed,6.768709386539285,0.03282269279753791,0.24829931972789115,0.008975088596343994,0.0359250046312809,0.22663427642331896,0.24060005643103333,0.0,0.125,0.0,1.0
BCS6__Cow_16_06,Cow_16_06,Cow_16,0,6,4,2,246,dataset\6\Cow_16_06\f_246_rgb.jpg,dataset\6\Cow_16_06\f_246_depth.npy,1,,9,169.34214782714844,169.3501739501953,3.2227349281311035,0.9689278362884081,0.8605760585230211,0.9781739497645405,0,trunk_head_neck_reversed,6.141227935717922,0.001954114741039348,0.3157894736842105,0.017891865223646164,0.05242546275258064,0.3177798380430153,0.24887977950726245,0.0,0.15178571428571427,0.0,1.0
BCS6__Cow_16_06,Cow_16_06,Cow_16,0,6,4,2,247,dataset\6\Cow_16_06\f_247_rgb.jpg,dataset\6\Cow_16_06\f_247_depth.npy,1,,9,169.34214782714844,169.3501739501953,3.2227349281311035,0.9689278362884081,0.8605760585230211,0.9781739497645405,0,trunk_head_neck_reversed,6.141227935717922,0.001954114741039348,0.3157894736842105,0.017891865223646164,0.05242546275258064,0.3177798380430153,0.24887977950726245,0.0,0.15178571428571427,0.0,1.0
BCS6__Cow_16_06,Cow_16_06,Cow_16,0,6,4,2,248,dataset\6\Cow_16_06\f_248_rgb.jpg,dataset\6\Cow_16_06\f_248_depth.npy,1,,9,172.0420379638672,172.171875,1.8607984781265259,0.8935633733972339,0.6368951963693685,0.9373483823694782,1,trunk_head_neck_reversed,6.4462304257554734,0.08096754383603866,0.3188405797101449,0.01467844657599926,0.051530368626117706,0.31535370852104944,0.23222827002363208,0.0,0.17857142857142858,0.0,1.0
BCS6__Cow_16_06,Cow_16_06,Cow_16,0,6,4,2,249,dataset\6\Cow_16_06\f_249_rgb.jpg,dataset\6\Cow_16_06\f_249_depth.npy,1,,9,172.0420379638672,172.171875,1.8607984781265259,0.8935633733972339,0.6368951963693685,0.9373483823694782,1,trunk_head_neck_reversed,6.4462304257554734,0.08096754383603866,0.3188405797101449,0.01467844657599926,0.051530368626117706,0.31535370852104944,0.23222827002363208,0.0,0.17857142857142858,0.0,1.0
BCS6__Cow_16_06,Cow_16_06,Cow_16,0,6,4,2,250,dataset\6\Cow_16_06\f_250_rgb.jpg,dataset\6\Cow_16_06\f_250_depth.npy,1,,9,173.76112365722656,173.09384155273438,1.5729771852493286,0.9507147395985623,0.9126881910697844,0.9734081112566109,0,trunk_head_neck_reversed,5.876215828533603,0.07387076618525157,0.2792452830188679,0.026496371254324913,0.08511867374181747,0.3635389253031527,0.21964703000821406,0.0,0.2113095238095238,0.0,1.0
BCS6__Cow_16_06,Cow_16_06,Cow_16,0,6,4,2,251,dataset\6\Cow_16_06\f_251_rgb.jpg,dataset\6\Cow_16_06\f_251_depth.npy,1,,9,173.76112365722656,173.09384155273438,1.5729771852493286,0.9507147395985623,0.9126881910697844,0.9734081112566109,0,trunk_head_neck_reversed,5.876215828533603,0.07387076618525157,0.2792452830188679,0.026496371254324913,0.08511867374181747,0.3635389253031527,0.21964703000821406,0.0,0.2113095238095238,0.0,1.0
BCS6__Cow_16_06,Cow_16_06,Cow_16,0,6,4,2,252,dataset\6\Cow_16_06\f_252_rgb.jpg,dataset\6\Cow_16_06\f_252_depth.npy,1,,8,173.38671875,173.14686584472656,1.1641982793807983,0.9319411065528274,0.5216525200491725,0.9548005187252102,2,trunk_head_neck_reversed,5.950784280421004,0.14525688585354146,0.3643410852713178,0.019106047227978706,0.08155681192874908,0.41515634888639014,0.21896285535059237,0.0,0.23214285714285715,0.0,1.0
BCS6__Cow_16_06,Cow_16_06,Cow_16,0,6,4,2,253,dataset\6\Cow_16_06\f_253_rgb.jpg,dataset\6\Cow_16_06\f_253_depth.npy,1,,8,173.38671875,173.14686584472656,1.1641982793807983,0.9319411065528274,0.5216525200491725,0.9548005187252102,2,trunk_head_neck_reversed,5.950784280421004,0.14525688585354146,0.3643410852713178,0.019106047227978706,0.08155681192874908,0.41515634888639014,0.21896285535059237,0.0,0.23214285714285715,0.0,1.0
BCS6__Cow_16_06,Cow_16_06,Cow_16,0,6,4,2,254,dataset\6\Cow_16_06\f_254_rgb.jpg,dataset\6\Cow_16_06\f_254_depth.npy,1,,9,172.5359649658203,171.30526733398438,2.207787036895752,0.8835498785202973,0.8143102402601456,0.9076532568940491,0,trunk_dominant,6.307834095552025,0.13702225215060082,0.3790322580645161,0.03141264617443085,0.0742010623216629,0.42671716105730806,0.20112078066967903,0.0,0.2619047619047619,1.0,1.0
BCS6__Cow_16_06,Cow_16_06,Cow_16,0,6,4,2,255,dataset\6\Cow_16_06\f_255_rgb.jpg,dataset\6\Cow_16_06\f_255_depth.npy,1,,9,172.5359649658203,171.30526733398438,2.207787036895752,0.8835498785202973,0.8143102402601456,0.9076532568940491,0,trunk_dominant,6.307834095552025,0.13702225215060082,0.3790322580645161,0.03141264617443085,0.0742010623216629,0.42671716105730806,0.20112078066967903,0.0,0.2619047619047619,1.0,1.0
BCS6__Cow_16_06,Cow_16_06,Cow_16,0,6,4,2,256,dataset\6\Cow_16_06\f_256_rgb.jpg,dataset\6\Cow_16_06\f_256_depth.npy,1,,6,173.83184814453125,174.04942321777344,1.6169954538345337,0.7416678238101777,0.012985350591316003,0.8637345785680692,3,trunk_dominant,5.58562092632171,0.15635497915822327,0.3651452282157676,0.024416213855147362,0.08542051166296005,0.471473137837207,0.17627759093155607,0.0,0.28273809523809523,1.0,1.0
BCS6__Cow_16_06,Cow_16_06,Cow_16,0,6,4,2,257,dataset\6\Cow_16_06\f_257_rgb.jpg,dataset\6\Cow_16_06\f_257_depth.npy,1,,6,173.83184814453125,174.04942321777344,1.6169954538345337,0.7416678238101777,0.012985350591316003,0.8637345785680692,3,trunk_dominant,5.58562092632171,0.15635497915822327,0.3651452282157676,0.024416213855147362,0.08542051166296005,0.471473137837207,0.17627759093155607,0.0,0.28273809523809523,1.0,1.0
BCS6__Cow_16_06,Cow_16_06,Cow_16,0,6,4,2,258,dataset\6\Cow_16_06\f_258_rgb.jpg,dataset\6\Cow_16_06\f_258_depth.npy,1,,7,174.43197631835938,174.0343475341797,1.0573722124099731,0.9127941608855972,0.24477813857595476,0.9512654351738503,1,trunk_dominant,4.934284132110633,0.16367406801406048,0.5258620689655172,0.010576223023235798,0.05189749598503113,0.5314325994284528,0.1667378031241005,0.0,0.30952380952380953,1.0,1.0
BCS6__Cow_16_06,Cow_16_06,Cow_16,0,6,4,2,259,dataset\6\Cow_16_06\f_259_rgb.jpg,dataset\6\Cow_16_06\f_259_depth.npy,1,,7,174.43197631835938,174.0343475341797,1.0573722124099731,0.9127941608855972,0.24477813857595476,0.9512654351738503,1,trunk_dominant,4.934284132110633,0.16367406801406048,0.5258620689655172,0.010576223023235798,0.05189749598503113,0.5314325994284528,0.1667378031241005,0.0,0.30952380952380953,1.0,1.0
BCS6__Cow_16_06,Cow_16_06,Cow_16,0,6,4,2,260,dataset\6\Cow_16_06\f_260_rgb.jpg,dataset\6\Cow_16_06\f_260_depth.npy,1,,5,174.27935791015625,174.12185668945312,0.889459490776062,0.9280176952722111,0.6371673404626423,0.9405944157177795,1,trunk_head_neck_reversed,4.998354088781809,0.311765576028904,0.5176991150442478,0.012810894288122654,0.04474116489291191,0.5654801802591618,0.15220508067889127,0.0,0.3273809523809524,0.0,1.0
BCS6__Cow_16_06,Cow_16_06,Cow_16,0,6,4,2,261,dataset\6\Cow_16_06\f_261_rgb.jpg,dataset\6\Cow_16_06\f_261_depth.npy,1,,5,174.27935791015625,174.12185668945312,0.889459490776062,0.9280176952722111,0.6371673404626423,0.9405944157177795,1,trunk_head_neck_reversed,4.998354088781809,0.311765576028904,0.5176991150442478,0.012810894288122654,0.04474116489291191,0.5654801802591618,0.15220508067889127,0.0,0.3273809523809524,0.0,1.0
BCS6__Cow_16_06,Cow_16_06,Cow_16,0,6,4,2,262,dataset\6\Cow_16_06\f_262_rgb.jpg,dataset\6\Cow_16_06\f_262_depth.npy,1,,8,173.09866333007812,173.0726776123047,0.8460260629653931,0.8691509074866686,0.7022137808368747,0.9274761630151276,3,trunk_head_neck_reversed,4.720771051889798,0.2984787545217529,0.37037037037037035,0.027093810960650444,0.08559788018465042,0.5879283184153254,0.1484038218171847,0.0,0.35714285714285715,0.0,1.0
BCS6__Cow_16_06,Cow_16_06,Cow_16,0,6,4,2,263,dataset\6\Cow_16_06\f_263_rgb.jpg,dataset\6\Cow_16_06\f_263_depth.npy,1,,8,173.09866333007812,173.0726776123047,0.8460260629653931,0.8691509074866686,0.7022137808368747,0.9274761630151276,3,trunk_head_neck_reversed,4.720771051889798,0.2984787545217529,0.37037037037037035,0.027093810960650444,0.08559788018465042,0.5879283184153254,0.1484038218171847,0.0,0.35714285714285715,0.0,1.0
BCS6__Cow_16_06,Cow_16_06,Cow_16,0,6,4,2,264,dataset\6\Cow_16_06\f_264_rgb.jpg,dataset\6\Cow_16_06\f_264_depth.npy,1,,5,173.04844665527344,173.59414672851562,0.9735314249992371,0.8947886381544375,0.685020929408942,0.9125252958173856,1,trunk_head_neck_reversed,4.819959515285234,0.316301562605247,0.4,0.01277223788201809,0.044925134629011154,0.5774296726535827,0.15307092512436837,0.0,0.3898809523809524,0.0,1.0
BCS6__Cow_16_06,Cow_16_06,Cow_16,0,6,4,2,265,dataset\6\Cow_16_06\f_265_rgb.jpg,dataset\6\Cow_16_06\f_265_depth.npy,1,,5,173.04844665527344,173.59414672851562,0.9735314249992371,0.8947886381544375,0.685020929408942,0.9125252958173856,1,trunk_head_neck_reversed,4.819959515285234,0.316301562605247,0.4,0.01277223788201809,0.044925134629011154,0.5774296726535827,0.15307092512436837,0.0,0.3898809523809524,0.0,1.0
BCS6__Cow_16_06,Cow_16_06,Cow_16,0,6,4,2,266,dataset\6\Cow_16_06\f_266_rgb.jpg,dataset\6\Cow_16_06\f_266_depth.npy,1,,4,171.3045654296875,171.31675720214844,0.5733233094215393,0.9242798539661043,0.7948535307589081,0.9546413211563006,1,trunk_head_neck_reversed,5.166376031853105,0.4482847920482129,0.46938775510204084,0.02246727980673313,0.06643266975879669,0.582015144232863,0.1425933974601647,0.0,0.4166666666666667,0.0,1.0
BCS6__Cow_16_06,Cow_16_06,Cow_16,0,6,4,2,267,dataset\6\Cow_16_06\f_267_rgb.jpg,dataset\6\Cow_16_06\f_267_depth.npy,1,,4,171.3045654296875,171.31675720214844,0.5733233094215393,0.9242798539661043,0.7948535307589081,0.9546413211563006,1,trunk_head_neck_reversed,5.166376031853105,0.4482847920482129,0.46938775510204084,0.02246727980673313,0.06643266975879669,0.582015144232863,0.1425933974601647,0.0,0.4166666666666667,0.0,1.0
BCS6__Cow_16_06,Cow_16_06,Cow_16,0,6,4,2,268,dataset\6\Cow_16_06\f_268_rgb.jpg,dataset\6\Cow_16_06\f_268_depth.npy,1,,8,170.8182373046875,170.19041442871094,2.5553512573242188,0.9212477443180305,0.15055758452004853,0.9445815457711009,2,trunk_head_neck_reversed,3.9679883617548484,0.5089213841594358,0.4444444444444444,0.011333330534398556,0.04111165180802345,0.5966594370134909,0.1304463976573374,0.0,0.4375,0.0,1.0
BCS6__Cow_16_06,Cow_16_06,Cow_16,0,6,4,2,269,dataset\6\Cow_16_06\f_269_rgb.jpg,dataset\6\Cow_16_06\f_269_depth.npy,1,,8,170.8182373046875,170.19041442871094,2.5553512573242188,0.9212477443180305,0.15055758452004853,0.9445815457711009,2,trunk_head_neck_reversed,3.9679883617548484,0.5089213841594358,0.4444444444444444,0.011333330534398556,0.04111165180802345,0.5966594370134909,0.1304463976573374,0.0,0.4375,0.0,1.0
BCS6__Cow_16_06,Cow_16_06,Cow_16,0,6,4,2,270,dataset\6\Cow_16_06\f_270_rgb.jpg,dataset\6\Cow_16_06\f_270_depth.npy,1,,6,172.4997100830078,172.12477111816406,2.3731517791748047,0.7713697321564073,0.4543185083411274,0.8589542611751533,4,trunk_head_neck_reversed,3.6680402590399694,0.3422290558119414,0.6648351648351648,0.013690987601876259,0.04317011684179306,0.6100424670982334,0.13015359567558646,0.0,0.4583333333333333,0.0,1.0
BCS6__Cow_18,Cow_18,Cow_18,2,6,4,2,90,dataset\6\Cow_18\f_90_rgb.jpg,dataset\6\Cow_18\f_90_depth.npy,1,,6,164.81631469726562,165.3092803955078,1.9239821434020996,0.9124351585190951,0.794895875086042,0.9384057628369002,1,head_neck_trunk,4.422450080233872,0.47695620502905456,0.543778801843318,0.006537632551044226,0.022795697674155235,0.10652105186606196,0.8197314334893462,0.3541666666666667,0.0,1.0,0.0
BCS6__Cow_18,Cow_18,Cow_18,2,6,4,2,105,dataset\6\Cow_18\f_105_rgb.jpg,dataset\6\Cow_18\f_105_depth.npy,1,,7,170.2007598876953,169.95701599121094,0.582734227180481,0.865145651737453,0.7526040181671394,0.897383107270147,3,head_neck_trunk,6.931385545134617,0.7256675391926422,0.5172413793103449,0.006571315228939056,0.02085830643773079,0.09850713879434252,0.7684730392169467,0.30952380952380953,0.0,1.0,0.0
BCS6__Cow_18,Cow_18,Cow_18,2,6,4,2,111,dataset\6\Cow_18\f_111_rgb.jpg,dataset\6\Cow_18\f_111_depth.npy,1,,9,167.77273559570312,167.8017578125,0.5158635973930359,0.9069519362587539,0.8355229434838475,0.9197700718431503,0,head_neck_trunk,8.451113780178645,0.6245211126256436,0.5550660792951542,0.006455129012465477,0.022294601425528526,0.10718120030322682,0.7642884761192141,0.3244047619047619,0.0,1.0,0.0
BCS6__Cow_18,Cow_18,Cow_18,2,6,4,2,120,dataset\6\Cow_18\f_120_rgb.jpg,dataset\6\Cow_18\f_120_depth.npy,1,,6,170.38082885742188,170.3489990234375,0.8595185875892639,0.8912108063024755,0.8339788029275218,0.9040100686973661,0,head_neck_trunk,6.076776734354979,0.5138476603230089,0.3673469387755102,0.003856357652693987,0.016949152573943138,0.08299755575673665,0.8092952595031254,0.2708333333333333,0.0,1.0,0.0
BCS6__Cow_18,Cow_18,Cow_18,2,6,4,2,132,dataset\6\Cow_18\f_132_rgb.jpg,dataset\6\Cow_18\f_132_depth.npy,1,,8,167.458984375,167.579833984375,1.1907615661621094,0.9152721611930629,0.8624762370698151,0.9327151426196495,0,head_neck_trunk,3.1901220302220423,0.1757861289740248,0.4025423728813559,0.007435252889990807,0.02294435165822506,0.13742969717887799,0.843497504531635,0.2976190476190476,0.0,1.0,0.0
BCS6__Cow_18,Cow_18,Cow_18,2,6,4,2,135,dataset\6\Cow_18\f_135_rgb.jpg,dataset\6\Cow_18\f_135_depth.npy,1,,9,171.91465759277344,171.87564086914062,0.4369639754295349,0.935125720290386,0.8767456737359234,0.9566036784426195,0,head_neck_trunk,2.0635362731527636,0.10901168600200606,0.45491803278688525,0.0058657340705394745,0.018071239814162254,0.13054240937026096,0.8646319622432345,0.27380952380952384,0.0,1.0,0.0
BCS6__Cow_18,Cow_18,Cow_18,2,6,4,2,150,dataset\6\Cow_18\f_150_rgb.jpg,dataset\6\Cow_18\f_150_depth.npy,1,,9,166.8275146484375,167.18377685546875,1.1347408294677734,0.9473525341916451,0.897216551942994,0.9652988560609923,0,head_neck_trunk,-2.0664955286767395,0.30866651715204796,0.49609375,0.0072632418014109135,0.03206876292824745,0.12995730961960328,0.8341706516688919,0.23809523809523808,0.0,1.0,0.0
BCS6__Cow_18,Cow_18,Cow_18,2,6,4,2,153,dataset\6\Cow_18\f_153_rgb.jpg,dataset\6\Cow_18\f_153_depth.npy,1,,9,168.58250427246094,168.7142791748047,1.1075794696807861,0.950126902782379,0.8986470863278043,0.9580491396564927,0,head_neck_trunk,-2.8849664459341824,0.4514709699058699,0.47843137254901963,0.01073437463492155,0.0404684878885746,0.11846111632390634,0.8862450445683099,0.24107142857142858,0.0,1.0,0.0
BCS6__Cow_18,Cow_18,Cow_18,2,6,4,2,165,dataset\6\Cow_18\f_165_rgb.jpg,dataset\6\Cow_18\f_165_depth.npy,1,,9,172.69955444335938,172.52674865722656,0.6064612865447998,0.9215404400367357,0.8553227119367557,0.9477682842261416,0,head_neck_trunk,-1.8446162808676405,0.27907855843876916,0.43243243243243246,0.01622033677995205,0.043035466223955154,0.10871421141925307,0.852654216323934,0.22916666666666666,0.0,1.0,0.0
BCS6__Cow_18,Cow_18,Cow_18,2,6,4,2,174,dataset\6\Cow_18\f_174_rgb.jpg,dataset\6\Cow_18\f_174_depth.npy,1,,9,168.59649658203125,168.10572814941406,1.058548092842102,0.9656890160848404,0.8943369186856224,0.9694378216610579,0,head_neck_trunk,-0.3439024391982599,0.08856625837462673,0.4140625,0.018262961879372597,0.05377747491002083,0.09938917709266225,0.8494171555379857,0.23809523809523808,0.0,1.0,0.0
BCS6__Cow_18,Cow_18,Cow_18,2,6,4,2,195,dataset\6\Cow_18\f_195_rgb.jpg,dataset\6\Cow_18\f_195_depth.npy,1,,9,170.32711791992188,170.5313720703125,1.6816765069961548,0.8618183535254542,0.70765866785153,0.8970474495537037,1,head_neck_trunk,6.226561218591172,0.3676884686263975,0.6081632653061224,0.009424027055501938,0.029020411893725395,0.1112075886489783,0.8175813512938155,0.2708333333333333,0.0,1.0,0.0
BCS6__Cow_18,Cow_18,Cow_18,2,6,4,2,210,dataset\6\Cow_18\f_210_rgb.jpg,dataset\6\Cow_18\f_210_depth.npy,1,,7,167.3424530029297,167.45993041992188,1.072740912437439,0.9157373485228546,0.5917537731580798,0.921104443873469,1,head_neck_trunk,2.9920163945169094,0.1893035677794046,0.4603174603174603,0.009463413618505001,0.04109656810760498,0.09196812072406689,0.848853825754365,0.25,0.0,1.0,0.0
BCS6__Cow_18,Cow_18,Cow_18,2,6,4,2,216,dataset\6\Cow_18\f_216_rgb.jpg,dataset\6\Cow_18\f_216_depth.npy,1,,9,168.47195434570312,168.33592224121094,1.0174150466918945,0.9373632129150419,0.8531592041361826,0.9496484164700016,0,head_neck_trunk,1.4009399538335856,0.14426900854586222,0.448559670781893,0.004848342388868332,0.01988995261490345,0.08843807860927579,0.8531010437385877,0.2767857142857143,0.0,1.0,0.0
BCS6__Cow_18,Cow_18,Cow_18,2,6,4,2,300,dataset\6\Cow_18\f_300_rgb.jpg,dataset\6\Cow_18\f_300_depth.npy,1,,4,175.80538940429688,175.63336181640625,0.616489827632904,0.8379435199173922,0.8129147203686128,0.8739415167390446,0,head_neck_trunk,3.2966539946799713,0.12333068444621631,0.3184931506849315,0.004443165846168995,0.014597711153328419,0.11648214305074046,0.8472356682967123,0.13095238095238096,0.0,1.0,0.0
BCS6__Cow_18,Cow_18,Cow_18,2,6,4,2,315,dataset\6\Cow_18\f_315_rgb.jpg,dataset\6\Cow_18\f_315_depth.npy,1,,8,173.75811767578125,173.68243408203125,0.6632823944091797,0.9619470617856174,0.7255954027675533,0.963028741842419,2,head_neck_trunk,1.836902354452107,0.04653131657946119,0.4125,0.024001557379961014,0.07056647539138794,0.16566800307472865,0.8655858585353978,0.047619047619047616,0.0,1.0,0.0
BCS6__Cow_18,Cow_18,Cow_18,2,6,4,2,321,dataset\6\Cow_18\f_321_rgb.jpg,dataset\6\Cow_18\f_321_depth.npy,1,,3,175.09275817871094,175.24609375,0.5500190854072571,0.9728779764562856,0.9366870485057175,0.9856411400021137,0,head_neck_trunk,-0.846557853830646,0.021761155659916653,0.38392857142857145,0.019694620743393898,0.07569532096385956,0.24770341971183854,0.6078465072564367,0.0,0.0,1.0,0.0
BCS6__Cow_18,Cow_18,Cow_18,2,6,4,2,342,dataset\6\Cow_18\f_342_rgb.jpg,dataset\6\Cow_18\f_342_depth.npy,1,,3,174.65000915527344,174.7337188720703,0.11922594159841537,0.9644151178358568,0.9437542953893858,0.9709131078917181,0,trunk_head_neck_reversed,-5.108015182802717,0.011085024610210326,0.3898809523809524,0.028758922591805458,0.08412951976060867,0.47531270755096455,0.34100505058723835,0.0,0.0,0.0,1.0
BCS6__Cow_18,Cow_18,Cow_18,2,6,4,2,363,dataset\6\Cow_18\f_363_rgb.jpg,dataset\6\Cow_18\f_363_depth.npy,1,,6,169.9660186767578,170.2637176513672,0.8273194432258606,0.9120445120475508,0.8692271845863497,0.9522027535280194,0,trunk_dominant,-0.09449683169975742,0.09953765163463402,0.4657534246575342,0.007775407284498215,0.029438238590955734,0.30534320542106125,0.1990320120263993,0.0,0.13095238095238096,1.0,1.0
BCS6__Cow_18,Cow_18,Cow_18,2,6,4,2,375,dataset\6\Cow_18\f_375_rgb.jpg,dataset\6\Cow_18\f_375_depth.npy,1,,6,170.79312133789062,170.7159423828125,0.4531154930591583,0.8874076778250698,0.8300694500528772,0.9364587624030292,0,trunk_dominant,2.5379036014770406,0.01360990007304963,0.5287769784172662,0.00828767754137516,0.026828495785593987,0.3502023452212171,0.16997215447326897,0.0,0.17261904761904762,1.0,1.0
BCS6__Cow_18,Cow_18,Cow_18,2,6,4,2,384,dataset\6\Cow_18\f_384_rgb.jpg,dataset\6\Cow_18\f_384_depth.npy,1,,4,173.09518432617188,172.62060546875,1.2512810230255127,0.9360075701581398,0.8782019355838392,0.9540324236431922,0,trunk_dominant,2.121107491970392,0.04784322593208401,0.5373134328358209,0.0075574335642158985,0.023190027102828026,0.3599905615581222,0.16738683595548834,0.0,0.20238095238095238,1.0,1.0
BCS6__Cow_18,Cow_18,Cow_18,2,6,4,2,390,dataset\6\Cow_18\f_390_rgb.jpg,dataset\6\Cow_18\f_390_depth.npy,1,,6,171.66456604003906,171.60829162597656,0.831791341304779,0.8974942114530788,0.8614193438570645,0.9199441262504805,0,trunk_dominant,0.798793213192809,0.01751599462068043,0.6273764258555133,0.012060808017849922,0.04111739248037338,0.454459353782845,0.16848756465049292,0.0,0.21726190476190477,1.0,1.0
BCS6__Cow_18,Cow_18,Cow_18,2,6,4,2,405,dataset\6\Cow_18\f_405_rgb.jpg,dataset\6\Cow_18\f_405_depth.npy,1,,6,171.32562255859375,171.47071838378906,0.6027917861938477,0.9010354446586055,0.7043780095818465,0.9328146787586955,2,trunk_dominant,-1.6885812155575906,0.02270171776054042,0.5953307392996109,0.008992480114102364,0.02805795893073082,0.4432146949443258,0.1464053276707626,0.0,0.23511904761904762,1.0,1.0
BCS6__Cow_18,Cow_18,Cow_18,2,6,4,2,420,dataset\6\Cow_18\f_420_rgb.jpg,dataset\6\Cow_18\f_420_depth.npy,1,,5,170.9736328125,170.45986938476562,1.376968264579773,0.9298291560083332,0.8278687120168503,0.9385515447864728,0,trunk_dominant,-4.2010134005469695,0.0435483595167625,0.6774193548387096,0.009865587577223778,0.04578584060072899,0.5451355462095996,0.16841773348520417,0.0,0.2619047619047619,1.0,1.0
BCS6__Cow_18,Cow_18,Cow_18,2,6,4,2,426,dataset\6\Cow_18\f_426_rgb.jpg,dataset\6\Cow_18\f_426_depth.npy,1,,6,171.05287170410156,171.06126403808594,0.3887921869754791,0.8945563432446346,0.8501604885581082,0.9408035842271927,0,trunk_dominant,-4.599092449856357,0.020808879374328626,0.6558704453441295,0.004742674995213747,0.01428766455501318,0.5449265504065814,0.14256514494549372,0.0,0.2648809523809524,1.0,1.0
BCS6__Cow_18,Cow_18,Cow_18,2,6,4,2,435,dataset\6\Cow_18\f_435_rgb.jpg,dataset\6\Cow_18\f_435_depth.npy,1,,8,171.2468719482422,171.16217041015625,0.7718895077705383,0.8906167444187059,0.7832563000163402,0.9400866066255749,2,trunk_head_neck_reversed,-4.250678535634449,0.05224172960825513,0.680161943319838,0.004233625251799822,0.017836956307291985,0.5861840290144268,0.13981265743690346,0.0,0.2648809523809524,0.0,1.0
BCS6__Cow_18,Cow_18,Cow_18,2,6,4,2,447,dataset\6\Cow_18\f_447_rgb.jpg,dataset\6\Cow_18\f_447_depth.npy,1,,6,172.34835815429688,172.3037872314453,0.7809656858444214,0.8720468632467296,0.8009781023620945,0.9145023787084633,0,trunk_head_neck_reversed,-0.6913065927781048,0.0982645866146612,0.6172839506172839,0.0035261830780655146,0.01810469478368759,0.5732929865203328,0.14340515645146204,0.0,0.2767857142857143,0.0,1.0
BCS6__Cow_18,Cow_18,Cow_18,2,6,4,2,450,dataset\6\Cow_18\f_450_rgb.jpg,dataset\6\Cow_18\f_450_depth.npy,1,,5,171.22154235839844,171.24366760253906,0.2944810688495636,0.8536615577140054,0.8063334660353537,0.8980830722088945,0,trunk_head_neck_reversed,-0.6957180048944736,0.09769473456282185,0.6954732510288066,0.003274402115494013,0.013446011580526829,0.6186702051794076,0.16722392929420168,0.0,0.2767857142857143,0.0,1.0
BCS6__Cow_18,Cow_18,Cow_18,2,6,4,2,465,dataset\6\Cow_18\f_465_rgb.jpg,dataset\6\Cow_18\f_465_depth.npy,1,,3,173.32958984375,173.16632080078125,0.29137852787971497,0.8041426392593335,0.7533964238024711,0.8887191738035713,1,trunk_head_neck_reversed,-3.6690826172697797,0.05132316234880818,0.6666666666666666,0.005704307928681374,0.021947484463453293,0.5824404669907548,0.14922939537857063,0.0,0.25,0.0,1.0
BCS6__Cow_18,Cow_18,Cow_18,2,6,4,2,468,dataset\6\Cow_18\f_468_rgb.jpg,dataset\6\Cow_18\f_468_depth.npy,1,,3,173.3826904296875,173.3429412841797,0.147070974111557,0.8540019694824252,0.8095425022498092,0.8802870170801682,0,trunk_dominant,-4.321781608848511,0.05321992928982411,0.60546875,0.007495737634599209,0.03158900886774063,0.515868212430358,0.13227953775666046,0.0,0.23809523809523808,1.0,1.0
BCS6__Cow_18,Cow_18,Cow_18,2,6,4,2,480,dataset\6\Cow_18\f_480_rgb.jpg,dataset\6\Cow_18\f_480_depth.npy,1,,5,173.8108367919922,173.7762451171875,0.6758143305778503,0.8610708383049024,0.7913836011431401,0.9012653462092349,1,trunk_dominant,-7.277196282146065,0.07438994199372928,0.5842696629213483,0.01116177812218666,0.030771998688578606,0.4681519044539746,0.16111111677503911,0.0,0.20535714285714285,1.0,1.0
BCS6__Cow_18,Cow_18,Cow_18,2,6,4,2,489,dataset\6\Cow_18\f_489_rgb.jpg,dataset\6\Cow_18\f_489_depth.npy,1,,4,173.34384155273438,173.19131469726562,1.178816556930542,0.8947664626777492,0.7889203396998063,0.914882480397124,1,trunk_dominant,-9.261794151118863,0.019494141701841272,0.48905109489051096,0.010471525602042675,0.0407472625374794,0.35027385523461885,0.1297643520306604,0.0,0.18452380952380953,1.0,1.0
BCS6__Cow_18,Cow_18,Cow_18,2,6,4,2,495,dataset\6\Cow_18\f_495_rgb.jpg,dataset\6\Cow_18\f_495_depth.npy,1,,5,172.78231811523438,172.6495361328125,1.2146544456481934,0.9056668861842209,0.8328626395902496,0.917543351250541,0,trunk_dominant,-11.167264412459147,0.06508946877120536,0.5431654676258992,0.007826326414942741,0.022203385829925537,0.371289274258992,0.14113388208254984,0.0,0.17261904761904762,1.0,1.0
BCS6__Cow_18,Cow_18,Cow_18,2,6,4,2,510,dataset\6\Cow_18\f_510_rgb.jpg,dataset\6\Cow_18\f_510_depth.npy,1,,5,171.68634033203125,171.9531707763672,1.0517972707748413,0.8747306446025379,0.796033929788703,0.9045605712759128,1,trunk_dominant,-11.853768990692188,0.013905540152308049,0.4855072463768116,0.012761718593537807,0.04127699136734009,0.3200629345690205,0.15202716725127163,0.0,0.17857142857142858,1.0,1.0
BCS6__Cow_18_32,Cow_18_32,Cow_18,2,6,4,2,300,dataset\6\Cow_18_32\f_300_rgb.jpg,dataset\6\Cow_18_32\f_300_depth.npy,1,,7,169.98780822753906,169.63304138183594,1.567813515663147,0.9610278797835081,0.8306717614658551,0.9768638167109487,0,head_neck_trunk,4.601390893871454,0.17548849481988782,0.49504950495049505,0.01160539872944355,0.04211437329649925,0.133141279548799,0.7844282148075628,0.39880952380952384,0.0,1.0,0.0
BCS6__Cow_18_32,Cow_18_32,Cow_18,2,6,4,2,302,dataset\6\Cow_18_32\f_302_rgb.jpg,dataset\6\Cow_18_32\f_302_depth.npy,1,,6,169.32107543945312,169.54751586914062,1.307076334953308,0.9307604418913932,0.772114143532812,0.9554062353908158,1,head_neck_trunk,4.433041292235458,0.14971080493548072,0.49038461538461536,0.005998400039970875,0.0181348267942667,0.12257743504412971,0.7987679607086026,0.38095238095238093,0.0,1.0,0.0
BCS6__Cow_18_32,Cow_18_32,Cow_18,2,6,4,2,304,dataset\6\Cow_18_32\f_304_rgb.jpg,dataset\6\Cow_18_32\f_304_depth.npy,1,,7,170.24835205078125,170.38186645507812,1.752157211303711,0.8799989726265296,0.8634990020948436,0.9391981174102078,0,head_neck_trunk,4.996901836402827,0.14789306437469918,0.460093896713615,0.015983181074261665,0.04758794233202934,0.11786766878206384,0.8052201702384019,0.36607142857142855,0.0,1.0,0.0
BCS6__Cow_18_32,Cow_18_32,Cow_18,2,6,4,2,306,dataset\6\Cow_18_32\f_306_rgb.jpg,dataset\6\Cow_18_32\f_306_depth.npy,1,,8,170.94869995117188,170.84576416015625,1.1096529960632324,0.9344346737797921,0.8641231364551651,0.961367108313441,0,head_neck_trunk,5.644824243155583,0.17874780850159766,0.4470046082949309,0.007003125734627247,0.01794017106294632,0.13894395565293022,0.796631427033599,0.3541666666666667,0.0,1.0,0.0
BCS6__Cow_18_32,Cow_18_32,Cow_18,2,6,4,2,308,dataset\6\Cow_18_32\f_308_rgb.jpg,dataset\6\Cow_18_32\f_308_depth.npy,1,,9,170.70303344726562,170.9123992919922,0.7710577845573425,0.8847273447155528,0.784455713232836,0.9411711048029974,2,head_neck_trunk,5.479785181521592,0.10316365361130408,0.481981981981982,0.008320024237036705,0.029186362400650978,0.14480955880293528,0.7839199862948469,0.3392857142857143,0.0,1.0,0.0
BCS6__Cow_18_32,Cow_18_32,Cow_18,2,6,4,2,310,dataset\6\Cow_18_32\f_310_rgb.jpg,dataset\6\Cow_18_32\f_310_depth.npy,1,,9,172.04263305664062,171.84445190429688,0.6248782277107239,0.9136810098527061,0.8288517069487099,0.9535447766358702,0,head_neck_trunk,5.775351228074527,0.25928364932227055,0.4043478260869565,0.005351403262466192,0.017409944906830788,0.14785246580853256,0.7896996026950573,0.31547619047619047,0.0,1.0,0.0
BCS6__Cow_18_32,Cow_18_32,Cow_18,2,6,4,2,312,dataset\6\Cow_18_32\f_312_rgb.jpg,dataset\6\Cow_18_32\f_312_depth.npy,1,,7,171.99969482421875,172.50880432128906,1.270769476890564,0.8123089461133368,0.03746455401672566,0.8942772341228917,3,head_neck_trunk,5.713172510587185,0.19464705129890092,0.42857142857142855,0.016642050817608833,0.05387250706553459,0.1555388743655495,0.7981540051075743,0.2916666666666667,0.0,1.0,0.0
BCS6__Cow_18_32,Cow_18_32,Cow_18,2,6,4,2,314,dataset\6\Cow_18_32\f_314_rgb.jpg,dataset\6\Cow_18_32\f_314_depth.npy,1,,7,172.09609985351562,171.73837280273438,1.1439297199249268,0.9489705848827008,0.9154344547731379,0.9693858234057281,0,head_neck_trunk,5.223574140019835,0.1459512634757516,0.34285714285714286,0.014452881179749966,0.04381553828716278,0.14602150168306074,0.7595449648916042,0.2708333333333333,0.0,1.0,0.0
BCS6__Cow_18_32,Cow_18_32,Cow_18,2,6,4,2,315,dataset\6\Cow_18_32\f_315_rgb.jpg,dataset\6\Cow_18_32\f_315_depth.npy,1,,7,172.0919952392578,171.73403930664062,1.1445233821868896,0.9489718158234983,0.9154330846385418,0.9693860885243595,0,head_neck_trunk,5.223574140019835,0.1459512634757516,0.34285714285714286,0.014452881179749966,0.04381553828716278,0.14602150168306074,0.7595449648916042,0.2708333333333333,0.0,1.0,0.0
BCS6__Cow_18_32,Cow_18_32,Cow_18,2,6,4,2,320,dataset\6\Cow_18_32\f_320_rgb.jpg,dataset\6\Cow_18_32\f_320_depth.npy,1,,4,174.74725341796875,174.60948181152344,0.5927015542984009,0.7117201034383172,0.6046418249470531,0.8479983032592084,3,head_neck_trunk,6.3313943221559015,0.08716437215105088,0.23018867924528302,0.0073531209491193295,0.028497910127043724,0.14137868698185344,0.8014022223254973,0.2113095238095238,0.0,1.0,0.0
BCS6__Cow_18_32,Cow_18_32,Cow_18,2,6,4,2,324,dataset\6\Cow_18_32\f_324_rgb.jpg,dataset\6\Cow_18_32\f_324_depth.npy,1,,8,172.7899169921875,172.83285522460938,0.49272915720939636,0.9270965343418224,0.7392871632434208,0.9611609388024401,1,head_neck_trunk,6.393139693277149,0.06543659854575878,0.3898916967509025,0.01691652648150921,0.06170959025621414,0.17429900415452002,0.768275087087553,0.17559523809523808,0.0,1.0,0.0
BCS6__Cow_18_32,Cow_18_32,Cow_18,2,6,4,2,326,dataset\6\Cow_18_32\f_326_rgb.jpg,dataset\6\Cow_18_32\f_326_depth.npy,1,,7,173.86668395996094,173.5011444091797,0.6344864964485168,0.9711472267344551,0.841255876734048,0.9783569623876076,0,head_neck_trunk,5.913765993658231,0.03498791278333613,0.35,0.02814578078687191,0.0914749726653099,0.18271414611274092,0.717128266701186,0.16666666666666666,0.0,1.0,0.0
BCS6__Cow_18_32,Cow_18_32,Cow_18,2,6,4,2,328,dataset\6\Cow_18_32\f_328_rgb.jpg,dataset\6\Cow_18_32\f_328_depth.npy,1,,8,173.9637451171875,173.7060546875,0.7697855234146118,0.8676277128343248,0.7131774877592199,0.9204907319613115,3,head_neck_trunk,6.172546993100042,0.03777047804967992,0.375886524822695,0.013893443159759045,0.06764324009418488,0.19466778478506605,0.6893906688254497,0.16071428571428573,0.0,1.0,0.0
BCS6__Cow_18_32,Cow_18_32,Cow_18,2,6,4,2,330,dataset\6\Cow_18_32\f_330_rgb.jpg,dataset\6\Cow_18_32\f_330_depth.npy,1,,8,172.9642333984375,173.10386657714844,0.937439501285553,0.9478784595878639,0.9025807373331387,0.9647672080198116,0,head_neck_trunk,5.751925420172739,0.03343330755691909,0.4471830985915493,0.024505464360117912,0.07197192311286926,0.24238337500489962,0.6925413857570089,0.15476190476190477,0.0,1.0,0.0
BCS6__Cow_18_32,Cow_18_32,Cow_18,2,6,4,2,332,dataset\6\Cow_18_32\f_332_rgb.jpg,dataset\6\Cow_18_32\f_332_depth.npy,1,,7,173.9488067626953,174.0283660888672,1.1385090351104736,0.9220449810428548,0.053069639868805196,0.9508247206932283,3,head_neck_trunk,5.601277483494982,0.029227549606275716,0.35517241379310344,0.01592027209699154,0.05702792853116989,0.20918477481863412,0.6028969860136516,0.13690476190476192,0.0,1.0,0.0
BCS6__Cow_18_32,Cow_18_32,Cow_18,2,6,4,2,334,dataset\6\Cow_18_32\f_334_rgb.jpg,dataset\6\Cow_18_32\f_334_depth.npy,1,,8,173.67730712890625,173.34469604492188,0.9560143947601318,0.8715170431661228,0.2398455569938781,0.9179205336444992,3,head_neck_trunk,5.493261097667386,0.03788157071099363,0.31864406779661014,0.01234386395663023,0.03628140315413475,0.1861285032439039,0.5737542615117383,0.12202380952380952,0.0,1.0,0.0
BCS6__Cow_18_32,Cow_18_32,Cow_18,2,6,4,2,338,dataset\6\Cow_18_32\f_338_rgb.jpg,dataset\6\Cow_18_32\f_338_depth.npy,1,,8,172.2431182861328,172.5005340576172,1.3246002197265625,0.926339768197224,0.40573239112540893,0.9514575487392414,2,trunk_dominant,4.3890024251784325,0.005757610566533344,0.26490066225165565,0.011445345357060432,0.04164905101060867,0.19961331001023488,0.5226097232291286,0.10119047619047619,0.0,1.0,1.0
BCS6__Cow_18_32,Cow_18_32,Cow_18,2,6,4,2,340,dataset\6\Cow_18_32\f_340_rgb.jpg,dataset\6\Cow_18_32\f_340_depth.npy,1,,8,172.6718292236328,172.74310302734375,1.2744417190551758,0.9178126955589736,0.47823183138531467,0.9497573044911256,2,trunk_dominant,4.381645874182553,0.008435876939870468,0.23333333333333334,0.01064453087747097,0.03602857515215874,0.2532933803946132,0.5101239593770566,0.10714285714285714,0.0,1.0,1.0
BCS6__Cow_18_32,Cow_18_32,Cow_18,2,6,4,2,342,dataset\6\Cow_18_32\f_342_rgb.jpg,dataset\6\Cow_18_32\f_342_depth.npy,1,,8,172.24063110351562,172.3524932861328,0.6989639401435852,0.909108986849652,0.8345056157366665,0.9422548100100098,0,trunk_dominant,4.258667643021624,0.017236237419496092,0.2692307692307692,0.015932153910398483,0.04324300214648247,0.2255794956980912,0.47120659547773097,0.07142857142857142,0.0,1.0,1.0
BCS6__Cow_18_32,Cow_18_32,Cow_18,2,6,4,2,344,dataset\6\Cow_18_32\f_344_rgb.jpg,dataset\6\Cow_18_32\f_344_depth.npy,1,,8,173.08824157714844,173.37423706054688,0.7637262940406799,0.9101535354404999,0.053957660547698794,0.9358612638881774,2,trunk_dominant,4.3139074761478895,0.0073369583335676225,0.2507836990595611,0.008641491644084454,0.03692714497447014,0.2238041093454975,0.4098723169419498,0.050595238095238096,0.0,1.0,1.0
BCS6__Cow_18_32,Cow_18_32,Cow_18,2,6,4,2,345,dataset\6\Cow_18_32\f_345_rgb.jpg,dataset\6\Cow_18_32\f_345_depth.npy,1,,8,173.46595764160156,173.73623657226562,0.7218990921974182,0.9101537983227804,0.05396606498076528,0.9358607371055543,2,trunk_dominant,4.3139074761478895,0.0073369583335676225,0.2507836990595611,0.008641491644084454,0.03692714497447014,0.2238041093454975,0.4098723169419498,0.050595238095238096,0.0,1.0,1.0
BCS6__Cow_18_32,Cow_18_32,Cow_18,2,6,4,2,346,dataset\6\Cow_18_32\f_346_rgb.jpg,dataset\6\Cow_18_32\f_346_depth.npy,1,,9,173.0244140625,172.85760498046875,0.7399839162826538,0.929242748023245,0.7920571325278212,0.955827671500701,1,trunk_dominant,4.566901731004279,0.003741191945891842,0.23333333333333334,0.023628724738955498,0.06727942079305649,0.1922697971945578,0.2987857588611014,0.017857142857142856,0.0,1.0,1.0
BCS6__Cow_18_32,Cow_18_32,Cow_18,2,6,4,2,354,dataset\6\Cow_18_32\f_354_rgb.jpg,dataset\6\Cow_18_32\f_354_depth.npy,1,,8,174.84262084960938,174.69696044921875,0.9961441159248352,0.9505238951623504,0.016115805615669054,0.9712017046923908,2,trunk_head_neck_reversed,5.463259139802574,0.010179593232294337,0.27531645569620256,0.004256806336343288,0.011971745640039444,0.3677005686017285,0.17592507218524173,0.0,0.05952380952380952,0.0,1.0
BCS6__Cow_18_32,Cow_18_32,Cow_18,2,6,4,2,356,dataset\6\Cow_18_32\f_356_rgb.jpg,dataset\6\Cow_18_32\f_356_depth.npy,1,,5,175.22911071777344,174.96449279785156,0.7567711472511292,0.5010643689889807,0.393971263956967,0.7495349830067259,3,trunk_head_neck_reversed,5.489547697130575,0.01510050890534842,0.3291139240506329,0.011312101036310196,0.03693867102265358,0.4296151022751388,0.16326975092022655,0.0,0.05952380952380952,0.0,1.0
BCS6__Cow_18_32,Cow_18_32,Cow_18,2,6,4,2,358,dataset\6\Cow_18_32\f_358_rgb.jpg,dataset\6\Cow_18_32\f_358_depth.npy,1,,8,174.42529296875,174.3104248046875,0.9412108063697815,0.9041236914311295,0.5812988946049333,0.950992470223525,2,trunk_head_neck_reversed,5.703451068414537,0.010993526640490359,0.35081967213114756,0.016791140660643578,0.055576127022504807,0.471220306965636,0.18860189939373528,0.0,0.09226190476190477,0.0,1.0
BCS6__Cow_18_32,Cow_18_32,Cow_18,2,6,4,2,360,dataset\6\Cow_18_32\f_360_rgb.jpg,dataset\6\Cow_18_32\f_360_depth.npy,1,,5,174.40469360351562,174.46182250976562,1.0555592775344849,0.9239757434926892,0.3671878513784853,0.9610901704801172,1,trunk_head_neck_reversed,5.789176984647824,0.01435705311710933,0.34448160535117056,0.010349569842219353,0.04166025295853615,0.4733330534466061,0.17387185908809058,0.0,0.11011904761904762,0.0,1.0
BCS6__Cow_18_32,Cow_18_32,Cow_18,2,6,4,2,362,dataset\6\Cow_18_32\f_362_rgb.jpg,dataset\6\Cow_18_32\f_362_depth.npy,1,,9,172.5885772705078,172.618408203125,1.0358244180679321,0.9767823591397606,0.9021650725345289,0.9812531377787055,0,trunk_head_neck_reversed,5.710053151068806,0.04287760045066591,0.36769759450171824,0.020403312519192696,0.06082959100604057,0.4963373724527858,0.1766747746961383,0.0,0.13392857142857142,0.0,1.0
BCS6__Cow_18_32,Cow_18_32,Cow_18,2,6,4,2,364,dataset\6\Cow_18_32\f_364_rgb.jpg,dataset\6\Cow_18_32\f_364_depth.npy,1,,9,173.63526916503906,173.4364471435547,1.5360780954360962,0.9141536881092353,0.07212936247339263,0.953436728118281,1,trunk_head_neck_reversed,5.339951912721503,0.0392791468652689,0.36971830985915494,0.022875411435961723,0.061297230422496796,0.5089815586671304,0.18200963139294657,0.0,0.15476190476190477,0.0,1.0
BCS6__Cow_18_32,Cow_18_32,Cow_18,2,6,4,2,366,dataset\6\Cow_18_32\f_366_rgb.jpg,dataset\6\Cow_18_32\f_366_depth.npy,1,,8,173.71141052246094,173.8308563232422,0.5820990204811096,0.9216867404922068,0.7831652125976477,0.9558511044672373,1,trunk_head_neck_reversed,5.072883448571574,0.037383746665952344,0.42805755395683454,0.02079562470316887,0.0523032583296299,0.5325973957966841,0.16157780163946703,0.0,0.17261904761904762,0.0,1.0
BCS6__Cow_18_32,Cow_18_32,Cow_18,2,6,4,2,368,dataset\6\Cow_18_32\f_368_rgb.jpg,dataset\6\Cow_18_32\f_368_depth.npy,1,,9,174.36837768554688,174.021240234375,1.187682032585144,0.9236782100611021,0.5321707992168911,0.9593018729925572,3,trunk_head_neck_reversed,5.290398062686577,0.08181028060828055,0.49624060150375937,0.012032083235681057,0.0485253632068634,0.563669260864797,0.17695017570662677,0.0,0.20833333333333334,0.0,1.0
BCS6__Cow_18_32,Cow_18_32,Cow_18,2,6,4,2,370,dataset\6\Cow_18_32\f_370_rgb.jpg,dataset\6\Cow_18_32\f_370_depth.npy,1,,9,173.75323486328125,173.6461639404297,0.5523329973220825,0.9434918277529067,0.7885529490491079,0.9638133878927551,1,trunk_head_neck_reversed,5.239703709403358,0.03390424200637199,0.45149253731343286,0.017430247738957405,0.06234043464064598,0.5780050521404422,0.14483082429634728,0.0,0.20238095238095238,0.0,1.0
BCS6__Cow_18_32,Cow_18_32,Cow_18,2,6,4,2,372,dataset\6\Cow_18_32\f_372_rgb.jpg,dataset\6\Cow_18_32\f_372_depth.npy,1,,7,175.2635955810547,175.14541625976562,0.37222957611083984,0.9117771421186843,0.5126385228405108,0.9478790490630651,2,trunk_head_neck_reversed,5.564847964736529,0.15055473824878618,0.45977011494252873,0.008204619400203228,0.02403274178504944,0.5940291569837738,0.17665597783503892,0.0,0.22321428571428573,0.0,1.0
BCS6__Cow_18_32,Cow_18_32,Cow_18,2,6,4,2,380,dataset\6\Cow_18_32\f_380_rgb.jpg,dataset\6\Cow_18_32\f_380_depth.npy,1,,8,173.458251953125,173.06031799316406,1.6668277978897095,0.9694327099992298,0.8365061664514006,0.9776974400575663,0,trunk_head_neck_reversed,5.715371880070052,0.08967513023469564,0.6904761904761905,0.007671736646443605,0.029960375279188156,0.6422644088816784,0.17031437845403571,0.0,0.25,0.0,1.0
BCS6__Cow_18_32,Cow_18_32,Cow_18,2,6,4,2,382,dataset\6\Cow_18_32\f_382_rgb.jpg,dataset\6\Cow_18_32\f_382_depth.npy,1,,8,172.44683837890625,172.56939697265625,1.7612160444259644,0.9818288287852164,0.9226165354841174,0.982586650754659,0,trunk_head_neck_reversed,6.162375116834625,0.13326928549132333,0.659919028340081,0.014448708854615688,0.04142371565103531,0.6633174399142162,0.15939802316570104,0.0,0.2648809523809524,0.0,1.0
BCS6__Cow_18_32,Cow_18_32,Cow_18,2,6,4,2,384,dataset\6\Cow_18_32\f_384_rgb.jpg,dataset\6\Cow_18_32\f_384_depth.npy,1,,7,172.90966796875,173.9049835205078,1.3924620151519775,0.9551167709526753,0.6565029961713706,0.9692038355180086,3,trunk_head_neck_reversed,6.1250243474659385,0.1419228373707142,0.6735537190082644,0.013328136876225471,0.05730605870485306,0.7285158047250584,0.15259342412019392,0.0,0.27976190476190477,0.0,1.0
BCS6__Cow_18_32,Cow_18_32,Cow_18,2,6,4,2,386,dataset\6\Cow_18_32\f_386_rgb.jpg,dataset\6\Cow_18_32\f_386_depth.npy,1,,6,174.63345336914062,174.1396484375,1.5522711277008057,0.8767850228949041,0.7756575268300688,0.9247730034251984,1,trunk_head_neck_reversed,7.3157727842649365,0.192478643422632,0.6382978723404256,0.008629600517451763,0.03424341604113579,0.6479312413773894,0.15458926114887708,0.0,0.3005952380952381,0.0,1.0
BCS6__Cow_18_32,Cow_18_32,Cow_18,2,6,4,2,388,dataset\6\Cow_18_32\f_388_rgb.jpg,dataset\6\Cow_18_32\f_388_depth.npy,1,,5,174.25692749023438,173.8538818359375,1.3625988960266113,0.8712755771095714,0.7590573112709584,0.9163788699694688,2,trunk_head_neck_reversed,7.6885875348945945,0.21967830351084672,0.6523605150214592,0.011527912691235542,0.029303276911377907,0.6901953682556397,0.15256178365487574,0.0,0.30654761904761907,0.0,1.0
BCS6__Cow_18_32,Cow_18_32,Cow_18,2,6,4,2,390,dataset\6\Cow_18_32\f_390_rgb.jpg,dataset\6\Cow_18_32\f_390_depth.npy,1,,4,173.14088439941406,173.36019897460938,0.5425541996955872,0.9480369874436944,0.9435727915224879,0.9676747944930889,0,trunk_head_neck_reversed,8.419723686341271,0.2071339650375279,0.6,0.007082526572048664,0.031284820288419724,0.6341080347627834,0.12825683515592248,0.0,0.31547619047619047,0.0,1.0
BCS6__Cow_18_32,Cow_18_32,Cow_18,2,6,4,2,392,dataset\6\Cow_18_32\f_392_rgb.jpg,dataset\6\Cow_18_32\f_392_depth.npy,1,,7,173.31517028808594,173.34361267089844,0.6589610576629639,0.9478715330253694,0.8929901131760452,0.9563911090636397,0,trunk_head_neck_reversed,8.240067606091557,0.28677466724568035,0.6116071428571429,0.005731695797294378,0.02214292250573635,0.6467896896358596,0.141848644136845,0.0,0.3333333333333333,0.0,1.0
BCS6__Cow_18_32,Cow_18_32,Cow_18,2,6,4,2,394,dataset\6\Cow_18_32\f_394_rgb.jpg,dataset\6\Cow_18_32\f_394_depth.npy,1,,8,173.28030395507812,173.0413818359375,1.1131747961044312,0.9476278050639216,0.8133472187090374,0.9563904031770158,0,trunk_head_neck_reversed,7.736880375455499,0.27364529453001296,0.6425339366515838,0.016346536576747894,0.05062475427985191,0.7096389718688881,0.15555002824345918,0.0,0.34226190476190477,0.0,1.0
BCS6__Cow_18_32,Cow_18_32,Cow_18,2,6,4,2,396,dataset\6\Cow_18_32\f_396_rgb.jpg,dataset\6\Cow_18_32\f_396_depth.npy,1,,6,173.95343017578125,173.68003845214844,0.8519829511642456,0.9428295781311946,0.7602484080094634,0.9666360575408643,2,trunk_head_neck_reversed,7.136194292932487,0.26813173818619873,0.6383928571428571,0.010418967343866825,0.041095852851867676,0.725338243576665,0.1382661515958808,0.0,0.3333333333333333,0.0,1.0
BCS6__Cow_18_32,Cow_18_32,Cow_18,2,6,4,2,398,dataset\6\Cow_18_32\f_398_rgb.jpg,dataset\6\Cow_18_32\f_398_depth.npy,1,,9,173.67442321777344,173.77513122558594,1.0293166637420654,0.9123303889999468,0.7330243679066897,0.9359326281544438,1,trunk_head_neck_reversed,8.54124076044178,0.40415639809822324,0.6363636363636364,0.011800766922533512,0.03909533843398094,0.6986964165834807,0.12526366194619545,0.0,0.34523809523809523,0.0,1.0
BCS6__Cow_18_32,Cow_18_32,Cow_18,2,6,4,2,400,dataset\6\Cow_18_32\f_400_rgb.jpg,dataset\6\Cow_18_32\f_400_depth.npy,1,,8,172.45286560058594,172.53968811035156,1.0316493511199951,0.9450842586108119,0.8580827072615504,0.9617892596545032,0,trunk_head_neck_reversed,7.460228269304366,0.44362537153615733,0.6009615384615384,0.006771418731659651,0.027293765917420387,0.686347120764178,0.15876390377735605,0.0,0.38095238095238093,0.0,1.0
BCS6__Cow_18_32,Cow_18_32,Cow_18,2,6,4,2,402,dataset\6\Cow_18_32\f_402_rgb.jpg,dataset\6\Cow_18_32\f_402_depth.npy,1,,9,173.46949768066406,173.3866424560547,1.0297253131866455,0.9186996553037086,0.82023979080879,0.9354824604794467,0,trunk_head_neck_reversed,7.749631030845279,0.4535113994906368,0.6323529411764706,0.009137445129454136,0.04236739128828049,0.6792073335306378,0.14820271685803194,0.0,0.39285714285714285,0.0,1.0
BCS6__Cow_18_32,Cow_18_32,Cow_18,2,6,4,2,404,dataset\6\Cow_18_32\f_404_rgb.jpg,dataset\6\Cow_18_32\f_404_depth.npy,1,,9,172.27256774902344,172.46408081054688,1.5202510356903076,0.9485894466448943,0.8291118995140226,0.971969958548291,0,trunk_head_neck_reversed,7.737476760706059,0.4619510924796373,0.61,0.012664761394262314,0.06664058566093445,0.6675413372908289,0.1414349305716585,0.0,0.40476190476190477,0.0,1.0
BCS6__Cow_18_32,Cow_18_32,Cow_18,2,6,4,2,405,dataset\6\Cow_18_32\f_405_rgb.jpg,dataset\6\Cow_18_32\f_405_depth.npy,1,,9,172.3161163330078,172.4651336669922,1.0886218547821045,0.9520985327509824,0.8937223928581056,0.9616717230283229,0,trunk_head_neck_reversed,7.7576276214787185,0.6016955778751907,0.5862068965517241,0.01810155063867569,0.05689341574907303,0.7076556363737078,0.0864998070918439,0.0,0.3958333333333333,0.0,1.0
BCS6__Cow_19_29,Cow_19_29,Cow_19,0,6,4,2,256,dataset\6\Cow_19_29\f_256_rgb.jpg,dataset\6\Cow_19_29\f_256_depth.npy,1,,9,172.48492431640625,172.4209747314453,0.24343568086624146,0.864033179891544,0.8071112535319866,0.9113556752290723,0,head_neck_trunk,1.9923962483568687,0.18379628109850898,0.30493273542600896,0.004579490050673485,0.016190942376852036,0.1995190492638065,0.801165691735166,0.33630952380952384,0.0,1.0,0.0
BCS6__Cow_19_29,Cow_19_29,Cow_19,0,6,4,2,257,dataset\6\Cow_19_29\f_257_rgb.jpg,dataset\6\Cow_19_29\f_257_depth.npy,1,,9,172.48492431640625,172.4209747314453,0.24343568086624146,0.864033179891544,0.8071112535319866,0.9113556752290723,0,head_neck_trunk,1.9923962483568687,0.18379628109850898,0.30493273542600896,0.004579490050673485,0.016190942376852036,0.1995190492638065,0.801165691735166,0.33630952380952384,0.0,1.0,0.0
BCS6__Cow_19_29,Cow_19_29,Cow_19,0,6,4,2,258,dataset\6\Cow_19_29\f_258_rgb.jpg,dataset\6\Cow_19_29\f_258_depth.npy,1,,4,173.7169952392578,173.53758239746094,0.8787860870361328,0.9407863533594616,0.8870274619224138,0.9532332998416918,0,head_neck_trunk,1.7105092214503657,0.09564590080034918,0.30735930735930733,0.014250961132347584,0.04279355704784393,0.19902481217201493,0.8302730076890148,0.3125,0.0,1.0,0.0
BCS6__Cow_19_29,Cow_19_29,Cow_19,0,6,4,2,259,dataset\6\Cow_19_29\f_259_rgb.jpg,dataset\6\Cow_19_29\f_259_depth.npy,1,,4,173.7169952392578,173.53758239746094,0.8787860870361328,0.9407863533594616,0.8870274619224138,0.9532332998416918,0,head_neck_trunk,1.7105092214503657,0.09564590080034918,0.30735930735930733,0.014250961132347584,0.04279355704784393,0.19902481217201493,0.8302730076890148,0.3125,0.0,1.0,0.0
BCS6__Cow_19_29,Cow_19_29,Cow_19,0,6,4,2,262,dataset\6\Cow_19_29\f_262_rgb.jpg,dataset\6\Cow_19_29\f_262_depth.npy,1,,5,170.9601287841797,170.9329376220703,0.7072248458862305,0.9880185494463071,0.9013103427318055,0.9886818380757616,0,head_neck_trunk,1.6332322073606065,0.06549861180579342,0.2716049382716049,0.006699094083160162,0.02116440422832966,0.21075204765158206,0.8510193611259729,0.2767857142857143,0.0,1.0,0.0
BCS6__Cow_19_29,Cow_19_29,Cow_19,0,6,4,2,263,dataset\6\Cow_19_29\f_263_rgb.jpg,dataset\6\Cow_19_29\f_263_depth.npy,1,,5,170.9601287841797,170.9329376220703,0.7072248458862305,0.9880185494463071,0.9013103427318055,0.9886818380757616,0,head_neck_trunk,1.6332322073606065,0.06549861180579342,0.2716049382716049,0.006699094083160162,0.02116440422832966,0.21075204765158206,0.8510193611259729,0.2767857142857143,0.0,1.0,0.0
BCS6__Cow_19_29,Cow_19_29,Cow_19,0,6,4,2,264,dataset\6\Cow_19_29\f_264_rgb.jpg,dataset\6\Cow_19_29\f_264_depth.npy,1,,7,172.5559539794922,172.55967712402344,0.5488430857658386,0.896459798833187,0.8208789981764125,0.9279366799398036,0,head_neck_trunk,1.6354349996596653,0.05338566727228056,0.25203252032520324,0.015973960980772972,0.04673449322581291,0.21106221189971666,0.7648835464464121,0.26785714285714285,0.0,1.0,0.0
BCS6__Cow_19_29,Cow_19_29,Cow_19,0,6,4,2,265,dataset\6\Cow_19_29\f_265_rgb.jpg,dataset\6\Cow_19_29\f_265_depth.npy,1,,7,172.5559539794922,172.55967712402344,0.5488430857658386,0.896459798833187,0.8208789981764125,0.9279366799398036,0,head_neck_trunk,1.6354349996596653,0.05338566727228056,0.25203252032520324,0.015973960980772972,0.04673449322581291,0.21106221189971666,0.7648835464464121,0.26785714285714285,0.0,1.0,0.0
BCS6__Cow_19_29,Cow_19_29,Cow_19,0,6,4,2,266,dataset\6\Cow_19_29\f_266_rgb.jpg,dataset\6\Cow_19_29\f_266_depth.npy,1,,8,171.60470581054688,171.77171325683594,1.8589304685592651,0.9096333768998156,0.7547278462697316,0.9369044539505309,1,head_neck_trunk,1.9128182570011347,0.023862323607346525,0.2727272727272727,0.01610640436410904,0.05261845886707306,0.21416830599641604,0.7348972559634384,0.24702380952380953,0.0,1.0,0.0
BCS6__Cow_19_29,Cow_19_29,Cow_19,0,6,4,2,267,dataset\6\Cow_19_29\f_267_rgb.jpg,dataset\6\Cow_19_29\f_267_depth.npy,1,,8,171.60470581054688,171.77171325683594,1.8589304685592651,0.9096333768998156,0.7547278462697316,0.9369044539505309,1,head_neck_trunk,1.9128182570011347,0.023862323607346525,0.2727272727272727,0.01610640436410904,0.05261845886707306,0.21416830599641604,0.7348972559634384,0.24702380952380953,0.0,1.0,0.0
BCS6__Cow_19_29,Cow_19_29,Cow_19,0,6,4,2,268,dataset\6\Cow_19_29\f_268_rgb.jpg,dataset\6\Cow_19_29\f_268_depth.npy,1,,9,171.37940979003906,170.7858123779297,1.135787010192871,0.9569001677342965,0.9141542190055331,0.9741058979591719,0,head_neck_trunk,2.2355290664250163,0.0537987866447196,0.2972972972972973,0.0166411604732275,0.0512503944337368,0.22405935403609303,0.7015897747614354,0.22916666666666666,0.0,1.0,0.0
BCS6__Cow_19_29,Cow_19_29,Cow_19,0,6,4,2,269,dataset\6\Cow_19_29\f_269_rgb.jpg,dataset\6\Cow_19_29\f_269_depth.npy,1,,9,171.37940979003906,170.7858123779297,1.135787010192871,0.9569001677342965,0.9141542190055331,0.9741058979591719,0,head_neck_trunk,2.2355290664250163,0.0537987866447196,0.2972972972972973,0.0166411604732275,0.0512503944337368,0.22405935403609303,0.7015897747614354,0.22916666666666666,0.0,1.0,0.0
BCS6__Cow_19_29,Cow_19_29,Cow_19,0,6,4,2,270,dataset\6\Cow_19_29\f_270_rgb.jpg,dataset\6\Cow_19_29\f_270_depth.npy,1,,9,169.7359161376953,169.76263427734375,2.2096872329711914,0.9392879015363067,0.9083125586074096,0.9615023785939371,0,head_neck_trunk,2.3973809089647062,0.018272887682016403,0.3132075471698113,0.01848306693136692,0.07028111070394516,0.16718954117465698,0.6829695882941103,0.2113095238095238,0.0,1.0,0.0
BCS6__Cow_19_29,Cow_19_29,Cow_19,0,6,4,2,271,dataset\6\Cow_19_29\f_271_rgb.jpg,dataset\6\Cow_19_29\f_271_depth.npy,1,,9,169.7359161376953,169.76263427734375,2.2096872329711914,0.9392879015363067,0.9083125586074096,0.9615023785939371,0,head_neck_trunk,2.3973809089647062,0.018272887682016403,0.3132075471698113,0.01848306693136692,0.07028111070394516,0.16718954117465698,0.6829695882941103,0.2113095238095238,0.0,1.0,0.0
BCS6__Cow_19_29,Cow_19_29,Cow_19,0,6,4,2,272,dataset\6\Cow_19_29\f_272_rgb.jpg,dataset\6\Cow_19_29\f_272_depth.npy,1,,9,172.031982421875,171.82212829589844,1.770339012145996,0.9006734843936736,0.5434999846221251,0.9320260070220603,2,entry_or_trunk_with_rump,3.314219992535385,0.022215422250965844,0.31868131868131866,0.009149301797151566,0.03277486562728882,0.1938422745059011,0.6514208405508427,0.1875,0.0,0.0,0.0
BCS6__Cow_19_29,Cow_19_29,Cow_19,0,6,4,2,273,dataset\6\Cow_19_29\f_273_rgb.jpg,dataset\6\Cow_19_29\f_273_depth.npy,1,,9,172.031982421875,171.82212829589844,1.770339012145996,0.9006734843936736,0.5434999846221251,0.9320260070220603,2,entry_or_trunk_with_rump,3.314219992535385,0.022215422250965844,0.31868131868131866,0.009149301797151566,0.03277486562728882,0.1938422745059011,0.6514208405508427,0.1875,0.0,0.0,0.0
BCS6__Cow_19_29,Cow_19_29,Cow_19,0,6,4,2,274,dataset\6\Cow_19_29\f_274_rgb.jpg,dataset\6\Cow_19_29\f_274_depth.npy,1,,6,168.46774291992188,167.64491271972656,2.3891170024871826,0.9351964087015276,0.9125213905449395,0.9572086098153856,0,head_neck_trunk,2.9339029635234652,0.020444968289424992,0.31690140845070425,0.009483709931373596,0.03668593615293503,0.16933561664567684,0.5832196046505999,0.15476190476190477,0.0,1.0,0.0
BCS6__Cow_19_29,Cow_19_29,Cow_19,0,6,4,2,275,dataset\6\Cow_19_29\f_275_rgb.jpg,dataset\6\Cow_19_29\f_275_depth.npy,1,,6,168.46774291992188,167.64491271972656,2.3891170024871826,0.9351964087015276,0.9125213905449395,0.9572086098153856,0,head_neck_trunk,2.9339029635234652,0.020444968289424992,0.31690140845070425,0.009483709931373596,0.03668593615293503,0.16933561664567684,0.5832196046505999,0.15476190476190477,0.0,1.0,0.0
BCS6__Cow_19_29,Cow_19_29,Cow_19,0,6,4,2,276,dataset\6\Cow_19_29\f_276_rgb.jpg,dataset\6\Cow_19_29\f_276_depth.npy,1,,5,172.70399475097656,172.85577392578125,0.4290143847465515,0.8995179980298751,0.7608089886375969,0.9417712708110033,1,trunk_head_neck_reversed,4.045645297973266,0.004281084069958752,0.2793103448275862,0.02933129481971264,0.08414217829704285,0.18120556986882022,0.5143284458108208,0.13690476190476192,0.0,0.0,1.0
BCS6__Cow_19_29,Cow_19_29,Cow_19,0,6,4,2,277,dataset\6\Cow_19_29\f_277_rgb.jpg,dataset\6\Cow_19_29\f_277_depth.npy,1,,5,172.70399475097656,172.85577392578125,0.4290143847465515,0.8995179980298751,0.7608089886375969,0.9417712708110033,1,trunk_head_neck_reversed,4.045645297973266,0.004281084069958752,0.2793103448275862,0.02933129481971264,0.08414217829704285,0.18120556986882022,0.5143284458108208,0.13690476190476192,0.0,0.0,1.0
BCS6__Cow_19_29,Cow_19_29,Cow_19,0,6,4,2,278,dataset\6\Cow_19_29\f_278_rgb.jpg,dataset\6\Cow_19_29\f_278_depth.npy,1,,6,171.57327270507812,171.87315368652344,1.264919638633728,0.9506518959284658,0.8344066684042477,0.9739140683476575,0,trunk_head_neck_reversed,3.9073653468129947,0.02557919155189836,0.2608695652173913,0.026176756247878075,0.08895853161811829,0.20993590720166425,0.4900247628492896,0.11011904761904762,0.0,0.0,1.0
BCS6__Cow_19_29,Cow_19_29,Cow_19,0,6,4,2,279,dataset\6\Cow_19_29\f_279_rgb.jpg,dataset\6\Cow_19_29\f_279_depth.npy,1,,6,171.57327270507812,171.87315368652344,1.264919638633728,0.9506518959284658,0.8344066684042477,0.9739140683476575,0,trunk_head_neck_reversed,3.9073653468129947,0.02557919155189836,0.2608695652173913,0.026176756247878075,0.08895853161811829,0.20993590720166425,0.4900247628492896,0.11011904761904762,0.0,0.0,1.0
BCS6__Cow_19_29,Cow_19_29,Cow_19,0,6,4,2,280,dataset\6\Cow_19_29\f_280_rgb.jpg,dataset\6\Cow_19_29\f_280_depth.npy,1,,6,172.36322021484375,172.3629608154297,0.7371339201927185,0.9508867556397436,0.8906600127343127,0.9609031341073393,0,trunk_dominant,3.339783792946889,0.005463414850908066,0.2564935064935065,0.024571901187300682,0.07293952256441116,0.20661144340147114,0.4716922749240463,0.08333333333333333,0.0,1.0,1.0
BCS6__Cow_19_29,Cow_19_29,Cow_19,0,6,4,2,281,dataset\6\Cow_19_29\f_281_rgb.jpg,dataset\6\Cow_19_29\f_281_depth.npy,1,,6,172.36322021484375,172.3629608154297,0.7371339201927185,0.9508867556397436,0.8906600127343127,0.9609031341073393,0,trunk_dominant,3.339783792946889,0.005463414850908066,0.2564935064935065,0.024571901187300682,0.07293952256441116,0.20661144340147114,0.4716922749240463,0.08333333333333333,0.0,1.0,1.0
BCS6__Cow_19_29,Cow_19_29,Cow_19,0,6,4,2,282,dataset\6\Cow_19_29\f_282_rgb.jpg,dataset\6\Cow_19_29\f_282_depth.npy,1,,8,172.5590057373047,172.40628051757812,0.7815824151039124,0.9309742118505653,0.7927647023413094,0.9541590616067448,1,trunk_dominant,3.688310198314838,0.0010405225388723238,0.2484472049689441,0.032181523740291595,0.08165743201971054,0.22345833176865046,0.4149075784815516,0.041666666666666664,0.0,1.0,1.0
BCS6__Cow_19_29,Cow_19_29,Cow_19,0,6,4,2,283,dataset\6\Cow_19_29\f_283_rgb.jpg,dataset\6\Cow_19_29\f_283_depth.npy,1,,8,172.5590057373047,172.40628051757812,0.7815824151039124,0.9309742118505653,0.7927647023413094,0.9541590616067448,1,trunk_dominant,3.688310198314838,0.0010405225388723238,0.2484472049689441,0.032181523740291595,0.08165743201971054,0.22345833176865046,0.4149075784815516,0.041666666666666664,0.0,1.0,1.0
BCS6__Cow_19_29,Cow_19_29,Cow_19,0,6,4,2,286,dataset\6\Cow_19_29\f_286_rgb.jpg,dataset\6\Cow_19_29\f_286_depth.npy,1,,6,172.864501953125,172.9689178466797,0.36268100142478943,0.9465489812705582,0.7991575080885304,0.9571527031022836,1,trunk_dominant,3.351628008202212,0.030090801121886557,0.22321428571428573,0.03283204138278961,0.09826420247554779,0.367157855395746,0.30509946830691503,0.0,0.0,1.0,1.0
BCS6__Cow_19_29,Cow_19_29,Cow_19,0,6,4,2,287,dataset\6\Cow_19_29\f_287_rgb.jpg,dataset\6\Cow_19_29\f_287_depth.npy,1,,6,172.864501953125,172.9689178466797,0.36268100142478943,0.9465489812705582,0.7991575080885304,0.9571527031022836,1,trunk_dominant,3.351628008202212,0.030090801121886557,0.22321428571428573,0.03283204138278961,0.09826420247554779,0.367157855395746,0.30509946830691503,0.0,0.0,1.0,1.0
BCS6__Cow_19_29,Cow_19_29,Cow_19,0,6,4,2,288,dataset\6\Cow_19_29\f_288_rgb.jpg,dataset\6\Cow_19_29\f_288_depth.npy,1,,7,174.2945556640625,173.912109375,0.8296377062797546,0.8160957901629062,0.743433340980882,0.8983805938385898,2,trunk_head_neck_reversed,3.5642982902825224,0.01983862486447663,0.23030303030303031,0.026078158989548683,0.0803799107670784,0.44194252545565277,0.25493864117791964,0.0,0.017857142857142856,0.0,1.0
BCS6__Cow_19_29,Cow_19_29,Cow_19,0,6,4,2,289,dataset\6\Cow_19_29\f_289_rgb.jpg,dataset\6\Cow_19_29\f_289_depth.npy,1,,7,174.2945556640625,173.912109375,0.8296377062797546,0.8160957901629062,0.743433340980882,0.8983805938385898,2,trunk_head_neck_reversed,3.5642982902825224,0.01983862486447663,0.23030303030303031,0.026078158989548683,0.0803799107670784,0.44194252545565277,0.25493864117791964,0.0,0.017857142857142856,0.0,1.0
BCS6__Cow_19_29,Cow_19_29,Cow_19,0,6,4,2,290,dataset\6\Cow_19_29\f_290_rgb.jpg,dataset\6\Cow_19_29\f_290_depth.npy,1,,5,176.1863250732422,176.00527954101562,0.610381007194519,0.8462905789473077,0.2533068716807426,0.9173587559934275,1,trunk_head_neck_reversed,3.52236521841553,0.03132398362184574,0.32407407407407407,0.02331084944307804,0.08510955423116684,0.5050609054458931,0.22624147689664098,0.0,0.03571428571428571,0.0,1.0
BCS6__Cow_19_29,Cow_19_29,Cow_19,0,6,4,2,291,dataset\6\Cow_19_29\f_291_rgb.jpg,dataset\6\Cow_19_29\f_291_depth.npy,1,,5,176.1863250732422,176.00527954101562,0.610381007194519,0.8462905789473077,0.2533068716807426,0.9173587559934275,1,trunk_head_neck_reversed,3.52236521841553,0.03132398362184574,0.32407407407407407,0.02331084944307804,0.08510955423116684,0.5050609054458931,0.22624147689664098,0.0,0.03571428571428571,0.0,1.0
BCS6__Cow_19_29,Cow_19_29,Cow_19,0,6,4,2,292,dataset\6\Cow_19_29\f_292_rgb.jpg,dataset\6\Cow_19_29\f_292_depth.npy,1,,5,174.60264587402344,174.114501953125,0.9063118696212769,0.9613382238225286,0.8276307671534683,0.9778424093502767,0,trunk_head_neck_reversed,3.488770666575718,0.04624104051079314,0.273015873015873,0.017828019335865974,0.05740439519286156,0.562014409915086,0.2344688377064073,0.0,0.0625,0.0,1.0
BCS6__Cow_19_29,Cow_19_29,Cow_19,0,6,4,2,293,dataset\6\Cow_19_29\f_293_rgb.jpg,dataset\6\Cow_19_29\f_293_depth.npy,1,,5,174.60264587402344,174.114501953125,0.9063118696212769,0.9613382238225286,0.8276307671534683,0.9778424093502767,0,trunk_head_neck_reversed,3.488770666575718,0.04624104051079314,0.273015873015873,0.017828019335865974,0.05740439519286156,0.562014409915086,0.2344688377064073,0.0,0.0625,0.0,1.0
BCS6__Cow_19_29,Cow_19_29,Cow_19,0,6,4,2,294,dataset\6\Cow_19_29\f_294_rgb.jpg,dataset\6\Cow_19_29\f_294_depth.npy,1,,4,174.84124755859375,174.92103576660156,0.3408912122249603,0.9076428380156167,0.807651115631792,0.9455583222213548,0,trunk_head_neck_reversed,3.3293505901514635,0.06355555224497778,0.31493506493506496,0.013597337529063225,0.03761068359017372,0.5509060656705955,0.21170006875741626,0.0,0.08333333333333333,0.0,1.0
BCS6__Cow_19_29,Cow_19_29,Cow_19,0,6,4,2,295,dataset\6\Cow_19_29\f_295_rgb.jpg,dataset\6\Cow_19_29\f_295_depth.npy,1,,4,174.84124755859375,174.92103576660156,0.3408912122249603,0.9076428380156167,0.807651115631792,0.9455583222213548,0,trunk_head_neck_reversed,3.3293505901514635,0.06355555224497778,0.31493506493506496,0.013597337529063225,0.03761068359017372,0.5509060656705955,0.21170006875741626,0.0,0.08333333333333333,0.0,1.0
BCS6__Cow_19_29,Cow_19_29,Cow_19,0,6,4,2,296,dataset\6\Cow_19_29\f_296_rgb.jpg,dataset\6\Cow_19_29\f_296_depth.npy,1,,6,174.4375,174.64112854003906,0.8208438158035278,0.8676530773186358,0.7324447935668497,0.9225117076558385,2,trunk_head_neck_reversed,2.83872782608195,0.0818508287188422,0.3053691275167785,0.018582789227366447,0.07140077650547028,0.5477460033630572,0.2179327612032754,0.0,0.1130952380952381,0.0,1.0
BCS6__Cow_19_29,Cow_19_29,Cow_19,0,6,4,2,297,dataset\6\Cow_19_29\f_297_rgb.jpg,dataset\6\Cow_19_29\f_297_depth.npy,1,,6,174.4375,174.64112854003906,0.8208438158035278,0.8676530773186358,0.7324447935668497,0.9225117076558385,2,trunk_head_neck_reversed,2.83872782608195,0.0818508287188422,0.3053691275167785,0.018582789227366447,0.07140077650547028,0.5477460033630572,0.2179327612032754,0.0,0.1130952380952381,0.0,1.0
BCS6__Cow_19_29,Cow_19_29,Cow_19,0,6,4,2,298,dataset\6\Cow_19_29\f_298_rgb.jpg,dataset\6\Cow_19_29\f_298_depth.npy,1,,9,174.43817138671875,174.49728393554688,0.32710427045822144,0.43245598229014226,0.03798652978444972,0.7127074785828049,8,trunk_head_neck_reversed,2.850306513512507,0.07256174320441744,0.23972602739726026,0.015842117369174957,0.05068374425172806,0.49033318141412624,0.20752296188618607,0.0,0.13095238095238096,0.0,1.0
BCS6__Cow_19_29,Cow_19_29,Cow_19,0,6,4,2,299,dataset\6\Cow_19_29\f_299_rgb.jpg,dataset\6\Cow_19_29\f_299_depth.npy,1,,9,174.43817138671875,174.49728393554688,0.32710427045822144,0.43245598229014226,0.03798652978444972,0.7127074785828049,8,trunk_head_neck_reversed,2.850306513512507,0.07256174320441744,0.23972602739726026,0.015842117369174957,0.05068374425172806,0.49033318141412624,0.20752296188618607,0.0,0.13095238095238096,0.0,1.0
BCS6__Cow_19_29,Cow_19_29,Cow_19,0,6,4,2,304,dataset\6\Cow_19_29\f_304_rgb.jpg,dataset\6\Cow_19_29\f_304_depth.npy,1,,6,174.26370239257812,173.90374755859375,0.9792433381080627,0.910981658143788,0.3890991208549861,0.9205308085375612,2,trunk_head_neck_reversed,1.8593749643184765,0.047731265459873384,0.4419475655430712,0.01557835005223751,0.04864801466464996,0.46086554638318056,0.17442902579239827,0.0,0.20535714285714285,0.0,1.0
BCS6__Cow_19_29,Cow_19_29,Cow_19,0,6,4,2,305,dataset\6\Cow_19_29\f_305_rgb.jpg,dataset\6\Cow_19_29\f_305_depth.npy,1,,6,174.26370239257812,173.90374755859375,0.9792433381080627,0.910981658143788,0.3890991208549861,0.9205308085375612,2,trunk_head_neck_reversed,1.8593749643184765,0.047731265459873384,0.4419475655430712,0.01557835005223751,0.04864801466464996,0.46086554638318056,0.17442902579239827,0.0,0.20535714285714285,0.0,1.0
BCS6__Cow_19_29,Cow_19_29,Cow_19,0,6,4,2,306,dataset\6\Cow_19_29\f_306_rgb.jpg,dataset\6\Cow_19_29\f_306_depth.npy,1,,5,169.30128479003906,169.99276733398438,1.646112084388733,0.9421279138469452,0.7943437684899293,0.9634815973413582,1,trunk_dominant,1.8772958404270668,0.038586129256643176,0.34108527131782945,0.022783417254686356,0.08017616719007492,0.4259735475415032,0.15772249314342712,0.0,0.23214285714285715,1.0,1.0
BCS6__Cow_19_29,Cow_19_29,Cow_19,0,6,4,2,307,dataset\6\Cow_19_29\f_307_rgb.jpg,dataset\6\Cow_19_29\f_307_depth.npy,1,,5,169.30128479003906,169.99276733398438,1.646112084388733,0.9421279138469452,0.7943437684899293,0.9634815973413582,1,trunk_dominant,1.8772958404270668,0.038586129256643176,0.34108527131782945,0.022783417254686356,0.08017616719007492,0.4259735475415032,0.15772249314342712,0.0,0.23214285714285715,1.0,1.0
BCS6__Cow_19_29,Cow_19_29,Cow_19,0,6,4,2,308,dataset\6\Cow_19_29\f_308_rgb.jpg,dataset\6\Cow_19_29\f_308_depth.npy,1,,9,169.88197326660156,170.00369262695312,1.9949041604995728,0.8757358967739336,0.7386317309179069,0.9369498713321014,1,trunk_dominant,1.272005519682466,0.040704445694558444,0.396,0.025378482416272163,0.07572242617607117,0.4529674618375019,0.1444780288401319,0.0,0.25595238095238093,1.0,1.0
BCS6__Cow_19_29,Cow_19_29,Cow_19,0,6,4,2,309,dataset\6\Cow_19_29\f_309_rgb.jpg,dataset\6\Cow_19_29\f_309_depth.npy,1,,9,169.88197326660156,170.00369262695312,1.9949041604995728,0.8757358967739336,0.7386317309179069,0.9369498713321014,1,trunk_dominant,1.272005519682466,0.040704445694558444,0.396,0.025378482416272163,0.07572242617607117,0.4529674618375019,0.1444780288401319,0.0,0.25595238095238093,1.0,1.0
BCS6__Cow_19_29,Cow_19_29,Cow_19,0,6,4,2,310,dataset\6\Cow_19_29\f_310_rgb.jpg,dataset\6\Cow_19_29\f_310_depth.npy,1,,8,171.28140258789062,170.55686950683594,2.0638694763183594,0.8184756728861418,0.45500904423368027,0.9016038245925986,4,trunk_dominant,1.3399082857563656,0.04196970781831055,0.4793388429752066,0.00887611135840416,0.04142219200730324,0.4590002920744423,0.13765468650373816,0.0,0.27976190476190477,1.0,1.0
BCS6__Cow_19_29,Cow_19_29,Cow_19,0,6,4,2,311,dataset\6\Cow_19_29\f_311_rgb.jpg,dataset\6\Cow_19_29\f_311_depth.npy,1,,8,171.28140258789062,170.55686950683594,2.0638694763183594,0.8184756728861418,0.45500904423368027,0.9016038245925986,4,trunk_dominant,1.3399082857563656,0.04196970781831055,0.4793388429752066,0.00887611135840416,0.04142219200730324,0.4590002920744423,0.13765468650373816,0.0,0.27976190476190477,1.0,1.0
BCS6__Cow_19_29,Cow_19_29,Cow_19,0,6,4,2,312,dataset\6\Cow_19_29\f_312_rgb.jpg,dataset\6\Cow_19_29\f_312_depth.npy,1,,8,170.04014587402344,169.62049865722656,2.0181267261505127,0.8776486350665409,0.6059627848877572,0.9307423451594397,3,trunk_dominant,0.6627606182813963,0.08989007641339697,0.4342105263157895,0.01257405150681734,0.045149531215429306,0.479512410804931,0.1565001029170875,0.0,0.32142857142857145,1.0,1.0
BCS6__Cow_19_29,Cow_19_29,Cow_19,0,6,4,2,313,dataset\6\Cow_19_29\f_313_rgb.jpg,dataset\6\Cow_19_29\f_313_depth.npy,1,,8,170.04014587402344,169.62049865722656,2.0181267261505127,0.8776486350665409,0.6059627848877572,0.9307423451594397,3,trunk_dominant,0.6627606182813963,0.08989007641339697,0.4342105263157895,0.01257405150681734,0.045149531215429306,0.479512410804931,0.1565001029170875,0.0,0.32142857142857145,1.0,1.0
BCS6__Cow_19_29,Cow_19_29,Cow_19,0,6,4,2,314,dataset\6\Cow_19_29\f_314_rgb.jpg,dataset\6\Cow_19_29\f_314_depth.npy,1,,6,170.81298828125,171.4658203125,2.3391523361206055,0.831527081583831,0.007816119258088672,0.9126328681901059,3,trunk_head_neck_reversed,1.2074499633165914,0.03313145674756868,0.5825688073394495,0.008698588237166405,0.035690631717443466,0.5656067918462792,0.143799961796747,0.0,0.35119047619047616,0.0,1.0
BCS6__Cow_19_29,Cow_19_29,Cow_19,0,6,4,2,315,dataset\6\Cow_19_29\f_315_rgb.jpg,dataset\6\Cow_19_29\f_315_depth.npy,1,,6,170.81298828125,171.4658203125,2.3391523361206055,0.831527081583831,0.007816119258088672,0.9126328681901059,3,trunk_head_neck_reversed,1.2074499633165914,0.03313145674756868,0.5825688073394495,0.008698588237166405,0.035690631717443466,0.5656067918462792,0.143799961796747,0.0,0.35119047619047616,0.0,1.0
BCS6__Cow_24_08,Cow_24_08,Cow_24,2,6,4,2,136,dataset\6\Cow_24_08\f_136_rgb.jpg,dataset\6\Cow_24_08\f_136_depth.npy,1,,7,172.11219787597656,172.2749786376953,0.639333963394165,0.7941458657193445,0.4641670106748278,0.891640477346483,4,head_neck_trunk,10.166534037779911,0.03545129046602824,0.2620967741935484,0.00574541324749589,0.020778760313987732,0.19051821132685867,0.5952665694329216,0.2619047619047619,0.0,1.0,0.0
BCS6__Cow_24_08,Cow_24_08,Cow_24,2,6,4,2,137,dataset\6\Cow_24_08\f_137_rgb.jpg,dataset\6\Cow_24_08\f_137_depth.npy,1,,7,172.11219787597656,172.2749786376953,0.639333963394165,0.7941458657193445,0.4641670106748278,0.891640477346483,4,head_neck_trunk,10.166534037779911,0.03545129046602824,0.2620967741935484,0.00574541324749589,0.020778760313987732,0.19051821132685867,0.5952665694329216,0.2619047619047619,0.0,1.0,0.0
BCS6__Cow_24_08,Cow_24_08,Cow_24,2,6,4,2,138,dataset\6\Cow_24_08\f_138_rgb.jpg,dataset\6\Cow_24_08\f_138_depth.npy,1,,6,173.51089477539062,173.90576171875,1.0005459785461426,0.7009777713159692,0.13816161179995579,0.8267088239780338,4,trunk_dominant,9.207000148730145,0.06625971840662714,0.25096525096525096,0.006809769198298454,0.020295465365052223,0.14321881154424598,0.5389481006765873,0.22916666666666666,0.0,1.0,1.0
BCS6__Cow_24_08,Cow_24_08,Cow_24,2,6,4,2,139,dataset\6\Cow_24_08\f_139_rgb.jpg,dataset\6\Cow_24_08\f_139_depth.npy,1,,6,173.51089477539062,173.90576171875,1.0005459785461426,0.7009777713159692,0.13816161179995579,0.8267088239780338,4,trunk_dominant,9.207000148730145,0.06625971840662714,0.25096525096525096,0.006809769198298454,0.020295465365052223,0.14321881154424598,0.5389481006765873,0.22916666666666666,0.0,1.0,1.0
BCS6__Cow_24_08,Cow_24_08,Cow_24,2,6,4,2,142,dataset\6\Cow_24_08\f_142_rgb.jpg,dataset\6\Cow_24_08\f_142_depth.npy,1,,4,174.93450927734375,174.7274169921875,0.671177327632904,0.6363660668705737,0.2517277875717434,0.8009639264218027,2,trunk_dominant,8.811335804972572,0.003412282120478949,0.24295774647887325,0.017391055822372437,0.058018557727336884,0.18165440124930263,0.35109815098614033,0.15476190476190477,0.0,1.0,1.0
BCS6__Cow_24_08,Cow_24_08,Cow_24,2,6,4,2,143,dataset\6\Cow_24_08\f_143_rgb.jpg,dataset\6\Cow_24_08\f_143_depth.npy,1,,4,174.93450927734375,174.7274169921875,0.671177327632904,0.6363660668705737,0.2517277875717434,0.8009639264218027,2,trunk_dominant,8.811335804972572,0.003412282120478949,0.24295774647887325,0.017391055822372437,0.058018557727336884,0.18165440124930263,0.35109815098614033,0.15476190476190477,0.0,1.0,1.0
BCS6__Cow_24_08,Cow_24_08,Cow_24,2,6,4,2,150,dataset\6\Cow_24_08\f_150_rgb.jpg,dataset\6\Cow_24_08\f_150_depth.npy,1,,5,174.236328125,174.28610229492188,0.7576020956039429,0.9887601608885095,0.899312322717893,0.9901238157632426,0,trunk_head_neck_reversed,8.956261053900292,0.01937167869236589,0.30685920577617326,0.02995896153151989,0.08425375074148178,0.6059229521754371,0.30943202374295364,0.0,0.17559523809523808,0.0,1.0
BCS6__Cow_24_08,Cow_24_08,Cow_24,2,6,4,2,151,dataset\6\Cow_24_08\f_151_rgb.jpg,dataset\6\Cow_24_08\f_151_depth.npy,1,,5,174.236328125,174.28610229492188,0.7576020956039429,0.9887601608885095,0.899312322717893,0.9901238157632426,0,trunk_head_neck_reversed,8.956261053900292,0.01937167869236589,0.30685920577617326,0.02995896153151989,0.08425375074148178,0.6059229521754371,0.30943202374295364,0.0,0.17559523809523808,0.0,1.0
BCS6__Cow_24_08,Cow_24_08,Cow_24,2,6,4,2,152,dataset\6\Cow_24_08\f_152_rgb.jpg,dataset\6\Cow_24_08\f_152_depth.npy,1,,9,173.19522094726562,173.18247985839844,0.8854921460151672,0.991838376764875,0.9681689408430828,0.9940379093677717,0,trunk_head_neck_reversed,9.309137074981706,0.026285425725092182,0.3308550185873606,0.010507345199584961,0.0454668365418911,0.7125700802457516,0.2632036485723931,0.0,0.19940476190476192,0.0,1.0
BCS6__Cow_24_08,Cow_24_08,Cow_24,2,6,4,2,153,dataset\6\Cow_24_08\f_153_rgb.jpg,dataset\6\Cow_24_08\f_153_depth.npy,1,,9,173.19522094726562,173.18247985839844,0.8854921460151672,0.991838376764875,0.9681689408430828,0.9940379093677717,0,trunk_head_neck_reversed,9.309137074981706,0.026285425725092182,0.3308550185873606,0.010507345199584961,0.0454668365418911,0.7125700802457516,0.2632036485723931,0.0,0.19940476190476192,0.0,1.0
BCS6__Cow_24_08,Cow_24_08,Cow_24,2,6,4,2,154,dataset\6\Cow_24_08\f_154_rgb.jpg,dataset\6\Cow_24_08\f_154_depth.npy,1,,5,175.2386474609375,175.1940460205078,0.8467235565185547,0.8637199890286064,0.2429566108448229,0.9286004184162902,2,trunk_head_neck_reversed,9.397708493651223,0.08397738464081783,0.2549019607843137,0.01960769295692444,0.059174537658691406,0.7146030458773263,0.30612215620835675,0.0,0.24107142857142858,0.0,1.0
BCS6__Cow_24_08,Cow_24_08,Cow_24,2,6,4,2,155,dataset\6\Cow_24_08\f_155_rgb.jpg,dataset\6\Cow_24_08\f_155_depth.npy,1,,5,175.2386474609375,175.1940460205078,0.8467235565185547,0.8637199890286064,0.2429566108448229,0.9286004184162902,2,trunk_head_neck_reversed,9.397708493651223,0.08397738464081783,0.2549019607843137,0.01960769295692444,0.059174537658691406,0.7146030458773263,0.30612215620835675,0.0,0.24107142857142858,0.0,1.0
BCS6__Cow_24_08,Cow_24_08,Cow_24,2,6,4,2,156,dataset\6\Cow_24_08\f_156_rgb.jpg,dataset\6\Cow_24_08\f_156_depth.npy,1,,7,173.8756103515625,173.7838897705078,1.2135664224624634,0.9651504049130338,0.14785748241365837,0.9802115436671415,1,trunk_head_neck_reversed,9.51004306528749,0.09855411869787645,0.23170731707317074,0.007710408419370651,0.02381613664329052,0.6010605164121199,0.30321715649656134,0.0,0.26785714285714285,0.0,1.0
BCS6__Cow_24_08,Cow_24_08,Cow_24,2,6,4,2,157,dataset\6\Cow_24_08\f_157_rgb.jpg,dataset\6\Cow_24_08\f_157_depth.npy,1,,7,173.8756103515625,173.7838897705078,1.2135664224624634,0.9651504049130338,0.14785748241365837,0.9802115436671415,1,trunk_head_neck_reversed,9.51004306528749,0.09855411869787645,0.23170731707317074,0.007710408419370651,0.02381613664329052,0.6010605164121199,0.30321715649656134,0.0,0.26785714285714285,0.0,1.0
BCS6__Cow_24_08,Cow_24_08,Cow_24,2,6,4,2,158,dataset\6\Cow_24_08\f_158_rgb.jpg,dataset\6\Cow_24_08\f_158_depth.npy,1,,8,174.0267333984375,173.89373779296875,0.9213342666625977,0.625461167885393,0.47382151303102393,0.8076375509822042,6,trunk_head_neck_reversed,9.756305408986819,0.21127589037260464,0.2905982905982906,0.023028600960969925,0.06540464609861374,0.5723324462241933,0.30328509246683094,0.0,0.30357142857142855,0.0,1.0
BCS6__Cow_24_08,Cow_24_08,Cow_24,2,6,4,2,159,dataset\6\Cow_24_08\f_159_rgb.jpg,dataset\6\Cow_24_08\f_159_depth.npy,1,,8,174.0267333984375,173.89373779296875,0.9213342666625977,0.625461167885393,0.47382151303102393,0.8076375509822042,6,trunk_head_neck_reversed,9.756305408986819,0.21127589037260464,0.2905982905982906,0.023028600960969925,0.06540464609861374,0.5723324462241933,0.30328509246683094,0.0,0.30357142857142855,0.0,1.0
BCS6__Cow_24_08,Cow_24_08,Cow_24,2,6,4,2,160,dataset\6\Cow_24_08\f_160_rgb.jpg,dataset\6\Cow_24_08\f_160_depth.npy,1,,8,173.25750732421875,172.91177368164062,1.3211270570755005,0.8884729853406824,0.7017165422403346,0.9404580253223034,3,trunk_head_neck_reversed,9.123127395991176,0.15833188444007362,0.3022222222222222,0.021133650094270706,0.07538202404975891,0.5397458526591088,0.2757206859248715,0.0,0.33035714285714285,0.0,1.0
BCS6__Cow_24_08,Cow_24_08,Cow_24,2,6,4,2,161,dataset\6\Cow_24_08\f_161_rgb.jpg,dataset\6\Cow_24_08\f_161_depth.npy,1,,8,173.25750732421875,172.91177368164062,1.3211270570755005,0.8884729853406824,0.7017165422403346,0.9404580253223034,3,trunk_head_neck_reversed,9.123127395991176,0.15833188444007362,0.3022222222222222,0.021133650094270706,0.07538202404975891,0.5397458526591088,0.2757206859248715,0.0,0.33035714285714285,0.0,1.0
BCS6__Cow_24_08,Cow_24_08,Cow_24,2,6,4,2,162,dataset\6\Cow_24_08\f_162_rgb.jpg,dataset\6\Cow_24_08\f_162_depth.npy,1,,6,172.11129760742188,172.34521484375,1.535020351409912,0.8414391906251293,0.6930609390275784,0.9154776633346056,2,trunk_head_neck_reversed,9.335027292336449,0.24827878914810242,0.3286384976525822,0.018717775121331215,0.06580982357263565,0.5346375127554722,0.25667672716206275,0.0,0.36607142857142855,0.0,1.0
BCS6__Cow_24_08,Cow_24_08,Cow_24,2,6,4,2,163,dataset\6\Cow_24_08\f_163_rgb.jpg,dataset\6\Cow_24_08\f_163_depth.npy,1,,6,172.11129760742188,172.34521484375,1.535020351409912,0.8414391906251293,0.6930609390275784,0.9154776633346056,2,trunk_head_neck_reversed,9.335027292336449,0.24827878914810242,0.3286384976525822,0.018717775121331215,0.06580982357263565,0.5346375127554722,0.25667672716206275,0.0,0.36607142857142855,0.0,1.0
BCS6__Cow_24_08,Cow_24_08,Cow_24,2,6,4,2,164,dataset\6\Cow_24_08\f_164_rgb.jpg,dataset\6\Cow_24_08\f_164_depth.npy,1,,6,173.49566650390625,173.4930419921875,0.3550534248352051,0.8197350751224276,0.6635534140535302,0.8968637581338221,2,trunk_head_neck_reversed,9.725302418326294,0.35084274644066227,0.3333333333333333,0.02044817991554737,0.07161196321249008,0.5184275848991059,0.24783180815756958,0.0,0.4017857142857143,0.0,1.0
BCS6__Cow_24_08,Cow_24_08,Cow_24,2,6,4,2,165,dataset\6\Cow_24_08\f_165_rgb.jpg,dataset\6\Cow_24_08\f_165_depth.npy,1,,6,173.49566650390625,173.4930419921875,0.3550534248352051,0.8197350751224276,0.6635534140535302,0.8968637581338221,2,trunk_head_neck_reversed,9.725302418326294,0.35084274644066227,0.3333333333333333,0.02044817991554737,0.07161196321249008,0.5184275848991059,0.24783180815756958,0.0,0.4017857142857143,0.0,1.0
BCS6__Cow_26_6,Cow_26_6,Cow_26,1,6,4,2,135,dataset\6\Cow_26_6\f_135_rgb.jpg,dataset\6\Cow_26_6\f_135_depth.npy,1,,5,172.91282653808594,171.9557647705078,1.5584079027175903,0.7547163639765673,0.5991842389340405,0.8632991954826459,3,head_neck_trunk,10.818470569949781,0.3345548719720881,0.2605633802816901,0.006992810871452093,0.028504079207777977,0.15976299309129105,0.7507443036585594,0.15476190476190477,0.0,1.0,0.0
BCS6__Cow_26_6,Cow_26_6,Cow_26,1,6,4,2,182,dataset\6\Cow_26_6\f_182_rgb.jpg,dataset\6\Cow_26_6\f_182_depth.npy,1,,3,172.591064453125,171.4708709716797,1.7148996591567993,0.9212877242694815,0.9039692262475966,0.9509379302194595,0,trunk_dominant,-1.296219557436629,0.016536800909875637,0.3029045643153527,0.014808012172579765,0.04500875249505043,0.46010169197969125,0.17857887910873743,0.0,0.28273809523809523,1.0,1.0
BCS6__Cow_26_6,Cow_26_6,Cow_26,1,6,4,2,183,dataset\6\Cow_26_6\f_183_rgb.jpg,dataset\6\Cow_26_6\f_183_depth.npy,1,,3,172.591064453125,171.4708709716797,1.7148996591567993,0.9212877242694815,0.9039692262475966,0.9509379302194595,0,trunk_dominant,-1.296219557436629,0.016536800909875637,0.3029045643153527,0.014808012172579765,0.04500875249505043,0.46010169197969125,0.17857887910873743,0.0,0.28273809523809523,1.0,1.0
BCS6__Cow_26_6,Cow_26_6,Cow_26,1,6,4,2,184,dataset\6\Cow_26_6\f_184_rgb.jpg,dataset\6\Cow_26_6\f_184_depth.npy,1,,3,173.11102294921875,173.21710205078125,0.32528117299079895,0.9509591099188801,0.9481522871589023,0.9704330959058379,0,trunk_head_neck_reversed,-0.9261925000717639,0.01237766892650427,0.31555555555555553,0.006417067255824804,0.020400550216436386,0.5243085136982668,0.2106655923747241,0.0,0.33035714285714285,0.0,1.0
BCS6__Cow_26_6,Cow_26_6,Cow_26,1,6,4,2,185,dataset\6\Cow_26_6\f_185_rgb.jpg,dataset\6\Cow_26_6\f_185_depth.npy,1,,3,173.11102294921875,173.21710205078125,0.32528117299079895,0.9509591099188801,0.9481522871589023,0.9704330959058379,0,trunk_head_neck_reversed,-0.9261925000717639,0.01237766892650427,0.31555555555555553,0.006417067255824804,0.020400550216436386,0.5243085136982668,0.2106655923747241,0.0,0.33035714285714285,0.0,1.0
BCS6__Cow_26_6,Cow_26_6,Cow_26,1,6,4,2,186,dataset\6\Cow_26_6\f_186_rgb.jpg,dataset\6\Cow_26_6\f_186_depth.npy,1,,3,169.0653839111328,168.63743591308594,0.9963155388832092,0.9459875416751145,0.9176465330082897,0.9618135241035992,0,trunk_dominant,-2.509790409722612,0.04776340151244085,0.4046511627906977,0.004714934155344963,0.01594768650829792,0.5137517300981086,0.16884333756664105,0.0,0.3601190476190476,1.0,1.0
BCS6__Cow_26_6,Cow_26_6,Cow_26,1,6,4,2,187,dataset\6\Cow_26_6\f_187_rgb.jpg,dataset\6\Cow_26_6\f_187_depth.npy,1,,3,169.0653839111328,168.63743591308594,0.9963155388832092,0.9459875416751145,0.9176465330082897,0.9618135241035992,0,trunk_dominant,-2.509790409722612,0.04776340151244085,0.4046511627906977,0.004714934155344963,0.01594768650829792,0.5137517300981086,0.16884333756664105,0.0,0.3601190476190476,1.0,1.0
BCS6__Cow_26_6,Cow_26_6,Cow_26,1,6,4,2,194,dataset\6\Cow_26_6\f_194_rgb.jpg,dataset\6\Cow_26_6\f_194_depth.npy,1,,3,173.69842529296875,173.9267120361328,0.6728216409683228,0.6214037678112692,0.45998109448446234,0.7872611061043813,3,trunk_head_neck_reversed,-3.7914560621895816,0.23572419333036976,0.4972677595628415,0.01160062849521637,0.03162498399615288,0.5953514444929675,0.08241017476767552,0.0,0.45535714285714285,0.0,1.0
BCS6__Cow_26_6,Cow_26_6,Cow_26,1,6,4,2,195,dataset\6\Cow_26_6\f_195_rgb.jpg,dataset\6\Cow_26_6\f_195_depth.npy,1,,3,173.69842529296875,173.9267120361328,0.6728216409683228,0.6214037678112692,0.45998109448446234,0.7872611061043813,3,trunk_head_neck_reversed,-3.7914560621895816,0.23572419333036976,0.4972677595628415,0.01160062849521637,0.03162498399615288,0.5953514444929675,0.08241017476767552,0.0,0.45535714285714285,0.0,1.0
BCS6__Cow_28_3083,Cow_28_3083,Cow_28,2,6,4,2,180,dataset\6\Cow_28_3083\f_180_rgb.jpg,dataset\6\Cow_28_3083\f_180_depth.npy,1,,9,169.86325073242188,169.78964233398438,0.38956570625305176,0.9338630863301175,0.7779343225779618,0.9593803588468321,1,head_neck_trunk,11.92442199406949,0.2784080545739158,0.4523809523809524,0.027637705206871033,0.07308679819107056,0.18760675010048958,0.7164600707343384,0.25,0.0,1.0,0.0
BCS6__Cow_28_3083,Cow_28_3083,Cow_28,2,6,4,2,181,dataset\6\Cow_28_3083\f_181_rgb.jpg,dataset\6\Cow_28_3083\f_181_depth.npy,1,,9,169.86325073242188,169.78964233398438,0.38956570625305176,0.9338630863301175,0.7779343225779618,0.9593803588468321,1,head_neck_trunk,11.92442199406949,0.2784080545739158,0.4523809523809524,0.027637705206871033,0.07308679819107056,0.18760675010048958,0.7164600707343384,0.25,0.0,1.0,0.0
BCS6__Cow_28_3083,Cow_28_3083,Cow_28,2,6,4,2,182,dataset\6\Cow_28_3083\f_182_rgb.jpg,dataset\6\Cow_28_3083\f_182_depth.npy,1,,6,170.8731689453125,170.74407958984375,0.9912724494934082,0.9109676932125522,0.5079657860686039,0.9426741087263676,2,head_neck_trunk,12.043535268429196,0.3183869568137112,0.4580152671755725,0.022013559937477112,0.058384232223033905,0.19256292974476882,0.7036041225859541,0.22023809523809523,0.0,1.0,0.0
BCS6__Cow_28_3083,Cow_28_3083,Cow_28,2,6,4,2,183,dataset\6\Cow_28_3083\f_183_rgb.jpg,dataset\6\Cow_28_3083\f_183_depth.npy,1,,6,170.8731689453125,170.74407958984375,0.9912724494934082,0.9109676932125522,0.5079657860686039,0.9426741087263676,2,head_neck_trunk,12.043535268429196,0.3183869568137112,0.4580152671755725,0.022013559937477112,0.058384232223033905,0.19256292974476882,0.7036041225859541,0.22023809523809523,0.0,1.0,0.0
BCS6__Cow_28_3083,Cow_28_3083,Cow_28,2,6,4,2,184,dataset\6\Cow_28_3083\f_184_rgb.jpg,dataset\6\Cow_28_3083\f_184_depth.npy,1,,4,172.37643432617188,172.5461883544922,0.5027900338172913,0.7568380168668967,0.16777043828701366,0.8507883871384901,2,head_neck_trunk,11.842712154651238,0.45783549393368617,0.4420289855072464,0.013125590048730373,0.07089054584503174,0.16795589388266044,0.7308286482363667,0.17857142857142858,0.0,1.0,0.0
BCS6__Cow_28_3083,Cow_28_3083,Cow_28,2,6,4,2,185,dataset\6\Cow_28_3083\f_185_rgb.jpg,dataset\6\Cow_28_3083\f_185_depth.npy,1,,4,172.37643432617188,172.5461883544922,0.5027900338172913,0.7568380168668967,0.16777043828701366,0.8507883871384901,2,head_neck_trunk,11.842712154651238,0.45783549393368617,0.4420289855072464,0.013125590048730373,0.07089054584503174,0.16795589388266044,0.7308286482363667,0.17857142857142858,0.0,1.0,0.0
BCS6__Cow_28_3083,Cow_28_3083,Cow_28,2,6,4,2,186,dataset\6\Cow_28_3083\f_186_rgb.jpg,dataset\6\Cow_28_3083\f_186_depth.npy,1,,7,173.1294708251953,172.8152313232422,1.3856775760650635,0.9061913639895193,0.7151894288515236,0.9249463536115483,1,head_neck_trunk,11.910936085809382,0.5941892107567668,0.3914590747330961,0.03578856959939003,0.10283137857913971,0.15665039045419507,0.7283882553229446,0.1636904761904762,0.0,1.0,0.0
BCS6__Cow_28_3083,Cow_28_3083,Cow_28,2,6,4,2,187,dataset\6\Cow_28_3083\f_187_rgb.jpg,dataset\6\Cow_28_3083\f_187_depth.npy,1,,7,173.1294708251953,172.8152313232422,1.3856775760650635,0.9061913639895193,0.7151894288515236,0.9249463536115483,1,head_neck_trunk,11.910936085809382,0.5941892107567668,0.3914590747330961,0.03578856959939003,0.10283137857913971,0.15665039045419507,0.7283882553229446,0.1636904761904762,0.0,1.0,0.0
BCS6__Cow_28_3083,Cow_28_3083,Cow_28,2,6,4,2,188,dataset\6\Cow_28_3083\f_188_rgb.jpg,dataset\6\Cow_28_3083\f_188_depth.npy,1,,5,174.69371032714844,174.99378967285156,0.6604029536247253,0.9114847234692595,0.7335066072961796,0.9169397093780564,1,head_neck_trunk,11.815677572367903,0.42139891926709083,0.4523809523809524,0.0299147367477417,0.11251527816057205,0.19477797835303706,0.7724883181443942,0.125,0.0,1.0,0.0
BCS6__Cow_28_3083,Cow_28_3083,Cow_28,2,6,4,2,189,dataset\6\Cow_28_3083\f_189_rgb.jpg,dataset\6\Cow_28_3083\f_189_depth.npy,1,,5,174.69371032714844,174.99378967285156,0.6604029536247253,0.9114847234692595,0.7335066072961796,0.9169397093780564,1,head_neck_trunk,11.815677572367903,0.42139891926709083,0.4523809523809524,0.0299147367477417,0.11251527816057205,0.19477797835303706,0.7724883181443942,0.125,0.0,1.0,0.0
BCS6__Cow_28_3083,Cow_28_3083,Cow_28,2,6,4,2,196,dataset\6\Cow_28_3083\f_196_rgb.jpg,dataset\6\Cow_28_3083\f_196_depth.npy,1,,9,172.99237060546875,173.11001586914062,0.5424588918685913,0.9551044993851708,0.9158476450711853,0.9636017488098383,0,trunk_dominant,9.349939587322027,0.004778045218159832,0.2261904761904762,0.009549242444336414,0.04245869815349579,0.3358135384709277,0.4251475960906211,0.0,0.0,1.0,1.0
BCS6__Cow_28_3083,Cow_28_3083,Cow_28,2,6,4,2,197,dataset\6\Cow_28_3083\f_197_rgb.jpg,dataset\6\Cow_28_3083\f_197_depth.npy,1,,9,172.99237060546875,173.11001586914062,0.5424588918685913,0.9551044993851708,0.9158476450711853,0.9636017488098383,0,trunk_dominant,9.349939587322027,0.004778045218159832,0.2261904761904762,0.009549242444336414,0.04245869815349579,0.3358135384709277,0.4251475960906211,0.0,0.0,1.0,1.0
BCS6__Cow_28_3083,Cow_28_3083,Cow_28,2,6,4,2,198,dataset\6\Cow_28_3083\f_198_rgb.jpg,dataset\6\Cow_28_3083\f_198_depth.npy,1,,5,172.4484405517578,172.81858825683594,1.2055424451828003,0.9553440548805244,0.8837430891303787,0.9710830013664027,0,trunk_dominant,8.831504378958215,0.03922430373413022,0.33630952380952384,0.0060139987617731094,0.016683097928762436,0.46582339316039423,0.421538696531769,0.0,0.0,1.0,1.0
BCS6__Cow_28_3083,Cow_28_3083,Cow_28,2,6,4,2,199,dataset\6\Cow_28_3083\f_199_rgb.jpg,dataset\6\Cow_28_3083\f_199_depth.npy,1,,5,172.4484405517578,172.81858825683594,1.2055424451828003,0.9553440548805244,0.8837430891303787,0.9710830013664027,0,trunk_dominant,8.831504378958215,0.03922430373413022,0.33630952380952384,0.0060139987617731094,0.016683097928762436,0.46582339316039423,0.421538696531769,0.0,0.0,1.0,1.0
BCS6__Cow_28_3083,Cow_28_3083,Cow_28,2,6,4,2,202,dataset\6\Cow_28_3083\f_202_rgb.jpg,dataset\6\Cow_28_3083\f_202_depth.npy,1,,7,174.0238494873047,173.94259643554688,0.5083357095718384,0.9341608258022555,0.7582209226468071,0.9496470857810855,1,trunk_head_neck_reversed,7.567870769628783,0.1832561080917401,0.3244047619047619,0.016906995326280594,0.05408693104982376,0.5630092975289037,0.3777162887606347,0.0,0.0,0.0,1.0
BCS6__Cow_28_3083,Cow_28_3083,Cow_28,2,6,4,2,203,dataset\6\Cow_28_3083\f_203_rgb.jpg,dataset\6\Cow_28_3083\f_203_depth.npy,1,,7,174.0238494873047,173.94259643554688,0.5083357095718384,0.9341608258022555,0.7582209226468071,0.9496470857810855,1,trunk_head_neck_reversed,7.567870769628783,0.1832561080917401,0.3244047619047619,0.016906995326280594,0.05408693104982376,0.5630092975289037,0.3777162887606347,0.0,0.0,0.0,1.0
BCS6__Cow_28_3083,Cow_28_3083,Cow_28,2,6,4,2,220,dataset\6\Cow_28_3083\f_220_rgb.jpg,dataset\6\Cow_28_3083\f_220_depth.npy,1,,3,173.31600952148438,173.2882080078125,0.5420757532119751,0.7402547500730434,0.7197708874069615,0.8625938637971695,3,trunk_head_neck_reversed,2.7120488191084036,0.11847156390268765,0.2633587786259542,0.008922926150262356,0.0328550860285759,0.5076885984369368,0.1274384765494172,0.0,0.22023809523809523,0.0,1.0
BCS6__Cow_28_3083,Cow_28_3083,Cow_28,2,6,4,2,221,dataset\6\Cow_28_3083\f_221_rgb.jpg,dataset\6\Cow_28_3083\f_221_depth.npy,1,,3,173.31600952148438,173.2882080078125,0.5420757532119751,0.7402547500730434,0.7197708874069615,0.8625938637971695,3,trunk_head_neck_reversed,2.7120488191084036,0.11847156390268765,0.2633587786259542,0.008922926150262356,0.0328550860285759,0.5076885984369368,0.1274384765494172,0.0,0.22023809523809523,0.0,1.0
BCS6__Cow_29_NOTAG,Cow_29_NOTAG,Cow_29,1,6,4,2,90,dataset\6\Cow_29_NOTAG\f_90_rgb.jpg,dataset\6\Cow_29_NOTAG\f_90_depth.npy,1,,9,168.5248565673828,168.6517791748047,1.7234578132629395,0.9648149464388748,0.9203140663339741,0.9782367550332947,0,head_neck_trunk,6.155864484732646,0.385446798635698,0.34523809523809523,0.010082163847982883,0.03364851698279381,0.16049010202772343,0.866926888937812,0.25,0.0,1.0,0.0
BCS6__Cow_29_NOTAG,Cow_29_NOTAG,Cow_29,1,6,4,2,91,dataset\6\Cow_29_NOTAG\f_91_rgb.jpg,dataset\6\Cow_29_NOTAG\f_91_depth.npy,1,,9,168.5248565673828,168.6517791748047,1.7234578132629395,0.9648149464388748,0.9203140663339741,0.9782367550332947,0,head_neck_trunk,6.155864484732646,0.385446798635698,0.34523809523809523,0.010082163847982883,0.03364851698279381,0.16049010202772343,0.866926888937812,0.25,0.0,1.0,0.0
BCS6__Cow_29_NOTAG,Cow_29_NOTAG,Cow_29,1,6,4,2,92,dataset\6\Cow_29_NOTAG\f_92_rgb.jpg,dataset\6\Cow_29_NOTAG\f_92_depth.npy,1,,9,169.68800354003906,169.9047393798828,1.1252400875091553,0.9809758476667336,0.855528322347891,0.9816623476005975,0,head_neck_trunk,5.774292139408729,0.4278755814868873,0.31868131868131866,0.012931336648762226,0.030566159635782242,0.142612246436267,0.8801597078748633,0.1875,0.0,1.0,0.0
BCS6__Cow_29_NOTAG,Cow_29_NOTAG,Cow_29,1,6,4,2,93,dataset\6\Cow_29_NOTAG\f_93_rgb.jpg,dataset\6\Cow_29_NOTAG\f_93_depth.npy,1,,9,169.68800354003906,169.9047393798828,1.1252400875091553,0.9809758476667336,0.855528322347891,0.9816623476005975,0,head_neck_trunk,5.774292139408729,0.4278755814868873,0.31868131868131866,0.012931336648762226,0.030566159635782242,0.142612246436267,0.8801597078748633,0.1875,0.0,1.0,0.0
BCS6__Cow_29_NOTAG,Cow_29_NOTAG,Cow_29,1,6,4,2,94,dataset\6\Cow_29_NOTAG\f_94_rgb.jpg,dataset\6\Cow_29_NOTAG\f_94_depth.npy,1,,7,170.3117218017578,170.1951141357422,1.291746973991394,0.9834823954657346,0.9559815356611091,0.9895500846699212,0,head_neck_trunk,5.243355031778719,0.19162910524806875,0.3848797250859107,0.019689997658133507,0.0876840278506279,0.15327842743511721,0.7940198794759611,0.13392857142857142,0.0,1.0,0.0
BCS6__Cow_29_NOTAG,Cow_29_NOTAG,Cow_29,1,6,4,2,95,dataset\6\Cow_29_NOTAG\f_95_rgb.jpg,dataset\6\Cow_29_NOTAG\f_95_depth.npy,1,,7,170.3117218017578,170.1951141357422,1.291746973991394,0.9834823954657346,0.9559815356611091,0.9895500846699212,0,head_neck_trunk,5.243355031778719,0.19162910524806875,0.3848797250859107,0.019689997658133507,0.0876840278506279,0.15327842743511721,0.7940198794759611,0.13392857142857142,0.0,1.0,0.0
BCS6__Cow_29_NOTAG,Cow_29_NOTAG,Cow_29,1,6,4,2,96,dataset\6\Cow_29_NOTAG\f_96_rgb.jpg,dataset\6\Cow_29_NOTAG\f_96_depth.npy,1,,9,170.8769989013672,170.0875701904297,2.050595283508301,0.9818663070202185,0.9726008964646564,0.9863621329803955,0,head_neck_trunk,5.049918001054465,0.0407065546260128,0.6773162939297125,0.034803856164216995,0.10161148011684418,0.19745631679725353,0.7560123010453264,0.06845238095238096,0.0,1.0,0.0
BCS6__Cow_29_NOTAG,Cow_29_NOTAG,Cow_29,1,6,4,2,97,dataset\6\Cow_29_NOTAG\f_97_rgb.jpg,dataset\6\Cow_29_NOTAG\f_97_depth.npy,1,,9,170.8769989013672,170.0875701904297,2.050595283508301,0.9818663070202185,0.9726008964646564,0.9863621329803955,0,head_neck_trunk,5.049918001054465,0.0407065546260128,0.6773162939297125,0.034803856164216995,0.10161148011684418,0.19745631679725353,0.7560123010453264,0.06845238095238096,0.0,1.0,0.0
BCS6__Cow_29_NOTAG,Cow_29_NOTAG,Cow_29,1,6,4,2,98,dataset\6\Cow_29_NOTAG\f_98_rgb.jpg,dataset\6\Cow_29_NOTAG\f_98_depth.npy,1,,9,169.5943603515625,169.48858642578125,1.436895489692688,0.987053675102364,0.9754834978101654,0.9894483581205524,0,head_neck_trunk,3.8567023490930126,0.00047959112509943225,0.6208955223880597,0.018901478499174118,0.09141828119754791,0.2855493845745816,0.5883391172786413,0.002976190476190476,0.0,1.0,0.0
BCS6__Cow_29_NOTAG,Cow_29_NOTAG,Cow_29,1,6,4,2,99,dataset\6\Cow_29_NOTAG\f_99_rgb.jpg,dataset\6\Cow_29_NOTAG\f_99_depth.npy,1,,9,169.5943603515625,169.48858642578125,1.436895489692688,0.987053675102364,0.9754834978101654,0.9894483581205524,0,head_neck_trunk,3.8567023490930126,0.00047959112509943225,0.6208955223880597,0.018901478499174118,0.09141828119754791,0.2855493845745816,0.5883391172786413,0.002976190476190476,0.0,1.0,0.0
BCS6__Cow_29_NOTAG,Cow_29_NOTAG,Cow_29,1,6,4,2,100,dataset\6\Cow_29_NOTAG\f_100_rgb.jpg,dataset\6\Cow_29_NOTAG\f_100_depth.npy,1,,9,170.1867218017578,169.94569396972656,2.1309640407562256,0.9832038273437542,0.9279750278663887,0.9869983000239984,0,head_neck_trunk,4.117053144258108,0.013213961076473879,0.5982142857142857,0.026906488463282585,0.10791157186031342,0.43609127113846613,0.5195275894657226,0.0,0.0,1.0,0.0
BCS6__Cow_29_NOTAG,Cow_29_NOTAG,Cow_29,1,6,4,2,101,dataset\6\Cow_29_NOTAG\f_101_rgb.jpg,dataset\6\Cow_29_NOTAG\f_101_depth.npy,1,,9,170.1867218017578,169.94569396972656,2.1309640407562256,0.9832038273437542,0.9279750278663887,0.9869983000239984,0,head_neck_trunk,4.117053144258108,0.013213961076473879,0.5982142857142857,0.026906488463282585,0.10791157186031342,0.43609127113846613,0.5195275894657226,0.0,0.0,1.0,0.0
BCS6__Cow_29_NOTAG,Cow_29_NOTAG,Cow_29,1,6,4,2,102,dataset\6\Cow_29_NOTAG\f_102_rgb.jpg,dataset\6\Cow_29_NOTAG\f_102_depth.npy,1,,9,166.18321228027344,166.63525390625,1.5501128435134888,0.9821899674714196,0.8843202933609053,0.9846520154783281,0,trunk_head_neck_reversed,3.643506371346888,0.0144726187971429,0.5982142857142857,0.02430260181427002,0.08282367140054703,0.559248562086052,0.41721120532288836,0.0,0.0,0.0,1.0
BCS6__Cow_29_NOTAG,Cow_29_NOTAG,Cow_29,1,6,4,2,103,dataset\6\Cow_29_NOTAG\f_103_rgb.jpg,dataset\6\Cow_29_NOTAG\f_103_depth.npy,1,,9,166.18321228027344,166.63525390625,1.5501128435134888,0.9821899674714196,0.8843202933609053,0.9846520154783281,0,trunk_head_neck_reversed,3.643506371346888,0.0144726187971429,0.5982142857142857,0.02430260181427002,0.08282367140054703,0.559248562086052,0.41721120532288836,0.0,0.0,0.0,1.0
BCS6__Cow_29_NOTAG,Cow_29_NOTAG,Cow_29,1,6,4,2,104,dataset\6\Cow_29_NOTAG\f_104_rgb.jpg,dataset\6\Cow_29_NOTAG\f_104_depth.npy,1,,9,167.19032287597656,167.0164337158203,1.6570004224777222,0.9820688332645521,0.9674737020224102,0.9830905607623687,0,trunk_head_neck_reversed,3.5682266069691195,0.002339331288737867,0.5625,0.032376281917095184,0.10403978079557419,0.7154324779320468,0.47113928952438944,0.0,0.0,0.0,1.0
BCS6__Cow_29_NOTAG,Cow_29_NOTAG,Cow_29,1,6,4,2,105,dataset\6\Cow_29_NOTAG\f_105_rgb.jpg,dataset\6\Cow_29_NOTAG\f_105_depth.npy,1,,9,167.19032287597656,167.0164337158203,1.6570004224777222,0.9820688332645521,0.9674737020224102,0.9830905607623687,0,trunk_head_neck_reversed,3.5682266069691195,0.002339331288737867,0.5625,0.032376281917095184,0.10403978079557419,0.7154324779320468,0.47113928952438944,0.0,0.0,0.0,1.0
BCS6__Cow_29_NOTAG,Cow_29_NOTAG,Cow_29,1,6,4,2,118,dataset\6\Cow_29_NOTAG\f_118_rgb.jpg,dataset\6\Cow_29_NOTAG\f_118_depth.npy,1,,7,171.41818237304688,171.2633514404297,0.7109998464584351,0.96947236931526,0.8985416061685081,0.982829326646805,0,trunk_dominant,3.8725078377929236,0.039290867883437386,0.31,0.0034971884451806545,0.018023578450083733,0.3999725495999965,0.1314034575658368,0.0,0.10714285714285714,1.0,1.0
BCS6__Cow_29_NOTAG,Cow_29_NOTAG,Cow_29,1,6,4,2,119,dataset\6\Cow_29_NOTAG\f_119_rgb.jpg,dataset\6\Cow_29_NOTAG\f_119_depth.npy,1,,7,171.41818237304688,171.2633514404297,0.7109998464584351,0.96947236931526,0.8985416061685081,0.982829326646805,0,trunk_dominant,3.8725078377929236,0.039290867883437386,0.31,0.0034971884451806545,0.018023578450083733,0.3999725495999965,0.1314034575658368,0.0,0.10714285714285714,1.0,1.0
BCS6__Cow_29_NOTAG,Cow_29_NOTAG,Cow_29,1,6,4,2,120,dataset\6\Cow_29_NOTAG\f_120_rgb.jpg,dataset\6\Cow_29_NOTAG\f_120_depth.npy,1,,5,172.02989196777344,172.03988647460938,0.47658491134643555,0.9652328354594047,0.8934601044229483,0.9740683205277745,0,trunk_dominant,3.128238284149475,0.04716771847164125,0.24113475177304963,0.01094904076308012,0.03831540048122406,0.4366593150232092,0.11797701250874319,0.0,0.16071428571428573,1.0,1.0
BCS6__Cow_29_NOTAG,Cow_29_NOTAG,Cow_29,1,6,4,2,121,dataset\6\Cow_29_NOTAG\f_121_rgb.jpg,dataset\6\Cow_29_NOTAG\f_121_depth.npy,1,,5,172.02989196777344,172.03988647460938,0.47658491134643555,0.9652328354594047,0.8934601044229483,0.9740683205277745,0,trunk_dominant,3.128238284149475,0.04716771847164125,0.24113475177304963,0.01094904076308012,0.03831540048122406,0.4366593150232092,0.11797701250874319,0.0,0.16071428571428573,1.0,1.0
BCS6__Cow_29_NOTAG,Cow_29_NOTAG,Cow_29,1,6,4,2,122,dataset\6\Cow_29_NOTAG\f_122_rgb.jpg,dataset\6\Cow_29_NOTAG\f_122_depth.npy,1,,3,170.11114501953125,170.22509765625,1.1862964630126953,0.9473327543508664,0.9079032811083838,0.9707911778474396,0,trunk_dominant,3.199980599901565,0.153984873266225,0.29056603773584905,0.014910205267369747,0.0784502774477005,0.5135775731163212,0.12833812332156685,0.0,0.2113095238095238,1.0,1.0
BCS6__Cow_29_NOTAG,Cow_29_NOTAG,Cow_29,1,6,4,2,123,dataset\6\Cow_29_NOTAG\f_123_rgb.jpg,dataset\6\Cow_29_NOTAG\f_123_depth.npy,1,,3,170.11114501953125,170.22509765625,1.1862964630126953,0.9473327543508664,0.9079032811083838,0.9707911778474396,0,trunk_dominant,3.199980599901565,0.153984873266225,0.29056603773584905,0.014910205267369747,0.0784502774477005,0.5135775731163212,0.12833812332156685,0.0,0.2113095238095238,1.0,1.0
BCS6__Cow_29_NOTAG,Cow_29_NOTAG,Cow_29,1,6,4,2,124,dataset\6\Cow_29_NOTAG\f_124_rgb.jpg,dataset\6\Cow_29_NOTAG\f_124_depth.npy,1,,9,169.24205017089844,169.3314208984375,0.4581947326660156,0.9777021575906256,0.890558277158097,0.9824737129516397,0,trunk_head_neck_reversed,3.088225876649034,0.19179141870273497,0.5138339920948617,0.010459170676767826,0.038222506642341614,0.6146430560506932,0.11480383159348287,0.0,0.24702380952380953,0.0,1.0
BCS6__Cow_29_NOTAG,Cow_29_NOTAG,Cow_29,1,6,4,2,125,dataset\6\Cow_29_NOTAG\f_125_rgb.jpg,dataset\6\Cow_29_NOTAG\f_125_depth.npy,1,,9,169.24205017089844,169.3314208984375,0.4581947326660156,0.9777021575906256,0.890558277158097,0.9824737129516397,0,trunk_head_neck_reversed,3.088225876649034,0.19179141870273497,0.5138339920948617,0.010459170676767826,0.038222506642341614,0.6146430560506932,0.11480383159348287,0.0,0.24702380952380953,0.0,1.0
BCS6__Cow_29_NOTAG,Cow_29_NOTAG,Cow_29,1,6,4,2,126,dataset\6\Cow_29_NOTAG\f_126_rgb.jpg,dataset\6\Cow_29_NOTAG\f_126_depth.npy,1,,9,170.23866271972656,170.26844787597656,1.1025725603103638,0.9411029438022459,0.7816536984927253,0.9685215277126891,1,trunk_head_neck_reversed,3.8825944977599107,0.2546840036707039,0.5170940170940171,0.011097520589828491,0.04379652813076973,0.7021318646552398,0.12770057264058263,0.0,0.30357142857142855,0.0,1.0
BCS6__Cow_29_NOTAG,Cow_29_NOTAG,Cow_29,1,6,4,2,127,dataset\6\Cow_29_NOTAG\f_127_rgb.jpg,dataset\6\Cow_29_NOTAG\f_127_depth.npy,1,,9,170.23866271972656,170.26844787597656,1.1025725603103638,0.9411029438022459,0.7816536984927253,0.9685215277126891,1,trunk_head_neck_reversed,3.8825944977599107,0.2546840036707039,0.5170940170940171,0.011097520589828491,0.04379652813076973,0.7021318646552398,0.12770057264058263,0.0,0.30357142857142855,0.0,1.0
BCS6__Cow_29_NOTAG,Cow_29_NOTAG,Cow_29,1,6,4,2,128,dataset\6\Cow_29_NOTAG\f_128_rgb.jpg,dataset\6\Cow_29_NOTAG\f_128_depth.npy,1,,7,170.74417114257812,170.5530548095703,1.7319669723510742,0.9694202564341231,0.8562481350696264,0.9821943599604678,0,trunk_head_neck_reversed,4.428459671599029,0.3181879091706179,0.48660714285714285,0.008618681691586971,0.02943643368780613,0.7287402216538053,0.09794377152525083,0.0,0.3333333333333333,0.0,1.0
BCS6__Cow_29_NOTAG,Cow_29_NOTAG,Cow_29,1,6,4,2,129,dataset\6\Cow_29_NOTAG\f_129_rgb.jpg,dataset\6\Cow_29_NOTAG\f_129_depth.npy,1,,7,170.74417114257812,170.5530548095703,1.7319669723510742,0.9694202564341231,0.8562481350696264,0.9821943599604678,0,trunk_head_neck_reversed,4.428459671599029,0.3181879091706179,0.48660714285714285,0.008618681691586971,0.02943643368780613,0.7287402216538053,0.09794377152525083,0.0,0.3333333333333333,0.0,1.0
BCS6__Cow_29_NOTAG,Cow_29_NOTAG,Cow_29,1,6,4,2,130,dataset\6\Cow_29_NOTAG\f_130_rgb.jpg,dataset\6\Cow_29_NOTAG\f_130_depth.npy,1,,5,171.9329071044922,171.74765014648438,1.3917338848114014,0.9542023690253877,0.7917524449311092,0.9708939727020887,1,trunk_head_neck_reversed,4.5333076663378336,0.3464041592789897,0.48792270531400966,0.007071435917168856,0.028642481192946434,0.7156637039219755,0.11133909513305698,0.0,0.38392857142857145,0.0,1.0
BCS6__Cow_29_NOTAG,Cow_29_NOTAG,Cow_29,1,6,4,2,131,dataset\6\Cow_29_NOTAG\f_131_rgb.jpg,dataset\6\Cow_29_NOTAG\f_131_depth.npy,1,,5,171.9329071044922,171.74765014648438,1.3917338848114014,0.9542023690253877,0.7917524449311092,0.9708939727020887,1,trunk_head_neck_reversed,4.5333076663378336,0.3464041592789897,0.48792270531400966,0.007071435917168856,0.028642481192946434,0.7156637039219755,0.11133909513305698,0.0,0.38392857142857145,0.0,1.0
BCS6__Cow_29_NOTAG,Cow_29_NOTAG,Cow_29,1,6,4,2,132,dataset\6\Cow_29_NOTAG\f_132_rgb.jpg,dataset\6\Cow_29_NOTAG\f_132_depth.npy,1,,7,173.46414184570312,173.2564697265625,1.1058814525604248,0.9089689441920022,0.14388105198849477,0.9516005901497742,1,trunk_head_neck_reversed,4.253258863208572,0.38664346740242195,0.538860103626943,0.011472297832369804,0.035284966230392456,0.6466536436544469,0.08644832179691382,0.0,0.4255952380952381,0.0,1.0
BCS6__Cow_29_NOTAG,Cow_29_NOTAG,Cow_29,1,6,4,2,133,dataset\6\Cow_29_NOTAG\f_133_rgb.jpg,dataset\6\Cow_29_NOTAG\f_133_depth.npy,1,,7,173.46414184570312,173.2564697265625,1.1058814525604248,0.9089689441920022,0.14388105198849477,0.9516005901497742,1,trunk_head_neck_reversed,4.253258863208572,0.38664346740242195,0.538860103626943,0.011472297832369804,0.035284966230392456,0.6466536436544469,0.08644832179691382,0.0,0.4255952380952381,0.0,1.0
BCS6__Cow_29_NOTAG,Cow_29_NOTAG,Cow_29,1,6,4,2,134,dataset\6\Cow_29_NOTAG\f_134_rgb.jpg,dataset\6\Cow_29_NOTAG\f_134_depth.npy,1,,4,169.18508911132812,169.4291229248047,1.2443745136260986,0.8968128839252423,0.8762079621650927,0.9333293849556364,0,trunk_head_neck_reversed,3.4539351001772047,0.5299589005056191,0.5,0.018782583996653557,0.05659878998994827,0.6835566972704579,0.09133996775527463,0.0,0.4642857142857143,0.0,1.0
BCS6__Cow_29_NOTAG,Cow_29_NOTAG,Cow_29,1,6,4,2,135,dataset\6\Cow_29_NOTAG\f_135_rgb.jpg,dataset\6\Cow_29_NOTAG\f_135_depth.npy,1,,4,169.18508911132812,169.4291229248047,1.2443745136260986,0.8968128839252423,0.8762079621650927,0.9333293849556364,0,trunk_head_neck_reversed,3.4539351001772047,0.5299589005056191,0.5,0.018782583996653557,0.05659878998994827,0.6835566972704579,0.09133996775527463,0.0,0.4642857142857143,0.0,1.0
BCS6__Cow_2_6006,Cow_2_6006,Cow_2,0,6,4,2,285,dataset\6\Cow_2_6006\f_285_rgb.jpg,dataset\6\Cow_2_6006\f_285_depth.npy,1,,3,170.20933532714844,160.2836456298828,19.264373779296875,0.47993420824213373,0.0069325644675322096,0.7209969714743261,2,head_neck_trunk,4.4060060086057575,0.12850797566602523,0.4186991869918699,0.018649723380804062,0.0706951767206192,0.19196584879587586,0.8272463512269753,0.26785714285714285,0.0,1.0,0.0
BCS6__Cow_2_6006,Cow_2_6006,Cow_2,0,6,4,2,286,dataset\6\Cow_2_6006\f_286_rgb.jpg,dataset\6\Cow_2_6006\f_286_depth.npy,1,,5,171.72181701660156,171.87783813476562,0.6217114925384521,0.9714474159412116,0.9050137485078279,0.9774730666771714,0,head_neck_trunk,4.689605659226757,0.1804826982570802,0.5361216730038023,0.020309297367930412,0.07261129468679428,0.21329089922884129,0.8281116699432101,0.21726190476190477,0.0,1.0,0.0
BCS6__Cow_2_6006,Cow_2_6006,Cow_2,0,6,4,2,287,dataset\6\Cow_2_6006\f_287_rgb.jpg,dataset\6\Cow_2_6006\f_287_depth.npy,1,,5,171.72181701660156,171.87783813476562,0.6217114925384521,0.9714474159412116,0.9050137485078279,0.9774730666771714,0,head_neck_trunk,4.689605659226757,0.1804826982570802,0.5361216730038023,0.020309297367930412,0.07261129468679428,0.21329089922884129,0.8281116699432101,0.21726190476190477,0.0,1.0,0.0
BCS6__Cow_2_6006,Cow_2_6006,Cow_2,0,6,4,2,288,dataset\6\Cow_2_6006\f_288_rgb.jpg,dataset\6\Cow_2_6006\f_288_depth.npy,1,,4,173.5761260986328,162.04409790039062,20.331899642944336,0.8862100429217328,0.475143560045876,0.9151477726441506,1,head_neck_trunk,4.920422726597465,0.2581755249024411,0.4411764705882353,0.03367806226015091,0.11984802782535553,0.23774903111533915,0.745379858005553,0.19047619047619047,0.0,1.0,0.0
BCS6__Cow_2_6006,Cow_2_6006,Cow_2,0,6,4,2,289,dataset\6\Cow_2_6006\f_289_rgb.jpg,dataset\6\Cow_2_6006\f_289_depth.npy,1,,4,173.5761260986328,162.04409790039062,20.331899642944336,0.8862100429217328,0.475143560045876,0.9151477726441506,1,head_neck_trunk,4.920422726597465,0.2581755249024411,0.4411764705882353,0.03367806226015091,0.11984802782535553,0.23774903111533915,0.745379858005553,0.19047619047619047,0.0,1.0,0.0
BCS6__Cow_2_6006,Cow_2_6006,Cow_2,0,6,4,2,290,dataset\6\Cow_2_6006\f_290_rgb.jpg,dataset\6\Cow_2_6006\f_290_depth.npy,1,,7,173.82723999023438,173.90321350097656,0.5212905406951904,0.9852649523835191,0.9048953813632747,0.9859085571793562,0,head_neck_trunk,6.423080839465953,0.1601325196019161,0.35135135135135137,0.021367991343140602,0.09471305459737778,0.23167645901201936,0.8368725208103568,0.11904761904761904,0.0,1.0,0.0
BCS6__Cow_2_6006,Cow_2_6006,Cow_2,0,6,4,2,291,dataset\6\Cow_2_6006\f_291_rgb.jpg,dataset\6\Cow_2_6006\f_291_depth.npy,1,,7,173.82723999023438,173.90321350097656,0.5212905406951904,0.9852649523835191,0.9048953813632747,0.9859085571793562,0,head_neck_trunk,6.423080839465953,0.1601325196019161,0.35135135135135137,0.021367991343140602,0.09471305459737778,0.23167645901201936,0.8368725208103568,0.11904761904761904,0.0,1.0,0.0
BCS6__Cow_2_6006,Cow_2_6006,Cow_2,0,6,4,2,292,dataset\6\Cow_2_6006\f_292_rgb.jpg,dataset\6\Cow_2_6006\f_292_depth.npy,1,,3,174.46969604492188,174.4181671142578,0.094524085521698,0.9673591150276,0.961464109945305,0.9745139734457093,0,head_neck_trunk,5.318422342042439,0.04745653216677681,0.3018867924528302,0.02503223530948162,0.07581619918346405,0.23609371762500161,0.6597610306083843,0.05357142857142857,0.0,1.0,0.0
BCS6__Cow_2_6006,Cow_2_6006,Cow_2,0,6,4,2,293,dataset\6\Cow_2_6006\f_293_rgb.jpg,dataset\6\Cow_2_6006\f_293_depth.npy,1,,3,174.46969604492188,174.4181671142578,0.094524085521698,0.9673591150276,0.961464109945305,0.9745139734457093,0,head_neck_trunk,5.318422342042439,0.04745653216677681,0.3018867924528302,0.02503223530948162,0.07581619918346405,0.23609371762500161,0.6597610306083843,0.05357142857142857,0.0,1.0,0.0
BCS6__Cow_2_6006,Cow_2_6006,Cow_2,0,6,4,2,294,dataset\6\Cow_2_6006\f_294_rgb.jpg,dataset\6\Cow_2_6006\f_294_depth.npy,1,,9,172.271728515625,172.88525390625,1.2962603569030762,0.9621722878189714,0.9232559048791182,0.9731625664700343,0,head_neck_trunk,5.132830052337923,0.022537543345933386,0.5744047619047619,0.06524478644132614,0.21136315166950226,0.30840617609961646,0.6248808928617025,0.0,0.0,1.0,0.0
BCS6__Cow_2_6006,Cow_2_6006,Cow_2,0,6,4,2,295,dataset\6\Cow_2_6006\f_295_rgb.jpg,dataset\6\Cow_2_6006\f_295_depth.npy,1,,9,172.271728515625,172.88525390625,1.2962603569030762,0.9621722878189714,0.9232559048791182,0.9731625664700343,0,head_neck_trunk,5.132830052337923,0.022537543345933386,0.5744047619047619,0.06524478644132614,0.21136315166950226,0.30840617609961646,0.6248808928617025,0.0,0.0,1.0,0.0
BCS6__Cow_2_6006,Cow_2_6006,Cow_2,0,6,4,2,296,dataset\6\Cow_2_6006\f_296_rgb.jpg,dataset\6\Cow_2_6006\f_296_depth.npy,1,,8,171.3061065673828,171.25489807128906,0.8214791417121887,0.9867840218773712,0.8602069097149528,0.9897165896938694,0,trunk_head_neck_reversed,5.264961717312019,0.0043886203870329155,0.5446428571428571,0.018539153039455414,0.06219610944390297,0.5726053771975848,0.4855931983245056,0.0,0.0,0.0,1.0
BCS6__Cow_2_6006,Cow_2_6006,Cow_2,0,6,4,2,297,dataset\6\Cow_2_6006\f_297_rgb.jpg,dataset\6\Cow_2_6006\f_297_depth.npy,1,,8,171.3061065673828,171.25489807128906,0.8214791417121887,0.9867840218773712,0.8602069097149528,0.9897165896938694,0,trunk_head_neck_reversed,5.264961717312019,0.0043886203870329155,0.5446428571428571,0.018539153039455414,0.06219610944390297,0.5726053771975848,0.4855931983245056,0.0,0.0,0.0,1.0
BCS6__Cow_2_6006,Cow_2_6006,Cow_2,0,6,4,2,298,dataset\6\Cow_2_6006\f_298_rgb.jpg,dataset\6\Cow_2_6006\f_298_depth.npy,1,,9,172.71128845214844,172.84323120117188,1.3599029779434204,0.9807845941301485,0.9564115583594093,0.9858017527647139,0,trunk_head_neck_reversed,4.683725844869258,0.04642499284908297,0.2916666666666667,0.025530798360705376,0.08636123687028885,0.7673503113782482,0.2606815911561888,0.0,0.0,0.0,1.0
BCS6__Cow_2_6006,Cow_2_6006,Cow_2,0,6,4,2,299,dataset\6\Cow_2_6006\f_299_rgb.jpg,dataset\6\Cow_2_6006\f_299_depth.npy,1,,9,172.71128845214844,172.84323120117188,1.3599029779434204,0.9807845941301485,0.9564115583594093,0.9858017527647139,0,trunk_head_neck_reversed,4.683725844869258,0.04642499284908297,0.2916666666666667,0.025530798360705376,0.08636123687028885,0.7673503113782482,0.2606815911561888,0.0,0.0,0.0,1.0
BCS6__Cow_2_6006,Cow_2_6006,Cow_2,0,6,4,2,300,dataset\6\Cow_2_6006\f_300_rgb.jpg,dataset\6\Cow_2_6006\f_300_depth.npy,1,,9,171.1408233642578,171.20396423339844,0.9154133200645447,0.9820326212279151,0.9367382794425776,0.9879492284871493,0,trunk_head_neck_reversed,5.692820212991393,0.049123860051992096,0.5792880258899676,0.0243174247443676,0.10144402086734772,0.8262704291226253,0.36514756023630685,0.0,0.08035714285714286,0.0,1.0
BCS6__Cow_2_6006,Cow_2_6006,Cow_2,0,6,4,2,301,dataset\6\Cow_2_6006\f_301_rgb.jpg,dataset\6\Cow_2_6006\f_301_depth.npy,1,,9,171.1408233642578,171.20396423339844,0.9154133200645447,0.9820326212279151,0.9367382794425776,0.9879492284871493,0,trunk_head_neck_reversed,5.692820212991393,0.049123860051992096,0.5792880258899676,0.0243174247443676,0.10144402086734772,0.8262704291226253,0.36514756023630685,0.0,0.08035714285714286,0.0,1.0
BCS6__Cow_2_6006,Cow_2_6006,Cow_2,0,6,4,2,302,dataset\6\Cow_2_6006\f_302_rgb.jpg,dataset\6\Cow_2_6006\f_302_depth.npy,1,,9,170.39520263671875,170.43177795410156,0.5661078095436096,0.9805120256882186,0.9416759826175175,0.9872675561767419,0,trunk_head_neck_reversed,5.962155533912366,0.12361647088529537,0.521594684385382,0.021451715379953384,0.09232863038778305,0.8490849967585838,0.3496080307241493,0.0,0.10416666666666667,0.0,1.0
BCS6__Cow_2_6006,Cow_2_6006,Cow_2,0,6,4,2,303,dataset\6\Cow_2_6006\f_303_rgb.jpg,dataset\6\Cow_2_6006\f_303_depth.npy,1,,9,170.39520263671875,170.43177795410156,0.5661078095436096,0.9805120256882186,0.9416759826175175,0.9872675561767419,0,trunk_head_neck_reversed,5.962155533912366,0.12361647088529537,0.521594684385382,0.021451715379953384,0.09232863038778305,0.8490849967585838,0.3496080307241493,0.0,0.10416666666666667,0.0,1.0
BCS6__Cow_2_6006,Cow_2_6006,Cow_2,0,6,4,2,304,dataset\6\Cow_2_6006\f_304_rgb.jpg,dataset\6\Cow_2_6006\f_304_depth.npy,1,,9,171.123291015625,171.0590057373047,1.4883105754852295,0.973130548425561,0.9591889273262723,0.9851348019932894,0,trunk_head_neck_reversed,4.34782495042829,0.14085091079068945,0.55,0.03984669968485832,0.12096384912729263,0.70667087277835,0.39185011313244855,0.0,0.10714285714285714,0.0,1.0
BCS6__Cow_2_6006,Cow_2_6006,Cow_2,0,6,4,2,305,dataset\6\Cow_2_6006\f_305_rgb.jpg,dataset\6\Cow_2_6006\f_305_depth.npy,1,,9,171.123291015625,171.0590057373047,1.4883105754852295,0.973130548425561,0.9591889273262723,0.9851348019932894,0,trunk_head_neck_reversed,4.34782495042829,0.14085091079068945,0.55,0.03984669968485832,0.12096384912729263,0.70667087277835,0.39185011313244855,0.0,0.10714285714285714,0.0,1.0
BCS6__Cow_2_6006,Cow_2_6006,Cow_2,0,6,4,2,306,dataset\6\Cow_2_6006\f_306_rgb.jpg,dataset\6\Cow_2_6006\f_306_depth.npy,1,,9,172.40994262695312,172.24273681640625,1.447373867034912,0.9647938398693197,0.9074002868644717,0.9790357017993956,0,trunk_head_neck_reversed,3.6483491610573537,0.042056535073839996,0.47766323024054985,0.03281160444021225,0.09318600594997406,0.6394679356099493,0.29875344930707126,0.0,0.13392857142857142,0.0,1.0
BCS6__Cow_2_6006,Cow_2_6006,Cow_2,0,6,4,2,307,dataset\6\Cow_2_6006\f_307_rgb.jpg,dataset\6\Cow_2_6006\f_307_depth.npy,1,,9,172.40994262695312,172.24273681640625,1.447373867034912,0.9647938398693197,0.9074002868644717,0.9790357017993956,0,trunk_head_neck_reversed,3.6483491610573537,0.042056535073839996,0.47766323024054985,0.03281160444021225,0.09318600594997406,0.6394679356099493,0.29875344930707126,0.0,0.13392857142857142,0.0,1.0
BCS6__Cow_2_6006,Cow_2_6006,Cow_2,0,6,4,2,308,dataset\6\Cow_2_6006\f_308_rgb.jpg,dataset\6\Cow_2_6006\f_308_depth.npy,1,,9,172.67808532714844,172.6346435546875,0.5960757732391357,0.9817381563362889,0.9029720503021228,0.9868365356876729,0,trunk_head_neck_reversed,3.2995090623455923,0.019235868841775527,0.3087719298245614,0.01397376973181963,0.052752356976270676,0.5740449935469781,0.19061303606493518,0.0,0.15178571428571427,0.0,1.0
BCS6__Cow_2_6006,Cow_2_6006,Cow_2,0,6,4,2,309,dataset\6\Cow_2_6006\f_309_rgb.jpg,dataset\6\Cow_2_6006\f_309_depth.npy,1,,9,172.67808532714844,172.6346435546875,0.5960757732391357,0.9817381563362889,0.9029720503021228,0.9868365356876729,0,trunk_head_neck_reversed,3.2995090623455923,0.019235868841775527,0.3087719298245614,0.01397376973181963,0.052752356976270676,0.5740449935469781,0.19061303606493518,0.0,0.15178571428571427,0.0,1.0
BCS6__Cow_2_6006,Cow_2_6006,Cow_2,0,6,4,2,310,dataset\6\Cow_2_6006\f_310_rgb.jpg,dataset\6\Cow_2_6006\f_310_depth.npy,1,,9,171.94204711914062,172.64830017089844,1.3113552331924438,0.9319190443233293,0.7458397043410183,0.9579732694559375,1,trunk_head_neck_reversed,2.568733913069451,0.03988072865568881,0.6022304832713755,0.01213927660137415,0.0457662008702755,0.6880551153447506,0.22201275258191225,0.0,0.19940476190476192,0.0,1.0
BCS6__Cow_2_6006,Cow_2_6006,Cow_2,0,6,4,2,311,dataset\6\Cow_2_6006\f_311_rgb.jpg,dataset\6\Cow_2_6006\f_311_depth.npy,1,,9,171.94204711914062,172.64830017089844,1.3113552331924438,0.9319190443233293,0.7458397043410183,0.9579732694559375,1,trunk_head_neck_reversed,2.568733913069451,0.03988072865568881,0.6022304832713755,0.01213927660137415,0.0457662008702755,0.6880551153447506,0.22201275258191225,0.0,0.19940476190476192,0.0,1.0
BCS6__Cow_2_6006,Cow_2_6006,Cow_2,0,6,4,2,312,dataset\6\Cow_2_6006\f_312_rgb.jpg,dataset\6\Cow_2_6006\f_312_depth.npy,1,,8,172.18832397460938,172.36451721191406,1.0767098665237427,0.9496627992333586,0.18963748647187795,0.9654180898141504,1,trunk_head_neck_reversed,2.0406299189720727,0.09916402868309149,0.564,0.005233044270426035,0.019217045977711678,0.6450334339856608,0.20810091387874805,0.0,0.25595238095238093,0.0,1.0
BCS6__Cow_2_6006,Cow_2_6006,Cow_2,0,6,4,2,313,dataset\6\Cow_2_6006\f_313_rgb.jpg,dataset\6\Cow_2_6006\f_313_depth.npy,1,,8,172.18832397460938,172.36451721191406,1.0767098665237427,0.9496627992333586,0.18963748647187795,0.9654180898141504,1,trunk_head_neck_reversed,2.0406299189720727,0.09916402868309149,0.564,0.005233044270426035,0.019217045977711678,0.6450334339856608,0.20810091387874805,0.0,0.25595238095238093,0.0,1.0
BCS6__Cow_2_6006,Cow_2_6006,Cow_2,0,6,4,2,314,dataset\6\Cow_2_6006\f_314_rgb.jpg,dataset\6\Cow_2_6006\f_314_depth.npy,1,,8,171.8700714111328,171.83245849609375,0.5753101706504822,0.9420223691665344,0.8705809693867903,0.9609619019386682,0,trunk_head_neck_reversed,2.595079824363978,0.13815626581816787,0.5641025641025641,0.014923316426575184,0.04850032553076744,0.7320940182249924,0.18533014875118153,0.0,0.30357142857142855,0.0,1.0
BCS6__Cow_2_6006,Cow_2_6006,Cow_2,0,6,4,2,315,dataset\6\Cow_2_6006\f_315_rgb.jpg,dataset\6\Cow_2_6006\f_315_depth.npy,1,,8,171.8700714111328,171.83245849609375,0.5753101706504822,0.9420223691665344,0.8705809693867903,0.9609619019386682,0,trunk_head_neck_reversed,2.595079824363978,0.13815626581816787,0.5641025641025641,0.014923316426575184,0.04850032553076744,0.7320940182249924,0.18533014875118153,0.0,0.30357142857142855,0.0,1.0
BCS6__Cow_32_34,Cow_32_34,Cow_32,0,6,4,2,136,dataset\6\Cow_32_34\f_136_rgb.jpg,dataset\6\Cow_32_34\f_136_depth.npy,1,,6,174.655517578125,174.4741668701172,0.7531835436820984,0.9004109832996694,0.6901861527844606,0.936690996635014,1,head_neck_trunk,4.657974662561628,0.02095197434115903,0.2791519434628975,0.04399218410253525,0.12771931290626526,0.23740701669983436,0.5836204527996547,0.15773809523809523,0.0,1.0,0.0
BCS6__Cow_32_34,Cow_32_34,Cow_32,0,6,4,2,137,dataset\6\Cow_32_34\f_137_rgb.jpg,dataset\6\Cow_32_34\f_137_depth.npy,1,,6,174.655517578125,174.4741668701172,0.7531835436820984,0.9004109832996694,0.6901861527844606,0.936690996635014,1,head_neck_trunk,4.657974662561628,0.02095197434115903,0.2791519434628975,0.04399218410253525,0.12771931290626526,0.23740701669983436,0.5836204527996547,0.15773809523809523,0.0,1.0,0.0
BCS6__Cow_32_34,Cow_32_34,Cow_32,0,6,4,2,144,dataset\6\Cow_32_34\f_144_rgb.jpg,dataset\6\Cow_32_34\f_144_depth.npy,1,,4,174.16537475585938,174.24102783203125,0.6393632888793945,0.8456139027431702,0.7298442661385158,0.9065959262780057,2,trunk_dominant,2.7710609562213193,0.015244572327119954,0.2588996763754045,0.06122508645057678,0.2171923965215683,0.2394817899003065,0.45083909177606846,0.08035714285714286,0.0,1.0,1.0
BCS6__Cow_32_34,Cow_32_34,Cow_32,0,6,4,2,145,dataset\6\Cow_32_34\f_145_rgb.jpg,dataset\6\Cow_32_34\f_145_depth.npy,1,,4,174.16537475585938,174.24102783203125,0.6393632888793945,0.8456139027431702,0.7298442661385158,0.9065959262780057,2,trunk_dominant,2.7710609562213193,0.015244572327119954,0.2588996763754045,0.06122508645057678,0.2171923965215683,0.2394817899003065,0.45083909177606846,0.08035714285714286,0.0,1.0,1.0
BCS6__Cow_32_34,Cow_32_34,Cow_32,0,6,4,2,178,dataset\6\Cow_32_34\f_178_rgb.jpg,dataset\6\Cow_32_34\f_178_depth.npy,1,,3,172.8438262939453,173.0838623046875,0.8745009303092957,0.8826514957479967,0.8660983723702695,0.9263585425226321,0,trunk_head_neck_reversed,-1.7678665963832145,0.0567119719524527,0.6137339055793991,0.014377818442881107,0.05007748678326607,0.5679783973542539,0.10847016052808668,0.0,0.30654761904761907,0.0,1.0
BCS6__Cow_32_34,Cow_32_34,Cow_32,0,6,4,2,179,dataset\6\Cow_32_34\f_179_rgb.jpg,dataset\6\Cow_32_34\f_179_depth.npy,1,,3,172.8438262939453,173.0838623046875,0.8745009303092957,0.8826514957479967,0.8660983723702695,0.9263585425226321,0,trunk_head_neck_reversed,-1.7678665963832145,0.0567119719524527,0.6137339055793991,0.014377818442881107,0.05007748678326607,0.5679783973542539,0.10847016052808668,0.0,0.30654761904761907,0.0,1.0
BCS6__Cow_32_34,Cow_32_34,Cow_32,0,6,4,2,180,dataset\6\Cow_32_34\f_180_rgb.jpg,dataset\6\Cow_32_34\f_180_depth.npy,1,,7,173.9688262939453,174.0113525390625,0.9507952332496643,0.9532089548449558,0.5055823508977206,0.9595714215519089,1,trunk_head_neck_reversed,-2.5026514923591208,0.010959518397413603,0.4608294930875576,0.031098220497369766,0.09305740147829056,0.6079275451968159,0.19196416589023219,0.0,0.3541666666666667,0.0,1.0
BCS6__Cow_35,Cow_35,Cow_35,1,6,4,2,0,dataset\6\Cow_35\f_0_rgb.jpg,dataset\6\Cow_35\f_0_depth.npy,1,,7,171.21624755859375,171.16714477539062,0.8505945801734924,0.9385656164432588,0.8682287915628746,0.9663360113097379,0,trunk_head_neck_reversed,-10.897216337673498,0.020197688324714136,0.3944099378881988,0.009696973487734795,0.04217999801039696,0.23891414182183535,0.16725821160476168,0.0,0.041666666666666664,0.0,1.0
BCS6__Cow_35,Cow_35,Cow_35,1,6,4,2,9,dataset\6\Cow_35\f_9_rgb.jpg,dataset\6\Cow_35\f_9_depth.npy,1,,9,173.1861114501953,173.2233123779297,0.4752996265888214,0.9773867427655398,0.9284754736949511,0.9840782085955393,0,trunk_head_neck_reversed,-10.828233263406503,0.01480804549832726,0.37202380952380953,0.006850821897387505,0.023074699565768242,0.2292484015876504,0.18436004971043132,0.0,0.0,0.0,1.0
BCS6__Cow_35,Cow_35,Cow_35,1,6,4,2,15,dataset\6\Cow_35\f_15_rgb.jpg,dataset\6\Cow_35\f_15_depth.npy,1,,8,172.3837432861328,172.45233154296875,0.4454234838485718,0.9576873750120429,0.9208607238330919,0.9690894096206306,0,trunk_head_neck_reversed,-10.78121212048869,0.11154829036840397,0.2976190476190476,0.011926600709557533,0.03336748853325844,0.22008659331037334,0.2811188862925688,0.0,0.0,0.0,1.0
BCS6__Cow_35,Cow_35,Cow_35,1,6,4,2,27,dataset\6\Cow_35\f_27_rgb.jpg,dataset\6\Cow_35\f_27_depth.npy,1,,4,174.08456420898438,174.06138610839844,0.28349989652633667,0.9708057878167033,0.9117917032271922,0.9796127417185565,0,trunk_head_neck_reversed,-9.18935500067552,0.004424784708888296,0.24702380952380953,0.012722785584628582,0.04837039113044739,0.14092640159536163,0.24274618461723727,0.0,0.0,0.0,1.0
BCS6__Cow_35,Cow_35,Cow_35,1,6,4,2,30,dataset\6\Cow_35\f_30_rgb.jpg,dataset\6\Cow_35\f_30_depth.npy,1,,7,172.73985290527344,172.71824645996094,0.2683347761631012,0.9804317276972923,0.9252155123929753,0.9867156023933874,0,trunk_head_neck_reversed,-9.184174661571987,0.032317773507315906,0.3125,0.012641559354960918,0.03860754892230034,0.17521839216672594,0.27578802116239504,0.0,0.0,0.0,1.0
BCS6__Cow_35,Cow_35,Cow_35,1,6,4,2,36,dataset\6\Cow_35\f_36_rgb.jpg,dataset\6\Cow_35\f_36_depth.npy,1,,4,174.11004638671875,174.10496520996094,0.042371321469545364,0.9208338467100702,0.8837274487990464,0.9528001631408249,0,trunk_head_neck_reversed,-8.432838974457482,0.018844570199092914,0.2619047619047619,0.006795843597501516,0.020483672618865967,0.11997189726799166,0.2173560474492723,0.0,0.0,0.0,1.0
BCS6__Cow_35,Cow_35,Cow_35,1,6,4,2,45,dataset\6\Cow_35\f_45_rgb.jpg,dataset\6\Cow_35\f_45_depth.npy,1,,8,173.3827362060547,173.47134399414062,0.5410948395729065,0.9418299292807453,0.8036411342862002,0.9640786644613799,0,trunk_head_neck_reversed,-6.665779096323135,0.026693738598439154,0.26785714285714285,0.018404722213745117,0.05298440903425217,0.12338015046321829,0.2104195966372109,0.0,0.0,0.0,1.0
BCS6__Cow_35,Cow_35,Cow_35,1,6,4,2,54,dataset\6\Cow_35\f_54_rgb.jpg,dataset\6\Cow_35\f_54_depth.npy,1,,7,173.20635986328125,173.1993408203125,0.4291304051876068,0.9471579814854975,0.9027949828816796,0.9495799450901425,0,trunk_head_neck_reversed,-4.405677688159642,0.05510231200928217,0.2648809523809524,0.008854825049638748,0.02360011823475361,0.10770632540534238,0.2756780761208335,0.0,0.0,0.0,1.0
BCS6__Cow_35,Cow_35,Cow_35,1,6,4,2,60,dataset\6\Cow_35\f_60_rgb.jpg,dataset\6\Cow_35\f_60_depth.npy,1,,5,172.7244415283203,172.86416625976562,0.32761940360069275,0.9343721770978306,0.918963001741737,0.9574763155173928,0,trunk_head_neck_reversed,-2.1021062178503342,0.0016527606077971768,0.32142857142857145,0.013987258076667786,0.035908814519643784,0.14281042598088797,0.335073225499099,0.0,0.0,0.0,1.0
BCS6__Cow_35,Cow_35,Cow_35,1,6,4,2,75,dataset\6\Cow_35\f_75_rgb.jpg,dataset\6\Cow_35\f_75_depth.npy,1,,6,172.77410888671875,172.92051696777344,0.52044278383255,0.9215050517215626,0.7746546550735338,0.9506215238364826,2,trunk_head_neck_reversed,-0.6075517555571537,0.004125957154528237,0.30357142857142855,0.0069109005853533745,0.029226915910840034,0.143181802611529,0.3753729625263116,0.0,0.0,0.0,1.0
BCS6__Cow_35,Cow_35,Cow_35,1,6,4,2,99,dataset\6\Cow_35\f_99_rgb.jpg,dataset\6\Cow_35\f_99_depth.npy,1,,7,173.60015869140625,173.839599609375,0.4868803024291992,0.9494782354611738,0.8790205703472748,0.9610521006434272,0,trunk_head_neck_reversed,-0.5907253378713762,0.003696180160716267,0.25297619047619047,0.012599823996424675,0.043528370559215546,0.09456236468301939,0.29032924532489096,0.0,0.0,0.0,1.0
BCS6__Cow_35,Cow_35,Cow_35,1,6,4,2,105,dataset\6\Cow_35\f_105_rgb.jpg,dataset\6\Cow_35\f_105_depth.npy,1,,5,172.37033081054688,172.3626251220703,0.21030773222446442,0.9844674415094952,0.9691287884148501,0.9890889316621108,0,trunk_head_neck_reversed,-1.1704170134248812,0.0058631069076398035,0.33035714285714285,0.018154572695493698,0.056180261075496674,0.1267778197907792,0.3795885532397962,0.0,0.0,0.0,1.0
BCS6__Cow_35,Cow_35,Cow_35,1,6,4,2,120,dataset\6\Cow_35\f_120_rgb.jpg,dataset\6\Cow_35\f_120_depth.npy,1,,5,172.8799285888672,172.8784942626953,0.2418958991765976,0.9683993496775304,0.9056773242949105,0.9787574748940291,0,trunk_head_neck_reversed,-1.659733463670392,0.0009086121583550266,0.32142857142857145,0.013461096212267876,0.035838671028614044,0.1519948852220432,0.34759119222084894,0.0,0.0,0.0,1.0
BCS6__Cow_35,Cow_35,Cow_35,1,6,4,2,135,dataset\6\Cow_35\f_135_rgb.jpg,dataset\6\Cow_35\f_135_depth.npy,1,,5,173.321533203125,173.16213989257812,0.9462850093841553,0.9518386042636785,0.927791295135056,0.9662084237454434,0,trunk_head_neck_reversed,-1.7947034137087599,0.006357515514409329,0.24702380952380953,0.010770508088171482,0.03672176972031593,0.10116909929947393,0.2594151678609298,0.0,0.0,0.0,1.0
BCS6__Cow_35,Cow_35,Cow_35,1,6,4,2,144,dataset\6\Cow_35\f_144_rgb.jpg,dataset\6\Cow_35\f_144_depth.npy,1,,4,173.65838623046875,173.65884399414062,0.44309866428375244,0.9685427888174305,0.8964184707614241,0.974979449615907,0,trunk_head_neck_reversed,-1.7727755957540836,0.01071464468752481,0.24702380952380953,0.012562482617795467,0.04043060913681984,0.09788128573819534,0.2707154715385956,0.0,0.0,0.0,1.0
BCS6__Cow_35,Cow_35,Cow_35,1,6,4,2,150,dataset\6\Cow_35\f_150_rgb.jpg,dataset\6\Cow_35\f_150_depth.npy,1,,8,172.64808654785156,172.82415771484375,0.6403550505638123,0.9652174958536539,0.913185638741767,0.9697851592573155,0,trunk_head_neck_reversed,-1.9298302446129014,0.025928409250326467,0.28869047619047616,0.008267676457762718,0.03242136910557747,0.14347560646080323,0.3328799204370772,0.0,0.0,0.0,1.0
BCS6__Cow_35,Cow_35,Cow_35,1,6,4,2,153,dataset\6\Cow_35\f_153_rgb.jpg,dataset\6\Cow_35\f_153_depth.npy,1,,4,172.46786499023438,172.47067260742188,0.11467655003070831,0.9772942623834348,0.9604555906680494,0.9845221039997871,0,trunk_head_neck_reversed,-1.7842507694923455,0.011463958331077606,0.2708333333333333,0.017088672146201134,0.05082089081406593,0.10034766754248907,0.26510283058536577,0.0,0.0,0.0,1.0
BCS6__Cow_35,Cow_35,Cow_35,1,6,4,2,165,dataset\6\Cow_35\f_165_rgb.jpg,dataset\6\Cow_35\f_165_depth.npy,1,,5,172.33551025390625,172.33197021484375,0.8049384951591492,0.9759917410773481,0.9489165439672707,0.9865422144069553,0,trunk_head_neck_reversed,-0.469545388638295,0.036131500754265744,0.2976190476190476,0.012904277071356773,0.032322727143764496,0.14348140294893633,0.3413237155228019,0.0,0.0,0.0,1.0
BCS6__Cow_35,Cow_35,Cow_35,1,6,4,2,180,dataset\6\Cow_35\f_180_rgb.jpg,dataset\6\Cow_35\f_180_depth.npy,1,,4,173.89825439453125,173.7451171875,0.4997486174106598,0.9353094471869724,0.8565891823184706,0.9481694000628518,0,trunk_head_neck_reversed,-0.5818280412116508,0.00020956035004360274,0.2261904761904762,0.006236652843654156,0.023565124720335007,0.07241381728134054,0.29907246843083063,0.0,0.0,0.0,1.0
BCS6__Cow_35,Cow_35,Cow_35,1,6,4,2,195,dataset\6\Cow_35\f_195_rgb.jpg,dataset\6\Cow_35\f_195_depth.npy,1,,4,173.706787109375,173.6513671875,0.19012907147407532,0.9621684611287016,0.9177986142761394,0.9737304112243927,0,trunk_head_neck_reversed,0.022293245382243754,0.022293245382243754,0.29464285714285715,0.007996254600584507,0.025811919942498207,0.146135278373663,0.33526350108312813,0.0,0.0,0.0,1.0
BCS6__Cow_35,Cow_35,Cow_35,1,6,4,2,210,dataset\6\Cow_35\f_210_rgb.jpg,dataset\6\Cow_35\f_210_depth.npy,1,,5,173.0955810546875,172.92807006835938,0.5499227643013,0.9320954860938712,0.9168329518505978,0.9471621467207825,0,trunk_head_neck_reversed,1.479264300993492,0.010075705248254962,0.2857142857142857,0.010200092568993568,0.03575355187058449,0.14062164515697329,0.3357490361511479,0.0,0.0,0.0,1.0
BCS6__Cow_35,Cow_35,Cow_35,1,6,4,2,240,dataset\6\Cow_35\f_240_rgb.jpg,dataset\6\Cow_35\f_240_depth.npy,1,,5,173.1280517578125,172.924072265625,0.8921521306037903,0.9329584416597065,0.8777446550923974,0.9576603355365889,0,trunk_head_neck_reversed,2.1065595587147072,0.005976360579523998,0.25595238095238093,0.0109648946672678,0.03549569100141525,0.14875922592775692,0.31017466396805277,0.0,0.0,0.0,1.0
BCS6__Cow_35,Cow_35,Cow_35,1,6,4,2,255,dataset\6\Cow_35\f_255_rgb.jpg,dataset\6\Cow_35\f_255_depth.npy,1,,3,173.10635375976562,172.8974609375,0.3914358913898468,0.9562218475518813,0.9218290788446568,0.9615396950122765,0,trunk_head_neck_reversed,2.216677365011563,0.0008934332049932436,0.25892857142857145,0.010698484256863594,0.03564678505063057,0.15733382563872783,0.3229131857087254,0.0,0.0,0.0,1.0
BCS6__Cow_35,Cow_35,Cow_35,1,6,4,2,261,dataset\6\Cow_35\f_261_rgb.jpg,dataset\6\Cow_35\f_261_depth.npy,1,,3,173.66110229492188,173.64013671875,0.5592142939567566,0.9804978531982487,0.9783325767428847,0.9863642688258627,0,trunk_head_neck_reversed,1.9902065862433744,0.009428929718907852,0.22916666666666666,0.021497849375009537,0.07114501297473907,0.10231330449547618,0.2915839145503419,0.0,0.0,0.0,1.0
BCS6__Cow_36,Cow_36,Cow_36,0,6,4,2,75,dataset\6\Cow_36\f_75_rgb.jpg,dataset\6\Cow_36\f_75_depth.npy,1,,9,171.40750122070312,171.38198852539062,0.8427757620811462,0.9540880011349261,0.8976476478736667,0.9729643685602725,0,entry_or_trunk_with_rump,-6.875359462572831,0.01259002123580899,0.3601190476190476,0.0127647016197443,0.042553480714559555,0.25062181751845086,0.7022403064599302,0.0,0.0,0.0,0.0
BCS6__Cow_36,Cow_36,Cow_36,0,6,4,2,87,dataset\6\Cow_36\f_87_rgb.jpg,dataset\6\Cow_36\f_87_depth.npy,1,,8,170.25564575195312,170.00161743164062,0.6774112582206726,0.9069011970207639,0.8548463208757051,0.942292285737673,0,head_neck_trunk,-9.92633349423025,0.04445795850041634,0.4494047619047619,0.017201479524374008,0.049026008695364,0.47722211538609594,0.6935715712837806,0.0,0.0,1.0,0.0
BCS6__Cow_36,Cow_36,Cow_36,0,6,4,2,90,dataset\6\Cow_36\f_90_rgb.jpg,dataset\6\Cow_36\f_90_depth.npy,1,,9,169.46971130371094,169.80722045898438,1.1173409223556519,0.9822162867688659,0.9257683649914803,0.985891151895436,0,head_neck_trunk,-9.532878540244454,0.10592104796019441,0.8392857142857143,0.014545525424182415,0.05662018433213234,0.5056518735284834,0.818222194320701,0.0,0.0,1.0,0.0
BCS6__Cow_36,Cow_36,Cow_36,0,6,4,2,99,dataset\6\Cow_36\f_99_rgb.jpg,dataset\6\Cow_36\f_99_depth.npy,1,,7,172.1510009765625,172.33168029785156,0.6383203268051147,0.9531590347434807,0.7745773535100481,0.9738271994146843,1,entry_or_trunk_with_rump,-8.583480853922396,0.11422005461865581,0.4375,0.013845977373421192,0.03725492209196091,0.5528490878562612,0.8220657394231363,0.0,0.0,0.0,0.0
BCS6__Cow_36,Cow_36,Cow_36,0,6,4,2,105,dataset\6\Cow_36\f_105_rgb.jpg,dataset\6\Cow_36\f_105_depth.npy,1,,6,173.07223510742188,173.38531494140625,0.7010104060173035,0.9462348801183236,0.8977663401751238,0.9591865195592755,0,head_neck_trunk,-7.766300153618118,0.1601835173100028,0.4255952380952381,0.010506360791623592,0.03859135881066322,0.5290820795567077,0.7913837130485909,0.0,0.0,1.0,0.0
BCS6__Cow_36,Cow_36,Cow_36,0,6,4,2,111,dataset\6\Cow_36\f_111_rgb.jpg,dataset\6\Cow_36\f_111_depth.npy,1,,7,170.94947814941406,170.7353973388672,0.4140997529029846,0.929565155628879,0.8948311350390529,0.9409809152511519,0,entry_or_trunk_with_rump,-6.923992248603113,0.1430369580666735,0.36904761904761907,0.006807948928326368,0.027180569246411324,0.5827991593011579,0.7955567048673435,0.0,0.0,0.0,0.0
BCS6__Cow_36,Cow_36,Cow_36,0,6,4,2,120,dataset\6\Cow_36\f_120_rgb.jpg,dataset\6\Cow_36\f_120_depth.npy,1,,5,173.76910400390625,173.673828125,0.5635958909988403,0.9470461149834652,0.8092624766762462,0.9537282365211763,0,head_neck_trunk,-5.6404747145837035,0.14091715546248906,0.41369047619047616,0.00476160878315568,0.02002076245844364,0.5386769993474319,0.848575101480865,0.0,0.0,1.0,0.0
BCS6__Cow_36,Cow_36,Cow_36,0,6,4,2,123,dataset\6\Cow_36\f_123_rgb.jpg,dataset\6\Cow_36\f_123_depth.npy,1,,8,170.98072814941406,171.38308715820312,1.1575431823730469,0.9494083102052744,0.779971853057703,0.9625214590423219,1,head_neck_trunk,-5.580540333837064,0.09446221192237658,0.33630952380952384,0.007857108488678932,0.03238552063703537,0.4999245934369016,0.810368899385386,0.0,0.0,1.0,0.0
BCS6__Cow_36,Cow_36,Cow_36,0,6,4,2,150,dataset\6\Cow_36\f_150_rgb.jpg,dataset\6\Cow_36\f_150_depth.npy,1,,4,173.17291259765625,173.16619873046875,0.12314014136791229,0.8816648348536703,0.7612119481860409,0.9250231470237116,1,head_neck_trunk,-4.053285083251353,0.2212450976592777,0.2916666666666667,0.0036813586484640837,0.012771728448569775,0.3346819294173471,0.8337537389219496,0.0,0.0,1.0,0.0
BCS6__Cow_36,Cow_36,Cow_36,0,6,4,2,165,dataset\6\Cow_36\f_165_rgb.jpg,dataset\6\Cow_36\f_165_depth.npy,1,,7,173.15386962890625,173.09103393554688,0.2619650661945343,0.9484136396150955,0.8729135344950698,0.9567607343277581,0,head_neck_trunk,-8.450593532281971,0.23077082506911495,0.38095238095238093,0.009151061996817589,0.032579053193330765,0.375418489041104,0.8086930756944266,0.0,0.0,1.0,0.0
BCS6__Cow_36,Cow_36,Cow_36,0,6,4,2,171,dataset\6\Cow_36\f_171_rgb.jpg,dataset\6\Cow_36\f_171_depth.npy,1,,9,171.66517639160156,171.55601501464844,0.49470657110214233,0.967209776345283,0.6927543216260449,0.9750550280339152,3,head_neck_trunk,-8.481064314975413,0.10699075139804393,0.3273809523809524,0.010792666114866734,0.03394884988665581,0.45672237033928004,0.803224516798536,0.0,0.0,1.0,0.0
BCS6__Cow_36,Cow_36,Cow_36,0,6,4,2,180,dataset\6\Cow_36\f_180_rgb.jpg,dataset\6\Cow_36\f_180_depth.npy,1,,9,173.08340454101562,173.0089111328125,0.5661038756370544,0.9775742511584193,0.8628914876800521,0.9804174785236468,0,head_neck_trunk,-7.856582107615225,0.16402722415458015,0.3482142857142857,0.008966530673205853,0.03318127989768982,0.44109026246588434,0.8165808243611027,0.0,0.0,1.0,0.0
BCS6__Cow_36,Cow_36,Cow_36,0,6,4,2,183,dataset\6\Cow_36\f_183_rgb.jpg,dataset\6\Cow_36\f_183_depth.npy,1,,9,171.7647705078125,171.70480346679688,0.24542365968227386,0.9566858646020967,0.5240610263188221,0.9748754454120742,2,head_neck_trunk,-7.977482413860685,0.09788581907106675,0.31547619047619047,0.008311009034514427,0.033401794731616974,0.4546104016371059,0.8057068103073126,0.0,0.0,1.0,0.0
BCS6__Cow_36,Cow_36,Cow_36,0,6,4,2,195,dataset\6\Cow_36\f_195_rgb.jpg,dataset\6\Cow_36\f_195_depth.npy,1,,8,172.6304473876953,172.64744567871094,0.3849368691444397,0.9188684325747193,0.3945051719112108,0.9499189038067083,1,head_neck_trunk,-6.2177143068892775,0.06751531521486243,0.3482142857142857,0.004639436025172472,0.016754426062107086,0.513528216995151,0.8264462795076848,0.0,0.0,1.0,0.0
BCS6__Cow_36,Cow_36,Cow_36,0,6,4,2,207,dataset\6\Cow_36\f_207_rgb.jpg,dataset\6\Cow_36\f_207_depth.npy,1,,7,172.0136260986328,171.91281127929688,0.27663758397102356,0.8915142395833933,0.6363836218810095,0.9225291127194757,2,entry_or_trunk_with_rump,-6.690053417453456,0.14135766332221067,0.3273809523809524,0.00572002911940217,0.022129036486148834,0.5556809721944195,0.771325877375467,0.0,0.0,0.0,0.0
BCS6__Cow_36,Cow_36,Cow_36,0,6,4,2,219,dataset\6\Cow_36\f_219_rgb.jpg,dataset\6\Cow_36\f_219_depth.npy,1,,8,171.8424835205078,171.76942443847656,0.6484144926071167,0.9348912364111519,0.5237602197933232,0.9617247332739934,2,head_neck_trunk,-5.8920651765983365,0.05955938332019173,0.31547619047619047,0.0034011220559477806,0.010996521450579166,0.5364039474527893,0.7909206126825828,0.0,0.0,1.0,0.0
BCS6__Cow_36,Cow_36,Cow_36,0,6,4,2,225,dataset\6\Cow_36\f_225_rgb.jpg,dataset\6\Cow_36\f_225_depth.npy,1,,6,173.0960693359375,172.9682159423828,0.3476669192314148,0.9591587684699057,0.8212125802490602,0.9723458536312788,0,head_neck_trunk,-4.558260599880811,0.10878852225597768,0.24702380952380953,0.008465282618999481,0.031877897679805756,0.46507451397911875,0.8229344821975713,0.0,0.0,1.0,0.0
BCS6__Cow_36,Cow_36,Cow_36,0,6,4,2,231,dataset\6\Cow_36\f_231_rgb.jpg,dataset\6\Cow_36\f_231_depth.npy,1,,9,170.80783081054688,170.97332763671875,0.5164065361022949,0.9683960231080534,0.7157181628336242,0.9739935435646635,2,head_neck_trunk,-4.7178383984061725,0.07181287394689662,0.30952380952380953,0.007394732441753149,0.021985355764627457,0.464442196908983,0.8450515536942997,0.0,0.0,1.0,0.0
BCS6__Cow_36,Cow_36,Cow_36,0,6,4,2,240,dataset\6\Cow_36\f_240_rgb.jpg,dataset\6\Cow_36\f_240_depth.npy,1,,7,173.1632080078125,173.12107849121094,0.47259512543678284,0.9388787624467196,0.8722780857489221,0.962759687231113,0,head_neck_trunk,-5.167459083060024,0.10684864027763297,0.3898809523809524,0.0074020572938025,0.02851676195859909,0.3872692017974004,0.8545514248620968,0.0,0.0,1.0,0.0
BCS6__Cow_36,Cow_36,Cow_36,0,6,4,2,243,dataset\6\Cow_36\f_243_rgb.jpg,dataset\6\Cow_36\f_243_depth.npy,1,,8,170.93637084960938,171.2238006591797,0.8888084292411804,0.9598214134639522,0.7506159703107783,0.9715448168491752,2,head_neck_trunk,-5.301470755857807,0.06443226214913977,0.3273809523809524,0.007101059891283512,0.027219215407967567,0.398337869131879,0.827889536524641,0.0,0.0,1.0,0.0
BCS6__Cow_36,Cow_36,Cow_36,0,6,4,2,255,dataset\6\Cow_36\f_255_rgb.jpg,dataset\6\Cow_36\f_255_depth.npy,1,,9,171.5157012939453,171.75526428222656,0.8684632182121277,0.979922868076383,0.7470351699229801,0.983845293218209,1,head_neck_trunk,-5.090741115396725,0.043504962670766645,0.33035714285714285,0.00849204696714878,0.03796969726681709,0.40491274390114373,0.8197122983504356,0.0,0.0,1.0,0.0
BCS6__Cow_36,Cow_36,Cow_36,0,6,4,2,267,dataset\6\Cow_36\f_267_rgb.jpg,dataset\6\Cow_36\f_267_depth.npy,1,,8,172.15884399414062,172.10047912597656,0.28897204995155334,0.9704073518435203,0.8271832796148153,0.9787768339745528,0,head_neck_trunk,-5.399913566932938,0.047761876136178216,0.3333333333333333,0.008728740736842155,0.0337911956012249,0.4476908277328714,0.8220381545029889,0.0,0.0,1.0,0.0
BCS6__Cow_36,Cow_36,Cow_36,0,6,4,2,270,dataset\6\Cow_36\f_270_rgb.jpg,dataset\6\Cow_36\f_270_depth.npy,1,,8,173.31277465820312,173.22825622558594,0.5144749283790588,0.9586478165388319,0.6396134877823207,0.9664888535826701,2,head_neck_trunk,-5.41802118935442,0.09552276444377128,0.34226190476190477,0.00511087104678154,0.01849432848393917,0.4254706950938643,0.8391173773711297,0.0,0.0,1.0,0.0
BCS6__Cow_36,Cow_36,Cow_36,0,6,4,2,279,dataset\6\Cow_36\f_279_rgb.jpg,dataset\6\Cow_36\f_279_depth.npy,1,,8,171.87628173828125,171.53683471679688,0.7242858409881592,0.9519453561229411,0.8457013994337071,0.9671091473632158,0,head_neck_trunk,-5.567578348623101,0.07585374429702085,0.33630952380952384,0.008185580372810364,0.03344956412911415,0.4624317150386641,0.8440362531384684,0.0,0.0,1.0,0.0
BCS6__Cow_36,Cow_36,Cow_36,0,6,4,2,285,dataset\6\Cow_36\f_285_rgb.jpg,dataset\6\Cow_36\f_285_depth.npy,1,,7,173.12425231933594,173.05125427246094,0.42645424604415894,0.9789030487264286,0.8623412918717046,0.983118641842323,0,head_neck_trunk,-5.5595384159202155,0.10520187358213207,0.3482142857142857,0.0032964672427624464,0.013696195557713509,0.35377874951224175,0.8278513202248475,0.0,0.0,1.0,0.0
BCS6__Cow_36,Cow_36,Cow_36,0,6,4,2,291,dataset\6\Cow_36\f_291_rgb.jpg,dataset\6\Cow_36\f_291_depth.npy,1,,3,174.02137756347656,174.0139617919922,0.31040433049201965,0.8978420413419981,0.8884893099874533,0.9367981577126447,0,head_neck_trunk,-5.179697677668557,0.10648656156985226,0.3125,0.01334275770932436,0.037062570452690125,0.2953767654357458,0.8417767536389741,0.0,0.0,1.0,0.0
BCS6__Cow_36,Cow_36,Cow_36,0,6,4,2,327,dataset\6\Cow_36\f_327_rgb.jpg,dataset\6\Cow_36\f_327_depth.npy,1,,3,174.0637969970703,174.1187286376953,0.08105629682540894,0.7911323817462402,0.6957382480173769,0.8770056291606789,2,head_neck_trunk,-3.1740935464265903,0.07647268553809283,0.2215568862275449,0.010294405743479729,0.03774768486618996,0.24211346352867524,0.8190743630295982,0.005952380952380952,0.0,1.0,0.0
BCS6__Cow_36,Cow_36,Cow_36,0,6,4,2,330,dataset\6\Cow_36\f_330_rgb.jpg,dataset\6\Cow_36\f_330_depth.npy,1,,7,172.55953979492188,172.94309997558594,0.7703913450241089,0.9555482590885256,0.8697814409162561,0.9716768320387965,0,head_neck_trunk,-2.6382135757710046,0.06085563915607395,0.26785714285714285,0.0066889142617583275,0.02145579643547535,0.27412005660370986,0.8485367909664463,0.0,0.0,1.0,0.0
BCS6__Cow_36,Cow_36,Cow_36,0,6,4,2,339,dataset\6\Cow_36\f_339_rgb.jpg,dataset\6\Cow_36\f_339_depth.npy,1,,8,174.39859008789062,174.45631408691406,0.4369770288467407,0.86811877143204,0.8054587552494494,0.8995988001602332,0,head_neck_trunk,-3.179311495364587,0.07052261308926688,0.22321428571428573,0.006861116271466017,0.01928747445344925,0.3584232420458411,0.8123136796624532,0.0,0.0,1.0,0.0
BCS6__Cow_36,Cow_36,Cow_36,0,6,4,2,345,dataset\6\Cow_36\f_345_rgb.jpg,dataset\6\Cow_36\f_345_depth.npy,1,,6,172.31625366210938,172.24755859375,0.3715440332889557,0.9706249532294164,0.9096299229687684,0.9818703442181864,0,head_neck_trunk,-3.4722496144996597,0.10757519650728398,0.24404761904761904,0.0039540925063192844,0.013270321302115917,0.4200870571194132,0.8279952088038596,0.0,0.0,1.0,0.0
BCS6__Cow_36,Cow_36,Cow_36,0,6,4,2,351,dataset\6\Cow_36\f_351_rgb.jpg,dataset\6\Cow_36\f_351_depth.npy,1,,6,173.0873565673828,172.95701599121094,1.131208062171936,0.9248702008940765,0.8623084112775157,0.9564916775533094,0,head_neck_trunk,-3.31695618684725,0.06456012963862179,0.3392857142857143,0.0060524060390889645,0.027524542063474655,0.5487275802894763,0.8547774574240337,0.0,0.0,1.0,0.0
BCS6__Cow_36,Cow_36,Cow_36,0,6,4,2,363,dataset\6\Cow_36\f_363_rgb.jpg,dataset\6\Cow_36\f_363_depth.npy,1,,5,172.62745666503906,172.51034545898438,0.3332959711551666,0.9581638797591354,0.9398741664866438,0.9736859119933924,0,head_neck_trunk,-3.9616233579853173,0.05421317727331143,0.25595238095238093,0.007164628244936466,0.024515267461538315,0.5240919618309227,0.77762934617631,0.0,0.0,1.0,0.0
BCS6__Cow_36,Cow_36,Cow_36,0,6,4,2,375,dataset\6\Cow_36\f_375_rgb.jpg,dataset\6\Cow_36\f_375_depth.npy,1,,8,172.15249633789062,172.08474731445312,0.762348473072052,0.9601437302751026,0.8759375856612082,0.9681024241995029,0,head_neck_trunk,-5.109207242504482,0.08044193044737824,0.2708333333333333,0.0043704574927687645,0.010060856118798256,0.5143832611597662,0.7891040368595038,0.0,0.0,1.0,0.0
BCS6__Cow_36,Cow_36,Cow_36,0,6,4,2,387,dataset\6\Cow_36\f_387_rgb.jpg,dataset\6\Cow_36\f_387_depth.npy,1,,8,172.64910888671875,172.73178100585938,0.5408158302307129,0.9266763291647641,0.8640015596109706,0.9576165720200347,0,head_neck_trunk,-4.392503331156078,0.06402849196497584,0.3125,0.008084425702691078,0.03772884979844093,0.4836381224469263,0.8236136335843711,0.0,0.0,1.0,0.0
BCS6__Cow_36,Cow_36,Cow_36,0,6,4,2,390,dataset\6\Cow_36\f_390_rgb.jpg,dataset\6\Cow_36\f_390_depth.npy,1,,5,173.1732940673828,173.48582458496094,0.6661694645881653,0.6038662155277363,0.23157998054082252,0.7911672178678212,3,head_neck_trunk,-5.350852168126892,0.14225545896943004,0.2648809523809524,0.009438521228730679,0.031568702310323715,0.44072764955795724,0.8242530596709879,0.0,0.0,1.0,0.0
BCS6__Cow_36,Cow_36,Cow_36,0,6,4,2,399,dataset\6\Cow_36\f_399_rgb.jpg,dataset\6\Cow_36\f_399_depth.npy,1,,8,171.46530151367188,171.65945434570312,0.8188585042953491,0.9705323475166602,0.8226405077138534,0.9752209404077286,0,head_neck_trunk,-7.169418477729124,0.09346521777715111,0.2708333333333333,0.007023938931524754,0.026272006332874298,0.4612893936422574,0.794106284405133,0.0,0.0,1.0,0.0
BCS6__Cow_36,Cow_36,Cow_36,0,6,4,2,405,dataset\6\Cow_36\f_405_rgb.jpg,dataset\6\Cow_36\f_405_depth.npy,1,,4,173.52264404296875,173.50863647460938,0.17291486263275146,0.9346125481775918,0.8526963730682608,0.9571564739052014,0,head_neck_trunk,-7.520626510383281,0.1332116754063719,0.375,0.010171898640692234,0.03317912667989731,0.46006100156755836,0.807259444740518,0.0,0.0,1.0,0.0
BCS6__Cow_36_1,Cow_36_1,Cow_36,0,6,4,2,0,dataset\6\Cow_36_1\f_0_rgb.jpg,dataset\6\Cow_36_1\f_0_depth.npy,1,,6,171.22813415527344,171.3019561767578,1.63578462600708,0.9481648198071924,0.9122658062877047,0.9655033143912668,0,entry_or_trunk_with_rump,-5.711012302947523,0.26897451658358307,0.3005952380952381,0.01034384686499834,0.03663463145494461,0.5628320559190441,0.6532954909469514,0.0,0.0,0.0,0.0
BCS6__Cow_36_1,Cow_36_1,Cow_36,0,6,4,2,8,dataset\6\Cow_36_1\f_8_rgb.jpg,dataset\6\Cow_36_1\f_8_depth.npy,1,,5,172.6776123046875,171.81924438476562,2.1636452674865723,0.8489729021900911,0.832979459053619,0.9200485059264929,0,entry_or_trunk_with_rump,-5.949183334002029,0.26531994338472487,0.2916666666666667,0.00939896609634161,0.029541825875639915,0.5651871069782171,0.659715505848422,0.0,0.0,0.0,0.0
BCS6__Cow_36_1,Cow_36_1,Cow_36,0,6,4,2,15,dataset\6\Cow_36_1\f_15_rgb.jpg,dataset\6\Cow_36_1\f_15_depth.npy,1,,7,171.5692596435547,170.9986572265625,1.7958041429519653,0.9740833898576944,0.8371584395699095,0.9832989612633996,0,entry_or_trunk_with_rump,-6.0242213867178975,0.28102294888613244,0.29464285714285715,0.00526778120547533,0.02136877365410328,0.5589140586759842,0.6758256239552135,0.0,0.0,0.0,0.0
BCS6__Cow_36_1,Cow_36_1,Cow_36,0,6,4,2,16,dataset\6\Cow_36_1\f_16_rgb.jpg,dataset\6\Cow_36_1\f_16_depth.npy,1,,6,172.1015625,171.12083435058594,2.065741539001465,0.9171997698838581,0.8579409229388039,0.9524822312520747,0,entry_or_trunk_with_rump,-5.890078067363177,0.25779350707279036,0.27380952380952384,0.005772092845290899,0.01859239488840103,0.5691297425220491,0.6672578493431087,0.0,0.0,0.0,0.0
BCS6__Cow_36_1,Cow_36_1,Cow_36,0,6,4,2,24,dataset\6\Cow_36_1\f_24_rgb.jpg,dataset\6\Cow_36_1\f_24_depth.npy,1,,8,172.1557159423828,171.09915161132812,1.8351037502288818,0.9023829812756297,0.780167146966557,0.9443922047016023,1,entry_or_trunk_with_rump,-5.982038864520121,0.27553091467407853,0.26785714285714285,0.006592926103621721,0.025319546461105347,0.5538923397929708,0.6472598776521994,0.0,0.0,0.0,0.0
BCS6__Cow_36_1,Cow_36_1,Cow_36,0,6,4,2,30,dataset\6\Cow_36_1\f_30_rgb.jpg,dataset\6\Cow_36_1\f_30_depth.npy,1,,7,171.852294921875,171.4834747314453,1.6808918714523315,0.9172156721478567,0.821169861939253,0.9503274399983803,0,entry_or_trunk_with_rump,-6.03789610000068,0.2875873351859042,0.30357142857142855,0.008288636803627014,0.032168399542570114,0.5588777692437665,0.6677402980597728,0.0,0.0,0.0,0.0
BCS6__Cow_36_1,Cow_36_1,Cow_36,0,6,4,2,32,dataset\6\Cow_36_1\f_32_rgb.jpg,dataset\6\Cow_36_1\f_32_depth.npy,1,,6,171.67227172851562,170.8062744140625,2.1303858757019043,0.8984047456882349,0.7601449480276661,0.9425358764343039,2,entry_or_trunk_with_rump,-5.91948043160518,0.2642831195856985,0.2648809523809524,0.004566976800560951,0.01821213588118553,0.5594599411746265,0.6407249837414054,0.0,0.0,0.0,0.0
BCS6__Cow_36_1,Cow_36_1,Cow_36,0,6,4,2,40,dataset\6\Cow_36_1\f_40_rgb.jpg,dataset\6\Cow_36_1\f_40_depth.npy,1,,8,172.6663360595703,171.82077026367188,1.831009030342102,0.8369322803341648,0.7496332769854299,0.9125038695300313,2,entry_or_trunk_with_rump,-6.005511146505498,0.27207971647563056,0.2708333333333333,0.006984032690525055,0.021793879568576813,0.5573484914142266,0.6488521274968637,0.0,0.0,0.0,0.0
BCS6__Cow_36_1,Cow_36_1,Cow_36,0,6,4,2,45,dataset\6\Cow_36_1\f_45_rgb.jpg,dataset\6\Cow_36_1\f_45_depth.npy,1,,4,170.99209594726562,170.4868927001953,1.8573895692825317,0.8709592196769351,0.7311178589664544,0.9148627490603793,1,entry_or_trunk_with_rump,-5.732700805183697,0.28224792351717554,0.2916666666666667,0.006367804482579231,0.024968987330794334,0.5627186607648135,0.6770149441667203,0.0,0.0,0.0,0.0
BCS6__Cow_36_1,Cow_36_1,Cow_36,0,6,4,2,48,dataset\6\Cow_36_1\f_48_rgb.jpg,dataset\6\Cow_36_1\f_48_depth.npy,1,,8,171.8417205810547,171.20408630371094,1.3809375762939453,0.9248969156235092,0.8760403269874667,0.9552368916256747,0,entry_or_trunk_with_rump,-5.801714238617606,0.2581867826323787,0.2619047619047619,0.005026965402066708,0.018115559592843056,0.5564229314781249,0.6489537565040782,0.0,0.0,0.0,0.0
BCS6__Cow_36_1,Cow_36_1,Cow_36,0,6,4,2,56,dataset\6\Cow_36_1\f_56_rgb.jpg,dataset\6\Cow_36_1\f_56_depth.npy,1,,7,169.17054748535156,170.08523559570312,1.616490364074707,0.9386442683484503,0.8919427701244956,0.9618824651891942,0,entry_or_trunk_with_rump,-5.843723906079262,0.25478997935752545,0.26785714285714285,0.006764971651136875,0.025718586519360542,0.559455615248201,0.6556922126228634,0.0,0.0,0.0,0.0
BCS6__Cow_36_1,Cow_36_1,Cow_36,0,6,4,2,60,dataset\6\Cow_36_1\f_60_rgb.jpg,dataset\6\Cow_36_1\f_60_depth.npy,1,,4,171.97006225585938,171.36351013183594,1.5069966316223145,0.9370716181486975,0.8563565526817112,0.9603571485830538,0,entry_or_trunk_with_rump,-5.799726214977497,0.2673348887920781,0.3125,0.009522981941699982,0.035716887563467026,0.5622560283310933,0.691959019609383,0.0,0.0,0.0,0.0
BCS6__Cow_36_1,Cow_36_1,Cow_36,0,6,4,2,64,dataset\6\Cow_36_1\f_64_rgb.jpg,dataset\6\Cow_36_1\f_64_depth.npy,1,,7,170.61822509765625,170.75938415527344,1.7162971496582031,0.9187828053303517,0.8630680542252261,0.9456209211610525,0,entry_or_trunk_with_rump,-5.625862343770606,0.23747891107861108,0.2619047619047619,0.004322810564190149,0.018583444878458977,0.5643465371392706,0.6676069306642292,0.0,0.0,0.0,0.0
BCS6__Cow_36_1,Cow_36_1,Cow_36,0,6,4,2,72,dataset\6\Cow_36_1\f_72_rgb.jpg,dataset\6\Cow_36_1\f_72_depth.npy,1,,7,172.49789428710938,171.55555725097656,1.9584838151931763,0.9634522597687561,0.9054320748120375,0.9764156462340392,0,entry_or_trunk_with_rump,-5.641398276466489,0.2508878064072917,0.25595238095238093,0.01124853640794754,0.03994273394346237,0.5536814135223543,0.6470805025502138,0.0,0.0,0.0,0.0
BCS6__Cow_36_1,Cow_36_1,Cow_36,0,6,4,2,75,dataset\6\Cow_36_1\f_75_rgb.jpg,dataset\6\Cow_36_1\f_75_depth.npy,1,,7,172.3671112060547,171.09548950195312,2.0337319374084473,0.9697276398397604,0.9227276819539875,0.9813435168941493,0,entry_or_trunk_with_rump,-5.367843744682759,0.24569445631959752,0.28869047619047616,0.009907998144626617,0.03254595026373863,0.5655428190749012,0.6955061770139933,0.0,0.0,0.0,0.0
BCS6__Cow_36_1,Cow_36_1,Cow_36,0,6,4,2,80,dataset\6\Cow_36_1\f_80_rgb.jpg,dataset\6\Cow_36_1\f_80_depth.npy,1,,7,171.79864501953125,171.81298828125,1.3681120872497559,0.9171922143601918,0.8797783344322337,0.9307874995023127,0,entry_or_trunk_with_rump,-4.991733733246875,0.2288556836147535,0.28869047619047616,0.0099956588819623,0.04022228345274925,0.564001093471615,0.6638507702639215,0.0,0.0,0.0,0.0
BCS6__Cow_36_1,Cow_36_1,Cow_36,0,6,4,2,88,dataset\6\Cow_36_1\f_88_rgb.jpg,dataset\6\Cow_36_1\f_88_depth.npy,1,,8,172.5177459716797,171.8311767578125,1.4801567792892456,0.9387002632094101,0.8681505290909877,0.963964932303303,0,entry_or_trunk_with_rump,-4.969293636792855,0.18228020650492738,0.2619047619047619,0.010750786401331425,0.032963190227746964,0.5542746581144388,0.6536440119434767,0.0,0.0,0.0,0.0
BCS6__Cow_36_1,Cow_36_1,Cow_36,0,6,4,2,90,dataset\6\Cow_36_1\f_90_rgb.jpg,dataset\6\Cow_36_1\f_90_depth.npy,1,,8,171.89816284179688,171.66616821289062,1.3714631795883179,0.9284353630155588,0.8558579241073092,0.9599665686843044,0,entry_or_trunk_with_rump,-4.6470415172098,0.22681992442714716,0.2857142857142857,0.007169036194682121,0.03192365914583206,0.549830214395753,0.6833215312489848,0.0,0.0,0.0,0.0
BCS6__Cow_36_1,Cow_36_1,Cow_36,0,6,4,2,96,dataset\6\Cow_36_1\f_96_rgb.jpg,dataset\6\Cow_36_1\f_96_depth.npy,1,,7,171.8639678955078,171.58885192871094,0.9225755929946899,0.9253396523259666,0.9054676657803544,0.9578869393840909,0,entry_or_trunk_with_rump,-4.320289044038219,0.18293689215045106,0.25892857142857145,0.009111774154007435,0.03259747102856636,0.545756848919163,0.6757951852001659,0.0,0.0,0.0,0.0
BCS6__Cow_36_1,Cow_36_1,Cow_36,0,6,4,2,104,dataset\6\Cow_36_1\f_104_rgb.jpg,dataset\6\Cow_36_1\f_104_depth.npy,1,,8,171.3707275390625,171.72036743164062,1.0659376382827759,0.9313444853798525,0.8512925056906452,0.9593621948862663,0,entry_or_trunk_with_rump,-4.014055618911883,0.1828621757454698,0.25297619047619047,0.009052745066583157,0.033141423016786575,0.552361706638581,0.6908450184843603,0.0,0.0,0.0,0.0
BCS6__Cow_36_1,Cow_36_1,Cow_36,0,6,4,2,105,dataset\6\Cow_36_1\f_105_rgb.jpg,dataset\6\Cow_36_1\f_105_depth.npy,1,,6,171.9990234375,171.5797119140625,1.3056799173355103,0.9633354347818905,0.9120808678665268,0.9742498089073769,0,entry_or_trunk_with_rump,-4.0482065940474286,0.2041620451641819,0.2916666666666667,0.00769504439085722,0.028553571552038193,0.5486483786062336,0.6985686784081483,0.0,0.0,0.0,0.0
BCS6__Cow_36_1,Cow_36_1,Cow_36,0,6,4,2,112,dataset\6\Cow_36_1\f_112_rgb.jpg,dataset\6\Cow_36_1\f_112_depth.npy,1,,7,171.8168182373047,171.9195098876953,0.736984133720398,0.9570960071199873,0.817093043657914,0.9744432537318766,0,entry_or_trunk_with_rump,-3.9995831806174067,0.17907927285273217,0.27380952380952384,0.0119173564016819,0.04750977084040642,0.5484773956591599,0.6870290060242495,0.0,0.0,0.0,0.0
BCS6__Cow_36_1,Cow_36_1,Cow_36,0,6,4,2,120,dataset\6\Cow_36_1\f_120_rgb.jpg,dataset\6\Cow_36_1\f_120_depth.npy,1,,7,172.2437744140625,171.98434448242188,0.765991747379303,0.9621304207021126,0.9108843691831339,0.976315988866487,0,entry_or_trunk_with_rump,-4.1375875084470835,0.1884473394433428,0.27380952380952384,0.011471401900053024,0.04455744847655296,0.55117325273564,0.7015900485036123,0.0,0.0,0.0,0.0
BCS6__Cow_36_1,Cow_36_1,Cow_36,0,6,4,2,128,dataset\6\Cow_36_1\f_128_rgb.jpg,dataset\6\Cow_36_1\f_128_depth.npy,1,,4,172.00811767578125,171.66452026367188,0.9898087978363037,0.9425796438884126,0.8583951194948217,0.9631779836926362,0,entry_or_trunk_with_rump,-4.066067920274051,0.14617454986905898,0.25,0.0072528342716395855,0.02494743838906288,0.5317371862797435,0.6664896876927124,0.0,0.0,0.0,0.0
BCS6__Cow_36_1,Cow_36_1,Cow_36,0,6,4,2,135,dataset\6\Cow_36_1\f_135_rgb.jpg,dataset\6\Cow_36_1\f_135_depth.npy,1,,7,172.43519592285156,171.99314880371094,0.9756636023521423,0.9333345760179796,0.8526793143818956,0.962210090991262,0,entry_or_trunk_with_rump,-4.132710285328301,0.21785181420834476,0.28869047619047616,0.012372962199151516,0.039270732551813126,0.5427041734778449,0.6981676229819652,0.0,0.0,0.0,0.0
BCS6__Cow_36_1,Cow_36_1,Cow_36,0,6,4,2,136,dataset\6\Cow_36_1\f_136_rgb.jpg,dataset\6\Cow_36_1\f_136_depth.npy,1,,8,172.81271362304688,172.22451782226562,0.9126704335212708,0.9144264303498202,0.8678713681997943,0.950045706392337,0,entry_or_trunk_with_rump,-4.0963353336723145,0.16275399060479856,0.27380952380952384,0.012498713098466396,0.0444549061357975,0.5473811523082518,0.6835070028557254,0.0,0.0,0.0,0.0
BCS6__Cow_36_1,Cow_36_1,Cow_36,0,6,4,2,152,dataset\6\Cow_36_1\f_152_rgb.jpg,dataset\6\Cow_36_1\f_152_depth.npy,1,,3,173.58961486816406,173.7263641357422,0.2697972059249878,0.9513000901864713,0.9165932758479257,0.9633322924086374,0,entry_or_trunk_with_rump,-3.39403238576314,0.08910910609763789,0.2619047619047619,0.029245201498270035,0.08474812656641006,0.4664688556757698,0.7533919649973293,0.0,0.0,0.0,0.0
BCS6__Cow_36_1,Cow_36_1,Cow_36,0,6,4,2,160,dataset\6\Cow_36_1\f_160_rgb.jpg,dataset\6\Cow_36_1\f_160_depth.npy,1,,4,173.59033203125,173.259033203125,0.7722762227058411,0.83091127937614,0.804360502533795,0.9081048843421443,0,entry_or_trunk_with_rump,-2.3603092212755,0.08373827705227654,0.24404761904761904,0.010047596879303455,0.046478718519210815,0.4136553079642404,0.7841019520172242,0.0,0.0,0.0,0.0
BCS6__Cow_36_1,Cow_36_1,Cow_36,0,6,4,2,168,dataset\6\Cow_36_1\f_168_rgb.jpg,dataset\6\Cow_36_1\f_168_depth.npy,1,,4,173.07772827148438,173.10182189941406,0.37686604261398315,0.895441348297857,0.8214154582081248,0.9431048823340055,0,entry_or_trunk_with_rump,-2.3847682890919657,0.09132928067221258,0.27976190476190477,0.0074997167102992535,0.028430068865418434,0.41313425209527666,0.7491154592953183,0.0,0.0,0.0,0.0
BCS6__Cow_36_1,Cow_36_1,Cow_36,0,6,4,2,176,dataset\6\Cow_36_1\f_176_rgb.jpg,dataset\6\Cow_36_1\f_176_depth.npy,1,,4,172.98519897460938,172.5404815673828,2.1252145767211914,0.9362310498387914,0.8399777810729401,0.9537255143692096,0,entry_or_trunk_with_rump,-1.8392800120592199,0.05556276245026481,0.29464285714285715,0.011255108751356602,0.031710658222436905,0.416116946891096,0.6775791178381131,0.0,0.0,0.0,0.0
BCS6__Cow_36_1,Cow_36_1,Cow_36,0,6,4,2,180,dataset\6\Cow_36_1\f_180_rgb.jpg,dataset\6\Cow_36_1\f_180_depth.npy,1,,8,172.90899658203125,172.67279052734375,1.6290878057479858,0.9693286824435299,0.9587687052894137,0.9762351192218817,0,entry_or_trunk_with_rump,-1.7962075074882904,0.07270557849182069,0.3333333333333333,0.010348535142838955,0.03456486761569977,0.4378450734097751,0.7005099873030834,0.0,0.0,0.0,0.0
BCS6__Cow_36_1,Cow_36_1,Cow_36,0,6,4,2,184,dataset\6\Cow_36_1\f_184_rgb.jpg,dataset\6\Cow_36_1\f_184_depth.npy,1,,3,169.07196044921875,169.19871520996094,1.7749757766723633,0.9851399704865385,0.9646769125253574,0.989084107322437,0,entry_or_trunk_with_rump,-1.1458530112326173,0.04443692874318117,0.2976190476190476,0.013548534363508224,0.04200417548418045,0.3920367536865635,0.6885064133213669,0.0,0.0,0.0,0.0
BCS6__Cow_36_1,Cow_36_1,Cow_36,0,6,4,2,192,dataset\6\Cow_36_1\f_192_rgb.jpg,dataset\6\Cow_36_1\f_192_depth.npy,1,,8,172.4679412841797,172.2801055908203,1.2110148668289185,0.95631919793643,0.9047084458795519,0.96900935042904,0,entry_or_trunk_with_rump,-1.09720596996722,0.04477518239777112,0.3125,0.00751624908298254,0.02483159489929676,0.38063321293565083,0.6997281288206787,0.0,0.0,0.0,0.0
BCS6__Cow_36_1,Cow_36_1,Cow_36,0,6,4,2,195,dataset\6\Cow_36_1\f_195_rgb.jpg,dataset\6\Cow_36_1\f_195_depth.npy,1,,7,173.31619262695312,171.9405975341797,1.9879902601242065,0.9339288491074955,0.885355293584738,0.9585519934470716,0,entry_or_trunk_with_rump,1.1194258584376087,0.047964423120987476,0.3601190476190476,0.011065567843616009,0.034900031983852386,0.4210363303509359,0.6874546434251464,0.0,0.0,0.0,0.0
BCS6__Cow_36_1,Cow_36_1,Cow_36,0,6,4,2,200,dataset\6\Cow_36_1\f_200_rgb.jpg,dataset\6\Cow_36_1\f_200_depth.npy,1,,5,173.21646118164062,172.9044647216797,1.6444666385650635,0.9114322509683437,0.8653674642211363,0.9492831466152514,0,entry_or_trunk_with_rump,5.40128485407142,0.18731847827807258,0.2976190476190476,0.0079562459141016,0.031964950263500214,0.3968184270604017,0.6507400964278097,0.0,0.0,0.0,0.0
BCS6__Cow_36_1,Cow_36_1,Cow_36,0,6,4,2,208,dataset\6\Cow_36_1\f_208_rgb.jpg,dataset\6\Cow_36_1\f_208_depth.npy,1,,4,169.42257690429688,169.37217712402344,1.3859304189682007,0.9268764591470261,0.9146703588356524,0.9579188127137898,0,entry_or_trunk_with_rump,3.2657109142108283,0.10004348367692728,0.2976190476190476,0.010470435954630375,0.03132624924182892,0.35074375056841256,0.6736002555130927,0.0,0.0,0.0,0.0
BCS6__Cow_36_1,Cow_36_1,Cow_36,0,6,4,2,216,dataset\6\Cow_36_1\f_216_rgb.jpg,dataset\6\Cow_36_1\f_216_depth.npy,1,,7,173.1582489013672,172.43540954589844,2.5356240272521973,0.9488154784539856,0.9351208023524024,0.9636723144676231,0,entry_or_trunk_with_rump,-0.1941617240975546,0.08718533918188598,0.30952380952380953,0.007266731932759285,0.02780577726662159,0.3573753425236863,0.6818723454169497,0.0,0.0,0.0,0.0
BCS6__Cow_36_1,Cow_36_1,Cow_36,0,6,4,2,224,dataset\6\Cow_36_1\f_224_rgb.jpg,dataset\6\Cow_36_1\f_224_depth.npy,1,,5,172.88351440429688,171.1774444580078,2.649235248565674,0.9638799642705129,0.9432277216054019,0.9721237429168896,0,entry_or_trunk_with_rump,-0.01211337054549233,0.01211337054549233,0.3125,0.012796765193343163,0.0464947447180748,0.37957659981476366,0.6909729199114776,0.0,0.0,0.0,0.0
BCS6__Cow_36_1,Cow_36_1,Cow_36,0,6,4,2,225,dataset\6\Cow_36_1\f_225_rgb.jpg,dataset\6\Cow_36_1\f_225_depth.npy,1,,5,173.16705322265625,172.47967529296875,1.3352307081222534,0.9671599879509181,0.9325280381429099,0.9696472985578766,0,entry_or_trunk_with_rump,-0.23403891379584252,0.028815288894534774,0.37202380952380953,0.014179232530295849,0.04196145012974739,0.39956137277232623,0.70732460583985,0.0,0.0,0.0,0.0
BCS6__Cow_36_1,Cow_36_1,Cow_36,0,6,4,2,232,dataset\6\Cow_36_1\f_232_rgb.jpg,dataset\6\Cow_36_1\f_232_depth.npy,1,,4,169.97219848632812,169.92257690429688,2.717048168182373,0.9589751918632079,0.8821663441225497,0.9619856939011462,0,entry_or_trunk_with_rump,0.20098103833095138,0.05824096149315494,0.30952380952380953,0.008916755206882954,0.031502630561590195,0.3712927672377171,0.6759016986697978,0.0,0.0,0.0,0.0
BCS6__Cow_36_1,Cow_36_1,Cow_36,0,6,4,2,240,dataset\6\Cow_36_1\f_240_rgb.jpg,dataset\6\Cow_36_1\f_240_depth.npy,1,,4,169.94747924804688,169.7144012451172,1.717824935913086,0.9708056720595233,0.9627574025808587,0.9800843125940593,0,entry_or_trunk_with_rump,0.029156506936786286,0.029156506936786286,0.30357142857142855,0.011092796921730042,0.04152187705039978,0.3571156939759472,0.6820789550195788,0.0,0.0,0.0,0.0
BCS6__Cow_36_1,Cow_36_1,Cow_36,0,6,4,2,248,dataset\6\Cow_36_1\f_248_rgb.jpg,dataset\6\Cow_36_1\f_248_depth.npy,1,,6,172.7730712890625,172.14231872558594,2.025529623031616,0.9601275088079444,0.9364849078125734,0.9718627952824783,0,entry_or_trunk_with_rump,-0.31022388793131483,0.09583998413023664,0.30654761904761907,0.0076379068195819855,0.03105895034968853,0.31326036614475944,0.6973011359490111,0.0,0.0,0.0,0.0
BCS6__Cow_36_1,Cow_36_1,Cow_36,0,6,4,2,255,dataset\6\Cow_36_1\f_255_rgb.jpg,dataset\6\Cow_36_1\f_255_depth.npy,1,,4,171.82034301757812,171.5584259033203,1.7829437255859375,0.9202610391488808,0.8860253945158754,0.9529127467202856,0,entry_or_trunk_with_rump,0.4447364550646,0.03746150087916078,0.3541666666666667,0.011454220861196518,0.04428349435329437,0.3259183222288425,0.6839092852021588,0.0,0.0,0.0,0.0
BCS6__Cow_36_1,Cow_36_1,Cow_36,0,6,4,2,256,dataset\6\Cow_36_1\f_256_rgb.jpg,dataset\6\Cow_36_1\f_256_depth.npy,1,,6,172.96047973632812,172.2291259765625,1.9254289865493774,0.9228568474451215,0.8782121943852765,0.9555216762878577,0,entry_or_trunk_with_rump,0.4583095426714152,0.02618692545847523,0.3244047619047619,0.010219668038189411,0.03839623183012009,0.30436590634922156,0.6763006062556179,0.0,0.0,0.0,0.0
BCS6__Cow_36_1,Cow_36_1,Cow_36,0,6,4,2,264,dataset\6\Cow_36_1\f_264_rgb.jpg,dataset\6\Cow_36_1\f_264_depth.npy,1,,6,168.58584594726562,168.12051391601562,1.4139137268066406,0.9403824535589079,0.8986470202127901,0.9547765608859189,0,entry_or_trunk_with_rump,4.954552906411877,0.07147818445069731,0.3244047619047619,0.01218551117926836,0.03743516653776169,0.27772690262948563,0.5750158155024591,0.0,0.0,0.0,0.0
BCS6__Cow_36_1,Cow_36_1,Cow_36,0,6,4,2,270,dataset\6\Cow_36_1\f_270_rgb.jpg,dataset\6\Cow_36_1\f_270_depth.npy,1,,7,170.0943145751953,169.8743438720703,3.031557559967041,0.9135438454796122,0.8468075227815323,0.9385227275617936,0,trunk_dominant,2.8226425092757097,0.015246114868801897,0.31845238095238093,0.007602137979120016,0.026982631534337997,0.32671673820301483,0.4352214961701975,0.0,0.0,1.0,1.0
BCS6__Cow_3_25,Cow_3_25,Cow_3,2,6,4,2,920,dataset\6\Cow_3_25\f_920_rgb.jpg,dataset\6\Cow_3_25\f_920_depth.npy,1,,7,174.06971740722656,174.28955078125,0.7696080207824707,0.9757586138229307,0.7769998103575435,0.9829125043520779,1,trunk_head_neck_reversed,6.7250383977227415,0.007098354313413324,0.22039473684210525,0.013121411204338074,0.048284225165843964,0.30820173374119525,0.17348641898008524,0.0,0.09523809523809523,0.0,1.0
BCS6__Cow_3_25,Cow_3_25,Cow_3,2,6,4,2,921,dataset\6\Cow_3_25\f_921_rgb.jpg,dataset\6\Cow_3_25\f_921_depth.npy,1,,7,174.06971740722656,174.28955078125,0.7696080207824707,0.9757586138229307,0.7769998103575435,0.9829125043520779,1,trunk_head_neck_reversed,6.7250383977227415,0.007098354313413324,0.22039473684210525,0.013121411204338074,0.048284225165843964,0.30820173374119525,0.17348641898008524,0.0,0.09523809523809523,0.0,1.0
BCS6__Cow_3_25,Cow_3_25,Cow_3,2,6,4,2,924,dataset\6\Cow_3_25\f_924_rgb.jpg,dataset\6\Cow_3_25\f_924_depth.npy,1,,9,173.93824768066406,173.95733642578125,0.43283021450042725,0.9671853614429781,0.9354168540726306,0.9803304345647569,0,trunk_head_neck_reversed,8.365145874029594,0.018960272503633746,0.2624113475177305,0.006407530978322029,0.028898177668452263,0.28766219065579773,0.1663831037190296,0.0,0.16071428571428573,0.0,1.0
BCS6__Cow_3_25,Cow_3_25,Cow_3,2,6,4,2,925,dataset\6\Cow_3_25\f_925_rgb.jpg,dataset\6\Cow_3_25\f_925_depth.npy,1,,9,173.93824768066406,173.95733642578125,0.43283021450042725,0.9671853614429781,0.9354168540726306,0.9803304345647569,0,trunk_head_neck_reversed,8.365145874029594,0.018960272503633746,0.2624113475177305,0.006407530978322029,0.028898177668452263,0.28766219065579773,0.1663831037190296,0.0,0.16071428571428573,0.0,1.0
BCS6__Cow_3_25,Cow_3_25,Cow_3,2,6,4,2,926,dataset\6\Cow_3_25\f_926_rgb.jpg,dataset\6\Cow_3_25\f_926_depth.npy,1,,7,172.49317932128906,172.482177734375,0.34002161026000977,0.9719965523824415,0.9272257222115622,0.9849144734136525,0,trunk_head_neck_reversed,8.598681715511148,0.015276975253669889,0.2247191011235955,0.019756382331252098,0.06060771271586418,0.3054527452245581,0.166541333374621,0.0,0.20535714285714285,0.0,1.0
BCS6__Cow_3_25,Cow_3_25,Cow_3,2,6,4,2,927,dataset\6\Cow_3_25\f_927_rgb.jpg,dataset\6\Cow_3_25\f_927_depth.npy,1,,7,172.49317932128906,172.482177734375,0.34002161026000977,0.9719965523824415,0.9272257222115622,0.9849144734136525,0,trunk_head_neck_reversed,8.598681715511148,0.015276975253669889,0.2247191011235955,0.019756382331252098,0.06060771271586418,0.3054527452245581,0.166541333374621,0.0,0.20535714285714285,0.0,1.0
BCS6__Cow_3_25,Cow_3_25,Cow_3,2,6,4,2,928,dataset\6\Cow_3_25\f_928_rgb.jpg,dataset\6\Cow_3_25\f_928_depth.npy,1,,7,173.80953979492188,173.237060546875,1.026489019393921,0.962167256043384,0.7618798377098673,0.9733398803050282,1,trunk_dominant,8.889493289512345,0.02759962783902381,0.2901960784313726,0.009933680295944214,0.04022935405373573,0.34792504739999097,0.17773178926701685,0.0,0.24107142857142858,1.0,1.0
BCS6__Cow_3_25,Cow_3_25,Cow_3,2,6,4,2,929,dataset\6\Cow_3_25\f_929_rgb.jpg,dataset\6\Cow_3_25\f_929_depth.npy,1,,7,173.80953979492188,173.237060546875,1.026489019393921,0.962167256043384,0.7618798377098673,0.9733398803050282,1,trunk_dominant,8.889493289512345,0.02759962783902381,0.2901960784313726,0.009933680295944214,0.04022935405373573,0.34792504739999097,0.17773178926701685,0.0,0.24107142857142858,1.0,1.0
BCS6__Cow_3_25,Cow_3_25,Cow_3,2,6,4,2,930,dataset\6\Cow_3_25\f_930_rgb.jpg,dataset\6\Cow_3_25\f_930_depth.npy,1,,5,173.59262084960938,173.65798950195312,1.0832762718200684,0.9065352209362542,0.6224674649832794,0.9490612131645426,2,trunk_dominant,8.975233224263604,0.07980539835934053,0.2857142857142857,0.005805527791380882,0.02859622985124588,0.3760994621978213,0.10853979981883627,0.0,0.25,1.0,1.0
BCS6__Cow_3_25,Cow_3_25,Cow_3,2,6,4,2,931,dataset\6\Cow_3_25\f_931_rgb.jpg,dataset\6\Cow_3_25\f_931_depth.npy,1,,5,173.59262084960938,173.65798950195312,1.0832762718200684,0.9065352209362542,0.6224674649832794,0.9490612131645426,2,trunk_dominant,8.975233224263604,0.07980539835934053,0.2857142857142857,0.005805527791380882,0.02859622985124588,0.3760994621978213,0.10853979981883627,0.0,0.25,1.0,1.0
BCS6__Cow_3_25,Cow_3_25,Cow_3,2,6,4,2,932,dataset\6\Cow_3_25\f_932_rgb.jpg,dataset\6\Cow_3_25\f_932_depth.npy,1,,7,173.08795166015625,173.1165771484375,0.6500346064567566,0.9513508762080662,0.7928704542820092,0.9718659764909787,1,trunk_dominant,10.43952872724293,0.1415941016693978,0.3677685950413223,0.012023532763123512,0.03474767506122589,0.39327263475138524,0.12922320038196647,0.0,0.27976190476190477,1.0,1.0
BCS6__Cow_3_25,Cow_3_25,Cow_3,2,6,4,2,933,dataset\6\Cow_3_25\f_933_rgb.jpg,dataset\6\Cow_3_25\f_933_depth.npy,1,,7,173.08795166015625,173.1165771484375,0.6500346064567566,0.9513508762080662,0.7928704542820092,0.9718659764909787,1,trunk_dominant,10.43952872724293,0.1415941016693978,0.3677685950413223,0.012023532763123512,0.03474767506122589,0.39327263475138524,0.12922320038196647,0.0,0.27976190476190477,1.0,1.0
BCS6__Cow_3_25,Cow_3_25,Cow_3,2,6,4,2,934,dataset\6\Cow_3_25\f_934_rgb.jpg,dataset\6\Cow_3_25\f_934_depth.npy,1,,5,174.24618530273438,174.3123779296875,0.258215069770813,0.5526297174120058,0.23367552050938967,0.7715738932050937,5,trunk_dominant,10.240633720721078,0.282080022068655,0.4311111111111111,0.01175931841135025,0.04107386991381645,0.5329074290914327,0.1644165390166126,0.0,0.33035714285714285,1.0,1.0
BCS6__Cow_3_25,Cow_3_25,Cow_3,2,6,4,2,935,dataset\6\Cow_3_25\f_935_rgb.jpg,dataset\6\Cow_3_25\f_935_depth.npy,1,,5,174.24618530273438,174.3123779296875,0.258215069770813,0.5526297174120058,0.23367552050938967,0.7715738932050937,5,trunk_dominant,10.240633720721078,0.282080022068655,0.4311111111111111,0.01175931841135025,0.04107386991381645,0.5329074290914327,0.1644165390166126,0.0,0.33035714285714285,1.0,1.0
BCS6__Cow_3_25,Cow_3_25,Cow_3,2,6,4,2,936,dataset\6\Cow_3_25\f_936_rgb.jpg,dataset\6\Cow_3_25\f_936_depth.npy,1,,5,173.98046875,174.24514770507812,0.3529653251171112,0.9582875833958582,0.9229619507319307,0.9763269588033795,0,trunk_dominant,10.960927014305739,0.26718512896088953,0.3440366972477064,0.015267019160091877,0.053893961012363434,0.4643141187640326,0.10879409512939908,0.0,0.35119047619047616,1.0,1.0
BCS6__Cow_3_25,Cow_3_25,Cow_3,2,6,4,2,937,dataset\6\Cow_3_25\f_937_rgb.jpg,dataset\6\Cow_3_25\f_937_depth.npy,1,,5,173.98046875,174.24514770507812,0.3529653251171112,0.9582875833958582,0.9229619507319307,0.9763269588033795,0,trunk_dominant,10.960927014305739,0.26718512896088953,0.3440366972477064,0.015267019160091877,0.053893961012363434,0.4643141187640326,0.10879409512939908,0.0,0.35119047619047616,1.0,1.0
BCS6__Cow_3_25,Cow_3_25,Cow_3,2,6,4,2,938,dataset\6\Cow_3_25\f_938_rgb.jpg,dataset\6\Cow_3_25\f_938_depth.npy,1,,5,173.2266845703125,172.89382934570312,0.8970228433609009,0.897311769986933,0.8438944220519675,0.9087199212871309,0,trunk_dominant,11.679339953358578,0.29059744315809155,0.2403846153846154,0.02476806752383709,0.07241208851337433,0.4439549774600043,0.12120437863660027,0.0,0.38095238095238093,1.0,1.0
BCS6__Cow_3_25,Cow_3_25,Cow_3,2,6,4,2,939,dataset\6\Cow_3_25\f_939_rgb.jpg,dataset\6\Cow_3_25\f_939_depth.npy,1,,5,173.2266845703125,172.89382934570312,0.8970228433609009,0.897311769986933,0.8438944220519675,0.9087199212871309,0,trunk_dominant,11.679339953358578,0.29059744315809155,0.2403846153846154,0.02476806752383709,0.07241208851337433,0.4439549774600043,0.12120437863660027,0.0,0.38095238095238093,1.0,1.0
BCS6__Cow_3_25,Cow_3_25,Cow_3,2,6,4,2,942,dataset\6\Cow_3_25\f_942_rgb.jpg,dataset\6\Cow_3_25\f_942_depth.npy,1,,8,169.70663452148438,170.54031372070312,2.860107421875,0.848781706873916,0.45792358053280124,0.9170085049853332,4,trunk_head_neck_reversed,11.012467849236032,0.3157014470859849,0.28426395939086296,0.02463478036224842,0.07135677337646484,0.4908916443147529,0.14145026784997042,0.0,0.41369047619047616,0.0,1.0
BCS6__Cow_3_25,Cow_3_25,Cow_3,2,6,4,2,943,dataset\6\Cow_3_25\f_943_rgb.jpg,dataset\6\Cow_3_25\f_943_depth.npy,1,,8,169.70663452148438,170.54031372070312,2.860107421875,0.848781706873916,0.45792358053280124,0.9170085049853332,4,trunk_head_neck_reversed,11.012467849236032,0.3157014470859849,0.28426395939086296,0.02463478036224842,0.07135677337646484,0.4908916443147529,0.14145026784997042,0.0,0.41369047619047616,0.0,1.0
BCS6__Cow_3_25,Cow_3_25,Cow_3,2,6,4,2,944,dataset\6\Cow_3_25\f_944_rgb.jpg,dataset\6\Cow_3_25\f_944_depth.npy,1,,8,171.17205810546875,172.26165771484375,2.382985830307007,0.9028452355290841,0.17505590248369962,0.9362396841246479,3,trunk_dominant,11.605307943271043,0.5663056309409029,0.27225130890052357,0.02604096382856369,0.06226760894060135,0.5351844337510208,0.14323564308412426,0.0,0.43154761904761907,1.0,1.0
BCS6__Cow_3_25,Cow_3_25,Cow_3,2,6,4,2,945,dataset\6\Cow_3_25\f_945_rgb.jpg,dataset\6\Cow_3_25\f_945_depth.npy,1,,8,171.17205810546875,172.26165771484375,2.382985830307007,0.9028452355290841,0.17505590248369962,0.9362396841246479,3,trunk_dominant,11.605307943271043,0.5663056309409029,0.27225130890052357,0.02604096382856369,0.06226760894060135,0.5351844337510208,0.14323564308412426,0.0,0.43154761904761907,1.0,1.0
BCS6__Cow_45_9025,Cow_45_9025,Cow_45,0,6,4,2,195,dataset\6\Cow_45_9025\f_195_rgb.jpg,dataset\6\Cow_45_9025\f_195_depth.npy,1,,8,169.17013549804688,168.97103881835938,1.9724196195602417,0.9802174973219971,0.7888628856158069,0.9852933327558586,1,head_neck_trunk,7.340873466336575,0.42071151922965555,0.6260162601626016,0.03462350741028786,0.12225361913442612,0.11706905731368261,0.6873056892269365,0.26785714285714285,0.0,1.0,0.0
BCS6__Cow_45_9025,Cow_45_9025,Cow_45,0,6,4,2,196,dataset\6\Cow_45_9025\f_196_rgb.jpg,dataset\6\Cow_45_9025\f_196_depth.npy,1,,9,168.9471893310547,168.9862823486328,1.8590449094772339,0.9722908269639331,0.9237399455750828,0.975240290874644,0,head_neck_trunk,7.5873858691211495,0.09907009095560682,0.5631399317406144,0.013418447226285934,0.054745864123106,0.120455951095318,0.8197870566401237,0.12797619047619047,0.0,1.0,0.0
BCS6__Cow_45_9025,Cow_45_9025,Cow_45,0,6,4,2,197,dataset\6\Cow_45_9025\f_197_rgb.jpg,dataset\6\Cow_45_9025\f_197_depth.npy,1,,9,168.9471893310547,168.9862823486328,1.8590449094772339,0.9722908269639331,0.9237399455750828,0.975240290874644,0,head_neck_trunk,7.5873858691211495,0.09907009095560682,0.5631399317406144,0.013418447226285934,0.054745864123106,0.120455951095318,0.8197870566401237,0.12797619047619047,0.0,1.0,0.0
BCS6__Cow_45_9025,Cow_45_9025,Cow_45,0,6,4,2,198,dataset\6\Cow_45_9025\f_198_rgb.jpg,dataset\6\Cow_45_9025\f_198_depth.npy,1,,7,168.68702697753906,168.4599151611328,1.273680329322815,0.9689521635667442,0.9337571278298881,0.975579486405169,0,head_neck_trunk,7.938639238872028,0.31689855102023046,0.6324503311258278,0.02782638557255268,0.13598030805587769,0.12435770166189604,0.7749879213549294,0.10119047619047619,0.0,1.0,0.0
BCS6__Cow_45_9025,Cow_45_9025,Cow_45,0,6,4,2,199,dataset\6\Cow_45_9025\f_199_rgb.jpg,dataset\6\Cow_45_9025\f_199_depth.npy,1,,7,168.68702697753906,168.4599151611328,1.273680329322815,0.9689521635667442,0.9337571278298881,0.975579486405169,0,head_neck_trunk,7.938639238872028,0.31689855102023046,0.6324503311258278,0.02782638557255268,0.13598030805587769,0.12435770166189604,0.7749879213549294,0.10119047619047619,0.0,1.0,0.0
BCS6__Cow_45_9025,Cow_45_9025,Cow_45,0,6,4,2,200,dataset\6\Cow_45_9025\f_200_rgb.jpg,dataset\6\Cow_45_9025\f_200_depth.npy,1,,6,169.26698303222656,168.76170349121094,2.7157227993011475,0.9540282700564493,0.8614176098670961,0.9669686472849952,0,head_neck_trunk,8.058892684334936,0.19559517134069893,0.5425867507886435,0.025477062910795212,0.09429667145013809,0.1132877859413309,0.653289281240693,0.05654761904761905,0.0,1.0,0.0
BCS6__Cow_45_9025,Cow_45_9025,Cow_45,0,6,4,2,201,dataset\6\Cow_45_9025\f_201_rgb.jpg,dataset\6\Cow_45_9025\f_201_depth.npy,1,,6,169.26698303222656,168.76170349121094,2.7157227993011475,0.9540282700564493,0.8614176098670961,0.9669686472849952,0,head_neck_trunk,8.058892684334936,0.19559517134069893,0.5425867507886435,0.025477062910795212,0.09429667145013809,0.1132877859413309,0.653289281240693,0.05654761904761905,0.0,1.0,0.0
BCS6__Cow_45_9025,Cow_45_9025,Cow_45,0,6,4,2,202,dataset\6\Cow_45_9025\f_202_rgb.jpg,dataset\6\Cow_45_9025\f_202_depth.npy,1,,7,166.80517578125,165.91932678222656,1.5661815404891968,0.967100106208027,0.928739554938658,0.9744908762391704,0,head_neck_trunk,7.938275137287235,0.08898193589946857,0.4869281045751634,0.011972629465162754,0.047792188823223114,0.19174204341605577,0.6621846641665304,0.08928571428571429,0.0,1.0,0.0
BCS6__Cow_45_9025,Cow_45_9025,Cow_45,0,6,4,2,203,dataset\6\Cow_45_9025\f_203_rgb.jpg,dataset\6\Cow_45_9025\f_203_depth.npy,1,,7,166.80517578125,165.91932678222656,1.5661815404891968,0.967100106208027,0.928739554938658,0.9744908762391704,0,head_neck_trunk,7.938275137287235,0.08898193589946857,0.4869281045751634,0.011972629465162754,0.047792188823223114,0.19174204341605577,0.6621846641665304,0.08928571428571429,0.0,1.0,0.0
BCS6__Cow_45_9025,Cow_45_9025,Cow_45,0,6,4,2,204,dataset\6\Cow_45_9025\f_204_rgb.jpg,dataset\6\Cow_45_9025\f_204_depth.npy,1,,7,167.9134979248047,168.1796875,2.2138190269470215,0.9092155694921189,0.8695216690594927,0.9465783298449157,0,head_neck_trunk,7.781412697079489,0.012519564185367926,0.46726190476190477,0.01173704955726862,0.04116183891892433,0.16971555131433483,0.5547992235343764,0.0,0.0,1.0,0.0
BCS6__Cow_45_9025,Cow_45_9025,Cow_45,0,6,4,2,205,dataset\6\Cow_45_9025\f_205_rgb.jpg,dataset\6\Cow_45_9025\f_205_depth.npy,1,,7,167.9134979248047,168.1796875,2.2138190269470215,0.9092155694921189,0.8695216690594927,0.9465783298449157,0,head_neck_trunk,7.781412697079489,0.012519564185367926,0.46726190476190477,0.01173704955726862,0.04116183891892433,0.16971555131433483,0.5547992235343764,0.0,0.0,1.0,0.0
BCS6__Cow_45_9025,Cow_45_9025,Cow_45,0,6,4,2,206,dataset\6\Cow_45_9025\f_206_rgb.jpg,dataset\6\Cow_45_9025\f_206_depth.npy,1,,7,167.6624298095703,166.83773803710938,1.4892045259475708,0.9321342970871545,0.9010110612915521,0.9464124876511246,0,trunk_dominant,7.387218001727945,0.03222762164774906,0.41964285714285715,0.011674399487674236,0.047312065958976746,0.23630015769186863,0.3995032329482702,0.0,0.0,1.0,1.0
BCS6__Cow_45_9025,Cow_45_9025,Cow_45,0,6,4,2,207,dataset\6\Cow_45_9025\f_207_rgb.jpg,dataset\6\Cow_45_9025\f_207_depth.npy,1,,7,167.6624298095703,166.83773803710938,1.4892045259475708,0.9321342970871545,0.9010110612915521,0.9464124876511246,0,trunk_dominant,7.387218001727945,0.03222762164774906,0.41964285714285715,0.011674399487674236,0.047312065958976746,0.23630015769186863,0.3995032329482702,0.0,0.0,1.0,1.0
BCS6__Cow_45_9025,Cow_45_9025,Cow_45,0,6,4,2,208,dataset\6\Cow_45_9025\f_208_rgb.jpg,dataset\6\Cow_45_9025\f_208_depth.npy,1,,7,167.28189086914062,167.32919311523438,1.3831063508987427,0.9490558836188789,0.9109736122722772,0.9649144428579682,0,head_neck_trunk,7.3805400337071205,0.08966102405584309,0.4226190476190476,0.020064640790224075,0.06523241102695465,0.329420796296253,0.45430520760911797,0.0,0.0,1.0,0.0
BCS6__Cow_45_9025,Cow_45_9025,Cow_45,0,6,4,2,209,dataset\6\Cow_45_9025\f_209_rgb.jpg,dataset\6\Cow_45_9025\f_209_depth.npy,1,,7,167.28189086914062,167.32919311523438,1.3831063508987427,0.9490558836188789,0.9109736122722772,0.9649144428579682,0,head_neck_trunk,7.3805400337071205,0.08966102405584309,0.4226190476190476,0.020064640790224075,0.06523241102695465,0.329420796296253,0.45430520760911797,0.0,0.0,1.0,0.0
BCS6__Cow_45_9025,Cow_45_9025,Cow_45,0,6,4,2,210,dataset\6\Cow_45_9025\f_210_rgb.jpg,dataset\6\Cow_45_9025\f_210_depth.npy,1,,9,168.2394561767578,168.32858276367188,2.0972940921783447,0.8925983057184061,0.867621682571206,0.9369819215097435,0,head_neck_trunk,7.886485715979489,0.0321952094214879,0.3541666666666667,0.02405894733965397,0.060408901423215866,0.37890338239587196,0.5953251600591059,0.0,0.0,1.0,0.0
BCS6__Cow_45_9025,Cow_45_9025,Cow_45,0,6,4,2,211,dataset\6\Cow_45_9025\f_211_rgb.jpg,dataset\6\Cow_45_9025\f_211_depth.npy,1,,9,168.2394561767578,168.32858276367188,2.0972940921783447,0.8925983057184061,0.867621682571206,0.9369819215097435,0,head_neck_trunk,7.886485715979489,0.0321952094214879,0.3541666666666667,0.02405894733965397,0.060408901423215866,0.37890338239587196,0.5953251600591059,0.0,0.0,1.0,0.0
BCS6__Cow_45_9025,Cow_45_9025,Cow_45,0,6,4,2,212,dataset\6\Cow_45_9025\f_212_rgb.jpg,dataset\6\Cow_45_9025\f_212_depth.npy,1,,9,166.39739990234375,166.98153686523438,1.2201021909713745,0.9174838276460908,0.778877783302557,0.9407207362006664,2,head_neck_trunk,7.8833993783406555,0.03238814889930097,0.30357142857142855,0.019497690722346306,0.060004811733961105,0.453642009525934,0.6482089949265496,0.0,0.0,1.0,0.0
BCS6__Cow_45_9025,Cow_45_9025,Cow_45,0,6,4,2,213,dataset\6\Cow_45_9025\f_213_rgb.jpg,dataset\6\Cow_45_9025\f_213_depth.npy,1,,9,166.39739990234375,166.98153686523438,1.2201021909713745,0.9174838276460908,0.778877783302557,0.9407207362006664,2,head_neck_trunk,7.8833993783406555,0.03238814889930097,0.30357142857142855,0.019497690722346306,0.060004811733961105,0.453642009525934,0.6482089949265496,0.0,0.0,1.0,0.0
BCS6__Cow_45_9025,Cow_45_9025,Cow_45,0,6,4,2,214,dataset\6\Cow_45_9025\f_214_rgb.jpg,dataset\6\Cow_45_9025\f_214_depth.npy,1,,9,169.98129272460938,169.84242248535156,1.080135464668274,0.8793903081711602,0.8487966843876286,0.9239211752797263,0,head_neck_trunk,7.7888334099760925,0.020405631157672133,0.2708333333333333,0.01667625457048416,0.06621193885803223,0.5201176684243575,0.7656392210808618,0.0,0.0,1.0,0.0
BCS6__Cow_45_9025,Cow_45_9025,Cow_45,0,6,4,2,215,dataset\6\Cow_45_9025\f_215_rgb.jpg,dataset\6\Cow_45_9025\f_215_depth.npy,1,,9,169.98129272460938,169.84242248535156,1.080135464668274,0.8793903081711602,0.8487966843876286,0.9239211752797263,0,head_neck_trunk,7.7888334099760925,0.020405631157672133,0.2708333333333333,0.01667625457048416,0.06621193885803223,0.5201176684243575,0.7656392210808618,0.0,0.0,1.0,0.0
BCS6__Cow_45_9025,Cow_45_9025,Cow_45,0,6,4,2,216,dataset\6\Cow_45_9025\f_216_rgb.jpg,dataset\6\Cow_45_9025\f_216_depth.npy,1,,5,167.35682678222656,167.2707977294922,0.5492004156112671,0.8593758796036195,0.7992770244711326,0.9048965728943759,1,head_neck_trunk,7.7466848116455935,0.06423410189032097,0.22023809523809523,0.012879453599452972,0.03678065165877342,0.5371890799944357,0.6621511254038764,0.0,0.0,1.0,0.0
BCS6__Cow_45_9025,Cow_45_9025,Cow_45,0,6,4,2,217,dataset\6\Cow_45_9025\f_217_rgb.jpg,dataset\6\Cow_45_9025\f_217_depth.npy,1,,5,167.35682678222656,167.2707977294922,0.5492004156112671,0.8593758796036195,0.7992770244711326,0.9048965728943759,1,head_neck_trunk,7.7466848116455935,0.06423410189032097,0.22023809523809523,0.012879453599452972,0.03678065165877342,0.5371890799944357,0.6621511254038764,0.0,0.0,1.0,0.0
BCS6__Cow_45_9025,Cow_45_9025,Cow_45,0,6,4,2,232,dataset\6\Cow_45_9025\f_232_rgb.jpg,dataset\6\Cow_45_9025\f_232_depth.npy,1,,5,171.984619140625,172.18057250976562,0.9201253652572632,0.9535155984299863,0.7892899992322026,0.968107674486319,1,trunk_head_neck_reversed,5.2428241942072304,0.42654776433364816,0.5358361774744027,0.018975410610437393,0.07451550662517548,0.6060602773994807,0.16744738673858978,0.0,0.12797619047619047,0.0,1.0
BCS6__Cow_45_9025,Cow_45_9025,Cow_45,0,6,4,2,233,dataset\6\Cow_45_9025\f_233_rgb.jpg,dataset\6\Cow_45_9025\f_233_depth.npy,1,,5,171.984619140625,172.18057250976562,0.9201253652572632,0.9535155984299863,0.7892899992322026,0.968107674486319,1,trunk_head_neck_reversed,5.2428241942072304,0.42654776433364816,0.5358361774744027,0.018975410610437393,0.07451550662517548,0.6060602773994807,0.16744738673858978,0.0,0.12797619047619047,0.0,1.0
BCS6__Cow_45_9025,Cow_45_9025,Cow_45,0,6,4,2,234,dataset\6\Cow_45_9025\f_234_rgb.jpg,dataset\6\Cow_45_9025\f_234_depth.npy,1,,6,172.72979736328125,172.0150146484375,1.8769850730895996,0.9302827736029267,0.8538925069347244,0.9534094459465239,0,trunk_head_neck_reversed,4.500528199729857,0.3792317349604417,0.675,0.022823460400104523,0.09287773817777634,0.7672907209675702,0.16698550911976295,0.0,0.16666666666666666,0.0,1.0
BCS6__Cow_45_9025,Cow_45_9025,Cow_45,0,6,4,2,235,dataset\6\Cow_45_9025\f_235_rgb.jpg,dataset\6\Cow_45_9025\f_235_depth.npy,1,,6,172.72979736328125,172.0150146484375,1.8769850730895996,0.9302827736029267,0.8538925069347244,0.9534094459465239,0,trunk_head_neck_reversed,4.500528199729857,0.3792317349604417,0.675,0.022823460400104523,0.09287773817777634,0.7672907209675702,0.16698550911976295,0.0,0.16666666666666666,0.0,1.0
BCS6__Cow_45_9025,Cow_45_9025,Cow_45,0,6,4,2,236,dataset\6\Cow_45_9025\f_236_rgb.jpg,dataset\6\Cow_45_9025\f_236_depth.npy,1,,6,170.52549743652344,170.7548370361328,1.7492586374282837,0.9152814097978095,0.4036691606903908,0.9518774017613474,2,trunk_head_neck_reversed,4.788094931964295,0.3919880106234501,0.664179104477612,0.02224799059331417,0.07257824391126633,0.7445434643228367,0.1546163923240092,0.0,0.20238095238095238,0.0,1.0
BCS6__Cow_45_9025,Cow_45_9025,Cow_45,0,6,4,2,237,dataset\6\Cow_45_9025\f_237_rgb.jpg,dataset\6\Cow_45_9025\f_237_depth.npy,1,,6,170.52549743652344,170.7548370361328,1.7492586374282837,0.9152814097978095,0.4036691606903908,0.9518774017613474,2,trunk_head_neck_reversed,4.788094931964295,0.3919880106234501,0.664179104477612,0.02224799059331417,0.07257824391126633,0.7445434643228367,0.1546163923240092,0.0,0.20238095238095238,0.0,1.0
BCS6__Cow_45_9025,Cow_45_9025,Cow_45,0,6,4,2,238,dataset\6\Cow_45_9025\f_238_rgb.jpg,dataset\6\Cow_45_9025\f_238_depth.npy,1,,3,171.415771484375,171.2686767578125,1.3171288967132568,0.9149180619551869,0.5837736898266759,0.9262366817079908,1,trunk_head_neck_reversed,4.231425801688076,0.4346386454868565,0.6848249027237354,0.014995492063462734,0.06015336140990257,0.7274910767147469,0.15182154186202454,0.0,0.23511904761904762,0.0,1.0
BCS6__Cow_45_9025,Cow_45_9025,Cow_45,0,6,4,2,239,dataset\6\Cow_45_9025\f_239_rgb.jpg,dataset\6\Cow_45_9025\f_239_depth.npy,1,,3,171.415771484375,171.2686767578125,1.3171288967132568,0.9149180619551869,0.5837736898266759,0.9262366817079908,1,trunk_head_neck_reversed,4.231425801688076,0.4346386454868565,0.6848249027237354,0.014995492063462734,0.06015336140990257,0.7274910767147469,0.15182154186202454,0.0,0.23511904761904762,0.0,1.0
BCS6__Cow_47_68,Cow_47_68,Cow_47,2,6,4,2,120,dataset\6\Cow_47_68\f_120_rgb.jpg,dataset\6\Cow_47_68\f_120_depth.npy,1,,8,169.4232940673828,169.20611572265625,1.4758977890014648,0.9414314655380465,0.8706113367648007,0.9596972503088839,0,trunk_dominant,5.362465234898124,0.13209431589342557,0.6688311688311688,0.023191193118691444,0.07941605150699615,0.181873422703876,0.5475677579731876,0.08333333333333333,0.0,1.0,1.0
BCS6__Cow_47_68,Cow_47_68,Cow_47,2,6,4,2,121,dataset\6\Cow_47_68\f_121_rgb.jpg,dataset\6\Cow_47_68\f_121_depth.npy,1,,8,169.4232940673828,169.20611572265625,1.4758977890014648,0.9414314655380465,0.8706113367648007,0.9596972503088839,0,trunk_dominant,5.362465234898124,0.13209431589342557,0.6688311688311688,0.023191193118691444,0.07941605150699615,0.181873422703876,0.5475677579731876,0.08333333333333333,0.0,1.0,1.0
BCS6__Cow_47_68,Cow_47_68,Cow_47,2,6,4,2,122,dataset\6\Cow_47_68\f_122_rgb.jpg,dataset\6\Cow_47_68\f_122_depth.npy,1,,9,168.46377563476562,168.7328643798828,2.307969331741333,0.9131792824545378,0.0034650045725479472,0.9463390376317893,1,trunk_dominant,5.626818683471242,0.05136536841656891,0.60790273556231,0.01201863307505846,0.05099014192819595,0.22449524832320564,0.39785792222438887,0.020833333333333332,0.0,1.0,1.0
BCS6__Cow_47_68,Cow_47_68,Cow_47,2,6,4,2,123,dataset\6\Cow_47_68\f_123_rgb.jpg,dataset\6\Cow_47_68\f_123_depth.npy,1,,9,168.46377563476562,168.7328643798828,2.307969331741333,0.9131792824545378,0.0034650045725479472,0.9463390376317893,1,trunk_dominant,5.626818683471242,0.05136536841656891,0.60790273556231,0.01201863307505846,0.05099014192819595,0.22449524832320564,0.39785792222438887,0.020833333333333332,0.0,1.0,1.0
BCS6__Cow_47_68,Cow_47_68,Cow_47,2,6,4,2,124,dataset\6\Cow_47_68\f_124_rgb.jpg,dataset\6\Cow_47_68\f_124_depth.npy,1,,7,169.95582580566406,170.37586975097656,1.7851595878601074,0.9082795708531177,0.6840049558874994,0.9416329176331107,1,head_neck_trunk,5.7473589143428825,0.06951906975113786,0.6130952380952381,0.020515989512205124,0.06980275362730026,0.35684897688170153,0.4780592091475732,0.0,0.0,1.0,0.0
BCS6__Cow_47_68,Cow_47_68,Cow_47,2,6,4,2,125,dataset\6\Cow_47_68\f_125_rgb.jpg,dataset\6\Cow_47_68\f_125_depth.npy,1,,7,169.95582580566406,170.37586975097656,1.7851595878601074,0.9082795708531177,0.6840049558874994,0.9416329176331107,1,head_neck_trunk,5.7473589143428825,0.06951906975113786,0.6130952380952381,0.020515989512205124,0.06980275362730026,0.35684897688170153,0.4780592091475732,0.0,0.0,1.0,0.0
BCS6__Cow_47_68,Cow_47_68,Cow_47,2,6,4,2,126,dataset\6\Cow_47_68\f_126_rgb.jpg,dataset\6\Cow_47_68\f_126_depth.npy,1,,9,170.02064514160156,170.09490966796875,1.9140702486038208,0.9533104364307636,0.8287214152771486,0.9717921977571666,0,head_neck_trunk,6.1508160947708745,0.045623078608031165,0.5892857142857143,0.01725233532488346,0.06355677545070648,0.5327188939413203,0.516253881121357,0.0,0.0,1.0,0.0
BCS6__Cow_47_68,Cow_47_68,Cow_47,2,6,4,2,127,dataset\6\Cow_47_68\f_127_rgb.jpg,dataset\6\Cow_47_68\f_127_depth.npy,1,,9,170.02064514160156,170.09490966796875,1.9140702486038208,0.9533104364307636,0.8287214152771486,0.9717921977571666,0,head_neck_trunk,6.1508160947708745,0.045623078608031165,0.5892857142857143,0.01725233532488346,0.06355677545070648,0.5327188939413203,0.516253881121357,0.0,0.0,1.0,0.0
BCS6__Cow_47_68,Cow_47_68,Cow_47,2,6,4,2,128,dataset\6\Cow_47_68\f_128_rgb.jpg,dataset\6\Cow_47_68\f_128_depth.npy,1,,7,170.74549865722656,171.02967834472656,1.532357096672058,0.9174053564598338,0.7057080808014209,0.9203884371142219,2,trunk_head_neck_reversed,6.090405889832141,0.055651949056084504,0.6041666666666666,0.016518166288733482,0.058444488793611526,0.6904595394409025,0.4604887971728617,0.0,0.0,0.0,1.0
BCS6__Cow_47_68,Cow_47_68,Cow_47,2,6,4,2,129,dataset\6\Cow_47_68\f_129_rgb.jpg,dataset\6\Cow_47_68\f_129_depth.npy,1,,7,170.74549865722656,171.02967834472656,1.532357096672058,0.9174053564598338,0.7057080808014209,0.9203884371142219,2,trunk_head_neck_reversed,6.090405889832141,0.055651949056084504,0.6041666666666666,0.016518166288733482,0.058444488793611526,0.6904595394409025,0.4604887971728617,0.0,0.0,0.0,1.0
BCS6__Cow_47_68,Cow_47_68,Cow_47,2,6,4,2,130,dataset\6\Cow_47_68\f_130_rgb.jpg,dataset\6\Cow_47_68\f_130_depth.npy,1,,6,171.37554931640625,171.3003692626953,1.6791058778762817,0.9086860106628754,0.5720506524019828,0.9387291530735811,2,trunk_head_neck_reversed,6.504795562698391,0.10676784314780718,0.7113095238095238,0.02587895095348358,0.09133899956941605,0.8213956909024089,0.38499819956309944,0.0,0.0,0.0,1.0
BCS6__Cow_47_68,Cow_47_68,Cow_47,2,6,4,2,131,dataset\6\Cow_47_68\f_131_rgb.jpg,dataset\6\Cow_47_68\f_131_depth.npy,1,,6,171.37554931640625,171.3003692626953,1.6791058778762817,0.9086860106628754,0.5720506524019828,0.9387291530735811,2,trunk_head_neck_reversed,6.504795562698391,0.10676784314780718,0.7113095238095238,0.02587895095348358,0.09133899956941605,0.8213956909024089,0.38499819956309944,0.0,0.0,0.0,1.0
BCS6__Cow_47_68,Cow_47_68,Cow_47,2,6,4,2,132,dataset\6\Cow_47_68\f_132_rgb.jpg,dataset\6\Cow_47_68\f_132_depth.npy,1,,9,171.4737548828125,171.78782653808594,1.0381240844726562,0.9688177500427185,0.859534365161221,0.974725030752888,0,trunk_head_neck_reversed,7.033021125621104,0.11200004225544546,0.7784431137724551,0.01372557319700718,0.05197279155254364,0.8698167167265793,0.25412735822800936,0.0,0.005952380952380952,0.0,1.0
BCS6__Cow_47_68,Cow_47_68,Cow_47,2,6,4,2,133,dataset\6\Cow_47_68\f_133_rgb.jpg,dataset\6\Cow_47_68\f_133_depth.npy,1,,9,171.4737548828125,171.78782653808594,1.0381240844726562,0.9688177500427185,0.859534365161221,0.974725030752888,0,trunk_head_neck_reversed,7.033021125621104,0.11200004225544546,0.7784431137724551,0.01372557319700718,0.05197279155254364,0.8698167167265793,0.25412735822800936,0.0,0.005952380952380952,0.0,1.0
BCS6__Cow_47_68,Cow_47_68,Cow_47,2,6,4,2,134,dataset\6\Cow_47_68\f_134_rgb.jpg,dataset\6\Cow_47_68\f_134_depth.npy,1,,9,171.91844177246094,172.09439086914062,1.7302484512329102,0.936002330155357,0.7938702257493386,0.9656458802581488,1,trunk_head_neck_reversed,7.859305410369245,0.17159184269874572,0.7331288343558282,0.01904703490436077,0.06926295906305313,0.7337372454709726,0.19625718025939604,0.0,0.02976190476190476,0.0,1.0
BCS6__Cow_47_68,Cow_47_68,Cow_47,2,6,4,2,135,dataset\6\Cow_47_68\f_135_rgb.jpg,dataset\6\Cow_47_68\f_135_depth.npy,1,,9,171.91844177246094,172.09439086914062,1.7302484512329102,0.936002330155357,0.7938702257493386,0.9656458802581488,1,trunk_head_neck_reversed,7.859305410369245,0.17159184269874572,0.7331288343558282,0.01904703490436077,0.06926295906305313,0.7337372454709726,0.19625718025939604,0.0,0.02976190476190476,0.0,1.0
BCS6__Cow_47_68,Cow_47_68,Cow_47,2,6,4,2,136,dataset\6\Cow_47_68\f_136_rgb.jpg,dataset\6\Cow_47_68\f_136_depth.npy,1,,4,173.4012451171875,173.81300354003906,0.9322153925895691,0.8377740584515099,0.2916755707426806,0.9014065778126176,2,trunk_head_neck_reversed,7.7857478832508065,0.18717043960546675,0.42394822006472493,0.00931548047810793,0.03330117464065552,0.5700069219163341,0.15224961274946563,0.0,0.08035714285714286,0.0,1.0
BCS6__Cow_47_68,Cow_47_68,Cow_47,2,6,4,2,137,dataset\6\Cow_47_68\f_137_rgb.jpg,dataset\6\Cow_47_68\f_137_depth.npy,1,,4,173.4012451171875,173.81300354003906,0.9322153925895691,0.8377740584515099,0.2916755707426806,0.9014065778126176,2,trunk_head_neck_reversed,7.7857478832508065,0.18717043960546675,0.42394822006472493,0.00931548047810793,0.03330117464065552,0.5700069219163341,0.15224961274946563,0.0,0.08035714285714286,0.0,1.0
BCS6__Cow_47_68,Cow_47_68,Cow_47,2,6,4,2,138,dataset\6\Cow_47_68\f_138_rgb.jpg,dataset\6\Cow_47_68\f_138_depth.npy,1,,5,173.78407287597656,172.94638061523438,1.4917957782745361,0.9200195445791034,0.8551379211300786,0.9352320844544957,0,trunk_head_neck_reversed,8.20584124255305,0.2439449755329406,0.6920415224913494,0.012543465942144394,0.04699654132127762,0.6295889980849219,0.10863096117747811,0.0,0.13988095238095238,0.0,1.0
BCS6__Cow_47_68,Cow_47_68,Cow_47,2,6,4,2,139,dataset\6\Cow_47_68\f_139_rgb.jpg,dataset\6\Cow_47_68\f_139_depth.npy,1,,5,173.78407287597656,172.94638061523438,1.4917957782745361,0.9200195445791034,0.8551379211300786,0.9352320844544957,0,trunk_head_neck_reversed,8.20584124255305,0.2439449755329406,0.6920415224913494,0.012543465942144394,0.04699654132127762,0.6295889980849219,0.10863096117747811,0.0,0.13988095238095238,0.0,1.0
BCS6__Cow_47_68,Cow_47_68,Cow_47,2,6,4,2,140,dataset\6\Cow_47_68\f_140_rgb.jpg,dataset\6\Cow_47_68\f_140_depth.npy,1,,8,171.32130432128906,171.47216796875,1.0763453245162964,0.9122231549651295,0.7125013096086414,0.9374577024193438,2,trunk_head_neck_reversed,8.676467593369495,0.32739521572051444,0.6615969581749049,0.013484540395438671,0.05532875657081604,0.6927816997307066,0.1484648147301067,0.0,0.21726190476190477,0.0,1.0
BCS6__Cow_47_68,Cow_47_68,Cow_47,2,6,4,2,141,dataset\6\Cow_47_68\f_141_rgb.jpg,dataset\6\Cow_47_68\f_141_depth.npy,1,,8,171.32130432128906,171.47216796875,1.0763453245162964,0.9122231549651295,0.7125013096086414,0.9374577024193438,2,trunk_head_neck_reversed,8.676467593369495,0.32739521572051444,0.6615969581749049,0.013484540395438671,0.05532875657081604,0.6927816997307066,0.1484648147301067,0.0,0.21726190476190477,0.0,1.0
BCS6__Cow_47_68,Cow_47_68,Cow_47,2,6,4,2,142,dataset\6\Cow_47_68\f_142_rgb.jpg,dataset\6\Cow_47_68\f_142_depth.npy,1,,3,171.88685607910156,171.9548797607422,0.846040666103363,0.5454151938255061,0.03823623186127845,0.7711614343704636,2,trunk_head_neck_reversed,8.667405012452718,0.613702536163089,0.6666666666666666,0.014469575136899948,0.05216924473643303,0.7912062890227609,0.15352435481920537,0.0,0.25892857142857145,0.0,1.0
BCS6__Cow_47_68,Cow_47_68,Cow_47,2,6,4,2,143,dataset\6\Cow_47_68\f_143_rgb.jpg,dataset\6\Cow_47_68\f_143_depth.npy,1,,3,171.88685607910156,171.9548797607422,0.846040666103363,0.5454151938255061,0.03823623186127845,0.7711614343704636,2,trunk_head_neck_reversed,8.667405012452718,0.613702536163089,0.6666666666666666,0.014469575136899948,0.05216924473643303,0.7912062890227609,0.15352435481920537,0.0,0.25892857142857145,0.0,1.0
BCS6__Cow_47_68,Cow_47_68,Cow_47,2,6,4,2,144,dataset\6\Cow_47_68\f_144_rgb.jpg,dataset\6\Cow_47_68\f_144_depth.npy,1,,7,169.90597534179688,170.5078125,1.131817102432251,0.9275749921490579,0.7987372200762739,0.9534164021671375,1,trunk_head_neck_reversed,8.245066471850478,0.8039205859438994,0.6266094420600858,0.010141607373952866,0.03902008756995201,0.7275472721973564,0.14045615864070415,0.0,0.30654761904761907,0.0,1.0
BCS6__Cow_47_68,Cow_47_68,Cow_47,2,6,4,2,145,dataset\6\Cow_47_68\f_145_rgb.jpg,dataset\6\Cow_47_68\f_145_depth.npy,1,,7,169.90597534179688,170.5078125,1.131817102432251,0.9275749921490579,0.7987372200762739,0.9534164021671375,1,trunk_head_neck_reversed,8.245066471850478,0.8039205859438994,0.6266094420600858,0.010141607373952866,0.03902008756995201,0.7275472721973564,0.14045615864070415,0.0,0.30654761904761907,0.0,1.0
BCS6__Cow_47_68,Cow_47_68,Cow_47,2,6,4,2,146,dataset\6\Cow_47_68\f_146_rgb.jpg,dataset\6\Cow_47_68\f_146_depth.npy,1,,6,171.59121704101562,171.43748474121094,0.7393379807472229,0.9466045961590392,0.2649238700337888,0.9656575631212999,1,trunk_head_neck_reversed,8.829929776126576,0.9736973305497969,0.5727272727272728,0.012067694216966629,0.04771760106086731,0.6840654827231982,0.15330391979559377,0.0,0.34523809523809523,0.0,1.0
BCS6__Cow_47_68,Cow_47_68,Cow_47,2,6,4,2,147,dataset\6\Cow_47_68\f_147_rgb.jpg,dataset\6\Cow_47_68\f_147_depth.npy,1,,6,171.59121704101562,171.43748474121094,0.7393379807472229,0.9466045961590392,0.2649238700337888,0.9656575631212999,1,trunk_head_neck_reversed,8.829929776126576,0.9736973305497969,0.5727272727272728,0.012067694216966629,0.04771760106086731,0.6840654827231982,0.15330391979559377,0.0,0.34523809523809523,0.0,1.0
BCS6__Cow_47_68,Cow_47_68,Cow_47,2,6,4,2,148,dataset\6\Cow_47_68\f_148_rgb.jpg,dataset\6\Cow_47_68\f_148_depth.npy,1,,3,172.5205535888672,172.76434326171875,0.8952565789222717,0.863004663084546,0.1512900231481692,0.8988952165678714,1,trunk_head_neck_reversed,9.166626529167416,1.4979079857220938,0.5024630541871922,0.013544188812375069,0.044136736541986465,0.6101828423520621,0.13874435148600733,0.0,0.3958333333333333,0.0,1.0
BCS6__Cow_47_68,Cow_47_68,Cow_47,2,6,4,2,149,dataset\6\Cow_47_68\f_149_rgb.jpg,dataset\6\Cow_47_68\f_149_depth.npy,1,,3,172.5205535888672,172.76434326171875,0.8952565789222717,0.863004663084546,0.1512900231481692,0.8988952165678714,1,trunk_head_neck_reversed,9.166626529167416,1.4979079857220938,0.5024630541871922,0.013544188812375069,0.044136736541986465,0.6101828423520621,0.13874435148600733,0.0,0.3958333333333333,0.0,1.0
BCS6__Cow_47_68,Cow_47_68,Cow_47,2,6,4,2,150,dataset\6\Cow_47_68\f_150_rgb.jpg,dataset\6\Cow_47_68\f_150_depth.npy,1,,3,173.4640655517578,173.3016815185547,0.5571603775024414,0.8586826237455999,0.6556742960539466,0.9158562644313486,1,trunk_head_neck_reversed,8.653835784687573,2.143652673841146,0.553763440860215,0.009359817020595074,0.02974742464721203,0.6381975040613668,0.13001777186626498,0.0,0.44642857142857145,0.0,1.0
BCS6__Cow_4_103,Cow_4_103,Cow_4,1,6,4,2,600,dataset\6\Cow_4_103\f_600_rgb.jpg,dataset\6\Cow_4_103\f_600_depth.npy,1,,7,169.0016632080078,162.60702514648438,16.542964935302734,0.9535066183295675,0.4314150559793055,0.9742343018815937,1,head_neck_trunk,0.5521249240327393,0.05491694500294386,0.36259541984732824,0.030064668506383896,0.0935370922088623,0.11565333070725602,0.8947843998846787,0.22023809523809523,0.0,1.0,0.0
BCS6__Cow_4_103,Cow_4_103,Cow_4,1,6,4,2,601,dataset\6\Cow_4_103\f_601_rgb.jpg,dataset\6\Cow_4_103\f_601_depth.npy,1,,7,169.0016632080078,162.60702514648438,16.542964935302734,0.9535066183295675,0.4314150559793055,0.9742343018815937,1,head_neck_trunk,0.5521249240327393,0.05491694500294386,0.36259541984732824,0.030064668506383896,0.0935370922088623,0.11565333070725602,0.8947843998846787,0.22023809523809523,0.0,1.0,0.0
BCS6__Cow_4_103,Cow_4_103,Cow_4,1,6,4,2,602,dataset\6\Cow_4_103\f_602_rgb.jpg,dataset\6\Cow_4_103\f_602_depth.npy,1,,6,169.9993896484375,166.83059692382812,8.261055946350098,0.9442740695684595,0.26276489390556756,0.954023577521381,1,head_neck_trunk,0.4615001413578881,0.010561261344662398,0.4036363636363636,0.01938110589981079,0.06198921054601669,0.12072307298976483,0.8927393743543374,0.18154761904761904,0.0,1.0,0.0
BCS6__Cow_4_103,Cow_4_103,Cow_4,1,6,4,2,603,dataset\6\Cow_4_103\f_603_rgb.jpg,dataset\6\Cow_4_103\f_603_depth.npy,1,,6,169.9993896484375,166.83059692382812,8.261055946350098,0.9442740695684595,0.26276489390556756,0.954023577521381,1,head_neck_trunk,0.4615001413578881,0.010561261344662398,0.4036363636363636,0.01938110589981079,0.06198921054601669,0.12072307298976483,0.8927393743543374,0.18154761904761904,0.0,1.0,0.0
BCS6__Cow_4_103,Cow_4_103,Cow_4,1,6,4,2,604,dataset\6\Cow_4_103\f_604_rgb.jpg,dataset\6\Cow_4_103\f_604_depth.npy,1,,8,172.30343627929688,166.93167114257812,14.950181007385254,0.9495019284891288,0.17808985817529666,0.9598503261524223,2,head_neck_trunk,0.7687855840620301,0.08092397811567764,0.43205574912891986,0.021399380639195442,0.0799349769949913,0.1317627366059962,0.8575250705564121,0.14583333333333334,0.0,1.0,0.0
BCS6__Cow_4_103,Cow_4_103,Cow_4,1,6,4,2,605,dataset\6\Cow_4_103\f_605_rgb.jpg,dataset\6\Cow_4_103\f_605_depth.npy,1,,8,172.30343627929688,166.93167114257812,14.950181007385254,0.9495019284891288,0.17808985817529666,0.9598503261524223,2,head_neck_trunk,0.7687855840620301,0.08092397811567764,0.43205574912891986,0.021399380639195442,0.0799349769949913,0.1317627366059962,0.8575250705564121,0.14583333333333334,0.0,1.0,0.0
BCS6__Cow_4_103,Cow_4_103,Cow_4,1,6,4,2,606,dataset\6\Cow_4_103\f_606_rgb.jpg,dataset\6\Cow_4_103\f_606_depth.npy,1,,8,170.49847412109375,169.4058837890625,5.690880298614502,0.9204493411616395,0.36978423631295587,0.9534887072410919,1,head_neck_trunk,1.6494130184009066,0.12778781143515516,0.6950819672131148,0.022605272009968758,0.07593502849340439,0.14198488215766947,0.886109124324472,0.09226190476190477,0.0,1.0,0.0
BCS6__Cow_4_103,Cow_4_103,Cow_4,1,6,4,2,607,dataset\6\Cow_4_103\f_607_rgb.jpg,dataset\6\Cow_4_103\f_607_depth.npy,1,,8,170.49847412109375,169.4058837890625,5.690880298614502,0.9204493411616395,0.36978423631295587,0.9534887072410919,1,head_neck_trunk,1.6494130184009066,0.12778781143515516,0.6950819672131148,0.022605272009968758,0.07593502849340439,0.14198488215766947,0.886109124324472,0.09226190476190477,0.0,1.0,0.0
BCS6__Cow_4_103,Cow_4_103,Cow_4,1,6,4,2,610,dataset\6\Cow_4_103\f_610_rgb.jpg,dataset\6\Cow_4_103\f_610_depth.npy,1,,5,170.8624267578125,164.44253540039062,10.515618324279785,0.961281034596722,0.0319005721936827,0.9716437751790876,2,head_neck_trunk,2.014959342426849,0.0673775376592829,0.2732732732732733,0.02233334630727768,0.08450499922037125,0.11693764947357631,0.8402641530673896,0.008928571428571428,0.0,1.0,0.0
BCS6__Cow_4_103,Cow_4_103,Cow_4,1,6,4,2,611,dataset\6\Cow_4_103\f_611_rgb.jpg,dataset\6\Cow_4_103\f_611_depth.npy,1,,5,170.8624267578125,164.44253540039062,10.515618324279785,0.961281034596722,0.0319005721936827,0.9716437751790876,2,head_neck_trunk,2.014959342426849,0.0673775376592829,0.2732732732732733,0.02233334630727768,0.08450499922037125,0.11693764947357631,0.8402641530673896,0.008928571428571428,0.0,1.0,0.0
BCS6__Cow_4_103,Cow_4_103,Cow_4,1,6,4,2,618,dataset\6\Cow_4_103\f_618_rgb.jpg,dataset\6\Cow_4_103\f_618_depth.npy,1,,7,171.49261474609375,165.44436645507812,13.40727710723877,0.9317019301272805,0.11994155477883539,0.9478211068187106,2,head_neck_trunk,2.9006273903162736,0.0483512743924166,0.25892857142857145,0.04289986938238144,0.11444097012281418,0.36979334953312415,0.7976027991791225,0.0,0.0,1.0,0.0
BCS6__Cow_4_103,Cow_4_103,Cow_4,1,6,4,2,619,dataset\6\Cow_4_103\f_619_rgb.jpg,dataset\6\Cow_4_103\f_619_depth.npy,1,,7,171.49261474609375,165.44436645507812,13.40727710723877,0.9317019301272805,0.11994155477883539,0.9478211068187106,2,head_neck_trunk,2.9006273903162736,0.0483512743924166,0.25892857142857145,0.04289986938238144,0.11444097012281418,0.36979334953312415,0.7976027991791225,0.0,0.0,1.0,0.0
BCS6__Cow_4_103,Cow_4_103,Cow_4,1,6,4,2,620,dataset\6\Cow_4_103\f_620_rgb.jpg,dataset\6\Cow_4_103\f_620_depth.npy,1,,6,168.82339477539062,155.69273376464844,21.07908821105957,0.9424651916831511,0.4427413534984673,0.954900594387945,2,head_neck_trunk,3.3301640716752132,0.020700421239098432,0.23809523809523808,0.0409456230700016,0.10404390841722488,0.37559274045193664,0.6723254972731618,0.0,0.0,1.0,0.0
BCS6__Cow_4_103,Cow_4_103,Cow_4,1,6,4,2,621,dataset\6\Cow_4_103\f_621_rgb.jpg,dataset\6\Cow_4_103\f_621_depth.npy,1,,6,168.82339477539062,155.69273376464844,21.07908821105957,0.9424651916831511,0.4427413534984673,0.954900594387945,2,head_neck_trunk,3.3301640716752132,0.020700421239098432,0.23809523809523808,0.0409456230700016,0.10404390841722488,0.37559274045193664,0.6723254972731618,0.0,0.0,1.0,0.0
BCS6__Cow_4_103,Cow_4_103,Cow_4,1,6,4,2,622,dataset\6\Cow_4_103\f_622_rgb.jpg,dataset\6\Cow_4_103\f_622_depth.npy,1,,9,165.6345672607422,165.48599243164062,3.7609589099884033,0.9827497114497286,0.0428909873060076,0.9835825408295804,2,head_neck_trunk,3.27933636167198,0.0436819481991364,0.3005952380952381,0.0246512982994318,0.09813932329416275,0.4063926979631491,0.701370217238112,0.0,0.0,1.0,0.0
BCS6__Cow_4_103,Cow_4_103,Cow_4,1,6,4,2,623,dataset\6\Cow_4_103\f_623_rgb.jpg,dataset\6\Cow_4_103\f_623_depth.npy,1,,9,165.6345672607422,165.48599243164062,3.7609589099884033,0.9827497114497286,0.0428909873060076,0.9835825408295804,2,head_neck_trunk,3.27933636167198,0.0436819481991364,0.3005952380952381,0.0246512982994318,0.09813932329416275,0.4063926979631491,0.701370217238112,0.0,0.0,1.0,0.0
BCS6__Cow_4_103,Cow_4_103,Cow_4,1,6,4,2,624,dataset\6\Cow_4_103\f_624_rgb.jpg,dataset\6\Cow_4_103\f_624_depth.npy,1,,6,171.594970703125,171.29319763183594,2.925642490386963,0.9787003255290463,0.6691825502566532,0.9835142158360572,1,entry_or_trunk_with_rump,3.6740752068942584,0.04207020572614795,0.25595238095238093,0.026623237878084183,0.09404552727937698,0.44105054869838495,0.6681784670760539,0.0,0.0,0.0,0.0
BCS6__Cow_4_103,Cow_4_103,Cow_4,1,6,4,2,625,dataset\6\Cow_4_103\f_625_rgb.jpg,dataset\6\Cow_4_103\f_625_depth.npy,1,,6,171.594970703125,171.29319763183594,2.925642490386963,0.9787003255290463,0.6691825502566532,0.9835142158360572,1,entry_or_trunk_with_rump,3.6740752068942584,0.04207020572614795,0.25595238095238093,0.026623237878084183,0.09404552727937698,0.44105054869838495,0.6681784670760539,0.0,0.0,0.0,0.0
BCS6__Cow_4_103,Cow_4_103,Cow_4,1,6,4,2,626,dataset\6\Cow_4_103\f_626_rgb.jpg,dataset\6\Cow_4_103\f_626_depth.npy,1,,4,172.95675659179688,173.2697296142578,1.4114971160888672,0.9629230267117477,0.8980504048840736,0.9739909817919741,0,entry_or_trunk_with_rump,3.487724542569296,0.03969126422701663,0.22321428571428573,0.029433710500597954,0.08675462752580643,0.4500847243348086,0.5895842582730892,0.0,0.0,0.0,0.0
BCS6__Cow_4_103,Cow_4_103,Cow_4,1,6,4,2,627,dataset\6\Cow_4_103\f_627_rgb.jpg,dataset\6\Cow_4_103\f_627_depth.npy,1,,4,172.95675659179688,173.2697296142578,1.4114971160888672,0.9629230267117477,0.8980504048840736,0.9739909817919741,0,entry_or_trunk_with_rump,3.487724542569296,0.03969126422701663,0.22321428571428573,0.029433710500597954,0.08675462752580643,0.4500847243348086,0.5895842582730892,0.0,0.0,0.0,0.0
BCS6__Cow_4_103,Cow_4_103,Cow_4,1,6,4,2,628,dataset\6\Cow_4_103\f_628_rgb.jpg,dataset\6\Cow_4_103\f_628_depth.npy,1,,3,172.57537841796875,172.4838104248047,0.7822853326797485,0.9117096806997913,0.9018884187496657,0.9510616062212014,0,trunk_head_neck_reversed,3.4166172297963016,0.04749076193334645,0.22023809523809523,0.020132502540946007,0.06549718976020813,0.49791983497896436,0.48052135802516327,0.0,0.0,0.0,1.0
BCS6__Cow_4_103,Cow_4_103,Cow_4,1,6,4,2,629,dataset\6\Cow_4_103\f_629_rgb.jpg,dataset\6\Cow_4_103\f_629_depth.npy,1,,3,172.57537841796875,172.4838104248047,0.7822853326797485,0.9117096806997913,0.9018884187496657,0.9510616062212014,0,trunk_head_neck_reversed,3.4166172297963016,0.04749076193334645,0.22023809523809523,0.020132502540946007,0.06549718976020813,0.49791983497896436,0.48052135802516327,0.0,0.0,0.0,1.0
BCS6__Cow_4_103,Cow_4_103,Cow_4,1,6,4,2,634,dataset\6\Cow_4_103\f_634_rgb.jpg,dataset\6\Cow_4_103\f_634_depth.npy,1,,8,173.01107788085938,172.7543487548828,1.048792839050293,0.9110631696117109,0.8670802882787031,0.9418919582807503,0,trunk_head_neck_reversed,3.392079282112789,0.10156802044066637,0.3273809523809524,0.014240708202123642,0.03768860176205635,0.48504296486781723,0.2839368676544062,0.0,0.0,0.0,1.0
BCS6__Cow_4_103,Cow_4_103,Cow_4,1,6,4,2,635,dataset\6\Cow_4_103\f_635_rgb.jpg,dataset\6\Cow_4_103\f_635_depth.npy,1,,8,173.01107788085938,172.7543487548828,1.048792839050293,0.9110631696117109,0.8670802882787031,0.9418919582807503,0,trunk_head_neck_reversed,3.392079282112789,0.10156802044066637,0.3273809523809524,0.014240708202123642,0.03768860176205635,0.48504296486781723,0.2839368676544062,0.0,0.0,0.0,1.0
BCS6__Cow_4_103,Cow_4_103,Cow_4,1,6,4,2,636,dataset\6\Cow_4_103\f_636_rgb.jpg,dataset\6\Cow_4_103\f_636_depth.npy,1,,6,172.17041015625,172.7242431640625,1.049428939819336,0.9576955398456719,0.8752410927336298,0.9722251469579631,0,trunk_head_neck_reversed,3.1610465974152504,0.11686500887573459,0.3333333333333333,0.009680893272161484,0.03300163894891739,0.4776326442354634,0.19904166352498762,0.0,0.0,0.0,1.0
BCS6__Cow_4_103,Cow_4_103,Cow_4,1,6,4,2,637,dataset\6\Cow_4_103\f_637_rgb.jpg,dataset\6\Cow_4_103\f_637_depth.npy,1,,6,172.17041015625,172.7242431640625,1.049428939819336,0.9576955398456719,0.8752410927336298,0.9722251469579631,0,trunk_head_neck_reversed,3.1610465974152504,0.11686500887573459,0.3333333333333333,0.009680893272161484,0.03300163894891739,0.4776326442354634,0.19904166352498762,0.0,0.0,0.0,1.0
BCS6__Cow_4_103,Cow_4_103,Cow_4,1,6,4,2,638,dataset\6\Cow_4_103\f_638_rgb.jpg,dataset\6\Cow_4_103\f_638_depth.npy,1,,6,172.43601989746094,172.3163604736328,0.7980983257293701,0.801212166715831,0.018740340853224402,0.8985257281705862,3,trunk_dominant,3.75382455794103,0.17068548326631117,0.44036697247706424,0.011508774012327194,0.0435873419046402,0.5142689849287442,0.18342407693689666,0.0,0.026785714285714284,1.0,1.0
BCS6__Cow_4_103,Cow_4_103,Cow_4,1,6,4,2,639,dataset\6\Cow_4_103\f_639_rgb.jpg,dataset\6\Cow_4_103\f_639_depth.npy,1,,6,172.43601989746094,172.3163604736328,0.7980983257293701,0.801212166715831,0.018740340853224402,0.8985257281705862,3,trunk_dominant,3.75382455794103,0.17068548326631117,0.44036697247706424,0.011508774012327194,0.0435873419046402,0.5142689849287442,0.18342407693689666,0.0,0.026785714285714284,1.0,1.0
BCS6__Cow_4_103,Cow_4_103,Cow_4,1,6,4,2,640,dataset\6\Cow_4_103\f_640_rgb.jpg,dataset\6\Cow_4_103\f_640_depth.npy,1,,9,172.5045928955078,172.5998077392578,0.6844379305839539,0.888762386361744,0.8158281205995207,0.9245600539884035,0,trunk_head_neck_reversed,3.4498537266166522,0.13985397059940397,0.5284810126582279,0.016371916979551315,0.053517453372478485,0.5536209726805423,0.16728946125486585,0.0,0.05952380952380952,0.0,1.0
BCS6__Cow_4_103,Cow_4_103,Cow_4,1,6,4,2,641,dataset\6\Cow_4_103\f_641_rgb.jpg,dataset\6\Cow_4_103\f_641_depth.npy,1,,9,172.5045928955078,172.5998077392578,0.6844379305839539,0.888762386361744,0.8158281205995207,0.9245600539884035,0,trunk_head_neck_reversed,3.4498537266166522,0.13985397059940397,0.5284810126582279,0.016371916979551315,0.053517453372478485,0.5536209726805423,0.16728946125486585,0.0,0.05952380952380952,0.0,1.0
BCS6__Cow_4_103,Cow_4_103,Cow_4,1,6,4,2,642,dataset\6\Cow_4_103\f_642_rgb.jpg,dataset\6\Cow_4_103\f_642_depth.npy,1,,9,173.78085327148438,173.76039123535156,0.677611768245697,0.9152282917282899,0.7671513384267425,0.9380507093990599,1,trunk_head_neck_reversed,3.6644227039214172,0.2055646876318491,0.5993485342019544,0.021007142961025238,0.07511090487241745,0.6137432331917297,0.1662060531744521,0.0,0.08630952380952381,0.0,1.0
BCS6__Cow_4_103,Cow_4_103,Cow_4,1,6,4,2,643,dataset\6\Cow_4_103\f_643_rgb.jpg,dataset\6\Cow_4_103\f_643_depth.npy,1,,9,173.78085327148438,173.76039123535156,0.677611768245697,0.9152282917282899,0.7671513384267425,0.9380507093990599,1,trunk_head_neck_reversed,3.6644227039214172,0.2055646876318491,0.5993485342019544,0.021007142961025238,0.07511090487241745,0.6137432331917297,0.1662060531744521,0.0,0.08630952380952381,0.0,1.0
BCS6__Cow_4_103,Cow_4_103,Cow_4,1,6,4,2,644,dataset\6\Cow_4_103\f_644_rgb.jpg,dataset\6\Cow_4_103\f_644_depth.npy,1,,8,173.34446716308594,173.47940063476562,0.9337374567985535,0.940003581742833,0.8765831588912492,0.9597454599026969,0,trunk_head_neck_reversed,4.0151034548967175,0.24424103273932474,0.6394557823129252,0.008657976984977722,0.0287223719060421,0.6161974966413111,0.16915640213515212,0.0,0.125,0.0,1.0
BCS6__Cow_4_103,Cow_4_103,Cow_4,1,6,4,2,645,dataset\6\Cow_4_103\f_645_rgb.jpg,dataset\6\Cow_4_103\f_645_depth.npy,1,,8,173.34446716308594,173.47940063476562,0.9337374567985535,0.940003581742833,0.8765831588912492,0.9597454599026969,0,trunk_head_neck_reversed,4.0151034548967175,0.24424103273932474,0.6394557823129252,0.008657976984977722,0.0287223719060421,0.6161974966413111,0.16915640213515212,0.0,0.125,0.0,1.0
BCS6__Cow_4_103,Cow_4_103,Cow_4,1,6,4,2,646,dataset\6\Cow_4_103\f_646_rgb.jpg,dataset\6\Cow_4_103\f_646_depth.npy,1,,8,173.31661987304688,173.5167236328125,0.3695857524871826,0.9006116793015018,0.7152781252555079,0.9197886644634032,1,trunk_head_neck_reversed,3.922464236123048,0.2678144798137083,0.6714285714285714,0.013427815400063992,0.0469953678548336,0.6467510202955117,0.20009889950499377,0.0,0.16666666666666666,0.0,1.0
BCS6__Cow_4_103,Cow_4_103,Cow_4,1,6,4,2,647,dataset\6\Cow_4_103\f_647_rgb.jpg,dataset\6\Cow_4_103\f_647_depth.npy,1,,8,173.31661987304688,173.5167236328125,0.3695857524871826,0.9006116793015018,0.7152781252555079,0.9197886644634032,1,trunk_head_neck_reversed,3.922464236123048,0.2678144798137083,0.6714285714285714,0.013427815400063992,0.0469953678548336,0.6467510202955117,0.20009889950499377,0.0,0.16666666666666666,0.0,1.0
BCS6__Cow_4_103,Cow_4_103,Cow_4,1,6,4,2,648,dataset\6\Cow_4_103\f_648_rgb.jpg,dataset\6\Cow_4_103\f_648_depth.npy,1,,7,173.51602172851562,173.09585571289062,0.9549608826637268,0.9117866249764013,0.8933823145053191,0.9533801640047009,0,trunk_head_neck_reversed,4.899480943357432,0.27099476699692104,0.44776119402985076,0.007895015180110931,0.030126899480819702,0.6108777314836472,0.19473384581187983,0.0,0.20238095238095238,0.0,1.0
BCS6__Cow_4_103,Cow_4_103,Cow_4,1,6,4,2,649,dataset\6\Cow_4_103\f_649_rgb.jpg,dataset\6\Cow_4_103\f_649_depth.npy,1,,7,173.51602172851562,173.09585571289062,0.9549608826637268,0.9117866249764013,0.8933823145053191,0.9533801640047009,0,trunk_head_neck_reversed,4.899480943357432,0.27099476699692104,0.44776119402985076,0.007895015180110931,0.030126899480819702,0.6108777314836472,0.19473384581187983,0.0,0.20238095238095238,0.0,1.0
BCS6__Cow_4_103,Cow_4_103,Cow_4,1,6,4,2,650,dataset\6\Cow_4_103\f_650_rgb.jpg,dataset\6\Cow_4_103\f_650_depth.npy,1,,6,173.68576049804688,173.56956481933594,1.2563444375991821,0.9144377416131848,0.8160927643737537,0.9365421542436141,0,trunk_head_neck_reversed,4.240015323523863,0.3130223857527028,0.5852713178294574,0.01298077404499054,0.05334808677434921,0.6164029005422126,0.21698944800670916,0.0,0.23214285714285715,0.0,1.0
BCS6__Cow_4_103,Cow_4_103,Cow_4,1,6,4,2,651,dataset\6\Cow_4_103\f_651_rgb.jpg,dataset\6\Cow_4_103\f_651_depth.npy,1,,6,173.68576049804688,173.56956481933594,1.2563444375991821,0.9144377416131848,0.8160927643737537,0.9365421542436141,0,trunk_head_neck_reversed,4.240015323523863,0.3130223857527028,0.5852713178294574,0.01298077404499054,0.05334808677434921,0.6164029005422126,0.21698944800670916,0.0,0.23214285714285715,0.0,1.0
BCS6__Cow_4_103,Cow_4_103,Cow_4,1,6,4,2,652,dataset\6\Cow_4_103\f_652_rgb.jpg,dataset\6\Cow_4_103\f_652_depth.npy,1,,5,173.75112915039062,172.35020446777344,2.249074697494507,0.8788762064339531,0.44918483429040257,0.9118119574618946,2,trunk_head_neck_reversed,4.14136414434347,0.35081898403934986,0.32793522267206476,0.02147553488612175,0.06343713402748108,0.6197075414758189,0.2164922133685271,0.0,0.2648809523809524,0.0,1.0
BCS6__Cow_4_103,Cow_4_103,Cow_4,1,6,4,2,653,dataset\6\Cow_4_103\f_653_rgb.jpg,dataset\6\Cow_4_103\f_653_depth.npy,1,,5,173.75112915039062,172.35020446777344,2.249074697494507,0.8788762064339531,0.44918483429040257,0.9118119574618946,2,trunk_head_neck_reversed,4.14136414434347,0.35081898403934986,0.32793522267206476,0.02147553488612175,0.06343713402748108,0.6197075414758189,0.2164922133685271,0.0,0.2648809523809524,0.0,1.0
BCS6__Cow_4_103,Cow_4_103,Cow_4,1,6,4,2,654,dataset\6\Cow_4_103\f_654_rgb.jpg,dataset\6\Cow_4_103\f_654_depth.npy,1,,6,172.83779907226562,172.9356231689453,0.3445315659046173,0.8682449085055105,0.617415995114805,0.9107514577557569,2,trunk_head_neck_reversed,3.6924646333675213,0.3076562461214678,0.6186440677966102,0.013008112087845802,0.050294846296310425,0.624479439661733,0.25870199847314357,0.0,0.2976190476190476,0.0,1.0
BCS6__Cow_4_103,Cow_4_103,Cow_4,1,6,4,2,655,dataset\6\Cow_4_103\f_655_rgb.jpg,dataset\6\Cow_4_103\f_655_depth.npy,1,,6,172.83779907226562,172.9356231689453,0.3445315659046173,0.8682449085055105,0.617415995114805,0.9107514577557569,2,trunk_head_neck_reversed,3.6924646333675213,0.3076562461214678,0.6186440677966102,0.013008112087845802,0.050294846296310425,0.624479439661733,0.25870199847314357,0.0,0.2976190476190476,0.0,1.0
BCS6__Cow_4_103,Cow_4_103,Cow_4,1,6,4,2,656,dataset\6\Cow_4_103\f_656_rgb.jpg,dataset\6\Cow_4_103\f_656_depth.npy,1,,5,174.1336212158203,174.1216278076172,0.2826826274394989,0.8399833879044305,0.524079872720604,0.8578555259155802,1,trunk_head_neck_reversed,3.499058320878035,0.13367397319042595,0.5973451327433629,0.011408730410039425,0.04072582349181175,0.6313822573863539,0.25382854604161315,0.0,0.3273809523809524,0.0,1.0
BCS6__Cow_4_103,Cow_4_103,Cow_4,1,6,4,2,657,dataset\6\Cow_4_103\f_657_rgb.jpg,dataset\6\Cow_4_103\f_657_depth.npy,1,,5,174.1336212158203,174.1216278076172,0.2826826274394989,0.8399833879044305,0.524079872720604,0.8578555259155802,1,trunk_head_neck_reversed,3.499058320878035,0.13367397319042595,0.5973451327433629,0.011408730410039425,0.04072582349181175,0.6313822573863539,0.25382854604161315,0.0,0.3273809523809524,0.0,1.0
BCS6__Cow_4_103,Cow_4_103,Cow_4,1,6,4,2,660,dataset\6\Cow_4_103\f_660_rgb.jpg,dataset\6\Cow_4_103\f_660_depth.npy,1,,4,171.00367736816406,170.79364013671875,1.1482787132263184,0.8687373993512135,0.6565107395562864,0.898167641029469,1,trunk_head_neck_reversed,0.23321814144676978,0.2341754737930586,0.5147058823529411,0.01247644703835249,0.046281926333904266,0.6457657655138003,0.30023685333424954,0.0,0.39285714285714285,0.0,1.0
BCS6__Cow_52_29,Cow_52_29,Cow_52,0,6,4,2,165,dataset\6\Cow_52_29\f_165_rgb.jpg,dataset\6\Cow_52_29\f_165_depth.npy,1,,5,173.3382110595703,172.96299743652344,0.7152173519134521,0.8519289215538683,0.8148641590631558,0.8989803235699516,0,head_neck_trunk,13.313257288910762,0.30203346323050084,0.7478991596638656,0.01143707986921072,0.04143935814499855,0.18720319165586322,0.765563829470702,0.2916666666666667,0.0,1.0,0.0
BCS6__Cow_52_29,Cow_52_29,Cow_52,0,6,4,2,166,dataset\6\Cow_52_29\f_166_rgb.jpg,dataset\6\Cow_52_29\f_166_depth.npy,1,,7,174.09677124023438,173.70364379882812,1.2293691635131836,0.902139173028189,0.7287128310232103,0.9457160072125235,2,head_neck_trunk,13.46087771566836,0.2241758285202451,0.7710843373493976,0.02001299150288105,0.07785680145025253,0.22722910430878368,0.764254294738363,0.25892857142857145,0.0,1.0,0.0
BCS6__Cow_52_29,Cow_52_29,Cow_52,0,6,4,2,167,dataset\6\Cow_52_29\f_167_rgb.jpg,dataset\6\Cow_52_29\f_167_depth.npy,1,,7,174.09677124023438,173.70364379882812,1.2293691635131836,0.902139173028189,0.7287128310232103,0.9457160072125235,2,head_neck_trunk,13.46087771566836,0.2241758285202451,0.7710843373493976,0.02001299150288105,0.07785680145025253,0.22722910430878368,0.764254294738363,0.25892857142857145,0.0,1.0,0.0
BCS6__Cow_52_29,Cow_52_29,Cow_52,0,6,4,2,168,dataset\6\Cow_52_29\f_168_rgb.jpg,dataset\6\Cow_52_29\f_168_depth.npy,1,,4,174.00843811035156,173.93331909179688,1.4108930826187134,0.9675030351767018,0.9557252000738822,0.9790032352973789,0,head_neck_trunk,12.975534932573396,0.045031087687604554,0.779467680608365,0.016385478898882866,0.06405170261859894,0.2336206731300223,0.7753405117666667,0.21726190476190477,0.0,1.0,0.0
BCS6__Cow_52_29,Cow_52_29,Cow_52,0,6,4,2,169,dataset\6\Cow_52_29\f_169_rgb.jpg,dataset\6\Cow_52_29\f_169_depth.npy,1,,4,174.00843811035156,173.93331909179688,1.4108930826187134,0.9675030351767018,0.9557252000738822,0.9790032352973789,0,head_neck_trunk,12.975534932573396,0.045031087687604554,0.779467680608365,0.016385478898882866,0.06405170261859894,0.2336206731300223,0.7753405117666667,0.21726190476190477,0.0,1.0,0.0
BCS6__Cow_52_29,Cow_52_29,Cow_52,0,6,4,2,170,dataset\6\Cow_52_29\f_170_rgb.jpg,dataset\6\Cow_52_29\f_170_depth.npy,1,,4,170.98001098632812,171.57395935058594,2.1322903633117676,0.9027582726655128,0.699365290316802,0.9361120397007336,1,head_neck_trunk,12.293992710728403,0.03695535950681972,0.31654676258992803,0.058225665241479874,0.15549415349960327,0.21406258994853491,0.6210374555797544,0.17261904761904762,0.0,1.0,0.0
BCS6__Cow_52_29,Cow_52_29,Cow_52,0,6,4,2,171,dataset\6\Cow_52_29\f_171_rgb.jpg,dataset\6\Cow_52_29\f_171_depth.npy,1,,4,170.98001098632812,171.57395935058594,2.1322903633117676,0.9027582726655128,0.699365290316802,0.9361120397007336,1,head_neck_trunk,12.293992710728403,0.03695535950681972,0.31654676258992803,0.058225665241479874,0.15549415349960327,0.21406258994853491,0.6210374555797544,0.17261904761904762,0.0,1.0,0.0
BCS6__Cow_52_29,Cow_52_29,Cow_52,0,6,4,2,172,dataset\6\Cow_52_29\f_172_rgb.jpg,dataset\6\Cow_52_29\f_172_depth.npy,1,,9,170.46852111816406,171.6454620361328,2.162106513977051,0.8731943617787002,0.8057203077365069,0.9140215187257017,0,trunk_dominant,12.372532669626352,0.00017545667401464016,0.29553264604810997,0.01942579634487629,0.05508074536919594,0.24124171612332843,0.49965766102755005,0.13392857142857142,0.0,1.0,1.0
BCS6__Cow_52_29,Cow_52_29,Cow_52,0,6,4,2,173,dataset\6\Cow_52_29\f_173_rgb.jpg,dataset\6\Cow_52_29\f_173_depth.npy,1,,9,170.46852111816406,171.6454620361328,2.162106513977051,0.8731943617787002,0.8057203077365069,0.9140215187257017,0,trunk_dominant,12.372532669626352,0.00017545667401464016,0.29553264604810997,0.01942579634487629,0.05508074536919594,0.24124171612332843,0.49965766102755005,0.13392857142857142,0.0,1.0,1.0
BCS6__Cow_52_29,Cow_52_29,Cow_52,0,6,4,2,174,dataset\6\Cow_52_29\f_174_rgb.jpg,dataset\6\Cow_52_29\f_174_depth.npy,1,,8,171.40162658691406,172.27578735351562,1.7986255884170532,0.9328430056953397,0.9086977061625237,0.9631850969502447,0,trunk_dominant,11.712259730985608,0.02378692891406331,0.3102310231023102,0.02436445653438568,0.07198350131511688,0.3210339223938208,0.43829579826953274,0.09821428571428571,0.0,1.0,1.0
BCS6__Cow_52_29,Cow_52_29,Cow_52,0,6,4,2,175,dataset\6\Cow_52_29\f_175_rgb.jpg,dataset\6\Cow_52_29\f_175_depth.npy,1,,8,171.40162658691406,172.27578735351562,1.7986255884170532,0.9328430056953397,0.9086977061625237,0.9631850969502447,0,trunk_dominant,11.712259730985608,0.02378692891406331,0.3102310231023102,0.02436445653438568,0.07198350131511688,0.3210339223938208,0.43829579826953274,0.09821428571428571,0.0,1.0,1.0
BCS6__Cow_52_29,Cow_52_29,Cow_52,0,6,4,2,176,dataset\6\Cow_52_29\f_176_rgb.jpg,dataset\6\Cow_52_29\f_176_depth.npy,1,,7,172.7046661376953,172.5229034423828,1.9035323858261108,0.8634736317598743,0.7712961946232391,0.9241371535777276,1,trunk_dominant,11.17243758820004,0.00906279750698502,0.28173374613003094,0.02137080207467079,0.06929410248994827,0.3152458223664348,0.4414891249376769,0.03869047619047619,0.0,1.0,1.0
BCS6__Cow_52_29,Cow_52_29,Cow_52,0,6,4,2,177,dataset\6\Cow_52_29\f_177_rgb.jpg,dataset\6\Cow_52_29\f_177_depth.npy,1,,7,172.7046661376953,172.5229034423828,1.9035323858261108,0.8634736317598743,0.7712961946232391,0.9241371535777276,1,trunk_dominant,11.17243758820004,0.00906279750698502,0.28173374613003094,0.02137080207467079,0.06929410248994827,0.3152458223664348,0.4414891249376769,0.03869047619047619,0.0,1.0,1.0
BCS6__Cow_52_29,Cow_52_29,Cow_52,0,6,4,2,178,dataset\6\Cow_52_29\f_178_rgb.jpg,dataset\6\Cow_52_29\f_178_depth.npy,1,,9,173.07345581054688,172.865478515625,0.835375189781189,0.9238556657505773,0.8398351409239004,0.9551386824438957,0,trunk_dominant,11.060022760367872,0.019902912380686644,0.32628398791540786,0.01131749153137207,0.04056382551789284,0.3569114639190972,0.5124896961441588,0.01488095238095238,0.0,1.0,1.0
BCS6__Cow_52_29,Cow_52_29,Cow_52,0,6,4,2,179,dataset\6\Cow_52_29\f_179_rgb.jpg,dataset\6\Cow_52_29\f_179_depth.npy,1,,9,173.07345581054688,172.865478515625,0.835375189781189,0.9238556657505773,0.8398351409239004,0.9551386824438957,0,trunk_dominant,11.060022760367872,0.019902912380686644,0.32628398791540786,0.01131749153137207,0.04056382551789284,0.3569114639190972,0.5124896961441588,0.01488095238095238,0.0,1.0,1.0
BCS6__Cow_52_29,Cow_52_29,Cow_52,0,6,4,2,180,dataset\6\Cow_52_29\f_180_rgb.jpg,dataset\6\Cow_52_29\f_180_depth.npy,1,,7,174.74285888671875,174.67135620117188,0.3956837058067322,0.8317686828765645,0.7533769328280983,0.9078471598340306,2,trunk_dominant,10.62534976159671,0.021918455009199533,0.23214285714285715,0.014135128818452358,0.04710707068443298,0.42280085237118464,0.49006496195602417,0.0,0.0,1.0,1.0
BCS6__Cow_52_29,Cow_52_29,Cow_52,0,6,4,2,181,dataset\6\Cow_52_29\f_181_rgb.jpg,dataset\6\Cow_52_29\f_181_depth.npy,1,,7,174.74285888671875,174.67135620117188,0.3956837058067322,0.8317686828765645,0.7533769328280983,0.9078471598340306,2,trunk_dominant,10.62534976159671,0.021918455009199533,0.23214285714285715,0.014135128818452358,0.04710707068443298,0.42280085237118464,0.49006496195602417,0.0,0.0,1.0,1.0
BCS6__Cow_52_29,Cow_52_29,Cow_52,0,6,4,2,188,dataset\6\Cow_52_29\f_188_rgb.jpg,dataset\6\Cow_52_29\f_188_depth.npy,1,,5,174.7303924560547,174.90817260742188,0.2857520282268524,0.8261649556014785,0.6511646053466316,0.9081330837496397,2,trunk_head_neck_reversed,9.845050624217748,0.06551556143625703,0.2670807453416149,0.009999008849263191,0.030935121700167656,0.5276315014893366,0.25347151267600626,0.0,0.041666666666666664,0.0,1.0
BCS6__Cow_52_29,Cow_52_29,Cow_52,0,6,4,2,189,dataset\6\Cow_52_29\f_189_rgb.jpg,dataset\6\Cow_52_29\f_189_depth.npy,1,,5,174.7303924560547,174.90817260742188,0.2857520282268524,0.8261649556014785,0.6511646053466316,0.9081330837496397,2,trunk_head_neck_reversed,9.845050624217748,0.06551556143625703,0.2670807453416149,0.009999008849263191,0.030935121700167656,0.5276315014893366,0.25347151267600626,0.0,0.041666666666666664,0.0,1.0
BCS6__Cow_52_29,Cow_52_29,Cow_52,0,6,4,2,190,dataset\6\Cow_52_29\f_190_rgb.jpg,dataset\6\Cow_52_29\f_190_depth.npy,1,,7,174.87448120117188,174.9747772216797,0.23579494655132294,0.953607190489419,0.8567464807830345,0.9672455959494961,0,trunk_head_neck_reversed,9.995807528677986,0.10214638725265957,0.2229299363057325,0.006662794388830662,0.024232346564531326,0.5618785195692542,0.23996652213329658,0.0,0.06547619047619048,0.0,1.0
BCS6__Cow_52_29,Cow_52_29,Cow_52,0,6,4,2,191,dataset\6\Cow_52_29\f_191_rgb.jpg,dataset\6\Cow_52_29\f_191_depth.npy,1,,7,174.87448120117188,174.9747772216797,0.23579494655132294,0.953607190489419,0.8567464807830345,0.9672455959494961,0,trunk_head_neck_reversed,9.995807528677986,0.10214638725265957,0.2229299363057325,0.006662794388830662,0.024232346564531326,0.5618785195692542,0.23996652213329658,0.0,0.06547619047619048,0.0,1.0
BCS6__Cow_52_29,Cow_52_29,Cow_52,0,6,4,2,192,dataset\6\Cow_52_29\f_192_rgb.jpg,dataset\6\Cow_52_29\f_192_depth.npy,1,,5,174.5112762451172,174.7943878173828,0.6715421676635742,0.8321110242055909,0.682211621416376,0.8911741050945747,2,trunk_head_neck_reversed,9.796152271849635,0.12844817976186107,0.26557377049180325,0.009016169235110283,0.023881176486611366,0.6014267105034027,0.23592365091973239,0.0,0.09226190476190477,0.0,1.0
BCS6__Cow_52_29,Cow_52_29,Cow_52,0,6,4,2,193,dataset\6\Cow_52_29\f_193_rgb.jpg,dataset\6\Cow_52_29\f_193_depth.npy,1,,5,174.5112762451172,174.7943878173828,0.6715421676635742,0.8321110242055909,0.682211621416376,0.8911741050945747,2,trunk_head_neck_reversed,9.796152271849635,0.12844817976186107,0.26557377049180325,0.009016169235110283,0.023881176486611366,0.6014267105034027,0.23592365091973239,0.0,0.09226190476190477,0.0,1.0
BCS6__Cow_52_29,Cow_52_29,Cow_52,0,6,4,2,194,dataset\6\Cow_52_29\f_194_rgb.jpg,dataset\6\Cow_52_29\f_194_depth.npy,1,,4,174.11573791503906,173.879638671875,0.4201720356941223,0.8803177495771439,0.8629332458178912,0.918632219795307,0,trunk_head_neck_reversed,9.661798376074287,0.17869132165257895,0.25252525252525254,0.01303947251290083,0.04491661861538887,0.5898531461744884,0.19426851315371108,0.0,0.11607142857142858,0.0,1.0
BCS6__Cow_52_29,Cow_52_29,Cow_52,0,6,4,2,195,dataset\6\Cow_52_29\f_195_rgb.jpg,dataset\6\Cow_52_29\f_195_depth.npy,1,,4,174.11573791503906,173.879638671875,0.4201720356941223,0.8803177495771439,0.8629332458178912,0.918632219795307,0,trunk_head_neck_reversed,9.661798376074287,0.17869132165257895,0.25252525252525254,0.01303947251290083,0.04491661861538887,0.5898531461744884,0.19426851315371108,0.0,0.11607142857142858,0.0,1.0
BCS6__Cow_52_29,Cow_52_29,Cow_52,0,6,4,2,196,dataset\6\Cow_52_29\f_196_rgb.jpg,dataset\6\Cow_52_29\f_196_depth.npy,1,,6,174.5248260498047,174.1681671142578,0.9917256832122803,0.9711165477106123,0.8564448935625946,0.9780164231461153,0,trunk_head_neck_reversed,10.129419303624914,0.19625451438604102,0.30313588850174217,0.008115658536553383,0.027256222441792488,0.5638996482334108,0.19026715265566452,0.0,0.14583333333333334,0.0,1.0
BCS6__Cow_52_29,Cow_52_29,Cow_52,0,6,4,2,197,dataset\6\Cow_52_29\f_197_rgb.jpg,dataset\6\Cow_52_29\f_197_depth.npy,1,,6,174.5248260498047,174.1681671142578,0.9917256832122803,0.9711165477106123,0.8564448935625946,0.9780164231461153,0,trunk_head_neck_reversed,10.129419303624914,0.19625451438604102,0.30313588850174217,0.008115658536553383,0.027256222441792488,0.5638996482334108,0.19026715265566452,0.0,0.14583333333333334,0.0,1.0
BCS6__Cow_52_29,Cow_52_29,Cow_52,0,6,4,2,198,dataset\6\Cow_52_29\f_198_rgb.jpg,dataset\6\Cow_52_29\f_198_depth.npy,1,,8,174.63739013671875,174.55740356445312,0.49397000670433044,0.9804260500148332,0.794073415255121,0.9884736345795774,1,trunk_head_neck_reversed,10.355706508237631,0.3067850943601087,0.3821428571428571,0.013320880942046642,0.04193178936839104,0.5657251187040915,0.18718401282291272,0.0,0.16666666666666666,0.0,1.0
BCS6__Cow_52_29,Cow_52_29,Cow_52,0,6,4,2,199,dataset\6\Cow_52_29\f_199_rgb.jpg,dataset\6\Cow_52_29\f_199_depth.npy,1,,8,174.63739013671875,174.55740356445312,0.49397000670433044,0.9804260500148332,0.794073415255121,0.9884736345795774,1,trunk_head_neck_reversed,10.355706508237631,0.3067850943601087,0.3821428571428571,0.013320880942046642,0.04193178936839104,0.5657251187040915,0.18718401282291272,0.0,0.16666666666666666,0.0,1.0
BCS6__Cow_52_29,Cow_52_29,Cow_52,0,6,4,2,200,dataset\6\Cow_52_29\f_200_rgb.jpg,dataset\6\Cow_52_29\f_200_depth.npy,1,,9,174.85623168945312,174.35635375976562,1.0309027433395386,0.9575627670171198,0.8980393358195237,0.9700899478896912,0,trunk_head_neck_reversed,10.373009238134713,0.3420764537928278,0.37037037037037035,0.003364692209288478,0.015507948584854603,0.5597016668740186,0.1640941343447838,0.0,0.19642857142857142,0.0,1.0
BCS6__Cow_52_29,Cow_52_29,Cow_52,0,6,4,2,201,dataset\6\Cow_52_29\f_201_rgb.jpg,dataset\6\Cow_52_29\f_201_depth.npy,1,,9,174.85623168945312,174.35635375976562,1.0309027433395386,0.9575627670171198,0.8980393358195237,0.9700899478896912,0,trunk_head_neck_reversed,10.373009238134713,0.3420764537928278,0.37037037037037035,0.003364692209288478,0.015507948584854603,0.5597016668740186,0.1640941343447838,0.0,0.19642857142857142,0.0,1.0
BCS6__Cow_52_29,Cow_52_29,Cow_52,0,6,4,2,202,dataset\6\Cow_52_29\f_202_rgb.jpg,dataset\6\Cow_52_29\f_202_depth.npy,1,,9,173.8688201904297,174.03109741210938,0.46054741740226746,0.9529769767598826,0.9249500868356233,0.975248345176873,0,trunk_head_neck_reversed,10.948471814359891,0.3233497819288971,0.3886792452830189,0.013561299070715904,0.040636152029037476,0.5683847318274756,0.14772264192636184,0.0,0.2113095238095238,0.0,1.0
BCS6__Cow_52_29,Cow_52_29,Cow_52,0,6,4,2,203,dataset\6\Cow_52_29\f_203_rgb.jpg,dataset\6\Cow_52_29\f_203_depth.npy,1,,9,173.8688201904297,174.03109741210938,0.46054741740226746,0.9529769767598826,0.9249500868356233,0.975248345176873,0,trunk_head_neck_reversed,10.948471814359891,0.3233497819288971,0.3886792452830189,0.013561299070715904,0.040636152029037476,0.5683847318274756,0.14772264192636184,0.0,0.2113095238095238,0.0,1.0
BCS6__Cow_52_29,Cow_52_29,Cow_52,0,6,4,2,204,dataset\6\Cow_52_29\f_204_rgb.jpg,dataset\6\Cow_52_29\f_204_depth.npy,1,,9,172.74942016601562,172.5742950439453,0.9204027652740479,0.9771140357614942,0.9407504777323972,0.9864425326149908,0,trunk_head_neck_reversed,10.841816781324923,0.4169270326642476,0.5077519379844961,0.012245048768818378,0.0368037223815918,0.6184269976124446,0.1431774383560145,0.0,0.23214285714285715,0.0,1.0
BCS6__Cow_52_29,Cow_52_29,Cow_52,0,6,4,2,205,dataset\6\Cow_52_29\f_205_rgb.jpg,dataset\6\Cow_52_29\f_205_depth.npy,1,,9,172.74942016601562,172.5742950439453,0.9204027652740479,0.9771140357614942,0.9407504777323972,0.9864425326149908,0,trunk_head_neck_reversed,10.841816781324923,0.4169270326642476,0.5077519379844961,0.012245048768818378,0.0368037223815918,0.6184269976124446,0.1431774383560145,0.0,0.23214285714285715,0.0,1.0
BCS6__Cow_52_29,Cow_52_29,Cow_52,0,6,4,2,206,dataset\6\Cow_52_29\f_206_rgb.jpg,dataset\6\Cow_52_29\f_206_depth.npy,1,,9,172.4739227294922,172.59088134765625,1.0452828407287598,0.9512296220061467,0.9133482196061152,0.9717874717084336,0,trunk_head_neck_reversed,11.203059755465603,0.4601189797567713,0.6254980079681275,0.009402784518897533,0.029676424339413643,0.5921423334460911,0.12965394924194595,0.0,0.25297619047619047,0.0,1.0
BCS6__Cow_52_29,Cow_52_29,Cow_52,0,6,4,2,207,dataset\6\Cow_52_29\f_207_rgb.jpg,dataset\6\Cow_52_29\f_207_depth.npy,1,,9,172.4739227294922,172.59088134765625,1.0452828407287598,0.9512296220061467,0.9133482196061152,0.9717874717084336,0,trunk_head_neck_reversed,11.203059755465603,0.4601189797567713,0.6254980079681275,0.009402784518897533,0.029676424339413643,0.5921423334460911,0.12965394924194595,0.0,0.25297619047619047,0.0,1.0
BCS6__Cow_52_29,Cow_52_29,Cow_52,0,6,4,2,208,dataset\6\Cow_52_29\f_208_rgb.jpg,dataset\6\Cow_52_29\f_208_depth.npy,1,,9,171.912353515625,170.90896606445312,1.7228350639343262,0.9414506487191442,0.8189196133159614,0.9656784151008933,0,trunk_head_neck_reversed,12.3101357318872,0.5706552416117603,0.6375,0.01164515595883131,0.044624608010053635,0.6213167883425391,0.16189567185256007,0.0,0.2857142857142857,0.0,1.0
BCS6__Cow_52_29,Cow_52_29,Cow_52,0,6,4,2,209,dataset\6\Cow_52_29\f_209_rgb.jpg,dataset\6\Cow_52_29\f_209_depth.npy,1,,9,171.912353515625,170.90896606445312,1.7228350639343262,0.9414506487191442,0.8189196133159614,0.9656784151008933,0,trunk_head_neck_reversed,12.3101357318872,0.5706552416117603,0.6375,0.01164515595883131,0.044624608010053635,0.6213167883425391,0.16189567185256007,0.0,0.2857142857142857,0.0,1.0
BCS6__Cow_52_29,Cow_52_29,Cow_52,0,6,4,2,210,dataset\6\Cow_52_29\f_210_rgb.jpg,dataset\6\Cow_52_29\f_210_depth.npy,1,,9,172.02734375,172.09976196289062,1.163952112197876,0.9319192549357993,0.7384310932784042,0.9642249200736144,1,trunk_head_neck_reversed,11.677966618663561,0.5859721688232611,0.625531914893617,0.0032411341089755297,0.013832459226250648,0.6155619326885531,0.15424591927637085,0.0,0.3005952380952381,0.0,1.0
BCS6__Cow_52_29,Cow_52_29,Cow_52,0,6,4,2,211,dataset\6\Cow_52_29\f_211_rgb.jpg,dataset\6\Cow_52_29\f_211_depth.npy,1,,9,172.02734375,172.09976196289062,1.163952112197876,0.9319192549357993,0.7384310932784042,0.9642249200736144,1,trunk_head_neck_reversed,11.677966618663561,0.5859721688232611,0.625531914893617,0.0032411341089755297,0.013832459226250648,0.6155619326885531,0.15424591927637085,0.0,0.3005952380952381,0.0,1.0
BCS6__Cow_52_29,Cow_52_29,Cow_52,0,6,4,2,212,dataset\6\Cow_52_29\f_212_rgb.jpg,dataset\6\Cow_52_29\f_212_depth.npy,1,,9,171.50758361816406,171.5284423828125,1.9761642217636108,0.9514131801042495,0.842159464248573,0.9719323298833382,0,trunk_head_neck_reversed,11.963028033694656,0.7200312725370566,0.6519823788546255,0.01009954884648323,0.0374796986579895,0.6258953758490863,0.1552998333315967,0.0,0.3244047619047619,0.0,1.0
BCS6__Cow_52_29,Cow_52_29,Cow_52,0,6,4,2,213,dataset\6\Cow_52_29\f_213_rgb.jpg,dataset\6\Cow_52_29\f_213_depth.npy,1,,9,171.50758361816406,171.5284423828125,1.9761642217636108,0.9514131801042495,0.842159464248573,0.9719323298833382,0,trunk_head_neck_reversed,11.963028033694656,0.7200312725370566,0.6519823788546255,0.01009954884648323,0.0374796986579895,0.6258953758490863,0.1552998333315967,0.0,0.3244047619047619,0.0,1.0
BCS6__Cow_52_29,Cow_52_29,Cow_52,0,6,4,2,214,dataset\6\Cow_52_29\f_214_rgb.jpg,dataset\6\Cow_52_29\f_214_depth.npy,1,,7,173.158935546875,172.2085418701172,1.5124577283859253,0.9595995049360473,0.9053739219970471,0.965111314460869,0,trunk_head_neck_reversed,12.203465297130876,0.7670081876809149,0.6301369863013698,0.009136856533586979,0.03673919662833214,0.6250842675533156,0.15193054991183996,0.0,0.3482142857142857,0.0,1.0
BCS6__Cow_52_29,Cow_52_29,Cow_52,0,6,4,2,215,dataset\6\Cow_52_29\f_215_rgb.jpg,dataset\6\Cow_52_29\f_215_depth.npy,1,,7,173.158935546875,172.2085418701172,1.5124577283859253,0.9595995049360473,0.9053739219970471,0.965111314460869,0,trunk_head_neck_reversed,12.203465297130876,0.7670081876809149,0.6301369863013698,0.009136856533586979,0.03673919662833214,0.6250842675533156,0.15193054991183996,0.0,0.3482142857142857,0.0,1.0
BCS6__Cow_52_29,Cow_52_29,Cow_52,0,6,4,2,216,dataset\6\Cow_52_29\f_216_rgb.jpg,dataset\6\Cow_52_29\f_216_depth.npy,1,,9,171.9855499267578,170.9752197265625,2.0924112796783447,0.9691884667152986,0.8451488308695463,0.9822611828105947,0,trunk_head_neck_reversed,12.528381433525254,0.9741777152100184,0.6556603773584906,0.012599236331880093,0.050722990185022354,0.6437154058960816,0.174859721343605,0.0,0.36904761904761907,0.0,1.0
BCS6__Cow_52_29,Cow_52_29,Cow_52,0,6,4,2,217,dataset\6\Cow_52_29\f_217_rgb.jpg,dataset\6\Cow_52_29\f_217_depth.npy,1,,9,171.9855499267578,170.9752197265625,2.0924112796783447,0.9691884667152986,0.8451488308695463,0.9822611828105947,0,trunk_head_neck_reversed,12.528381433525254,0.9741777152100184,0.6556603773584906,0.012599236331880093,0.050722990185022354,0.6437154058960816,0.174859721343605,0.0,0.36904761904761907,0.0,1.0
BCS6__Cow_52_29,Cow_52_29,Cow_52,0,6,4,2,218,dataset\6\Cow_52_29\f_218_rgb.jpg,dataset\6\Cow_52_29\f_218_depth.npy,1,,9,172.15274047851562,172.21853637695312,1.3626495599746704,0.9085515300167568,0.8073337957033273,0.9244041013997603,0,trunk_head_neck_reversed,13.135444414491715,1.1083444056790057,0.6570048309178744,0.014024627394974232,0.05140341445803642,0.6561873837100686,0.14162062674135484,0.0,0.38392857142857145,0.0,1.0
BCS6__Cow_52_29,Cow_52_29,Cow_52,0,6,4,2,219,dataset\6\Cow_52_29\f_219_rgb.jpg,dataset\6\Cow_52_29\f_219_depth.npy,1,,9,172.15274047851562,172.21853637695312,1.3626495599746704,0.9085515300167568,0.8073337957033273,0.9244041013997603,0,trunk_head_neck_reversed,13.135444414491715,1.1083444056790057,0.6570048309178744,0.014024627394974232,0.05140341445803642,0.6561873837100686,0.14162062674135484,0.0,0.38392857142857145,0.0,1.0
BCS6__Cow_52_29,Cow_52_29,Cow_52,0,6,4,2,220,dataset\6\Cow_52_29\f_220_rgb.jpg,dataset\6\Cow_52_29\f_220_depth.npy,1,,9,170.8225555419922,171.40786743164062,2.120626926422119,0.8631991841959241,0.506543394997311,0.9201831091907379,2,trunk_head_neck_reversed,13.654390596414842,1.2808200248475288,0.6567164179104478,0.01702686958014965,0.050601355731487274,0.6502962933030826,0.1326234626650109,0.0,0.4017857142857143,0.0,1.0
BCS6__Cow_52_29,Cow_52_29,Cow_52,0,6,4,2,221,dataset\6\Cow_52_29\f_221_rgb.jpg,dataset\6\Cow_52_29\f_221_depth.npy,1,,9,170.8225555419922,171.40786743164062,2.120626926422119,0.8631991841959241,0.506543394997311,0.9201831091907379,2,trunk_head_neck_reversed,13.654390596414842,1.2808200248475288,0.6567164179104478,0.01702686958014965,0.050601355731487274,0.6502962933030826,0.1326234626650109,0.0,0.4017857142857143,0.0,1.0
BCS6__Cow_52_29,Cow_52_29,Cow_52,0,6,4,2,222,dataset\6\Cow_52_29\f_222_rgb.jpg,dataset\6\Cow_52_29\f_222_depth.npy,1,,5,170.64697265625,170.70193481445312,1.1372764110565186,0.9025724293339349,0.838203944169969,0.9320821374256876,0,trunk_head_neck_reversed,14.026870509114787,1.833413085280597,0.6476683937823834,0.01715438812971115,0.05980824679136276,0.6391776784586263,0.14489351633251302,0.0,0.4255952380952381,0.0,1.0
BCS6__Cow_52_29,Cow_52_29,Cow_52,0,6,4,2,223,dataset\6\Cow_52_29\f_223_rgb.jpg,dataset\6\Cow_52_29\f_223_depth.npy,1,,5,170.64697265625,170.70193481445312,1.1372764110565186,0.9025724293339349,0.838203944169969,0.9320821374256876,0,trunk_head_neck_reversed,14.026870509114787,1.833413085280597,0.6476683937823834,0.01715438812971115,0.05980824679136276,0.6391776784586263,0.14489351633251302,0.0,0.4255952380952381,0.0,1.0
BCS6__Cow_52_29,Cow_52_29,Cow_52,0,6,4,2,224,dataset\6\Cow_52_29\f_224_rgb.jpg,dataset\6\Cow_52_29\f_224_depth.npy,1,,7,171.04434204101562,170.66270446777344,1.995192527770996,0.9415084815470176,0.8204984289023214,0.9621414081722013,0,trunk_head_neck_reversed,13.599685765806782,2.0717497834524465,0.6978021978021978,0.007321326062083244,0.031750306487083435,0.6284408647914814,0.18428716671978174,0.0,0.4583333333333333,0.0,1.0
BCS6__Cow_52_29,Cow_52_29,Cow_52,0,6,4,2,225,dataset\6\Cow_52_29\f_225_rgb.jpg,dataset\6\Cow_52_29\f_225_depth.npy,1,,7,171.04434204101562,170.66270446777344,1.995192527770996,0.9415084815470176,0.8204984289023214,0.9621414081722013,0,trunk_head_neck_reversed,13.599685765806782,2.0717497834524465,0.6978021978021978,0.007321326062083244,0.031750306487083435,0.6284408647914814,0.18428716671978174,0.0,0.4583333333333333,0.0,1.0
BCS6__Cow_7_9008,Cow_7_9008,Cow_7,0,6,4,2,225,dataset\6\Cow_7_9008\f_225_rgb.jpg,dataset\6\Cow_7_9008\f_225_depth.npy,1,,9,165.78176879882812,165.93019104003906,1.4619786739349365,0.9733483287595083,0.9408428218139745,0.9851007670507019,0,head_neck_trunk,7.742722542244351,0.5775665355472626,0.7336244541484717,0.009153986349701881,0.032213084399700165,0.12058244695527147,0.8115111732878352,0.31845238095238093,0.0,1.0,0.0
BCS6__Cow_7_9008,Cow_7_9008,Cow_7,0,6,4,2,226,dataset\6\Cow_7_9008\f_226_rgb.jpg,dataset\6\Cow_7_9008\f_226_depth.npy,1,,9,166.92967224121094,166.8519287109375,1.5514129400253296,0.9838894488174331,0.9493526531491547,0.9884856608228735,0,head_neck_trunk,7.435480003062295,0.26135416555908364,0.728448275862069,0.018367981538176537,0.0747126042842865,0.15472539718859016,0.8174128100553975,0.30952380952380953,0.0,1.0,0.0
BCS6__Cow_7_9008,Cow_7_9008,Cow_7,0,6,4,2,227,dataset\6\Cow_7_9008\f_227_rgb.jpg,dataset\6\Cow_7_9008\f_227_depth.npy,1,,9,166.92967224121094,166.8519287109375,1.5514129400253296,0.9838894488174331,0.9493526531491547,0.9884856608228735,0,head_neck_trunk,7.435480003062295,0.26135416555908364,0.728448275862069,0.018367981538176537,0.0747126042842865,0.15472539718859016,0.8174128100553975,0.30952380952380953,0.0,1.0,0.0
BCS6__Cow_7_9008,Cow_7_9008,Cow_7,0,6,4,2,228,dataset\6\Cow_7_9008\f_228_rgb.jpg,dataset\6\Cow_7_9008\f_228_depth.npy,1,,9,168.291259765625,168.3217010498047,1.2623993158340454,0.9835638256198558,0.945302303367025,0.989611916568963,0,head_neck_trunk,7.033290489125477,0.3317668719698901,0.7736625514403292,0.01278535183519125,0.04784678295254707,0.1768465598985275,0.8261593777216372,0.2767857142857143,0.0,1.0,0.0
BCS6__Cow_7_9008,Cow_7_9008,Cow_7,0,6,4,2,229,dataset\6\Cow_7_9008\f_229_rgb.jpg,dataset\6\Cow_7_9008\f_229_depth.npy,1,,9,168.291259765625,168.3217010498047,1.2623993158340454,0.9835638256198558,0.945302303367025,0.989611916568963,0,head_neck_trunk,7.033290489125477,0.3317668719698901,0.7736625514403292,0.01278535183519125,0.04784678295254707,0.1768465598985275,0.8261593777216372,0.2767857142857143,0.0,1.0,0.0
BCS6__Cow_7_9008,Cow_7_9008,Cow_7,0,6,4,2,230,dataset\6\Cow_7_9008\f_230_rgb.jpg,dataset\6\Cow_7_9008\f_230_depth.npy,1,,9,168.50198364257812,168.4958038330078,1.4391347169876099,0.9685656792484673,0.9431397173226859,0.9817831424351866,0,head_neck_trunk,7.349920875997142,0.31361853795533534,0.7834645669291339,0.016544295474886894,0.056774452328681946,0.18209115406413334,0.8424580500043899,0.24404761904761904,0.0,1.0,0.0
BCS6__Cow_7_9008,Cow_7_9008,Cow_7,0,6,4,2,231,dataset\6\Cow_7_9008\f_231_rgb.jpg,dataset\6\Cow_7_9008\f_231_depth.npy,1,,9,168.50198364257812,168.4958038330078,1.4391347169876099,0.9685656792484673,0.9431397173226859,0.9817831424351866,0,head_neck_trunk,7.349920875997142,0.31361853795533534,0.7834645669291339,0.016544295474886894,0.056774452328681946,0.18209115406413334,0.8424580500043899,0.24404761904761904,0.0,1.0,0.0
BCS6__Cow_7_9008,Cow_7_9008,Cow_7,0,6,4,2,232,dataset\6\Cow_7_9008\f_232_rgb.jpg,dataset\6\Cow_7_9008\f_232_depth.npy,1,,9,169.03919982910156,169.9795684814453,2.061267375946045,0.9603276499838133,0.8986217045700086,0.9773496650486015,0,head_neck_trunk,6.61469742618371,0.2656953101566586,0.7686567164179104,0.016214817762374878,0.06275943666696548,0.18023230755689415,0.8731878269039475,0.20238095238095238,0.0,1.0,0.0
BCS6__Cow_7_9008,Cow_7_9008,Cow_7,0,6,4,2,233,dataset\6\Cow_7_9008\f_233_rgb.jpg,dataset\6\Cow_7_9008\f_233_depth.npy,1,,9,169.03919982910156,169.9795684814453,2.061267375946045,0.9603276499838133,0.8986217045700086,0.9773496650486015,0,head_neck_trunk,6.61469742618371,0.2656953101566586,0.7686567164179104,0.016214817762374878,0.06275943666696548,0.18023230755689415,0.8731878269039475,0.20238095238095238,0.0,1.0,0.0
BCS6__Cow_7_9008,Cow_7_9008,Cow_7,0,6,4,2,234,dataset\6\Cow_7_9008\f_234_rgb.jpg,dataset\6\Cow_7_9008\f_234_depth.npy,1,,9,170.9744110107422,170.65269470214844,1.5925381183624268,0.9878242812336958,0.908076533070641,0.9925310180382914,0,head_neck_trunk,6.999585142328357,0.3116678494369154,0.7927272727272727,0.019691403955221176,0.07912144809961319,0.20248237356223003,0.8825242904768459,0.18154761904761904,0.0,1.0,0.0
BCS6__Cow_7_9008,Cow_7_9008,Cow_7,0,6,4,2,235,dataset\6\Cow_7_9008\f_235_rgb.jpg,dataset\6\Cow_7_9008\f_235_depth.npy,1,,9,170.9744110107422,170.65269470214844,1.5925381183624268,0.9878242812336958,0.908076533070641,0.9925310180382914,0,head_neck_trunk,6.999585142328357,0.3116678494369154,0.7927272727272727,0.019691403955221176,0.07912144809961319,0.20248237356223003,0.8825242904768459,0.18154761904761904,0.0,1.0,0.0
BCS6__Cow_7_9008,Cow_7_9008,Cow_7,0,6,4,2,236,dataset\6\Cow_7_9008\f_236_rgb.jpg,dataset\6\Cow_7_9008\f_236_depth.npy,1,,7,171.73416137695312,171.52137756347656,0.7940216660499573,0.9623799232614225,0.9187459284457233,0.9753286555931369,0,head_neck_trunk,7.554209990564672,0.4844193953432665,0.2801418439716312,0.012995541095733643,0.059322137385606766,0.17380982584607985,0.8221305253779829,0.16071428571428573,0.0,1.0,0.0
BCS6__Cow_7_9008,Cow_7_9008,Cow_7,0,6,4,2,237,dataset\6\Cow_7_9008\f_237_rgb.jpg,dataset\6\Cow_7_9008\f_237_depth.npy,1,,7,171.73416137695312,171.52137756347656,0.7940216660499573,0.9623799232614225,0.9187459284457233,0.9753286555931369,0,head_neck_trunk,7.554209990564672,0.4844193953432665,0.2801418439716312,0.012995541095733643,0.059322137385606766,0.17380982584607985,0.8221305253779829,0.16071428571428573,0.0,1.0,0.0
BCS6__Cow_7_9008,Cow_7_9008,Cow_7,0,6,4,2,280,dataset\6\Cow_7_9008\f_280_rgb.jpg,dataset\6\Cow_7_9008\f_280_depth.npy,1,,3,169.08348083496094,169.80718994140625,1.4820536375045776,0.9100169658828858,0.8794697136713726,0.9146228763312241,0,trunk_dominant,-1.0566713011429698,0.02445045673550794,0.3333333333333333,0.011093143373727798,0.03396567329764366,0.5060937016947644,0.22643544171781776,0.0,0.35714285714285715,1.0,1.0
BCS6__Cow_7_9008,Cow_7_9008,Cow_7,0,6,4,2,281,dataset\6\Cow_7_9008\f_281_rgb.jpg,dataset\6\Cow_7_9008\f_281_depth.npy,1,,3,169.08348083496094,169.80718994140625,1.4820536375045776,0.9100169658828858,0.8794697136713726,0.9146228763312241,0,trunk_dominant,-1.0566713011429698,0.02445045673550794,0.3333333333333333,0.011093143373727798,0.03396567329764366,0.5060937016947644,0.22643544171781776,0.0,0.35714285714285715,1.0,1.0
BCS6__Cow_7_9008,Cow_7_9008,Cow_7,0,6,4,2,282,dataset\6\Cow_7_9008\f_282_rgb.jpg,dataset\6\Cow_7_9008\f_282_depth.npy,1,,3,168.68458557128906,169.0293426513672,1.2881577014923096,0.9418418454948078,0.9162465754034016,0.9671422989113811,0,trunk_dominant,-2.2133059935370767,0.0563056166492828,0.41346153846153844,0.012017138302326202,0.044906288385391235,0.5336286077775758,0.18135167321827234,0.0,0.38095238095238093,1.0,1.0
BCS6__Cow_7_9008,Cow_7_9008,Cow_7,0,6,4,2,283,dataset\6\Cow_7_9008\f_283_rgb.jpg,dataset\6\Cow_7_9008\f_283_depth.npy,1,,3,168.68458557128906,169.0293426513672,1.2881577014923096,0.9418418454948078,0.9162465754034016,0.9671422989113811,0,trunk_dominant,-2.2133059935370767,0.0563056166492828,0.41346153846153844,0.012017138302326202,0.044906288385391235,0.5336286077775758,0.18135167321827234,0.0,0.38095238095238093,1.0,1.0
BCS6__Cow_7_9008,Cow_7_9008,Cow_7,0,6,4,2,284,dataset\6\Cow_7_9008\f_284_rgb.jpg,dataset\6\Cow_7_9008\f_284_depth.npy,1,,4,171.24600219726562,170.8808135986328,1.2125747203826904,0.9308977359969483,0.8394090733788401,0.9375422752324241,0,trunk_head_neck_reversed,-2.9810420272511777,0.1614799544900194,0.48223350253807107,0.009967761114239693,0.03392890840768814,0.5713166587101525,0.1608657179143561,0.0,0.41369047619047616,0.0,1.0
BCS6__Cow_7_9008,Cow_7_9008,Cow_7,0,6,4,2,285,dataset\6\Cow_7_9008\f_285_rgb.jpg,dataset\6\Cow_7_9008\f_285_depth.npy,1,,4,171.24600219726562,170.8808135986328,1.2125747203826904,0.9308977359969483,0.8394090733788401,0.9375422752324241,0,trunk_head_neck_reversed,-2.9810420272511777,0.1614799544900194,0.48223350253807107,0.009967761114239693,0.03392890840768814,0.5713166587101525,0.1608657179143561,0.0,0.41369047619047616,0.0,1.0
BCS6__Cow_9_1044,Cow_9_1044,Cow_9,2,6,4,2,75,dataset\6\Cow_9_1044\f_75_rgb.jpg,dataset\6\Cow_9_1044\f_75_depth.npy,1,,9,160.8114776611328,160.5174102783203,1.067722201347351,0.9770619615670497,0.9700869817841586,0.9821240819244479,0,head_neck_trunk,11.368204701740751,0.9364917598314406,0.625,0.009597192518413067,0.03129233047366142,0.14307862839809385,0.7321755009973946,0.42857142857142855,0.0,1.0,0.0
BCS6__Cow_9_1044,Cow_9_1044,Cow_9,2,6,4,2,76,dataset\6\Cow_9_1044\f_76_rgb.jpg,dataset\6\Cow_9_1044\f_76_depth.npy,1,,9,162.83595275878906,162.7757110595703,0.8048400282859802,0.9824033529358644,0.9454247963933201,0.985670276957344,0,head_neck_trunk,11.550186490128183,0.4385507734846783,0.6521739130434783,0.014626221731305122,0.05006307363510132,0.1616502919978864,0.7606895322518807,0.38392857142857145,0.0,1.0,0.0
BCS6__Cow_9_1044,Cow_9_1044,Cow_9,2,6,4,2,77,dataset\6\Cow_9_1044\f_77_rgb.jpg,dataset\6\Cow_9_1044\f_77_depth.npy,1,,9,162.83595275878906,162.7757110595703,0.8048400282859802,0.9824033529358644,0.9454247963933201,0.985670276957344,0,head_neck_trunk,11.550186490128183,0.4385507734846783,0.6521739130434783,0.014626221731305122,0.05006307363510132,0.1616502919978864,0.7606895322518807,0.38392857142857145,0.0,1.0,0.0
BCS6__Cow_9_1044,Cow_9_1044,Cow_9,2,6,4,2,78,dataset\6\Cow_9_1044\f_78_rgb.jpg,dataset\6\Cow_9_1044\f_78_depth.npy,1,,9,164.26576232910156,164.48892211914062,0.8459039926528931,0.9860654534265683,0.9724860157678206,0.9892351496540839,0,head_neck_trunk,10.850122090766504,0.43148199439333723,0.7104072398190046,0.014959841035306454,0.048520248383283615,0.16922975173698745,0.8149242123055117,0.34226190476190477,0.0,1.0,0.0
BCS6__Cow_9_1044,Cow_9_1044,Cow_9,2,6,4,2,79,dataset\6\Cow_9_1044\f_79_rgb.jpg,dataset\6\Cow_9_1044\f_79_depth.npy,1,,9,164.26576232910156,164.48892211914062,0.8459039926528931,0.9860654534265683,0.9724860157678206,0.9892351496540839,0,head_neck_trunk,10.850122090766504,0.43148199439333723,0.7104072398190046,0.014959841035306454,0.048520248383283615,0.16922975173698745,0.8149242123055117,0.34226190476190477,0.0,1.0,0.0
BCS6__Cow_9_1044,Cow_9_1044,Cow_9,2,6,4,2,80,dataset\6\Cow_9_1044\f_80_rgb.jpg,dataset\6\Cow_9_1044\f_80_depth.npy,1,,9,165.1514892578125,165.45468139648438,1.2949979305267334,0.99131577345028,0.9805498089505505,0.9929872608942159,0,head_neck_trunk,10.994759458990401,0.24296920185973647,0.7402597402597403,0.015998421236872673,0.06839065253734589,0.1939556331684908,0.7939553536363929,0.3125,0.0,1.0,0.0
BCS6__Cow_9_1044,Cow_9_1044,Cow_9,2,6,4,2,81,dataset\6\Cow_9_1044\f_81_rgb.jpg,dataset\6\Cow_9_1044\f_81_depth.npy,1,,9,165.1514892578125,165.45468139648438,1.2949979305267334,0.99131577345028,0.9805498089505505,0.9929872608942159,0,head_neck_trunk,10.994759458990401,0.24296920185973647,0.7402597402597403,0.015998421236872673,0.06839065253734589,0.1939556331684908,0.7939553536363929,0.3125,0.0,1.0,0.0
BCS6__Cow_9_1044,Cow_9_1044,Cow_9,2,6,4,2,82,dataset\6\Cow_9_1044\f_82_rgb.jpg,dataset\6\Cow_9_1044\f_82_depth.npy,1,,9,167.52806091308594,167.38377380371094,1.1939204931259155,0.9874242809287245,0.9727854819350724,0.9917068015466999,0,head_neck_trunk,10.339283066659561,0.19120510611307395,0.736,0.019405025988817215,0.05730130150914192,0.19213769183108556,0.7972138225212047,0.25595238095238093,0.0,1.0,0.0
BCS6__Cow_9_1044,Cow_9_1044,Cow_9,2,6,4,2,83,dataset\6\Cow_9_1044\f_83_rgb.jpg,dataset\6\Cow_9_1044\f_83_depth.npy,1,,9,167.52806091308594,167.38377380371094,1.1939204931259155,0.9874242809287245,0.9727854819350724,0.9917068015466999,0,head_neck_trunk,10.339283066659561,0.19120510611307395,0.736,0.019405025988817215,0.05730130150914192,0.19213769183108556,0.7972138225212047,0.25595238095238093,0.0,1.0,0.0
BCS6__Cow_9_1044,Cow_9_1044,Cow_9,2,6,4,2,84,dataset\6\Cow_9_1044\f_84_rgb.jpg,dataset\6\Cow_9_1044\f_84_depth.npy,1,,9,168.12950134277344,167.82492065429688,1.1507999897003174,0.9919686799691086,0.9732837793116822,0.9936828348297441,0,head_neck_trunk,9.548436350683147,0.25857777336094045,0.7615384615384615,0.016705060377717018,0.057640496641397476,0.2037565933579449,0.7847602969075708,0.2261904761904762,0.0,1.0,0.0
BCS6__Cow_9_1044,Cow_9_1044,Cow_9,2,6,4,2,85,dataset\6\Cow_9_1044\f_85_rgb.jpg,dataset\6\Cow_9_1044\f_85_depth.npy,1,,9,168.12950134277344,167.82492065429688,1.1507999897003174,0.9919686799691086,0.9732837793116822,0.9936828348297441,0,head_neck_trunk,9.548436350683147,0.25857777336094045,0.7615384615384615,0.016705060377717018,0.057640496641397476,0.2037565933579449,0.7847602969075708,0.2261904761904762,0.0,1.0,0.0
BCS6__Cow_9_1044,Cow_9_1044,Cow_9,2,6,4,2,86,dataset\6\Cow_9_1044\f_86_rgb.jpg,dataset\6\Cow_9_1044\f_86_depth.npy,1,,9,168.28622436523438,168.73719787597656,1.513545036315918,0.9861176198390703,0.9291966827359484,0.9907946174628093,0,head_neck_trunk,9.189826099082907,0.23211821977523073,0.7859778597785978,0.02121954783797264,0.06089865043759346,0.22115707948942687,0.8498914809052309,0.19345238095238096,0.0,1.0,0.0
BCS6__Cow_9_1044,Cow_9_1044,Cow_9,2,6,4,2,87,dataset\6\Cow_9_1044\f_87_rgb.jpg,dataset\6\Cow_9_1044\f_87_depth.npy,1,,9,168.28622436523438,168.73719787597656,1.513545036315918,0.9861176198390703,0.9291966827359484,0.9907946174628093,0,head_neck_trunk,9.189826099082907,0.23211821977523073,0.7859778597785978,0.02121954783797264,0.06089865043759346,0.22115707948942687,0.8498914809052309,0.19345238095238096,0.0,1.0,0.0
BCS6__Cow_9_1044,Cow_9_1044,Cow_9,2,6,4,2,88,dataset\6\Cow_9_1044\f_88_rgb.jpg,dataset\6\Cow_9_1044\f_88_depth.npy,1,,9,173.1276397705078,173.2205047607422,0.6259235739707947,0.9378050906681147,0.8179652650672984,0.9596460118296298,0,head_neck_trunk,7.941423692397009,0.6867284973218517,0.23859649122807017,0.008791003376245499,0.025377441197633743,0.1994414389526473,0.7990941933904192,0.15178571428571427,0.0,1.0,0.0
BCS6__Cow_9_1044,Cow_9_1044,Cow_9,2,6,4,2,89,dataset\6\Cow_9_1044\f_89_rgb.jpg,dataset\6\Cow_9_1044\f_89_depth.npy,1,,9,173.1276397705078,173.2205047607422,0.6259235739707947,0.9378050906681147,0.8179652650672984,0.9596460118296298,0,head_neck_trunk,7.941423692397009,0.6867284973218517,0.23859649122807017,0.008791003376245499,0.025377441197633743,0.1994414389526473,0.7990941933904192,0.15178571428571427,0.0,1.0,0.0
BCS6__Cow_9_1044,Cow_9_1044,Cow_9,2,6,4,2,94,dataset\6\Cow_9_1044\f_94_rgb.jpg,dataset\6\Cow_9_1044\f_94_depth.npy,1,,5,174.2111053466797,173.6638946533203,1.3471648693084717,0.9023467130784324,0.8211385453802513,0.938342562433782,0,head_neck_trunk,4.792451014625954,0.005172923849926292,0.3323262839879154,0.03499758243560791,0.10582678020000458,0.25814477442205624,0.775911854754689,0.01488095238095238,0.0,1.0,0.0
BCS6__Cow_9_1044,Cow_9_1044,Cow_9,2,6,4,2,95,dataset\6\Cow_9_1044\f_95_rgb.jpg,dataset\6\Cow_9_1044\f_95_depth.npy,1,,5,174.2111053466797,173.6638946533203,1.3471648693084717,0.9023467130784324,0.8211385453802513,0.938342562433782,0,head_neck_trunk,4.792451014625954,0.005172923849926292,0.3323262839879154,0.03499758243560791,0.10582678020000458,0.25814477442205624,0.775911854754689,0.01488095238095238,0.0,1.0,0.0
BCS6__Cow_9_1044,Cow_9_1044,Cow_9,2,6,4,2,96,dataset\6\Cow_9_1044\f_96_rgb.jpg,dataset\6\Cow_9_1044\f_96_depth.npy,1,,6,170.88070678710938,171.30287170410156,1.3814107179641724,0.9608950953146557,0.9041195867298306,0.9760832398320649,0,head_neck_trunk,4.493866681794202,0.000857823955556114,0.30357142857142855,0.030428797006607056,0.10914379358291626,0.44895062905274347,0.6726189819014188,0.0,0.0,1.0,0.0
BCS6__Cow_9_1044,Cow_9_1044,Cow_9,2,6,4,2,97,dataset\6\Cow_9_1044\f_97_rgb.jpg,dataset\6\Cow_9_1044\f_97_depth.npy,1,,6,170.88070678710938,171.30287170410156,1.3814107179641724,0.9608950953146557,0.9041195867298306,0.9760832398320649,0,head_neck_trunk,4.493866681794202,0.000857823955556114,0.30357142857142855,0.030428797006607056,0.10914379358291626,0.44895062905274347,0.6726189819014188,0.0,0.0,1.0,0.0
BCS6__Cow_9_1044,Cow_9_1044,Cow_9,2,6,4,2,100,dataset\6\Cow_9_1044\f_100_rgb.jpg,dataset\6\Cow_9_1044\f_100_depth.npy,1,,9,167.78395080566406,167.61361694335938,0.7079979777336121,0.9867276250182603,0.951226648962818,0.9902286441672516,0,trunk_head_neck_reversed,3.1600096029844877,0.02220092074030333,0.5178571428571429,0.02764946222305298,0.0957002192735672,0.7853946523663395,0.43785722283756495,0.0,0.0,0.0,1.0
BCS6__Cow_9_1044,Cow_9_1044,Cow_9,2,6,4,2,101,dataset\6\Cow_9_1044\f_101_rgb.jpg,dataset\6\Cow_9_1044\f_101_depth.npy,1,,9,167.78395080566406,167.61361694335938,0.7079979777336121,0.9867276250182603,0.951226648962818,0.9902286441672516,0,trunk_head_neck_reversed,3.1600096029844877,0.02220092074030333,0.5178571428571429,0.02764946222305298,0.0957002192735672,0.7853946523663395,0.43785722283756495,0.0,0.0,0.0,1.0
BCS6__Cow_9_1044,Cow_9_1044,Cow_9,2,6,4,2,102,dataset\6\Cow_9_1044\f_102_rgb.jpg,dataset\6\Cow_9_1044\f_102_depth.npy,1,,9,167.4192657470703,166.9024200439453,1.1573200225830078,0.9843825388049934,0.9600397778118056,0.9879545704946424,0,trunk_head_neck_reversed,2.5233920185887087,0.04385459644889522,0.4017857142857143,0.01454436406493187,0.049897149205207825,0.7908629386296571,0.2721272325907009,0.0,0.0,0.0,1.0
BCS6__Cow_9_1044,Cow_9_1044,Cow_9,2,6,4,2,103,dataset\6\Cow_9_1044\f_103_rgb.jpg,dataset\6\Cow_9_1044\f_103_depth.npy,1,,9,167.4192657470703,166.9024200439453,1.1573200225830078,0.9843825388049934,0.9600397778118056,0.9879545704946424,0,trunk_head_neck_reversed,2.5233920185887087,0.04385459644889522,0.4017857142857143,0.01454436406493187,0.049897149205207825,0.7908629386296571,0.2721272325907009,0.0,0.0,0.0,1.0
BCS6__Cow_9_1044,Cow_9_1044,Cow_9,2,6,4,2,104,dataset\6\Cow_9_1044\f_104_rgb.jpg,dataset\6\Cow_9_1044\f_104_depth.npy,1,,9,166.51112365722656,166.7460479736328,1.5967116355895996,0.9870480684360572,0.9715663039229252,0.9902735727498939,0,trunk_head_neck_reversed,1.889267020670701,0.03301433397167841,0.5153374233128835,0.021902699023485184,0.08658316731452942,0.8850291160183609,0.2907223695616185,0.0,0.02976190476190476,0.0,1.0
BCS6__Cow_9_1044,Cow_9_1044,Cow_9,2,6,4,2,105,dataset\6\Cow_9_1044\f_105_rgb.jpg,dataset\6\Cow_9_1044\f_105_depth.npy,1,,9,166.51112365722656,166.7460479736328,1.5967116355895996,0.9870480684360572,0.9715663039229252,0.9902735727498939,0,trunk_head_neck_reversed,1.889267020670701,0.03301433397167841,0.5153374233128835,0.021902699023485184,0.08658316731452942,0.8850291160183609,0.2907223695616185,0.0,0.02976190476190476,0.0,1.0
BCS6__Cow_9_1044,Cow_9_1044,Cow_9,2,6,4,2,106,dataset\6\Cow_9_1044\f_106_rgb.jpg,dataset\6\Cow_9_1044\f_106_depth.npy,1,,9,165.78150939941406,166.2288818359375,2.0164999961853027,0.9886243420042661,0.9394924723772817,0.9905608687593763,0,trunk_head_neck_reversed,1.5026840798330454,0.02080553459836665,0.46325878594249204,0.01858949102461338,0.06356773525476456,0.7490697105175252,0.248692346650516,0.0,0.06845238095238096,0.0,1.0
BCS6__Cow_9_1044,Cow_9_1044,Cow_9,2,6,4,2,107,dataset\6\Cow_9_1044\f_107_rgb.jpg,dataset\6\Cow_9_1044\f_107_depth.npy,1,,9,165.78150939941406,166.2288818359375,2.0164999961853027,0.9886243420042661,0.9394924723772817,0.9905608687593763,0,trunk_head_neck_reversed,1.5026840798330454,0.02080553459836665,0.46325878594249204,0.01858949102461338,0.06356773525476456,0.7490697105175252,0.248692346650516,0.0,0.06845238095238096,0.0,1.0
BCS6__Cow_9_1044,Cow_9_1044,Cow_9,2,6,4,2,108,dataset\6\Cow_9_1044\f_108_rgb.jpg,dataset\6\Cow_9_1044\f_108_depth.npy,1,,9,171.4447784423828,170.9557342529297,2.2654733657836914,0.9820728799161159,0.8892987900705286,0.9850127307212646,0,trunk_head_neck_reversed,1.0674754432235432,0.03884086155547095,0.7357859531772575,0.016383124515414238,0.05233367905020714,0.6720247689715543,0.22859370508541335,0.0,0.11011904761904762,0.0,1.0
BCS6__Cow_9_1044,Cow_9_1044,Cow_9,2,6,4,2,109,dataset\6\Cow_9_1044\f_109_rgb.jpg,dataset\6\Cow_9_1044\f_109_depth.npy,1,,9,171.4447784423828,170.9557342529297,2.2654733657836914,0.9820728799161159,0.8892987900705286,0.9850127307212646,0,trunk_head_neck_reversed,1.0674754432235432,0.03884086155547095,0.7357859531772575,0.016383124515414238,0.05233367905020714,0.6720247689715543,0.22859370508541335,0.0,0.11011904761904762,0.0,1.0
BCS6__Cow_9_1044,Cow_9_1044,Cow_9,2,6,4,2,114,dataset\6\Cow_9_1044\f_114_rgb.jpg,dataset\6\Cow_9_1044\f_114_depth.npy,1,,7,168.8772430419922,169.1014404296875,0.6507860422134399,0.9578029210141751,0.9521377246247226,0.9653829056242185,0,trunk_head_neck_reversed,0.88992635160173,0.04852031623013886,0.30039525691699603,0.015775445848703384,0.05067048594355583,0.5242166717782503,0.15061270441454153,0.0,0.24702380952380953,0.0,1.0
BCS6__Cow_9_1044,Cow_9_1044,Cow_9,2,6,4,2,115,dataset\6\Cow_9_1044\f_115_rgb.jpg,dataset\6\Cow_9_1044\f_115_depth.npy,1,,7,168.8772430419922,169.1014404296875,0.6507860422134399,0.9578029210141751,0.9521377246247226,0.9653829056242185,0,trunk_head_neck_reversed,0.88992635160173,0.04852031623013886,0.30039525691699603,0.015775445848703384,0.05067048594355583,0.5242166717782503,0.15061270441454153,0.0,0.24702380952380953,0.0,1.0
BCS6__Cow_9_1044,Cow_9_1044,Cow_9,2,6,4,2,116,dataset\6\Cow_9_1044\f_116_rgb.jpg,dataset\6\Cow_9_1044\f_116_depth.npy,1,,7,168.14903259277344,168.04335021972656,0.47003236413002014,0.9913625196311779,0.983911400727937,0.9921052220119047,0,trunk_head_neck_reversed,1.8152170255139168,0.049747753066810674,0.23706896551724138,0.019208408892154694,0.05513852462172508,0.4834686577575858,0.1533309307417043,0.0,0.30952380952380953,0.0,1.0
BCS6__Cow_9_1044,Cow_9_1044,Cow_9,2,6,4,2,117,dataset\6\Cow_9_1044\f_117_rgb.jpg,dataset\6\Cow_9_1044\f_117_depth.npy,1,,7,168.14903259277344,168.04335021972656,0.47003236413002014,0.9913625196311779,0.983911400727937,0.9921052220119047,0,trunk_head_neck_reversed,1.8152170255139168,0.049747753066810674,0.23706896551724138,0.019208408892154694,0.05513852462172508,0.4834686577575858,0.1533309307417043,0.0,0.30952380952380953,0.0,1.0
BCS6__Cow_9_1044,Cow_9_1044,Cow_9,2,6,4,2,118,dataset\6\Cow_9_1044\f_118_rgb.jpg,dataset\6\Cow_9_1044\f_118_depth.npy,1,,8,168.08413696289062,167.36337280273438,1.3123209476470947,0.9640327251745979,0.8539045710323416,0.9753604699616488,0,trunk_head_neck_reversed,1.1236240066682655,0.10745537109319514,0.35944700460829493,0.02713390253484249,0.07946697622537613,0.5422264652266416,0.14574939887781985,0.0,0.3541666666666667,0.0,1.0
BCS6__Cow_9_1044,Cow_9_1044,Cow_9,2,6,4,2,119,dataset\6\Cow_9_1044\f_119_rgb.jpg,dataset\6\Cow_9_1044\f_119_depth.npy,1,,8,168.08413696289062,167.36337280273438,1.3123209476470947,0.9640327251745979,0.8539045710323416,0.9753604699616488,0,trunk_head_neck_reversed,1.1236240066682655,0.10745537109319514,0.35944700460829493,0.02713390253484249,0.07946697622537613,0.5422264652266416,0.14574939887781985,0.0,0.3541666666666667,0.0,1.0
BCS6__Cow_9_1044,Cow_9_1044,Cow_9,2,6,4,2,120,dataset\6\Cow_9_1044\f_120_rgb.jpg,dataset\6\Cow_9_1044\f_120_depth.npy,1,,7,166.47532653808594,166.6355438232422,1.1955409049987793,0.9354233836989366,0.8593819157030884,0.95961272216227,0,trunk_dominant,3.6934422061125076,0.15756194886056107,0.4472361809045226,0.014120577834546566,0.04553048312664032,0.5431936559880193,0.15127504246737786,0.0,0.40773809523809523,1.0,1.0
