bag_id,animal_id,fold_id,seed,variant,true_label5,pred_label5,max_probability_difference_from_stage09,prob_bcs2,prob_bcs3,prob_bcs4,prob_bcs5,prob_bcs6
BCS2__Cow_21_8029,Cow_21,0,2026,VAQ,0,0,0.00011188536882403288,0.9275264739990234,0.0007734363898634911,0.004030860494822264,0.005561619997024536,0.062107548117637634
BCS3__Cow_16,Cow_16,0,2026,VAQ,1,2,0.00027617812156677246,0.0008942739223130047,0.010608424432575703,0.5060455799102783,0.4805876910686493,0.0018640445778146386
BCS3__Cow_16_1004,Cow_16,0,2026,VAQ,1,2,0.00046873092651361636,0.005514303222298622,0.31561964750289917,0.433049738407135,0.24478356540203094,0.0010327064665034413
BCS3__Cow_25_66,Cow_25,0,2026,VAQ,1,2,0.00040593743324285336,0.00841459073126316,0.16118958592414856,0.5061959624290466,0.31919264793395996,0.005007200408726931
BCS3__Cow_2_1015,Cow_2,0,2026,VAQ,1,3,0.0003255307674407959,0.0023295569699257612,0.011798574589192867,0.4708331823348999,0.5107514262199402,0.0042873164638876915
BCS3__Cow_46,Cow_46,0,2026,VAQ,1,1,0.0006102919578552246,0.0282730832695961,0.7689123153686523,0.1177920401096344,0.08486753702163696,0.00015503891336265951
BCS3__Cow_46_1,Cow_46,0,2026,VAQ,1,1,0.0002606511116028942,0.025805359706282616,0.9267513155937195,0.02740916609764099,0.02001996524631977,1.4195975381880999e-05
BCS3__Cow_46_2,Cow_46,0,2026,VAQ,1,1,0.0006758570671081543,0.02744031697511673,0.7546494603157043,0.12512050569057465,0.09258418530225754,0.0002054717333521694
BCS3__Cow_53,Cow_53,0,2026,VAQ,1,1,0.0006418824195861816,0.06471846997737885,0.7404575943946838,0.10585682094097137,0.0886894017457962,0.0002776701294351369
BCS4__Cow_15_68,Cow_15,0,2026,VAQ,2,3,0.00026607513427734375,0.0002722952631302178,0.005065821576863527,0.48471200466156006,0.5095037817955017,0.00044605982839129865
BCS4__Cow_17,Cow_17,0,2026,VAQ,2,3,0.00042891502380371094,0.00033603128395043314,0.0029736021533608437,0.43748146295547485,0.558338463306427,0.0008704334613867104
BCS4__Cow_19,Cow_19,0,2026,VAQ,2,2,0.00035776197910303287,0.014225922524929047,0.21995481848716736,0.4157768785953522,0.3437522351741791,0.00629010982811451
BCS4__Cow_19_0037,Cow_19,0,2026,VAQ,2,3,0.0003020763397216797,0.0007911469438113272,0.006500087678432465,0.44255879521369934,0.5482260584831238,0.0019238920649513602
BCS4__Cow_2,Cow_2,0,2026,VAQ,2,3,0.00045421719551086426,0.0005385230761021376,0.0006511508254334331,0.30002641677856445,0.6963622570037842,0.002421680139377713
BCS4__Cow_23,Cow_23,0,2026,VAQ,2,2,0.0005553066730499268,0.0031824635807424784,0.07050753384828568,0.5451703667640686,0.37925031781196594,0.0018893543165177107
BCS4__Cow_31,Cow_31,0,2026,VAQ,2,0,9.876489639293329e-05,0.9456658959388733,0.013651774264872074,0.013499470427632332,0.026690468192100525,0.0004923844826407731
BCS4__Cow_32_0035,Cow_32,0,2026,VAQ,2,1,0.0006712079048156738,0.011358180083334446,0.43932247161865234,0.3197905719280243,0.22852574288845062,0.0010030827252194285
BCS4__Cow_44_1,Cow_44,0,2026,VAQ,2,3,0.0004999041557312012,0.0007214178913272917,0.002534233033657074,0.41422808170318604,0.5808058381080627,0.001710443408228457
BCS4__Cow_51,Cow_51,0,2026,VAQ,2,2,0.0005520880222320557,0.002946009859442711,0.017782695591449738,0.49625059962272644,0.4811088442802429,0.0019118210766464472
BCS4__Cow_51_0035,Cow_51,0,2026,VAQ,2,2,0.000766366720199585,0.002384510589763522,0.030440161004662514,0.4878338873386383,0.4779306948184967,0.0014108276227489114
BCS4__Cow_7,Cow_7,0,2026,VAQ,2,1,9.930133819580078e-05,0.0076365284621715546,0.8959052562713623,0.05503924936056137,0.041374169290065765,4.478353002923541e-05
BCS5__Cow_15,Cow_15,0,2026,VAQ,3,2,8.589029312133789e-05,0.0027742083184421062,0.03143995255231857,0.48778995871543884,0.47450029850006104,0.003495542099699378
BCS5__Cow_17_17,Cow_17,0,2026,VAQ,3,3,0.0004189610481262207,0.0005037570372223854,0.001621430623345077,0.3288644552230835,0.6668896675109863,0.0021207507234066725
BCS5__Cow_21,Cow_21,0,2026,VAQ,3,3,0.00011205673217773438,0.00043729395838454366,0.006315686274319887,0.46220478415489197,0.5301433205604553,0.0008988984627649188
BCS5__Cow_23_1067,Cow_23,0,2026,VAQ,3,3,0.0006360411643981934,0.00029351183911785483,0.0008940494153648615,0.31681397557258606,0.680597186088562,0.0014013067120686173
BCS5__Cow_25,Cow_25,0,2026,VAQ,3,2,0.00042185187339777164,0.006523992400616407,0.2649569511413574,0.45337533950805664,0.2737618088722229,0.0013818900333717465
BCS5__Cow_31_15,Cow_31,0,2026,VAQ,3,3,0.0003548264503478449,0.0029709856025874615,0.00707961805164814,0.35555946826934814,0.6262224316596985,0.008167379535734653
BCS5__Cow_31_2024,Cow_31,0,2026,VAQ,3,3,0.0005722641944885254,0.0008283361094072461,0.009543529711663723,0.46940818428993225,0.5187593698501587,0.0014605713076889515
BCS5__Cow_32,Cow_32,0,2026,VAQ,3,3,0.0002783536911010742,0.020111437886953354,0.0014772149734199047,0.40476879477500916,0.5459592938423157,0.02768321894109249
BCS5__Cow_44_3008,Cow_44,0,2026,VAQ,3,3,0.0004012286663054865,0.0007964745163917542,0.003137003630399704,0.3944222331047058,0.598913848400116,0.0027304564137011766
BCS5__Cow_45,Cow_45,0,2026,VAQ,3,3,0.0002218484878540039,0.0003481206367723644,0.0013699067058041692,0.3845834732055664,0.6127406358718872,0.0009579022298566997
BCS5__Cow_53_30,Cow_53,0,2026,VAQ,3,3,0.000299990177154541,0.0010106434347108006,0.0022685325238853693,0.33334001898765564,0.6586409211158752,0.004739878699183464
BCS5__Cow_7_6022,Cow_7,0,2026,VAQ,3,3,5.245208740239926e-05,0.0045113880187273026,0.018140317872166634,0.4537529945373535,0.5181030631065369,0.005492194090038538
BCS6__Cow_16_06,Cow_16,0,2026,VAQ,4,4,2.765655517578125e-05,0.0005114477244205773,3.209057410913374e-07,0.0011375460308045149,0.0028983212541788816,0.995452344417572
BCS6__Cow_19_29,Cow_19,0,2026,VAQ,4,4,6.365776062022821e-05,0.00024266359105240554,1.4451222796196816e-07,0.002144851954653859,0.007786458823829889,0.9898259043693542
BCS6__Cow_2_6006,Cow_2,0,2026,VAQ,4,4,8.940696716308594e-06,0.00022910076950211078,5.292052662753122e-08,0.00046231524902395904,0.0012102695181965828,0.9980983138084412
BCS6__Cow_32_34,Cow_32,0,2026,VAQ,4,4,2.1576881408580384e-05,0.0007320842705667019,5.553070536734594e-07,0.0013525618705898523,0.002976504620164633,0.9949383735656738
BCS6__Cow_36,Cow_36,0,2026,VAQ,4,4,0.00017845630645751953,0.0371311753988266,3.3105325769611227e-07,0.003027570666745305,0.004729575477540493,0.9551113247871399
BCS6__Cow_36_1,Cow_36,0,2026,VAQ,4,4,0.0005190372467041016,0.050450533628463745,2.17172837437829e-05,0.03974413126707077,0.05563999339938164,0.8541436791419983
BCS6__Cow_45_9025,Cow_45,0,2026,VAQ,4,4,2.4199485778808594e-05,0.00033677471219561994,1.8847357807771914e-07,0.0011861458187922835,0.0033647101372480392,0.9951122403144836
BCS6__Cow_52_29,Cow_52,0,2026,VAQ,4,4,9.417533874400696e-06,0.0005327046965248883,3.553771250608406e-07,0.001086092204786837,0.002672713017091155,0.9957081079483032
BCS6__Cow_7_9008,Cow_7,0,2026,VAQ,4,4,5.137920379638672e-05,0.00034605860128067434,2.9600988682432217e-07,0.0032135481014847755,0.010009394027292728,0.9864307641983032
BCS2__Cow_11,Cow_11,1,2026,VAQ,0,1,0.00012290477752679996,0.00370168499648571,0.4778161346912384,0.3697521686553955,0.14581382274627686,0.0029162068385630846
BCS2__Cow_11_1,Cow_11,1,2026,VAQ,0,2,0.0004814267158508301,0.0015580179169774055,0.24203094840049744,0.5222582817077637,0.22940611839294434,0.00474658003076911
BCS2__Cow_11_2,Cow_11,1,2026,VAQ,0,0,0.00040908157825472746,0.8117746114730835,0.013680693693459034,0.0117007065564394,0.008865448646247387,0.15397857129573822
BCS3__Cow_14,Cow_14,1,2026,VAQ,1,2,8.338689804077148e-05,0.0001580133830429986,0.029419701546430588,0.49114492535591125,0.46667373180389404,0.01260355580598116
BCS3__Cow_14_0011,Cow_14,1,2026,VAQ,1,1,0.0004082918167114258,0.006088492926210165,0.4659516215324402,0.3691439628601074,0.15396471321582794,0.004851179663091898
BCS3__Cow_6_103,Cow_6,1,2026,VAQ,1,1,0.00036662817001342773,0.009005430154502392,0.5945755243301392,0.27996909618377686,0.11238200217485428,0.004067916423082352
BCS4__Cow_1,Cow_1,1,2026,VAQ,2,2,0.0003158450126647394,0.0008790702559053898,0.08269003033638,0.5372490882873535,0.36802345514297485,0.011158307082951069
BCS4__Cow_26,Cow_26,1,2026,VAQ,2,2,0.00024753808975219727,0.0027892787475138903,0.13197873532772064,0.5194838643074036,0.3288949131965637,0.01685326173901558
BCS4__Cow_26_5051,Cow_26,1,2026,VAQ,2,2,0.0003426074981690008,0.0009501096792519093,0.1497238129377365,0.5612133741378784,0.2811841368675232,0.006928612478077412
BCS4__Cow_27_9008,Cow_27,1,2026,VAQ,2,1,0.0003363490104675293,0.013776635751128197,0.5895026922225952,0.2739955186843872,0.1170085147023201,0.005716606974601746
BCS4__Cow_29_7007,Cow_29,1,2026,VAQ,2,1,0.00023853778839100226,0.012663708068430424,0.9118056893348694,0.060638170689344406,0.014533406123518944,0.0003589845437090844
BCS4__Cow_33,Cow_33,1,2026,VAQ,2,2,4.920363426202945e-05,0.0008847519638948143,0.04924444109201431,0.47057461738586426,0.45426708459854126,0.02502906322479248
BCS4__Cow_4,Cow_4,1,2026,VAQ,2,2,0.00016617774963378906,0.0012393860379233956,0.07857729494571686,0.49880096316337585,0.402889609336853,0.018492767587304115
BCS4__Cow_41,Cow_41,1,2026,VAQ,2,2,0.0005361437797546387,0.000626064429525286,0.06306169182062149,0.5395742058753967,0.38550037145614624,0.011237666010856628
BCS4__Cow_48,Cow_48,1,2026,VAQ,2,2,0.0002016127109528143,0.00608825171366334,0.26475754380226135,0.4678656756877899,0.24807381629943848,0.013214703649282455
BCS4__Cow_4_1,Cow_4,1,2026,VAQ,2,2,1.6927719116210938e-05,0.004806002136319876,0.1775626689195633,0.4990096688270569,0.299994558095932,0.0186271034181118
BCS4__Cow_6,Cow_6,1,2026,VAQ,2,2,0.0005729049444197776,0.002363764913752675,0.24844017624855042,0.5019646286964417,0.24032719433307648,0.0069042714312672615
BCS5__Cow_12_NOTAG,Cow_12,1,2026,VAQ,3,3,0.0005625188350676935,0.0006824986776337028,0.04224555939435959,0.4460780620574951,0.4821184277534485,0.02887543849647045
BCS5__Cow_13,Cow_13,1,2026,VAQ,3,2,3.778934478765317e-05,0.003727013012394309,0.14680348336696625,0.49459803104400635,0.3352569341659546,0.019614597782492638
BCS5__Cow_13_8001,Cow_13,1,2026,VAQ,3,2,0.00022745132446283511,0.006636891048401594,0.37556421756744385,0.41242462396621704,0.19727885723114014,0.008095414377748966
BCS5__Cow_1_27,Cow_1,1,2026,VAQ,3,2,0.00031535327434539795,0.0011896478245034814,0.1408117562532425,0.5357787609100342,0.31204092502593994,0.010178866796195507
BCS5__Cow_27,Cow_27,1,2026,VAQ,3,2,0.00043529272079467773,0.0002889434399548918,0.041406333446502686,0.5236635208129883,0.4216414988040924,0.01299962867051363
BCS5__Cow_29,Cow_29,1,2026,VAQ,3,2,0.0004862844944000244,0.001271343557164073,0.06951975077390671,0.4985799193382263,0.4084647595882416,0.022164221853017807
BCS5__Cow_37,Cow_37,1,2026,VAQ,3,2,0.00028589367866516113,0.0020859718788415194,0.08583830296993256,0.48907041549682617,0.3975372612476349,0.025468045845627785
BCS5__Cow_37_and_38,Cow_37,1,2026,VAQ,3,2,0.0004557073116301935,0.0005828558932989836,0.04268093407154083,0.48244383931159973,0.4541049599647522,0.020187364891171455
BCS5__Cow_43,Cow_43,1,2026,VAQ,3,3,0.0003381967544555664,0.00012947848881594837,0.022233128547668457,0.45356953144073486,0.506277322769165,0.017790576443076134
BCS5__Cow_48_1018,Cow_48,1,2026,VAQ,3,3,0.0004534125328063965,0.00043500130414031446,0.03368181362748146,0.43244463205337524,0.5055844187736511,0.027854112908244133
BCS5__Cow_54,Cow_54,1,2026,VAQ,3,2,5.346536636352539e-05,0.0026688426733016968,0.12729434669017792,0.5138445496559143,0.33890044689178467,0.017291823402047157
BCS5__Cow_6_5051,Cow_6,1,2026,VAQ,3,3,0.00036728382110595703,3.3699263440212235e-05,0.009257039055228233,0.3764837384223938,0.5948714017868042,0.01935410313308239
BCS6__Cow_11_07,Cow_11,1,2026,VAQ,4,4,2.8073787689320007e-05,0.0025076044257730246,0.0006472271052189171,0.005097097251564264,0.017564227804541588,0.9741837978363037
BCS6__Cow_12_2014,Cow_12,1,2026,VAQ,4,4,0.0002002120018004261,0.054562896490097046,0.002592219738289714,0.010659466497600079,0.01841469295322895,0.9137707352638245
BCS6__Cow_13_66,Cow_13,1,2026,VAQ,4,4,2.896785736072882e-05,0.0006205577519722283,0.00018025722238235176,0.0026202022563666105,0.010341622866690159,0.9862372875213623
BCS6__Cow_26_6,Cow_26,1,2026,VAQ,4,4,1.4483928680419922e-05,0.00026637580594979227,0.00012240106298122555,0.002805971773341298,0.011814010329544544,0.9849911332130432
BCS6__Cow_29_NOTAG,Cow_29,1,2026,VAQ,4,4,1.7702579498291016e-05,0.0018350875470787287,0.0004092710732948035,0.003557228483259678,0.012811928987503052,0.9813864827156067
BCS6__Cow_35,Cow_35,1,2026,VAQ,4,4,1.788139343272821e-05,0.0019231557380408049,0.00031209096778184175,0.0028972355648875237,0.010754895396530628,0.9841126799583435
BCS6__Cow_4_103,Cow_4,1,2026,VAQ,4,4,3.55839729309082e-05,0.0012641650391742587,0.00028499445761553943,0.002850614720955491,0.0111250514164567,0.9844750761985779
BCS2__Cow_5_1,Cow_5,2,2026,VAQ,0,4,0.000269472599029541,0.09396719932556152,0.009032487869262695,0.04229404404759407,0.050608906894922256,0.8040973544120789
BCS3__Cow_20_0029,Cow_20,2,2026,VAQ,1,3,0.00024637579917907715,0.028622394427657127,0.12209819257259369,0.35669493675231934,0.4350249171257019,0.05755952000617981
BCS3__Cow_22,Cow_22,2,2026,VAQ,1,1,0.00013327598571777344,0.3558790385723114,0.4320228397846222,0.1651289314031601,0.03637167811393738,0.010597503744065762
BCS3__Cow_22_1,Cow_22,2,2026,VAQ,1,0,6.994605064397641e-05,0.47345080971717834,0.3987749218940735,0.10740979015827179,0.01587199792265892,0.0044924793764948845
BCS4__Cow_10,Cow_10,2,2026,VAQ,2,3,6.246566772460938e-05,0.0414942130446434,0.11121578514575958,0.34002503752708435,0.4303199052810669,0.07694509625434875
BCS4__Cow_10_2038,Cow_10,2,2026,VAQ,2,1,0.00016862154006958008,0.12534651160240173,0.5178692936897278,0.24936044216156006,0.09041083604097366,0.017012914642691612
BCS4__Cow_22_6005,Cow_22,2,2026,VAQ,2,2,7.776916027066316e-05,0.044053032994270325,0.21537189185619354,0.36418062448501587,0.33162423968315125,0.04477016627788544
BCS4__Cow_30,Cow_30,2,2026,VAQ,2,1,8.851289749145508e-05,0.12039944529533386,0.4197844862937927,0.27684420347213745,0.1483212411403656,0.03465059772133827
BCS4__Cow_42,Cow_42,2,2026,VAQ,2,3,0.00019291043281563502,0.036511488258838654,0.04221072047948837,0.23745062947273254,0.4468601942062378,0.23696696758270264
BCS4__Cow_47_1,Cow_47,2,2026,VAQ,2,2,0.00012919306755065918,0.04334837943315506,0.2876893877983093,0.3512100577354431,0.2828207314014435,0.034931428730487823
BCS4__Cow_49,Cow_49,2,2026,VAQ,2,2,8.237361907958984e-05,0.040371932089328766,0.2778531610965729,0.34922754764556885,0.2967709004878998,0.03577646240592003
BCS4__Cow_55,Cow_55,2,2026,VAQ,2,2,0.00010800361633306332,0.0353236198425293,0.20535314083099365,0.3721570074558258,0.34820207953453064,0.03896418586373329
BCS4__Cow_8,Cow_8,2,2026,VAQ,2,3,9.906291961675473e-05,0.03345200791954994,0.09306073933839798,0.33166608214378357,0.4625084400177002,0.07931279391050339
BCS4__Cow_9,Cow_9,2,2026,VAQ,2,2,0.00021761655807489566,0.03800555318593979,0.2706502377986908,0.3619236350059509,0.297933965921402,0.03148660063743591
BCS5__Cow_10_0029,Cow_10,2,2026,VAQ,3,3,0.0001087188720703125,0.016752997413277626,0.03306124359369278,0.24140694737434387,0.5598635673522949,0.14891523122787476
BCS5__Cow_24,Cow_24,2,2026,VAQ,3,3,0.00014543533325200864,0.03214351832866669,0.0850490927696228,0.32137441635131836,0.4733218252658844,0.08811115473508835
BCS5__Cow_24_7022,Cow_24,2,2026,VAQ,3,1,5.945563316350766e-05,0.13780222833156586,0.4786832630634308,0.2458544224500656,0.11113369464874268,0.02652646414935589
BCS5__Cow_28,Cow_28,2,2026,VAQ,3,3,4.485249519345369e-05,0.03988213092088699,0.12464237958192825,0.35058310627937317,0.41710686683654785,0.06778547912836075
BCS5__Cow_28_4024,Cow_28,2,2026,VAQ,3,1,0.0001023411750793457,0.10341358184814453,0.5629690289497375,0.21560455858707428,0.09884267300367355,0.0191701240837574
BCS5__Cow_3,Cow_3,2,2026,VAQ,3,0,3.4630298614612975e-05,0.9165170192718506,0.056575365364551544,0.023854216560721397,0.0018023020820692182,0.0012510758824646473
BCS5__Cow_30_30,Cow_30,2,2026,VAQ,3,3,8.296966552734375e-05,0.035333599895238876,0.07062327116727829,0.28765013813972473,0.47296908497810364,0.13342390954494476
BCS5__Cow_34,Cow_34,2,2026,VAQ,3,2,5.647540092471037e-05,0.17647215723991394,0.09456793963909149,0.27415016293525696,0.25109490752220154,0.2037147581577301
BCS5__Cow_34_1,Cow_34,2,2026,VAQ,3,3,0.0001724064350128729,0.08824509382247925,0.1457802653312683,0.3169189989566803,0.32447558641433716,0.124580018222332
BCS5__Cow_50,Cow_50,2,2026,VAQ,3,2,5.9098005294855316e-05,0.0793137475848198,0.19237381219863892,0.33859482407569885,0.31785693764686584,0.0718606635928154
BCS5__Cow_50_49,Cow_50,2,2026,VAQ,3,3,0.00019997358322143555,0.0646614134311676,0.16550405323505402,0.318545937538147,0.35309600830078125,0.09819250553846359
BCS5__Cow_8_NOTAG,Cow_8,2,2026,VAQ,3,3,0.00017449259757995605,0.04642929881811142,0.08272606879472733,0.2838243544101715,0.44285187125205994,0.14416852593421936
BCS6__Cow_18,Cow_18,2,2026,VAQ,4,0,0.0001732558012008667,0.48164623975753784,0.06643550097942352,0.14211298525333405,0.07998576015233994,0.22981947660446167
BCS6__Cow_18_32,Cow_18,2,2026,VAQ,4,4,6.568431854248047e-05,0.009416613727807999,0.00164044089615345,0.016162943094968796,0.050444066524505615,0.9223359823226929
BCS6__Cow_24_08,Cow_24,2,2026,VAQ,4,4,0.00034177303314208984,0.0598466657102108,0.007502205204218626,0.041294559836387634,0.05994682386517525,0.8314098119735718
BCS6__Cow_28_3083,Cow_28,2,2026,VAQ,4,4,0.000110626220703125,0.013338321819901466,0.0015929617220535874,0.012091785669326782,0.02934604324400425,0.9436308145523071
BCS6__Cow_3_25,Cow_3,2,2026,VAQ,4,4,9.691715240478516e-05,0.015558402985334396,0.0017850117292255163,0.013400893658399582,0.03017064929008484,0.9390850067138672
BCS6__Cow_47_68,Cow_47,2,2026,VAQ,4,4,8.070468902576788e-05,0.015983624383807182,0.0011061833938583732,0.009349681437015533,0.017914237454533577,0.9556463360786438
BCS6__Cow_9_1044,Cow_9,2,2026,VAQ,4,4,6.705522537231445e-05,0.006306563504040241,0.0012066193157806993,0.013235839083790779,0.04836052283644676,0.9308905005455017
BCS2__Cow_21_8029,Cow_21,0,2027,VAQ,0,4,0.0011775195598602295,0.3997991383075714,0.0017850421136245131,0.0383855476975441,0.09058161824941635,0.46944865584373474
BCS3__Cow_16,Cow_16,0,2027,VAQ,1,2,0.00019702315330510922,0.00011922709381906316,0.00929983053356409,0.5344960689544678,0.4539687931537628,0.0021161078475415707
BCS3__Cow_16_1004,Cow_16,0,2027,VAQ,1,2,0.0007218420505523682,0.001379740540869534,0.29562485218048096,0.48824188113212585,0.21398600935935974,0.0007675033994019032
BCS3__Cow_25_66,Cow_25,0,2027,VAQ,1,2,9.428709745405023e-05,0.0008608628995716572,0.06207238882780075,0.5796045064926147,0.35360243916511536,0.003859801683574915
BCS3__Cow_2_1015,Cow_2,0,2027,VAQ,1,2,0.0003891587257385254,0.00038978876546025276,0.023952441290020943,0.5481582880020142,0.4246199131011963,0.0028795944526791573
BCS3__Cow_46,Cow_46,0,2027,VAQ,1,1,0.0010415911674499512,0.006160135380923748,0.6306525468826294,0.2437213510274887,0.11882685869932175,0.0006391068454831839
BCS3__Cow_46_1,Cow_46,0,2027,VAQ,1,1,0.00010555982589732782,0.005493783392012119,0.9627997875213623,0.020687563344836235,0.010996011085808277,2.282187415403314e-05
BCS3__Cow_46_2,Cow_46,0,2027,VAQ,1,1,0.00030094385147094727,0.007649799343198538,0.8723790645599365,0.07636293023824692,0.04343487694859505,0.00017333831056021154
BCS3__Cow_53,Cow_53,0,2027,VAQ,1,1,0.0007463693618774414,0.011542526073753834,0.6233737468719482,0.22960112988948822,0.13428767025470734,0.001194892916828394
BCS4__Cow_15_68,Cow_15,0,2027,VAQ,2,2,4.380941390991211e-05,2.5774128516786732e-05,0.003806722117587924,0.505510151386261,0.4898741543292999,0.00078319211024791
BCS4__Cow_17,Cow_17,0,2027,VAQ,2,3,0.00026929378509521484,4.2631108954083174e-05,0.00341844093054533,0.47398582100868225,0.5211341977119446,0.0014189414214342833
BCS4__Cow_19,Cow_19,0,2027,VAQ,2,1,0.0004222393035888672,0.003982208203524351,0.4025435447692871,0.38519179821014404,0.20673716068267822,0.0015452870866283774
BCS4__Cow_19_0037,Cow_19,0,2027,VAQ,2,3,0.00011980533599853516,5.629284351016395e-05,0.004623138811439276,0.4753998816013336,0.5182963609695435,0.0016243074787780643
BCS4__Cow_2,Cow_2,0,2027,VAQ,2,3,0.00043398141860961914,6.71419984428212e-05,0.003570565488189459,0.4377635717391968,0.5565338730812073,0.0020648387726396322
BCS4__Cow_23,Cow_23,0,2027,VAQ,2,2,0.00031059980392456055,0.0005649955128319561,0.03624531999230385,0.5767913460731506,0.3830445110797882,0.00335385138168931
BCS4__Cow_31,Cow_31,0,2027,VAQ,2,1,0.0017601847648620605,0.3821084499359131,0.5897300243377686,0.009545867331326008,0.018508173525333405,0.00010748597560450435
BCS4__Cow_32_0035,Cow_32,0,2027,VAQ,2,2,0.00043931603431698885,0.0013652669731527567,0.1560600996017456,0.5538525581359863,0.28706246614456177,0.0016596261411905289
BCS4__Cow_44_1,Cow_44,0,2027,VAQ,2,3,1.9669532775878906e-05,0.00012026573676848784,0.004658229183405638,0.4638669192790985,0.5287559032440186,0.0025986754335463047
BCS4__Cow_51,Cow_51,0,2027,VAQ,2,2,0.0003617405891418457,0.002124425955116749,0.07354824990034103,0.5463228225708008,0.3735302984714508,0.004474193323403597
BCS4__Cow_51_0035,Cow_51,0,2027,VAQ,2,2,0.0002542436122894842,0.0007360412855632603,0.048697590827941895,0.5623937845230103,0.38531866669654846,0.002853867132216692
BCS4__Cow_7,Cow_7,0,2027,VAQ,2,1,0.0005590319633483887,0.0041347979567945,0.7160285711288452,0.1852618157863617,0.09426837414503098,0.00030638062162324786
BCS5__Cow_15,Cow_15,0,2027,VAQ,3,2,0.0002803206443786621,0.0009575776639394462,0.05152953788638115,0.5636501908302307,0.3795137405395508,0.0043489220552146435
BCS5__Cow_17_17,Cow_17,0,2027,VAQ,3,3,0.0003809332847595215,9.173264697892591e-05,0.003512441413477063,0.39341795444488525,0.5996659398078918,0.003311966545879841
BCS5__Cow_21,Cow_21,0,2027,VAQ,3,3,0.0004488527774811346,4.574054037220776e-05,0.004531711805611849,0.49215060472488403,0.5019401907920837,0.0013317130506038666
BCS5__Cow_23_1067,Cow_23,0,2027,VAQ,3,3,0.00035500526428222656,8.042485569603741e-05,0.0024854419752955437,0.36127179861068726,0.6325510740280151,0.003611251013353467
BCS5__Cow_25,Cow_25,0,2027,VAQ,3,2,0.00026620924472803287,0.0023239769507199526,0.16629472374916077,0.5473664999008179,0.2806722819805145,0.0033424803987145424
BCS5__Cow_31_15,Cow_31,0,2027,VAQ,3,3,7.9572200775202e-05,0.0010334287071600556,0.017529627308249474,0.4291433095932007,0.5412882566452026,0.01100538857281208
BCS5__Cow_31_2024,Cow_31,0,2027,VAQ,3,2,0.00015914440155029297,6.347369344439358e-05,0.006363522261381149,0.5005791783332825,0.4915573000907898,0.0014365310780704021
BCS5__Cow_32,Cow_32,0,2027,VAQ,3,3,0.0002486109733581543,0.0014167329063639045,0.0050367796793580055,0.37223708629608154,0.6001322865486145,0.021177129819989204
BCS5__Cow_44_3008,Cow_44,0,2027,VAQ,3,3,4.780292510986328e-05,0.0002093868824886158,0.009116319939494133,0.4839175045490265,0.503259003162384,0.003497794736176729
BCS5__Cow_45,Cow_45,0,2027,VAQ,3,3,0.0001258254051208496,6.216883048182353e-05,0.0030310547444969416,0.43260884284973145,0.5623132586479187,0.0019847003277391195
BCS5__Cow_53_30,Cow_53,0,2027,VAQ,3,3,0.0001245737075805664,0.0002515937958378345,0.006401109043508768,0.415580689907074,0.5722004175186157,0.0055661629885435104
BCS5__Cow_7_6022,Cow_7,0,2027,VAQ,3,3,0.00010451674461370297,0.0003964396601077169,0.01468040980398655,0.485399067401886,0.4947929084300995,0.004731262568384409
BCS6__Cow_16_06,Cow_16,0,2027,VAQ,4,4,0.0002287626266478382,0.002011915436014533,7.069484581734287e-06,0.007194175850600004,0.043305814266204834,0.947481095790863
BCS6__Cow_19_29,Cow_19,0,2027,VAQ,4,4,0.000901341438293457,0.0011322342325001955,8.344813977601007e-06,0.014333530329167843,0.0916057601571083,0.8929201364517212
BCS6__Cow_2_6006,Cow_2,0,2027,VAQ,4,4,8.606910705566406e-05,0.001268186722882092,1.275552335755492e-06,0.002261835616081953,0.01659121736884117,0.9798775315284729
BCS6__Cow_32_34,Cow_32,0,2027,VAQ,4,4,0.00018370151519786493,0.004449072293937206,1.0792346984089818e-05,0.00506632961332798,0.025425301864743233,0.9650484919548035
BCS6__Cow_36,Cow_36,0,2027,VAQ,4,4,0.00014460086822509766,0.01416258979588747,3.5088378353975713e-06,0.0020384143572300673,0.00986755732446909,0.9739279747009277
BCS6__Cow_36_1,Cow_36,0,2027,VAQ,4,4,0.0008097290992736816,0.012611513026058674,8.863698894856498e-05,0.03469516336917877,0.12466210871934891,0.8279426097869873
BCS6__Cow_45_9025,Cow_45,0,2027,VAQ,4,4,0.00017142295837402344,0.0015765656717121601,2.7728997338272166e-06,0.00421651778742671,0.027412574738264084,0.966791570186615
BCS6__Cow_52_29,Cow_52,0,2027,VAQ,4,4,0.00012809038162231445,0.0021629328839480877,3.5939322060585255e-06,0.003557576099410653,0.022570833563804626,0.9717051386833191
BCS6__Cow_7_9008,Cow_7,0,2027,VAQ,4,4,0.000882565975189209,0.0010329673532396555,1.1903914128197357e-05,0.023747138679027557,0.14074955880641937,0.8344584703445435
BCS2__Cow_11,Cow_11,1,2027,VAQ,0,1,0.0003542304039001465,0.0034780027344822884,0.5243223309516907,0.30331841111183167,0.16077423095703125,0.008107077330350876
BCS2__Cow_11_1,Cow_11,1,2027,VAQ,0,2,0.00011478364467615298,0.002320339670404792,0.2833603024482727,0.45091038942337036,0.24792444705963135,0.01548449695110321
BCS2__Cow_11_2,Cow_11,1,2027,VAQ,0,4,0.00020325183868408203,0.13324102759361267,0.020584436133503914,0.03507428616285324,0.02849438786506653,0.7826058268547058
BCS3__Cow_14,Cow_14,1,2027,VAQ,1,2,9.80198383331854e-05,0.002033467637374997,0.1753159761428833,0.45552313327789307,0.33310171961784363,0.034025661647319794
BCS3__Cow_14_0011,Cow_14,1,2027,VAQ,1,2,0.00014355778694152832,0.007718151435256004,0.35364916920661926,0.3892699182033539,0.2258482128381729,0.023514529690146446
BCS3__Cow_6_103,Cow_6,1,2027,VAQ,1,1,0.0003325939178466797,0.009700655937194824,0.6700829863548279,0.20672349631786346,0.1040811836719513,0.009411689825356007
BCS4__Cow_1,Cow_1,1,2027,VAQ,2,2,0.00014856457710266113,0.0018009052146226168,0.17629094421863556,0.4725043475627899,0.32273370027542114,0.026670105755329132
BCS4__Cow_26,Cow_26,1,2027,VAQ,2,2,0.0002269744873046875,0.00398605689406395,0.19017934799194336,0.44028550386428833,0.3237045407295227,0.04184454306960106
BCS4__Cow_26_5051,Cow_26,1,2027,VAQ,2,1,6.127357482910156e-05,0.005332674831151962,0.586934506893158,0.2646060585975647,0.1342366635799408,0.008890106342732906
BCS4__Cow_27_9008,Cow_27,1,2027,VAQ,2,1,0.00016736984252929688,0.00973969791084528,0.444468230009079,0.3349141478538513,0.19012562930583954,0.02075233682990074
BCS4__Cow_29_7007,Cow_29,1,2027,VAQ,2,1,0.00018590688705444336,0.00727502629160881,0.8565396070480347,0.0917888805270195,0.04204321280121803,0.002353368792682886
BCS4__Cow_33,Cow_33,1,2027,VAQ,2,2,0.00012552738189691715,0.00264767836779356,0.1798488348722458,0.4550832509994507,0.3285387456417084,0.03388145565986633
BCS4__Cow_4,Cow_4,1,2027,VAQ,2,2,0.00010573863983148746,0.002696194453164935,0.1576324850320816,0.456932008266449,0.3404124081134796,0.04232687130570412
BCS4__Cow_41,Cow_41,1,2027,VAQ,2,2,2.9265880584772308e-05,0.001943262992426753,0.19827546179294586,0.4674322307109833,0.3095199167728424,0.02282911166548729
BCS4__Cow_48,Cow_48,1,2027,VAQ,2,2,0.0001677870750426691,0.006847230717539787,0.2233399748802185,0.4192087948322296,0.3049289286136627,0.045675128698349
BCS4__Cow_4_1,Cow_4,1,2027,VAQ,2,2,0.00018733739852899722,0.004962537903338671,0.20106534659862518,0.4320768713951111,0.31537309288978577,0.04652222990989685
BCS4__Cow_6,Cow_6,1,2027,VAQ,2,2,0.0001049637794495184,0.004605431109666824,0.360150009393692,0.3934079706668854,0.2238636016845703,0.01797303557395935
BCS5__Cow_12_NOTAG,Cow_12,1,2027,VAQ,3,2,9.253621101379395e-05,0.001847604289650917,0.11894828826189041,0.458204984664917,0.36687812209129333,0.05412101745605469
BCS5__Cow_13,Cow_13,1,2027,VAQ,3,2,0.00015237927436828613,0.004497313406318426,0.173090398311615,0.43633460998535156,0.3356013000011444,0.05047643557190895
BCS5__Cow_13_8001,Cow_13,1,2027,VAQ,3,2,0.00012812018394464664,0.005884447135031223,0.23872488737106323,0.43069151043891907,0.2903823256492615,0.034316834062337875
BCS5__Cow_1_27,Cow_1,1,2027,VAQ,3,2,0.00022003054618841,0.0014639653963968158,0.22494450211524963,0.479356586933136,0.275224506855011,0.019010493531823158
BCS5__Cow_27,Cow_27,1,2027,VAQ,3,2,9.644031524652652e-05,0.002422001678496599,0.20686841011047363,0.45643699169158936,0.30659666657447815,0.02767595276236534
BCS5__Cow_29,Cow_29,1,2027,VAQ,3,2,0.00020563602447504215,0.0029090354219079018,0.1570003777742386,0.4484126567840576,0.34685972332954407,0.044818244874477386
BCS5__Cow_37,Cow_37,1,2027,VAQ,3,2,6.073713302612305e-05,0.003845858620479703,0.16830189526081085,0.4406263828277588,0.3392021358013153,0.04802372306585312
BCS5__Cow_37_and_38,Cow_37,1,2027,VAQ,3,2,0.00011992454528808594,0.0016533698653802276,0.1624133288860321,0.4717128872871399,0.33494728803634644,0.029273107647895813
BCS5__Cow_43,Cow_43,1,2027,VAQ,3,2,8.752942085260562e-05,0.001406913623213768,0.13625583052635193,0.4713098704814911,0.353463351726532,0.03756401687860489
BCS5__Cow_48_1018,Cow_48,1,2027,VAQ,3,2,1.4655292034079781e-05,0.0013087157858535647,0.11954334378242493,0.47565436363220215,0.36007726192474365,0.043416302651166916
BCS5__Cow_54,Cow_54,1,2027,VAQ,3,2,0.00010444223880770598,0.004207862541079521,0.1978423148393631,0.4418419599533081,0.3167307376861572,0.03937707468867302
BCS5__Cow_6_5051,Cow_6,1,2027,VAQ,3,2,9.047985076904297e-05,0.0004408721870277077,0.08859673142433167,0.5008108019828796,0.3742169439792633,0.035934656858444214
BCS6__Cow_11_07,Cow_11,1,2027,VAQ,4,4,2.563465386636477e-06,0.003727031173184514,0.0019743351731449366,0.01206190325319767,0.007609465159475803,0.9746271371841431
BCS6__Cow_12_2014,Cow_12,1,2027,VAQ,4,4,5.736947059623021e-05,0.10499846935272217,0.00459334859624505,0.010321718640625477,0.0076917619444429874,0.8723946809768677
BCS6__Cow_13_66,Cow_13,1,2027,VAQ,4,4,3.1720846890483795e-06,0.0027633984573185444,0.001278270618058741,0.008274741470813751,0.004846170544624329,0.9828373193740845
BCS6__Cow_26_6,Cow_26,1,2027,VAQ,4,4,1.5199184417613587e-05,0.001598579459823668,0.001196485129185021,0.009341463446617126,0.005735071841627359,0.982128381729126
BCS6__Cow_29_NOTAG,Cow_29,1,2027,VAQ,4,4,2.09808349609375e-05,0.002723295707255602,0.0013744257157668471,0.009195261634886265,0.005610485561192036,0.9810964465141296
BCS6__Cow_35,Cow_35,1,2027,VAQ,4,4,1.9073486328013978e-05,0.007086740806698799,0.0037498422898352146,0.01812039129436016,0.011701172217726707,0.9593418836593628
BCS6__Cow_4_103,Cow_4,1,2027,VAQ,4,4,3.1292438506969056e-05,0.005152094177901745,0.0016547454288229346,0.008922248147428036,0.005502830259501934,0.9787680506706238
BCS2__Cow_5_1,Cow_5,2,2027,VAQ,0,4,0.00021296739578235968,0.02668934129178524,0.002049981150776148,0.017902567982673645,0.046224452555179596,0.9071336984634399
BCS3__Cow_20_0029,Cow_20,2,2027,VAQ,1,3,0.00012765824794762348,0.0047779628075659275,0.08849813789129257,0.30359554290771484,0.5634903311729431,0.03963809087872505
BCS3__Cow_22,Cow_22,2,2027,VAQ,1,1,0.0008074641227722168,0.33536866307258606,0.5981941223144531,0.05957335606217384,0.006449415348470211,0.00041441756184212863
BCS3__Cow_22_1,Cow_22,2,2027,VAQ,1,1,0.0008063912391662598,0.3323664963245392,0.6085839867591858,0.053635139018297195,0.005114640109241009,0.0002997627016156912
BCS4__Cow_10,Cow_10,2,2027,VAQ,2,3,0.0003287196159362793,0.009846121072769165,0.09882530570030212,0.3227340877056122,0.5114122629165649,0.05718221142888069
BCS4__Cow_10_2038,Cow_10,2,2027,VAQ,2,1,0.0007260739803314209,0.01761726662516594,0.4326077699661255,0.3238322138786316,0.21257683634757996,0.01336588803678751
BCS4__Cow_22_6005,Cow_22,2,2027,VAQ,2,3,0.00020343810319894962,0.006422217469662428,0.12304651737213135,0.33529871702194214,0.5006816387176514,0.03455086052417755
BCS4__Cow_30,Cow_30,2,2027,VAQ,2,3,0.00029456615447998047,0.01055450551211834,0.1343580037355423,0.33080387115478516,0.4766981601715088,0.04758539795875549
BCS4__Cow_42,Cow_42,2,2027,VAQ,2,3,0.00039240717887886745,0.012473351322114468,0.031150799244642258,0.19809666275978088,0.5214667916297913,0.23681239783763885
BCS4__Cow_47_1,Cow_47,2,2027,VAQ,2,3,0.0003227144479751587,0.007731992285698652,0.17957183718681335,0.35318318009376526,0.4326905906200409,0.02682236023247242
BCS4__Cow_49,Cow_49,2,2027,VAQ,2,3,0.000393450260162298,0.008189301937818527,0.1772935688495636,0.3489660918712616,0.43576279282569885,0.029788240790367126
BCS4__Cow_55,Cow_55,2,2027,VAQ,2,3,0.00040787458419799805,0.004786801990121603,0.127037912607193,0.33766141533851624,0.50420081615448,0.026313016191124916
BCS4__Cow_8,Cow_8,2,2027,VAQ,2,3,0.0001508593559264998,0.006776548456400633,0.0821995884180069,0.3014907240867615,0.5562766194343567,0.053256575018167496
BCS4__Cow_9,Cow_9,2,2027,VAQ,2,3,0.0004756152629852295,0.0059812841936945915,0.1529129147529602,0.3560526371002197,0.45973822474479675,0.025314923375844955
BCS5__Cow_10_0029,Cow_10,2,2027,VAQ,3,3,0.00043685734272008725,0.009050952270627022,0.03257690742611885,0.19579920172691345,0.570672333240509,0.1919005960226059
BCS5__Cow_24,Cow_24,2,2027,VAQ,3,3,0.0002222508192061684,0.010255885310471058,0.10966264456510544,0.3240153193473816,0.5012325048446655,0.054833684116601944
BCS5__Cow_24_7022,Cow_24,2,2027,VAQ,3,2,0.00048294663429260254,0.015765609219670296,0.2512935698032379,0.3524317443370819,0.3512042462825775,0.029304835945367813
BCS5__Cow_28,Cow_28,2,2027,VAQ,3,3,0.0001723766326904297,0.005201683379709721,0.07732041925191879,0.3010384738445282,0.5710595846176147,0.045379888266325
BCS5__Cow_28_4024,Cow_28,2,2027,VAQ,3,2,0.0003450214862822931,0.014326831325888634,0.3265962302684784,0.33436378836631775,0.30236250162124634,0.022350668907165527
BCS5__Cow_3,Cow_3,2,2027,VAQ,3,0,0.00011551380157459601,0.9685867428779602,0.025782892480492592,0.0053071994334459305,0.00027332291938364506,4.98922418046277e-05
BCS5__Cow_30_30,Cow_30,2,2027,VAQ,3,3,0.0005077421665192206,0.015355260111391544,0.03752240166068077,0.19315803050994873,0.5041174292564392,0.24984687566757202
BCS5__Cow_34,Cow_34,2,2027,VAQ,3,0,0.0003072023391723633,0.6615585684776306,0.12676960229873657,0.14793387055397034,0.043010517954826355,0.020727358758449554
BCS5__Cow_34_1,Cow_34,2,2027,VAQ,3,2,0.0006593763828277588,0.057340677827596664,0.14428217709064484,0.37472790479660034,0.3251041769981384,0.09854501485824585
BCS5__Cow_50,Cow_50,2,2027,VAQ,3,3,0.0003299713134765625,0.016290029510855675,0.18374261260032654,0.3639656603336334,0.39602938294410706,0.03997230529785156
BCS5__Cow_50_49,Cow_50,2,2027,VAQ,3,3,0.0004523396492004672,0.01594208925962448,0.055763740092515945,0.2289682775735855,0.5168892741203308,0.18243660032749176
BCS5__Cow_8_NOTAG,Cow_8,2,2027,VAQ,3,3,0.0005650818347931741,0.022876808419823647,0.06055628880858421,0.23726284503936768,0.4755350649356842,0.20376908779144287
BCS6__Cow_18,Cow_18,2,2027,VAQ,4,4,0.00042629241943359375,0.04300800338387489,0.004948740359395742,0.035561952739953995,0.07331915199756622,0.8431621789932251
BCS6__Cow_18_32,Cow_18,2,2027,VAQ,4,4,5.161762237548828e-05,0.008658410981297493,0.0005736806197091937,0.008918089792132378,0.033726003021001816,0.9481238126754761
BCS6__Cow_24_08,Cow_24,2,2027,VAQ,4,4,0.00021713972091674805,0.06717316806316376,0.001766824396327138,0.013954395428299904,0.029636789113283157,0.8874688148498535
BCS6__Cow_28_3083,Cow_28,2,2027,VAQ,4,4,7.987022399913446e-05,0.011561093851923943,0.000516842701472342,0.007595657370984554,0.026596559211611748,0.9537298083305359
BCS6__Cow_3_25,Cow_3,2,2027,VAQ,4,4,6.198883056640625e-05,0.021402116864919662,0.0006365359877236187,0.0075061991810798645,0.022688668221235275,0.9477664828300476
BCS6__Cow_47_68,Cow_47,2,2027,VAQ,4,4,4.935264587413446e-05,0.007055880036205053,0.00012386638263706118,0.0027366147842258215,0.011360116302967072,0.9787235260009766
BCS6__Cow_9_1044,Cow_9,2,2027,VAQ,4,4,0.00010782480239868164,0.007165481802076101,0.000371771864593029,0.006546455435454845,0.026478294283151627,0.9594379663467407
BCS2__Cow_21_8029,Cow_21,0,2028,VAQ,0,0,0.00012749433517456055,0.9763225317001343,0.0006738969823345542,0.004292983096092939,0.00392133928835392,0.014789203181862831
BCS3__Cow_16,Cow_16,0,2028,VAQ,1,2,0.00023049116134643555,0.00018471801013220102,0.0041800071485340595,0.5818122625350952,0.41295385360717773,0.0008691613911651075
BCS3__Cow_16_1004,Cow_16,0,2028,VAQ,1,1,0.0001289844512939453,0.0029294085688889027,0.9471816420555115,0.03311529383063316,0.0167502760887146,2.3411452275468037e-05
BCS3__Cow_25_66,Cow_25,0,2028,VAQ,1,2,0.000233002007007585,0.0013192701153457165,0.06835547089576721,0.6295266151428223,0.2993057370185852,0.0014928999589756131
BCS3__Cow_2_1015,Cow_2,0,2028,VAQ,1,2,7.468461990356445e-05,0.0004086612316314131,0.01251915656030178,0.6083909869194031,0.3776617646217346,0.0010194244096055627
BCS3__Cow_46,Cow_46,0,2028,VAQ,1,1,0.0006213784217834473,0.006419622339308262,0.8235262632369995,0.11444655805826187,0.055512793362140656,9.473639511270449e-05
BCS3__Cow_46_1,Cow_46,0,2028,VAQ,1,1,7.855892181396484e-05,0.006321828346699476,0.9793816804885864,0.008364657871425152,0.005926025100052357,5.714324743166799e-06
BCS3__Cow_46_2,Cow_46,0,2028,VAQ,1,1,0.00039136409759521484,0.007471136748790741,0.8766226172447205,0.07427696138620377,0.04155994951725006,6.930456584086642e-05
BCS3__Cow_53,Cow_53,0,2028,VAQ,1,1,0.00024366378784168585,0.012323481030762196,0.9053096175193787,0.050034936517477036,0.03222955763339996,0.00010240046685794368
BCS4__Cow_15_68,Cow_15,0,2028,VAQ,2,2,6.246566772460938e-05,5.444692214950919e-05,0.0026772983837872744,0.5956637263298035,0.401376336812973,0.0002281951456097886
BCS4__Cow_17,Cow_17,0,2028,VAQ,2,2,0.00048273801803588867,8.126278407871723e-05,0.0010663665598258376,0.5239320397377014,0.4742705523967743,0.0006497818394564092
BCS4__Cow_19,Cow_19,0,2028,VAQ,2,1,0.00010728836059570312,0.014445380307734013,0.8190131783485413,0.09726090729236603,0.06894649565219879,0.000334041949827224
BCS4__Cow_19_0037,Cow_19,0,2028,VAQ,2,2,0.00021469593048095703,6.513936386909336e-05,0.0015872952062636614,0.5341549515724182,0.4636855125427246,0.0005070405313745141
BCS4__Cow_2,Cow_2,0,2028,VAQ,2,3,0.00037610530853271484,0.00029544439166784286,0.0009011953952722251,0.40801239013671875,0.5881186127662659,0.002672391477972269
BCS4__Cow_23,Cow_23,0,2028,VAQ,2,2,9.185075759887695e-05,0.0012292714091017842,0.032982103526592255,0.6431662440299988,0.3214106857776642,0.0012117396108806133
BCS4__Cow_31,Cow_31,0,2028,VAQ,2,0,0.00010700523853296451,0.8503323793411255,0.13977864384651184,0.004082284402102232,0.0057008774019777775,0.00010579579247860238
BCS4__Cow_32_0035,Cow_32,0,2028,VAQ,2,1,0.00037735700607299805,0.0046496824361383915,0.7326539158821106,0.1781371384859085,0.08440731465816498,0.00015195902960840613
BCS4__Cow_44_1,Cow_44,0,2028,VAQ,2,2,0.0005340278148651123,0.00024716457119211555,0.002508442150428891,0.554802656173706,0.4415561556816101,0.0008855634951032698
BCS4__Cow_51,Cow_51,0,2028,VAQ,2,2,0.00018285214900965602,0.001360347610898316,0.03229282796382904,0.6077226400375366,0.35742074251174927,0.0012035178951919079
BCS4__Cow_51_0035,Cow_51,0,2028,VAQ,2,3,2.8312206268310547e-05,0.0005886548897251487,0.005193785764276981,0.4785008132457733,0.5123182535171509,0.0033985297195613384
BCS4__Cow_7,Cow_7,0,2028,VAQ,2,1,4.45246696472168e-05,0.005781122948974371,0.9508876204490662,0.025799185037612915,0.017512140795588493,1.987553696380928e-05
BCS5__Cow_15,Cow_15,0,2028,VAQ,3,2,0.00031244754791259766,0.0019056228920817375,0.05427981913089752,0.6155651807785034,0.3266696035861969,0.0015797724481672049
BCS5__Cow_17_17,Cow_17,0,2028,VAQ,3,3,0.0001462697982788086,6.530914834002033e-05,0.00019571653683669865,0.3608747720718384,0.6362335681915283,0.0026306742802262306
BCS5__Cow_21,Cow_21,0,2028,VAQ,3,2,0.00041031837463378906,0.00010550290608080104,0.002313507255166769,0.5512824654579163,0.4457021653652191,0.0005963675212115049
BCS5__Cow_23_1067,Cow_23,0,2028,VAQ,3,3,0.00022497773170471191,6.0554251831490546e-05,0.00017357600154355168,0.3562632203102112,0.6407172083854675,0.0027854570653289557
BCS5__Cow_25,Cow_25,0,2028,VAQ,3,1,0.000504463911056463,0.009474668651819229,0.41747188568115234,0.38247406482696533,0.18922296166419983,0.0013563826214522123
BCS5__Cow_31_15,Cow_31,0,2028,VAQ,3,3,0.0003661513328552246,0.0005974153755232692,0.0014554525259882212,0.376811146736145,0.6130566000938416,0.00807944219559431
BCS5__Cow_31_2024,Cow_31,0,2028,VAQ,3,2,0.0005486011505126953,9.705853153718635e-05,0.0033826876897364855,0.5757662057876587,0.42030057311058044,0.00045348191633820534
BCS5__Cow_32,Cow_32,0,2028,VAQ,3,2,0.00020936131477355957,0.019278135150671005,0.0052254763431847095,0.49756887555122375,0.45353808999061584,0.024389468133449554
BCS5__Cow_44_3008,Cow_44,0,2028,VAQ,3,3,0.0005747377872466486,0.00017077455413527787,0.0007407002267427742,0.40506500005722046,0.5907763242721558,0.0032471895683556795
BCS5__Cow_45,Cow_45,0,2028,VAQ,3,3,0.0003323853015899658,9.719946683617309e-05,0.0009945594938471913,0.49065205454826355,0.5075353384017944,0.0007209019386209548
BCS5__Cow_53_30,Cow_53,0,2028,VAQ,3,3,8.222460746765137e-05,0.00018711447773966938,0.000453916349215433,0.38751137256622314,0.6070536971092224,0.004793900530785322
BCS5__Cow_7_6022,Cow_7,0,2028,VAQ,3,2,0.00017924606800072407,0.0020834768656641245,0.06928075850009918,0.6053935885429382,0.32162153720855713,0.001620698836632073
BCS6__Cow_16_06,Cow_16,0,2028,VAQ,4,4,7.236003875743524e-05,0.0004902668879367411,1.8964973946822283e-07,0.01314075943082571,0.008893161080777645,0.977475643157959
BCS6__Cow_19_29,Cow_19,0,2028,VAQ,4,4,0.0001501627266407915,0.0001337082649115473,8.645027804732308e-08,0.05266754329204559,0.045078955590724945,0.9021196961402893
BCS6__Cow_2_6006,Cow_2,0,2028,VAQ,4,4,1.1801719665416321e-05,0.00020812047296203673,1.2991417719376841e-08,0.002274599624797702,0.001267117913812399,0.9962502121925354
BCS6__Cow_32_34,Cow_32,0,2028,VAQ,4,4,6.0498714447021484e-05,0.0008272122940979898,3.0305153586596134e-07,0.010277416557073593,0.006003580521792173,0.9828914403915405
BCS6__Cow_36,Cow_36,0,2028,VAQ,4,4,4.07099723815918e-05,0.009029014967381954,6.053803076611075e-07,0.004673889838159084,0.0023439121432602406,0.9839525818824768
BCS6__Cow_36_1,Cow_36,0,2028,VAQ,4,4,0.0003307461738586426,0.021104201674461365,8.908836025511846e-05,0.1656028926372528,0.11566952615976334,0.6975342631340027
BCS6__Cow_45_9025,Cow_45,0,2028,VAQ,4,4,9.202957153320312e-05,0.0004240072739776224,1.9302230214179872e-07,0.018838288262486458,0.01179029792547226,0.968947172164917
BCS6__Cow_52_29,Cow_52,0,2028,VAQ,4,4,1.4483928680419922e-05,0.0007669701590202749,5.014920816392987e-07,0.018753841519355774,0.013352364301681519,0.9671263098716736
BCS6__Cow_7_9008,Cow_7,0,2028,VAQ,4,4,5.638599395751953e-05,0.00026959486422128975,2.0644343123876752e-07,0.050170402973890305,0.036277372390031815,0.9132824540138245
BCS2__Cow_11,Cow_11,1,2028,VAQ,0,1,4.146993160245027e-05,0.18443430960178375,0.22750070691108704,0.22356759011745453,0.20723770558834076,0.1572597771883011
BCS2__Cow_11_1,Cow_11,1,2028,VAQ,0,2,2.187490463256836e-05,0.16422055661678314,0.2183780074119568,0.23366913199424744,0.21762339770793915,0.1661088764667511
BCS2__Cow_11_2,Cow_11,1,2028,VAQ,0,0,6.553530693045873e-05,0.24790267646312714,0.22313760221004486,0.1918707937002182,0.17846477031707764,0.1586240977048874
BCS3__Cow_14,Cow_14,1,2028,VAQ,1,2,1.4439225196838379e-05,0.16095903515815735,0.22234231233596802,0.22663982212543488,0.2193336933851242,0.17072515189647675
BCS3__Cow_14_0011,Cow_14,1,2028,VAQ,1,1,9.456276893610172e-05,0.2494695633649826,0.2515319287776947,0.19429124891757965,0.18600250780582428,0.11870476603507996
BCS3__Cow_6_103,Cow_6,1,2028,VAQ,1,1,8.95708799361905e-05,0.2451932430267334,0.25903013348579407,0.19230054318904877,0.1830044686794281,0.12047166377305984
BCS4__Cow_1,Cow_1,1,2028,VAQ,2,2,2.606213092798404e-05,0.14510305225849152,0.20367228984832764,0.24309960007667542,0.2233840972185135,0.18474096059799194
BCS4__Cow_26,Cow_26,1,2028,VAQ,2,2,1.0132789611816406e-05,0.1531045287847519,0.209004744887352,0.23537059128284454,0.22280660271644592,0.17971359193325043
BCS4__Cow_26_5051,Cow_26,1,2028,VAQ,2,0,0.00016984343528747559,0.2731570303440094,0.25572338700294495,0.17992177605628967,0.17693842947483063,0.11425938457250595
BCS4__Cow_27_9008,Cow_27,1,2028,VAQ,2,0,0.00012806057929992676,0.2604154646396637,0.258981853723526,0.1870749145746231,0.1790829747915268,0.1144448071718216
BCS4__Cow_29_7007,Cow_29,1,2028,VAQ,2,0,0.00010082125663751773,0.4105484187602997,0.2667768895626068,0.12528780102729797,0.12616513669490814,0.0712217390537262
BCS4__Cow_33,Cow_33,1,2028,VAQ,2,2,1.3247132301358322e-05,0.1489410698413849,0.20564806461334229,0.23258326947689056,0.22425085306167603,0.18857672810554504
BCS4__Cow_4,Cow_4,1,2028,VAQ,2,2,5.751848220908462e-06,0.1442263275384903,0.20123466849327087,0.2411145269870758,0.2253405898809433,0.1880839616060257
BCS4__Cow_41,Cow_41,1,2028,VAQ,2,2,1.329183578496762e-05,0.1498865932226181,0.2100571244955063,0.2408364713191986,0.22234851121902466,0.17687126994132996
BCS4__Cow_48,Cow_48,1,2028,VAQ,2,2,2.9951333999578278e-05,0.16253946721553802,0.21915794909000397,0.23515284061431885,0.21659277379512787,0.1665569394826889
BCS4__Cow_4_1,Cow_4,1,2028,VAQ,2,2,5.617737770052811e-06,0.14586816728115082,0.20626404881477356,0.23326845467090607,0.22517624497413635,0.18942315876483917
BCS4__Cow_6,Cow_6,1,2028,VAQ,2,2,3.2767653465215485e-05,0.16424129903316498,0.21352122724056244,0.2286738157272339,0.21790608763694763,0.17565754055976868
BCS5__Cow_12_NOTAG,Cow_12,1,2028,VAQ,3,2,1.326203346255217e-05,0.14630670845508575,0.19719049334526062,0.23561164736747742,0.22530196607112885,0.19558919966220856
BCS5__Cow_13,Cow_13,1,2028,VAQ,3,2,1.5929341316223145e-05,0.14605653285980225,0.20562484860420227,0.24016118049621582,0.22190426290035248,0.186253160238266
BCS5__Cow_13_8001,Cow_13,1,2028,VAQ,3,1,0.00011931359767913818,0.22630150616168976,0.24482092261314392,0.20481395721435547,0.19620281457901,0.12786079943180084
BCS5__Cow_1_27,Cow_1,1,2028,VAQ,3,2,3.497302532190494e-05,0.1390160322189331,0.19859187304973602,0.23893706500530243,0.22758953273296356,0.1958654224872589
BCS5__Cow_27,Cow_27,1,2028,VAQ,3,2,1.8641352653503418e-05,0.15812760591506958,0.2098400592803955,0.22942812740802765,0.22482946515083313,0.17777474224567413
BCS5__Cow_29,Cow_29,1,2028,VAQ,3,2,3.035366535178441e-05,0.143635556101799,0.20320762693881989,0.23857393860816956,0.22459803521633148,0.18998481333255768
BCS5__Cow_37,Cow_37,1,2028,VAQ,3,2,1.3798475265586196e-05,0.14440417289733887,0.20150290429592133,0.2369658201932907,0.22403565049171448,0.1930914968252182
BCS5__Cow_37_and_38,Cow_37,1,2028,VAQ,3,2,1.5527009963989258e-05,0.145258828997612,0.21151602268218994,0.2405281811952591,0.2241579294204712,0.1785389930009842
BCS5__Cow_43,Cow_43,1,2028,VAQ,3,2,2.1517276763916016e-05,0.1448357254266739,0.2027343213558197,0.23399943113327026,0.22635361552238464,0.1920769065618515
BCS5__Cow_48_1018,Cow_48,1,2028,VAQ,3,2,1.3664364814675034e-05,0.14465567469596863,0.19683943688869476,0.23435714840888977,0.22632341086864471,0.19782432913780212
BCS5__Cow_54,Cow_54,1,2028,VAQ,3,2,1.250207424172145e-05,0.1435377597808838,0.20635651051998138,0.24244633316993713,0.22595947980880737,0.1816999316215515
BCS5__Cow_6_5051,Cow_6,1,2028,VAQ,3,2,3.12477350235818e-05,0.14380808174610138,0.20215098559856415,0.23486138880252838,0.22746585309505463,0.1917136311531067
BCS6__Cow_11_07,Cow_11,1,2028,VAQ,4,4,2.15023756026389e-05,0.16267167031764984,0.1798233836889267,0.2124050259590149,0.20471549034118652,0.24038439989089966
BCS6__Cow_12_2014,Cow_12,1,2028,VAQ,4,0,0.00017249584197998047,0.5494683980941772,0.13216109573841095,0.08244792371988297,0.07537174969911575,0.1605507731437683
BCS6__Cow_13_66,Cow_13,1,2028,VAQ,4,4,2.5510787963867188e-05,0.18606415390968323,0.17122100293636322,0.19458292424678802,0.19472356140613556,0.25340840220451355
BCS6__Cow_26_6,Cow_26,1,2028,VAQ,4,4,2.224743366235904e-05,0.17234383523464203,0.17839652299880981,0.2016250342130661,0.2032734453678131,0.24436116218566895
BCS6__Cow_29_NOTAG,Cow_29,1,2028,VAQ,4,4,1.58846378326416e-05,0.16939608752727509,0.17134234309196472,0.1991395205259323,0.19936931133270264,0.26075276732444763
BCS6__Cow_35,Cow_35,1,2028,VAQ,4,4,1.464784145352449e-05,0.17269784212112427,0.18854981660842896,0.2179819941520691,0.1985398232936859,0.22223055362701416
BCS6__Cow_4_103,Cow_4,1,2028,VAQ,4,4,1.099705696105957e-05,0.17860275506973267,0.16786237061023712,0.19780826568603516,0.19349518418312073,0.26223140954971313
BCS2__Cow_5_1,Cow_5,2,2028,VAQ,0,4,8.581671863717132e-06,0.004294845275580883,2.4967223453131737e-06,0.0027358585502952337,0.0014498275704681873,0.9915170669555664
BCS3__Cow_20_0029,Cow_20,2,2028,VAQ,1,2,0.00011420249938964844,0.000212621278478764,0.00617782399058342,0.5271371006965637,0.46359652280807495,0.0028759415727108717
BCS3__Cow_22,Cow_22,2,2028,VAQ,1,1,0.0014145970344543457,0.027769746258854866,0.45999979972839355,0.45233795046806335,0.059278521686792374,0.0006139199831523001
BCS3__Cow_22_1,Cow_22,2,2028,VAQ,1,1,0.0005300045013427734,0.039212990552186966,0.6640241146087646,0.27512311935424805,0.021489784121513367,0.00014999660197645426
BCS4__Cow_10,Cow_10,2,2028,VAQ,2,2,1.71661376953125e-05,0.0004986312123946846,0.005738572683185339,0.5430457592010498,0.4440602958202362,0.006656778510659933
BCS4__Cow_10_2038,Cow_10,2,2028,VAQ,2,2,0.0006779432296753207,0.0013040604535490274,0.11236563324928284,0.6548083424568176,0.23040451109409332,0.0011175174731761217
BCS4__Cow_22_6005,Cow_22,2,2028,VAQ,2,2,0.00035330653190618344,0.0005457637016661465,0.022275948897004128,0.5905084609985352,0.3840571939945221,0.002612575190141797
BCS4__Cow_30,Cow_30,2,2028,VAQ,2,2,0.0003019869327545166,0.0010364538757130504,0.0209856815636158,0.5593658089637756,0.412948876619339,0.005663179326802492
BCS4__Cow_42,Cow_42,2,2028,VAQ,2,3,0.00022223591804504395,0.0015714078908786178,0.0029500459786504507,0.43924954533576965,0.4944216012954712,0.06180737167596817
BCS4__Cow_47_1,Cow_47,2,2028,VAQ,2,2,0.0002231299877166748,0.0004997747018933296,0.028043681755661964,0.5960153341293335,0.3732922375202179,0.0021489805076271296
BCS4__Cow_49,Cow_49,2,2028,VAQ,2,2,0.00030481815338134766,0.0006635771715082228,0.04676683619618416,0.6269571781158447,0.32374486327171326,0.0018675163155421615
BCS4__Cow_55,Cow_55,2,2028,VAQ,2,2,7.677078247070312e-05,0.00030533139943145216,0.02044481411576271,0.6036635637283325,0.3740108907222748,0.0015753707848489285
BCS4__Cow_8,Cow_8,2,2028,VAQ,2,2,0.00021964311599731445,0.00030352879548445344,0.003974345047026873,0.5207683444023132,0.4691551625728607,0.005798600614070892
BCS4__Cow_9,Cow_9,2,2028,VAQ,2,2,1.7974525690030163e-05,0.00026480050291866064,0.01529040839523077,0.60585618019104,0.3769180178642273,0.001670651719905436
BCS5__Cow_10_0029,Cow_10,2,2028,VAQ,3,3,5.879998207086734e-05,0.00012374982179608196,0.0024553495459258556,0.474541038274765,0.5192673802375793,0.003612525761127472
BCS5__Cow_24,Cow_24,2,2028,VAQ,3,2,0.0002619028091430664,0.0005718966713175178,0.00582778500393033,0.5192071795463562,0.46589377522468567,0.00849937368184328
BCS5__Cow_24_7022,Cow_24,2,2028,VAQ,3,2,6.505474448199183e-05,0.000987981096841395,0.03849257901310921,0.6298707127571106,0.32802802324295044,0.0026207384653389454
BCS5__Cow_28,Cow_28,2,2028,VAQ,3,2,0.0005550682544708252,0.0002404008264420554,0.003870998974889517,0.5113936066627502,0.47960516810417175,0.004889895673841238
BCS5__Cow_28_4024,Cow_28,2,2028,VAQ,3,2,0.0004035532474517822,0.0010265547316521406,0.07695572078227997,0.6421299576759338,0.2780602276325226,0.0018275472102686763
BCS5__Cow_3,Cow_3,2,2028,VAQ,3,0,4.094839096069336e-05,0.8009740710258484,0.14934659004211426,0.04884321615099907,0.0008204472833313048,1.5771453035995364e-05
BCS5__Cow_30_30,Cow_30,2,2028,VAQ,3,3,1.5825033187921722e-05,0.0007653318461962044,0.01254165731370449,0.4889652132987976,0.49085167050361633,0.006876074708998203
BCS5__Cow_34,Cow_34,2,2028,VAQ,3,2,0.0007437467575073242,0.021272867918014526,0.02548615075647831,0.6582066416740417,0.2658729553222656,0.029161307960748672
BCS5__Cow_34_1,Cow_34,2,2028,VAQ,3,2,0.0009004771709442139,0.0017536937957629561,0.00977147277444601,0.5561832785606384,0.4173162281513214,0.014975274913012981
BCS5__Cow_50,Cow_50,2,2028,VAQ,3,2,7.2479248046875e-05,0.0008600496221333742,0.016601407900452614,0.5781194567680359,0.39956405758857727,0.0048550767824053764
BCS5__Cow_50_49,Cow_50,2,2028,VAQ,3,2,3.17692756652832e-05,0.0005553687806241214,0.017766868695616722,0.5362735986709595,0.4419501721858978,0.003454058663919568
BCS5__Cow_8_NOTAG,Cow_8,2,2028,VAQ,3,2,0.00034233927726745605,0.000692538102157414,0.011450301855802536,0.5174201726913452,0.46444615721702576,0.005990883801132441
BCS6__Cow_18,Cow_18,2,2028,VAQ,4,4,3.248453140247687e-05,0.012169641442596912,2.0895156922051683e-05,0.009738873690366745,0.005080873146653175,0.9729897975921631
BCS6__Cow_18_32,Cow_18,2,2028,VAQ,4,4,2.509355545032843e-05,0.001377495820634067,4.621567313733976e-06,0.004270576406270266,0.004163628444075584,0.9901837706565857
BCS6__Cow_24_08,Cow_24,2,2028,VAQ,4,4,0.0003044605255126953,0.03724467009305954,5.932749991188757e-05,0.012255797162652016,0.005800823215395212,0.9446394443511963
BCS6__Cow_28_3083,Cow_28,2,2028,VAQ,4,4,7.212162017711243e-06,0.0016736667603254318,2.7737560230889358e-06,0.0029465570114552975,0.0024169059470295906,0.9929600358009338
BCS6__Cow_3_25,Cow_3,2,2028,VAQ,4,4,6.198883056751647e-06,0.003412051359191537,4.626013378583593e-06,0.003169177332893014,0.0022438911255449057,0.9911702871322632
BCS6__Cow_47_68,Cow_47,2,2028,VAQ,4,4,1.069274730882818e-06,0.0008192819659598172,3.992047936662857e-07,0.0011061044642701745,0.0008206919301301241,0.9972534775733948
BCS6__Cow_9_1044,Cow_9,2,2028,VAQ,4,4,5.066394805908203e-06,0.0006912080571055412,1.7298608554483508e-06,0.0031000536400824785,0.0031865020282566547,0.9930204749107361
BCS2__Cow_21_8029,Cow_21,0,2026,V,0,0,0.00012892484664916992,0.9594435691833496,0.001191510702483356,0.004774094093590975,0.007113332394510508,0.02747751586139202
BCS3__Cow_16,Cow_16,0,2026,V,1,2,0.00019028782844543457,0.0005427407450042665,0.007513982709497213,0.49947577714920044,0.49113747477531433,0.0013299919664859772
BCS3__Cow_16_1004,Cow_16,0,2026,V,1,2,0.0004813075065612793,0.005059232469648123,0.3004051148891449,0.45196354389190674,0.2416912466287613,0.0008808802231214941
BCS3__Cow_25_66,Cow_25,0,2026,V,1,2,0.0005312561988830566,0.009247370064258575,0.15669363737106323,0.4914824068546295,0.33722344040870667,0.005353225860744715
BCS3__Cow_2_1015,Cow_2,0,2026,V,1,2,0.0006127357482910156,0.0012559043243527412,0.012914728373289108,0.5094767808914185,0.4741693437099457,0.002183155622333288
BCS3__Cow_46,Cow_46,0,2026,V,1,1,0.0005176663398742676,0.012453191913664341,0.7529789805412292,0.14402976632118225,0.09038443118333817,0.00015367785817943513
BCS3__Cow_46_1,Cow_46,0,2026,V,1,1,5.899369716651226e-05,0.01582757569849491,0.9299345016479492,0.03078511171042919,0.02343742735683918,1.531045199953951e-05
BCS3__Cow_46_2,Cow_46,0,2026,V,1,1,0.0008146166801452637,0.013552543707191944,0.7687289118766785,0.13238418102264404,0.0851721242070198,0.00016226567095145583
BCS3__Cow_53,Cow_53,0,2026,V,1,1,0.0001962333917617659,0.02673053741455078,0.7618146538734436,0.12353387475013733,0.0876457467675209,0.0002751789870671928
BCS4__Cow_15_68,Cow_15,0,2026,V,2,2,0.0003288388252258301,0.00023534779029432684,0.005241982638835907,0.5248208045959473,0.46922656893730164,0.0004752859240397811
BCS4__Cow_17,Cow_17,0,2026,V,2,3,0.00017619132995599918,0.0002199055306846276,0.003017810173332691,0.4808589518070221,0.515241265296936,0.0006620647618547082
BCS4__Cow_19,Cow_19,0,2026,V,2,2,0.001061856746673584,0.01285350602120161,0.3074086904525757,0.4133369028568268,0.2624739706516266,0.003926876001060009
BCS4__Cow_19_0037,Cow_19,0,2026,V,2,2,0.00042372941970825195,0.0006474120891653001,0.009038781747221947,0.5080534815788269,0.48087501525878906,0.0013852922711521387
BCS4__Cow_2,Cow_2,0,2026,V,2,3,0.0006321072578429621,0.0003873630485031754,0.0011098460527136922,0.38922372460365295,0.6079985499382019,0.0012804754078388214
BCS4__Cow_23,Cow_23,0,2026,V,2,2,0.00026661157608032227,0.002396106719970703,0.058399517089128494,0.5684415698051453,0.3690362274646759,0.0017265647184103727
BCS4__Cow_31,Cow_31,0,2026,V,2,0,0.000304877758026012,0.9487613439559937,0.025051724165678024,0.009642981924116611,0.01640663854777813,0.00013733748346567154
BCS4__Cow_32_0035,Cow_32,0,2026,V,2,1,0.0006709694862365723,0.008484972640872002,0.6491895318031311,0.21871823072433472,0.12315165251493454,0.0004555505875032395
BCS4__Cow_44_1,Cow_44,0,2026,V,2,3,0.0006725788116455078,0.00042984093306586146,0.002568301511928439,0.4497249722480774,0.5460774898529053,0.0011993465013802052
BCS4__Cow_51,Cow_51,0,2026,V,2,2,0.00025188922882074527,0.002002511639147997,0.01884607784450054,0.5431296229362488,0.43434441089630127,0.0016773445531725883
BCS4__Cow_51_0035,Cow_51,0,2026,V,2,2,0.0006165504455566406,0.0019646561704576015,0.05265370383858681,0.5485943555831909,0.39601826667785645,0.0007689978810958564
BCS4__Cow_7,Cow_7,0,2026,V,2,1,7.164478302001953e-05,0.004263680893927813,0.9352551102638245,0.038395531475543976,0.02206391841173172,2.1752954125986435e-05
BCS5__Cow_15,Cow_15,0,2026,V,3,2,0.000233232975006048,0.002306933980435133,0.037038471549749374,0.5442319512367249,0.41376087069511414,0.0026617986150085926
BCS5__Cow_17_17,Cow_17,0,2026,V,3,3,0.00032508373260492496,0.00026953752967529,0.0019416225841268897,0.40240490436553955,0.5943564176559448,0.0010275092208757997
BCS5__Cow_21,Cow_21,0,2026,V,3,2,7.605552673339844e-05,0.0003279078518971801,0.006452001631259918,0.5150717496871948,0.4774217903614044,0.0007266290485858917
BCS5__Cow_23_1067,Cow_23,0,2026,V,3,3,0.00034025311470026187,0.00016197764489334077,0.0010152764152735472,0.37921470403671265,0.618826150894165,0.0007818406447768211
BCS5__Cow_25,Cow_25,0,2026,V,3,2,0.0005371868610382635,0.005268668755888939,0.18418602645397186,0.5092174410820007,0.2996223568916321,0.0017055337084457278
BCS5__Cow_31_15,Cow_31,0,2026,V,3,3,0.000519722700118963,0.0017168150516226888,0.007676172535866499,0.41856858134269714,0.5677229762077332,0.004315475933253765
BCS5__Cow_31_2024,Cow_31,0,2026,V,3,2,0.0005546212196350098,0.0006085504428483546,0.010021997615695,0.5210537314414978,0.467197984457016,0.00111766520421952
BCS5__Cow_32,Cow_32,0,2026,V,3,3,0.0004188418388366699,0.01935528963804245,0.0020882957614958286,0.46203261613845825,0.500842273235321,0.015681546181440353
BCS5__Cow_44_3008,Cow_44,0,2026,V,3,3,0.0004661381244659424,0.0004067667468916625,0.002283879555761814,0.39533019065856934,0.60044926404953,0.001529931789264083
BCS5__Cow_45,Cow_45,0,2026,V,3,3,0.0004125535488128107,0.00022358298883773386,0.0015867985785007477,0.4435183107852936,0.553970217704773,0.0007010954432189465
BCS5__Cow_53_30,Cow_53,0,2026,V,3,3,0.00019052624702448062,0.00048026128206402063,0.0026163861621171236,0.3915424346923828,0.6033563613891602,0.00200462993234396
BCS5__Cow_7_6022,Cow_7,0,2026,V,3,2,0.00011554360389703922,0.0036847630981355906,0.030702976509928703,0.5222306847572327,0.44000837206840515,0.0033731653820723295
BCS6__Cow_16_06,Cow_16,0,2026,V,4,4,7.212162017822266e-05,0.0007622803677804768,1.0836031378858024e-06,0.004517652094364166,0.014050223864614964,0.9806687235832214
BCS6__Cow_19_29,Cow_19,0,2026,V,4,4,0.0004710555076598011,0.00034063696512021124,7.916855793155264e-07,0.015013141557574272,0.06076069548726082,0.9238846898078918
BCS6__Cow_2_6006,Cow_2,0,2026,V,4,4,4.291534423828125e-05,0.00028974362066946924,1.4257463476496923e-07,0.0018325699493288994,0.006260417401790619,0.9916171431541443
BCS6__Cow_32_34,Cow_32,0,2026,V,4,4,9.280443191517218e-05,0.000862011918798089,1.4521818911816808e-06,0.004574584309011698,0.013740490190684795,0.9808214902877808
BCS6__Cow_36,Cow_36,0,2026,V,4,4,0.0002960637211800246,0.06067954748868942,9.734801551530836e-07,0.013051837682723999,0.018036650493741035,0.9082310199737549
BCS6__Cow_36_1,Cow_36,0,2026,V,4,4,0.000484317541122381,0.06930836290121078,8.639553561806679e-05,0.14987732470035553,0.17008554935455322,0.6106424331665039
BCS6__Cow_45_9025,Cow_45,0,2026,V,4,4,0.00011581182479858398,0.000450608175015077,6.40001474039309e-07,0.005623432341963053,0.01989602856338024,0.9740291833877563
BCS6__Cow_52_29,Cow_52,0,2026,V,4,4,5.8829784393199525e-05,0.0007701525464653969,1.2192230087748612e-06,0.004544015042483807,0.013968856073915958,0.9807157516479492
BCS6__Cow_7_9008,Cow_7,0,2026,V,4,4,0.00040662288665771484,0.00043635882320813835,1.3538847269956023e-06,0.02033059671521187,0.07921963185071945,0.9000121355056763
BCS2__Cow_11,Cow_11,1,2026,V,0,1,8.843839168548584e-05,0.22422640025615692,0.248439759016037,0.21134459972381592,0.14363819360733032,0.17235112190246582
BCS2__Cow_11_1,Cow_11,1,2026,V,0,0,0.0002830922603607178,0.3328874409198761,0.2590683400630951,0.1792830377817154,0.0997796282172203,0.12898150086402893
BCS2__Cow_11_2,Cow_11,1,2026,V,0,0,0.00017762184143060855,0.4608074426651001,0.21475215256214142,0.13492053747177124,0.07863820344209671,0.11088165640830994
BCS3__Cow_14,Cow_14,1,2026,V,1,2,4.112720489504729e-05,0.16577574610710144,0.22306478023529053,0.2321276068687439,0.1708933562040329,0.20813849568367004
BCS3__Cow_14_0011,Cow_14,1,2026,V,1,0,0.0001996457576751154,0.40024903416633606,0.24835224449634552,0.1520771086215973,0.0892859697341919,0.11003570258617401
BCS3__Cow_6_103,Cow_6,1,2026,V,1,0,0.0001443326473236084,0.4325162172317505,0.2378605455160141,0.1413768082857132,0.0830654501914978,0.10518097877502441
BCS4__Cow_1,Cow_1,1,2026,V,2,2,1.9758939743014237e-05,0.15677611529827118,0.21593451499938965,0.23888885974884033,0.17254450917243958,0.21585600078105927
BCS4__Cow_26,Cow_26,1,2026,V,2,2,2.9847025871276855e-05,0.16527986526489258,0.22370730340480804,0.2311166226863861,0.1704796403646469,0.20941653847694397
BCS4__Cow_26_5051,Cow_26,1,2026,V,2,0,0.00016441941261291504,0.4988764822483063,0.22339774668216705,0.12208044528961182,0.06614606082439423,0.08949921280145645
BCS4__Cow_27_9008,Cow_27,1,2026,V,2,0,0.0002034306526184082,0.5417993664741516,0.21735604107379913,0.10974963754415512,0.05417419970035553,0.0769207552075386
BCS4__Cow_29_7007,Cow_29,1,2026,V,2,0,4.786252975463867e-05,0.7443410754203796,0.14381608366966248,0.055750321596860886,0.021435488015413284,0.03465697541832924
BCS4__Cow_33,Cow_33,1,2026,V,2,2,4.252791404732448e-05,0.15522697567939758,0.217086061835289,0.23840852081775665,0.17209045588970184,0.2171880006790161
BCS4__Cow_4,Cow_4,1,2026,V,2,2,1.5035271644647796e-05,0.15501311421394348,0.21571165323257446,0.23798106610774994,0.17299669981002808,0.21829748153686523
BCS4__Cow_41,Cow_41,1,2026,V,2,2,2.3856759071433364e-05,0.15618056058883667,0.21928445994853973,0.2405996322631836,0.17010410130023956,0.21383129060268402
BCS4__Cow_48,Cow_48,1,2026,V,2,1,7.197260856625642e-05,0.22326987981796265,0.2584744989871979,0.2083379328250885,0.14080946147441864,0.16910818219184875
BCS4__Cow_4_1,Cow_4,1,2026,V,2,1,3.288686275482178e-05,0.17036683857440948,0.2349306344985962,0.23071134090423584,0.1619103103876114,0.20208078622817993
BCS4__Cow_6,Cow_6,1,2026,V,2,1,5.860626697545834e-05,0.18288816511631012,0.2265898436307907,0.22239743173122406,0.16906896233558655,0.19905561208724976
BCS5__Cow_12_NOTAG,Cow_12,1,2026,V,3,2,5.8189034461919587e-05,0.17365498840808868,0.2235223948955536,0.2293127477169037,0.16814391314983368,0.20536589622497559
BCS5__Cow_13,Cow_13,1,2026,V,3,2,1.4945864677512466e-05,0.1656511276960373,0.2274819016456604,0.23106995224952698,0.16784709692001343,0.20794989168643951
BCS5__Cow_13_8001,Cow_13,1,2026,V,3,0,0.00038442015647888184,0.4447941184043884,0.24362502992153168,0.140608012676239,0.07398325949907303,0.09698959439992905
BCS5__Cow_1_27,Cow_1,1,2026,V,3,2,5.175173282628842e-05,0.15646710991859436,0.21938996016979218,0.23897288739681244,0.17000558972358704,0.215164452791214
BCS5__Cow_27,Cow_27,1,2026,V,3,2,3.229081630715114e-05,0.17391107976436615,0.22565671801567078,0.22742535173892975,0.16878794133663177,0.20421892404556274
BCS5__Cow_29,Cow_29,1,2026,V,3,2,1.749396324157715e-05,0.15976066887378693,0.2227078676223755,0.23456688225269318,0.16964612901210785,0.21331845223903656
BCS5__Cow_37,Cow_37,1,2026,V,3,2,2.977252006536313e-05,0.16068102419376373,0.22167272865772247,0.23354792594909668,0.17183758318424225,0.21226076781749725
BCS5__Cow_37_and_38,Cow_37,1,2026,V,3,2,4.354119300836734e-05,0.15128378570079803,0.22133639454841614,0.2436348795890808,0.1672963798046112,0.216448575258255
BCS5__Cow_43,Cow_43,1,2026,V,3,2,2.8535723686246017e-05,0.16173911094665527,0.22400175034999847,0.2336217612028122,0.1708376705646515,0.20979975163936615
BCS5__Cow_48_1018,Cow_48,1,2026,V,3,2,3.82065773010809e-05,0.15643814206123352,0.21199168264865875,0.23771703243255615,0.17560672760009766,0.2182464748620987
BCS5__Cow_54,Cow_54,1,2026,V,3,1,4.248321056363191e-05,0.16866491734981537,0.23494994640350342,0.23255528509616852,0.16182464361190796,0.20200525224208832
BCS5__Cow_6_5051,Cow_6,1,2026,V,3,2,3.211200237279721e-05,0.15421800315380096,0.21278348565101624,0.240752175450325,0.1739743947982788,0.21827192604541779
BCS6__Cow_11_07,Cow_11,1,2026,V,4,4,8.429586887367946e-05,0.1604929119348526,0.1938411146402359,0.22149579226970673,0.17508947849273682,0.24908065795898438
BCS6__Cow_12_2014,Cow_12,1,2026,V,4,0,5.155801773071289e-05,0.6013755798339844,0.13006414473056793,0.08766527473926544,0.049154676496982574,0.13174036145210266
BCS6__Cow_13_66,Cow_13,1,2026,V,4,4,0.00011691451072698422,0.19522732496261597,0.19414572417736053,0.20635569095611572,0.16102324426174164,0.2432481199502945
BCS6__Cow_26_6,Cow_26,1,2026,V,4,4,9.191036224365234e-05,0.17004725337028503,0.19278205931186676,0.21527107059955597,0.17111453413963318,0.25078511238098145
BCS6__Cow_29_NOTAG,Cow_29,1,2026,V,4,4,8.893013000493832e-05,0.16410623490810394,0.18597720563411713,0.2141404002904892,0.16655108332633972,0.26922503113746643
BCS6__Cow_35,Cow_35,1,2026,V,4,4,5.424022674560547e-05,0.16669946908950806,0.20313549041748047,0.22470222413539886,0.15734542906284332,0.2481173723936081
BCS6__Cow_4_103,Cow_4,1,2026,V,4,4,0.00010433793067932129,0.17718490958213806,0.18726371228694916,0.2101294994354248,0.16936707496643066,0.2560547888278961
BCS2__Cow_5_1,Cow_5,2,2026,V,0,4,2.4259090423583984e-05,0.006793585605919361,0.00039227562956511974,0.009048694744706154,0.023498019203543663,0.9602674245834351
BCS3__Cow_20_0029,Cow_20,2,2026,V,1,3,2.5853514671395073e-05,0.0034361029975116253,0.06590345501899719,0.35069188475608826,0.5681096315383911,0.01185887772589922
BCS3__Cow_22,Cow_22,2,2026,V,1,1,0.0002391338348388672,0.07779141515493393,0.7472040057182312,0.14008517563343048,0.032629258930683136,0.002290148288011551
BCS3__Cow_22_1,Cow_22,2,2026,V,1,1,4.1425228118896484e-05,0.08891503512859344,0.7533846497535706,0.12745964527130127,0.028074832633137703,0.0021657843608409166
BCS4__Cow_10,Cow_10,2,2026,V,2,3,1.8298625946044922e-05,0.00717764999717474,0.06464100629091263,0.3354461193084717,0.5683701634407043,0.02436504326760769
BCS4__Cow_10_2038,Cow_10,2,2026,V,2,2,0.000307768583297674,0.011912601999938488,0.3247619867324829,0.36352530121803284,0.29100269079208374,0.00879739597439766
BCS4__Cow_22_6005,Cow_22,2,2026,V,2,3,0.00014159083366388492,0.0036863391287624836,0.10059183835983276,0.3766435384750366,0.5100675225257874,0.009010720066726208
BCS4__Cow_30,Cow_30,2,2026,V,2,3,0.0001709163188933771,0.008806091733276844,0.11888518929481506,0.3690015971660614,0.4848344027996063,0.01847272925078869
BCS4__Cow_42,Cow_42,2,2026,V,2,3,0.00027114152908325195,0.009018825367093086,0.017954019829630852,0.21633416414260864,0.6353486776351929,0.12134428322315216
BCS4__Cow_47_1,Cow_47,2,2026,V,2,3,0.0002364814281463068,0.004987058229744434,0.14065687358379364,0.3893203139305115,0.455974280834198,0.009061412885785103
BCS4__Cow_49,Cow_49,2,2026,V,2,3,6.175041198724918e-05,0.005412490107119083,0.1451328694820404,0.38749808073043823,0.45224857330322266,0.009707942605018616
BCS4__Cow_55,Cow_55,2,2026,V,2,3,0.00011764466762542725,0.003554918570443988,0.09248295426368713,0.37355709075927734,0.5211837887763977,0.009221275337040424
BCS4__Cow_8,Cow_8,2,2026,V,2,3,0.0001633763313292902,0.0047660400159657,0.043552909046411514,0.3160719871520996,0.6133008599281311,0.02230815589427948
BCS4__Cow_9,Cow_9,2,2026,V,2,3,7.127225399022885e-05,0.0036773935426026583,0.11049389839172363,0.3864203989505768,0.4913388788700104,0.00806946400552988
BCS5__Cow_10_0029,Cow_10,2,2026,V,3,3,0.0001831650733947754,0.005044069606810808,0.03454699367284775,0.2910737097263336,0.6396815180778503,0.029653700068593025
BCS5__Cow_24,Cow_24,2,2026,V,3,3,5.63450157642989e-05,0.007492976728826761,0.0581861287355423,0.32442331314086914,0.5812380909919739,0.02865954115986824
BCS5__Cow_24_7022,Cow_24,2,2026,V,3,3,7.140636444097348e-05,0.011568976566195488,0.20130974054336548,0.37923502922058105,0.39321616291999817,0.014670119620859623
BCS5__Cow_28,Cow_28,2,2026,V,3,3,0.00022870302200317383,0.003476085141301155,0.04349586367607117,0.3240658938884735,0.6126764416694641,0.016285723075270653
BCS5__Cow_28_4024,Cow_28,2,2026,V,3,2,0.00014185905456537418,0.009099346585571766,0.2460961639881134,0.38247963786125183,0.35281914472579956,0.009505746886134148
BCS5__Cow_3,Cow_3,2,2026,V,3,0,0.00012469291687003392,0.47549566626548767,0.30858054757118225,0.16961099207401276,0.036508459597826004,0.009804300963878632
BCS5__Cow_30_30,Cow_30,2,2026,V,3,3,6.048381328585539e-05,0.006808915641158819,0.06441083550453186,0.3273612856864929,0.576271116733551,0.025147799402475357
BCS5__Cow_34,Cow_34,2,2026,V,3,2,0.00018218159675603696,0.18508650362491608,0.14937350153923035,0.3550861179828644,0.23583292961120605,0.07462092489004135
BCS5__Cow_34_1,Cow_34,2,2026,V,3,3,6.117671728137625e-05,0.018258152529597282,0.059569165110588074,0.3298220634460449,0.53267902135849,0.059671610593795776
BCS5__Cow_50,Cow_50,2,2026,V,3,3,9.097158908852321e-05,0.010873005725443363,0.11875982582569122,0.3629910945892334,0.4847709834575653,0.02260505221784115
BCS5__Cow_50_49,Cow_50,2,2026,V,3,3,0.00017198920249938965,0.009972342289984226,0.09621714800596237,0.3451780080795288,0.5226166248321533,0.026015829294919968
BCS5__Cow_8_NOTAG,Cow_8,2,2026,V,3,3,7.55488872527521e-05,0.010978699661791325,0.07418327033519745,0.32783353328704834,0.552403450012207,0.03460102528333664
BCS6__Cow_18,Cow_18,2,2026,V,4,4,0.00011658668518066406,0.030501261353492737,0.005899783689528704,0.05978638306260109,0.10987008363008499,0.7939424514770508
BCS6__Cow_18_32,Cow_18,2,2026,V,4,4,1.8894672393687806e-05,0.004839047789573669,0.000676539377309382,0.014377675019204617,0.05523400753736496,0.9248727560043335
BCS6__Cow_24_08,Cow_24,2,2026,V,4,4,1.996755599975586e-05,0.03201521560549736,0.005030584521591663,0.045565925538539886,0.0848357230424881,0.8325525522232056
BCS6__Cow_28_3083,Cow_28,2,2026,V,4,4,1.0490417480357728e-05,0.0045317490585148335,0.0004282248846720904,0.009102270007133484,0.031928397715091705,0.9540093541145325
BCS6__Cow_3_25,Cow_3,2,2026,V,4,4,3.24249267578125e-05,0.008273323997855186,0.0007236116216517985,0.010583125986158848,0.028024446219205856,0.952395498752594
BCS6__Cow_47_68,Cow_47,2,2026,V,4,4,1.8656253814808288e-05,0.0034772127401083708,0.00015560485189780593,0.0039113909006118774,0.011738952249288559,0.9807167649269104
BCS6__Cow_9_1044,Cow_9,2,2026,V,4,4,6.806850433338507e-05,0.003907712642103434,0.00041782099287956953,0.010029583238065243,0.038719795644283295,0.9469250440597534
BCS2__Cow_21_8029,Cow_21,0,2027,V,0,4,0.0003607831895350924,0.040588125586509705,2.665071406227071e-05,0.005241457838565111,0.01179560273885727,0.9423482418060303
BCS3__Cow_16,Cow_16,0,2027,V,1,3,0.0005736351013183594,5.114071973366663e-05,0.002952245995402336,0.39268702268600464,0.6025471091270447,0.0017625285545364022
BCS3__Cow_16_1004,Cow_16,0,2027,V,1,2,0.0006670057773590088,0.0005580323631875217,0.03200318664312363,0.5313178896903992,0.4330157935619354,0.003105091629549861
BCS3__Cow_25_66,Cow_25,0,2027,V,1,3,8.052587509155273e-05,0.0008519623661413789,0.021611114963889122,0.45620304346084595,0.5137829184532166,0.007550891954451799
BCS3__Cow_2_1015,Cow_2,0,2027,V,1,3,6.87241554260809e-05,5.214128759689629e-05,0.001363961840979755,0.32663285732269287,0.6687085628509521,0.0032425078097730875
BCS3__Cow_46,Cow_46,0,2027,V,1,2,0.0009953826665878018,0.002100776182487607,0.1290811449289322,0.5560277104377747,0.31062617897987366,0.002164103789255023
BCS3__Cow_46_1,Cow_46,0,2027,V,1,1,0.0014557838439941406,0.012238845229148865,0.8176406025886536,0.10382770746946335,0.06596797704696655,0.0003249100118409842
BCS3__Cow_46_2,Cow_46,0,2027,V,1,1,0.0025135278701782227,0.00992879644036293,0.4564482569694519,0.33298423886299133,0.19879627227783203,0.0018424296285957098
BCS3__Cow_53,Cow_53,0,2027,V,1,2,0.0013316720724105002,0.009314896538853645,0.2084973156452179,0.4762442409992218,0.30098751187324524,0.004956030286848545
BCS4__Cow_15_68,Cow_15,0,2027,V,2,3,0.0005685687065124512,1.0015683983510826e-05,0.0008268789970315993,0.34046176075935364,0.6579107642173767,0.0007905593374744058
BCS4__Cow_17,Cow_17,0,2027,V,2,3,0.0002658963203430176,1.557828363729641e-05,0.000893675722181797,0.3327653408050537,0.665156364440918,0.0011690149549394846
BCS4__Cow_19,Cow_19,0,2027,V,2,2,0.0017516911029815674,0.005943784024566412,0.34471967816352844,0.40855395793914795,0.23810014128684998,0.0026825042441487312
BCS4__Cow_19_0037,Cow_19,0,2027,V,2,3,0.0002963542938232422,2.9811444619554095e-05,0.0010494759771972895,0.3216046988964081,0.6751055121421814,0.0022105351090431213
BCS4__Cow_2,Cow_2,0,2027,V,2,3,8.07642936706543e-05,4.3109790567541495e-05,0.0005254292627796531,0.26384544372558594,0.7301339507102966,0.005452007986605167
BCS4__Cow_23,Cow_23,0,2027,V,2,3,3.985129296778592e-05,0.00033739442005753517,0.016131779178977013,0.4756316542625427,0.5043441653251648,0.003555034752935171
BCS4__Cow_31,Cow_31,0,2027,V,2,0,0.0003771781921387829,0.9708967208862305,0.012012572959065437,0.004766713362187147,0.009909664280712605,0.0024141911417245865
BCS4__Cow_32_0035,Cow_32,0,2027,V,2,2,0.0005770027637481689,0.0011078036623075604,0.031851816922426224,0.5081828236579895,0.45297640562057495,0.00588112510740757
BCS4__Cow_44_1,Cow_44,0,2027,V,2,3,0.0003548860549926758,3.3957247069338337e-05,0.0008894687052816153,0.31644386053085327,0.6802239418029785,0.0024087976198643446
BCS4__Cow_51,Cow_51,0,2027,V,2,3,0.00037664175033569336,0.0009457880514673889,0.014112835749983788,0.4488186240196228,0.5285536050796509,0.0075691514648497105
BCS4__Cow_51_0035,Cow_51,0,2027,V,2,3,0.00037783384323120117,0.00030877371318638325,0.0028332374058663845,0.3021008372306824,0.681820809841156,0.012936313636600971
BCS4__Cow_7,Cow_7,0,2027,V,2,2,0.002045571804046631,0.004082797560840845,0.3287426829338074,0.4353686273097992,0.23024341464042664,0.0015625033993273973
BCS5__Cow_15,Cow_15,0,2027,V,3,2,9.773299098006505e-05,0.0008506419253535569,0.033638764172792435,0.5136756300926208,0.44716677069664,0.004668188747018576
BCS5__Cow_17_17,Cow_17,0,2027,V,3,3,0.0006502866744995117,1.5666073522879742e-05,0.00016475994198117405,0.20461133122444153,0.7888190150260925,0.006389262620359659
BCS5__Cow_21,Cow_21,0,2027,V,3,3,5.665421485900879e-05,1.7442298485548235e-05,0.0015566505026072264,0.3743603527545929,0.6231298446655273,0.0009357337839901447
BCS5__Cow_23_1067,Cow_23,0,2027,V,3,3,0.0005447864532470703,1.255326878890628e-05,9.89539475995116e-05,0.19028529524803162,0.8021166324615479,0.007486505433917046
BCS5__Cow_25,Cow_25,0,2027,V,3,2,6.42538070678711e-05,0.0008776014437898993,0.03364836797118187,0.4983353912830353,0.461716890335083,0.005421748384833336
BCS5__Cow_31_15,Cow_31,0,2027,V,3,3,0.00030881166458129883,0.00042935917736031115,0.0014272724511101842,0.24757453799247742,0.7140117287635803,0.03655712679028511
BCS5__Cow_31_2024,Cow_31,0,2027,V,3,3,9.149312973022461e-05,2.3154649170464836e-05,0.0012385668233036995,0.33835989236831665,0.6588564515113831,0.0015218246262520552
BCS5__Cow_32,Cow_32,0,2027,V,3,3,0.0011581778526306152,0.0035677612759172916,0.000592303869780153,0.1978399157524109,0.5208478569984436,0.2771522104740143
BCS5__Cow_44_3008,Cow_44,0,2027,V,3,3,0.00022071599960327148,4.9776164814829826e-05,0.00036253585130907595,0.22585265338420868,0.7632538676261902,0.01048118807375431
BCS5__Cow_45,Cow_45,0,2027,V,3,3,0.0006290674209594727,1.7431369997211732e-05,0.0005789680872112513,0.30272188782691956,0.6949744820594788,0.0017072694608941674
BCS5__Cow_53_30,Cow_53,0,2027,V,3,3,0.0005295872688293457,3.344248762005009e-05,0.00025751732755452394,0.21258360147476196,0.7767000794410706,0.010425395332276821
BCS5__Cow_7_6022,Cow_7,0,2027,V,3,3,6.073713302612305e-05,0.00023522810079157352,0.0037294155918061733,0.34334543347358704,0.6453169584274292,0.007372991647571325
BCS6__Cow_16_06,Cow_16,0,2027,V,4,4,7.55190849303089e-05,9.989335376303643e-05,5.9278193020873005e-08,0.0013531085569411516,0.009913290850818157,0.9886336326599121
BCS6__Cow_19_29,Cow_19,0,2027,V,4,4,0.00019276142120361328,4.5941229473100975e-05,6.601207758194505e-08,0.003164319321513176,0.02629474736750126,0.9704949259757996
BCS6__Cow_2_6006,Cow_2,0,2027,V,4,4,2.7120113372802734e-05,6.568089156644419e-05,8.073502755223672e-09,0.00032481164089404047,0.0026170406490564346,0.9969923496246338
BCS6__Cow_32_34,Cow_32,0,2027,V,4,4,6.616115570057257e-05,0.00018604366050567478,7.854856676203781e-08,0.0009363021235913038,0.006131574511528015,0.9927459359169006
BCS6__Cow_36,Cow_36,0,2027,V,4,4,7.966300472626907e-06,0.002101752208545804,7.015675151933465e-08,0.0003119354078080505,0.001205197535455227,0.9963811039924622
BCS6__Cow_36_1,Cow_36,0,2027,V,4,4,0.00020986795425403937,0.0033497365657240152,5.716509804187808e-06,0.009887374937534332,0.03264978155493736,0.9541074633598328
BCS6__Cow_45_9025,Cow_45,0,2027,V,4,4,5.543231964111328e-05,6.847631448181346e-05,1.9686122953999075e-08,0.0007256487151607871,0.005754240322858095,0.993451714515686
BCS6__Cow_52_29,Cow_52,0,2027,V,4,4,4.51207160949707e-05,9.236478945240378e-05,2.7288098891631307e-08,0.0006934640696272254,0.00519705843180418,0.9940171241760254
BCS6__Cow_7_9008,Cow_7,0,2027,V,4,4,0.0003082156181335449,4.4045551476301625e-05,6.819399800406245e-08,0.0035018790513277054,0.029323600232601166,0.9671304225921631
BCS2__Cow_11,Cow_11,1,2027,V,0,1,0.0004967153072357178,0.01306865643709898,0.45666301250457764,0.27843478322029114,0.21354180574417114,0.038291700184345245
BCS2__Cow_11_1,Cow_11,1,2027,V,0,2,0.00021454691886901855,0.009392395615577698,0.3123672902584076,0.34144070744514465,0.2758917212486267,0.06090787053108215
BCS2__Cow_11_2,Cow_11,1,2027,V,0,4,0.0002968907356262207,0.12727876007556915,0.22578345239162445,0.18989433348178864,0.16161753237247467,0.29542598128318787
BCS3__Cow_14,Cow_14,1,2027,V,1,2,0.00018227100372308902,0.004606174770742655,0.15773963928222656,0.3800201117992401,0.3357337415218353,0.12190034240484238
BCS3__Cow_14_0011,Cow_14,1,2027,V,1,1,0.0005533397197723389,0.021738074719905853,0.43316006660461426,0.272261381149292,0.2234908789396286,0.0493495799601078
BCS3__Cow_6_103,Cow_6,1,2027,V,1,1,0.00025469064712529965,0.021465159952640533,0.3742080330848694,0.29591619968414307,0.24361564218997955,0.06479499489068985
BCS4__Cow_1,Cow_1,1,2027,V,2,2,0.00010538101196289062,0.007726349402219057,0.19460776448249817,0.36795270442962646,0.3239135444164276,0.1057995855808258
BCS4__Cow_26,Cow_26,1,2027,V,2,2,4.595518112182617e-05,0.009245121851563454,0.186163991689682,0.35893771052360535,0.32181715965270996,0.12383610755205154
BCS4__Cow_26_5051,Cow_26,1,2027,V,2,1,0.0004190504550933838,0.00925042200833559,0.3883837163448334,0.31501999497413635,0.23862619698047638,0.048719622194767
BCS4__Cow_27_9008,Cow_27,1,2027,V,2,1,0.0002708733081817627,0.012559966184198856,0.36093637347221375,0.31981122493743896,0.24935923516750336,0.05733316019177437
BCS4__Cow_29_7007,Cow_29,1,2027,V,2,1,8.425861597055606e-05,0.04274506866931915,0.7558861970901489,0.10586538165807724,0.08358988910913467,0.011913427151739597
BCS4__Cow_33,Cow_33,1,2027,V,2,2,3.4563243389088005e-05,0.00695892283692956,0.17984925210475922,0.3699655830860138,0.32813361287117004,0.1150926724076271
BCS4__Cow_4,Cow_4,1,2027,V,2,2,9.85860824584961e-05,0.011066950857639313,0.1976185441017151,0.3558056354522705,0.31600522994995117,0.11950365453958511
BCS4__Cow_41,Cow_41,1,2027,V,2,2,6.16908073425293e-05,0.010212874971330166,0.2376960813999176,0.3566076159477234,0.3081153929233551,0.08736803382635117
BCS4__Cow_48,Cow_48,1,2027,V,2,2,2.2390857338967785e-05,0.012609891593456268,0.2296592742204666,0.3486151695251465,0.3053925931453705,0.10372313112020493
BCS4__Cow_4_1,Cow_4,1,2027,V,2,2,8.70525836944025e-05,0.01107446663081646,0.20362061262130737,0.3541269600391388,0.3152807652950287,0.11589723825454712
BCS4__Cow_6,Cow_6,1,2027,V,2,2,9.000301361089535e-05,0.009269196540117264,0.20191128551959991,0.3568989336490631,0.3194633424282074,0.11245718598365784
BCS5__Cow_12_NOTAG,Cow_12,1,2027,V,3,2,7.051229476934262e-05,0.006415232550352812,0.15038083493709564,0.3651578724384308,0.3315470218658447,0.14649899303913116
BCS5__Cow_13,Cow_13,1,2027,V,3,2,0.00022020936012268066,0.008589605800807476,0.18368174135684967,0.36291512846946716,0.3211195170879364,0.12369399517774582
BCS5__Cow_13_8001,Cow_13,1,2027,V,3,2,0.00017398595809936523,0.016208762302994728,0.2788933515548706,0.3334502577781677,0.2872023284435272,0.08424524962902069
BCS5__Cow_1_27,Cow_1,1,2027,V,3,2,9.500980377202817e-05,0.0038238486740738153,0.152428537607193,0.38594260811805725,0.3354520797729492,0.12235294282436371
BCS5__Cow_27,Cow_27,1,2027,V,3,2,8.36402177811224e-05,0.006222512573003769,0.1742999106645584,0.3704818785190582,0.33015885949134827,0.11883684247732162
BCS5__Cow_29,Cow_29,1,2027,V,3,2,0.00011023879051208496,0.006361968349665403,0.1712762415409088,0.37194743752479553,0.3299841582775116,0.12043014913797379
BCS5__Cow_37,Cow_37,1,2027,V,3,2,0.00010791420936584473,0.00770814111456275,0.17857936024665833,0.36580851674079895,0.32490161061286926,0.12300238013267517
BCS5__Cow_37_and_38,Cow_37,1,2027,V,3,2,3.3117830753326416e-05,0.0065797981806099415,0.19312837719917297,0.37367165088653564,0.32689765095710754,0.09972254931926727
BCS5__Cow_43,Cow_43,1,2027,V,3,2,6.824731826776675e-05,0.004187964368611574,0.1555335819721222,0.3827430307865143,0.3373303711414337,0.12020507454872131
BCS5__Cow_48_1018,Cow_48,1,2027,V,3,2,0.000133663415908869,0.004863610491156578,0.14267291128635406,0.37376439571380615,0.33716073632240295,0.1415383517742157
BCS5__Cow_54,Cow_54,1,2027,V,3,2,2.1770596504294693e-05,0.008549215272068977,0.20797830820083618,0.36389508843421936,0.31707730889320374,0.1025000587105751
BCS5__Cow_6_5051,Cow_6,1,2027,V,3,2,5.829334259033203e-05,0.002728212159126997,0.12582537531852722,0.38949909806251526,0.34638145565986633,0.13556590676307678
BCS6__Cow_11_07,Cow_11,1,2027,V,4,4,0.0002459287643432617,0.012762979604303837,0.02216886170208454,0.06786280125379562,0.043733347207307816,0.8534719944000244
BCS6__Cow_12_2014,Cow_12,1,2027,V,4,4,0.00045304000377663356,0.19144880771636963,0.019870182499289513,0.02525472827255726,0.019436603412032127,0.7439896464347839
BCS6__Cow_13_66,Cow_13,1,2027,V,4,4,0.00011008977890014648,0.011816922575235367,0.01399883721023798,0.04462789371609688,0.026289507746696472,0.9032667875289917
BCS6__Cow_26_6,Cow_26,1,2027,V,4,4,7.230043411254883e-05,0.006883704103529453,0.014287455938756466,0.053604964166879654,0.03241788595914841,0.8928059935569763
BCS6__Cow_29_NOTAG,Cow_29,1,2027,V,4,4,0.00011074542999267578,0.008016548119485378,0.012365013360977173,0.044460371136665344,0.025969376787543297,0.9091887474060059
BCS6__Cow_35,Cow_35,1,2027,V,4,4,0.00020009279251098633,0.025103656575083733,0.04518360644578934,0.11039123684167862,0.07537072896957397,0.7439507246017456
BCS6__Cow_4_103,Cow_4,1,2027,V,4,4,2.3365020751946186e-05,0.016586849465966225,0.015876568853855133,0.045651260763406754,0.027462784200906754,0.8944225311279297
BCS2__Cow_5_1,Cow_5,2,2027,V,0,4,5.823373794555664e-05,0.022607309743762016,0.003150483826175332,0.025202753022313118,0.05826684087514877,0.8907726407051086
BCS3__Cow_20_0029,Cow_20,2,2027,V,1,3,0.00015929341316223145,0.0044102477841079235,0.10108189284801483,0.2850842773914337,0.5709272027015686,0.03849637135863304
BCS3__Cow_22,Cow_22,2,2027,V,1,1,0.00044897198677057437,0.2799960970878601,0.6355023384094238,0.06992580741643906,0.013576648198068142,0.000999129144474864
BCS3__Cow_22_1,Cow_22,2,2027,V,1,1,0.000626683235168457,0.3198694586753845,0.6147809028625488,0.05592590570449829,0.008859304711222649,0.0005644013872370124
BCS4__Cow_10,Cow_10,2,2027,V,2,3,7.315352559086191e-05,0.008657447062432766,0.11372572928667068,0.29556429386138916,0.5273764729499817,0.054676029831171036
BCS4__Cow_10_2038,Cow_10,2,2027,V,2,1,0.00020948052406311035,0.014193869195878506,0.3571164906024933,0.31648361682891846,0.29404759407043457,0.018158378079533577
BCS4__Cow_22_6005,Cow_22,2,2027,V,2,3,0.00011783838272094727,0.005329318810254335,0.13234974443912506,0.303047776222229,0.5264689922332764,0.032804179936647415
BCS4__Cow_30,Cow_30,2,2027,V,2,3,0.00015375018119812012,0.009554329328238964,0.1426517367362976,0.30574876070022583,0.49593332409858704,0.04611189663410187
BCS4__Cow_42,Cow_42,2,2027,V,2,3,0.0004512369632720947,0.012456084601581097,0.035471074283123016,0.19428887963294983,0.49078401923179626,0.2669999897480011
BCS4__Cow_47_1,Cow_47,2,2027,V,2,3,6.403028965001889e-05,0.007041493430733681,0.17699220776557922,0.3191014528274536,0.46843764185905457,0.028427185490727425
BCS4__Cow_49,Cow_49,2,2027,V,2,3,0.0001481771469116766,0.007281489670276642,0.17377878725528717,0.317158967256546,0.4714541435241699,0.030326563864946365
BCS4__Cow_55,Cow_55,2,2027,V,2,3,0.00017747282981872559,0.004085166845470667,0.13247664272785187,0.30444613099098206,0.5327183604240417,0.026273692026734352
BCS4__Cow_8,Cow_8,2,2027,V,2,3,9.305775165551616e-05,0.005966933444142342,0.09843231737613678,0.2851214110851288,0.5615549683570862,0.04892432317137718
BCS4__Cow_9,Cow_9,2,2027,V,2,3,0.00011135637760165129,0.00533731235191226,0.16196951270103455,0.31872519850730896,0.48888593912124634,0.025081999599933624
BCS5__Cow_10_0029,Cow_10,2,2027,V,3,3,0.00032316148281094637,0.009152216836810112,0.04748835787177086,0.22339925169944763,0.5570825934410095,0.16287750005722046
BCS5__Cow_24,Cow_24,2,2027,V,3,3,0.00010865926742553711,0.009161913767457008,0.13239404559135437,0.3029610216617584,0.5065677165985107,0.04891527071595192
BCS5__Cow_24_7022,Cow_24,2,2027,V,3,3,5.766749382019043e-05,0.015482021495699883,0.2289108783006668,0.3279396593570709,0.3929940164089203,0.03467339649796486
BCS5__Cow_28,Cow_28,2,2027,V,3,3,8.217617869377136e-05,0.004380254074931145,0.09049719572067261,0.27997586131095886,0.5831167697906494,0.04202989488840103
BCS5__Cow_28_4024,Cow_28,2,2027,V,3,3,8.305907249450684e-05,0.014342705719172955,0.2582584321498871,0.3270147144794464,0.3715950846672058,0.028789101168513298
BCS5__Cow_3,Cow_3,2,2027,V,3,0,0.00013852119445811883,0.9642743468284607,0.027838848531246185,0.007092501036822796,0.0006448865169659257,0.0001494101161370054
BCS5__Cow_30_30,Cow_30,2,2027,V,3,3,0.00042830407619470767,0.014705386012792587,0.05385388433933258,0.22339244186878204,0.5031842589378357,0.204864040017128
BCS5__Cow_34,Cow_34,2,2027,V,3,0,0.001156628131866455,0.5204898118972778,0.14453516900539398,0.19237449765205383,0.08748088777065277,0.05511971190571785
BCS5__Cow_34_1,Cow_34,2,2027,V,3,3,0.00025291740894312076,0.049543723464012146,0.1187000423669815,0.34040775895118713,0.353736937046051,0.1376115381717682
BCS5__Cow_50,Cow_50,2,2027,V,3,3,4.437565803533383e-05,0.013876504264771938,0.20512239634990692,0.3239201307296753,0.41915225982666016,0.03792877867817879
BCS5__Cow_50_49,Cow_50,2,2027,V,3,3,0.00026263296604150943,0.016574403271079063,0.07927002757787704,0.2586781084537506,0.5021772980690002,0.14330017566680908
BCS5__Cow_8_NOTAG,Cow_8,2,2027,V,3,3,0.0002263486385345459,0.023651976138353348,0.07782335579395294,0.25665226578712463,0.4633222222328186,0.17855021357536316
BCS6__Cow_18,Cow_18,2,2027,V,4,4,0.00023180246353149414,0.03245444968342781,0.006821773014962673,0.042793408036231995,0.08844591677188873,0.8294844627380371
BCS6__Cow_18_32,Cow_18,2,2027,V,4,4,7.522106170665399e-05,0.007697192952036858,0.0010300248395651579,0.013428868725895882,0.04306375980377197,0.9347801804542542
BCS6__Cow_24_08,Cow_24,2,2027,V,4,4,7.319450378417969e-05,0.04639943689107895,0.0024422823917120695,0.01803506538271904,0.03506401553750038,0.8980591297149658
BCS6__Cow_28_3083,Cow_28,2,2027,V,4,4,0.00010436773300170898,0.010534878820180893,0.0008401264203712344,0.0106815742328763,0.030855746939778328,0.9470876455307007
BCS6__Cow_3_25,Cow_3,2,2027,V,4,4,8.398294448863641e-05,0.01556017529219389,0.0009454716346226633,0.010455227456986904,0.027339568361639977,0.9456995129585266
BCS6__Cow_47_68,Cow_47,2,2027,V,4,4,2.777576446533203e-05,0.006776886526495218,0.00025384160107932985,0.004573101177811623,0.014737273566424847,0.9736588001251221
BCS6__Cow_9_1044,Cow_9,2,2027,V,4,4,9.280443191539423e-05,0.006783486809581518,0.0006892246892675757,0.010076711885631084,0.0331450030207634,0.9493054747581482
BCS2__Cow_21_8029,Cow_21,0,2028,V,0,0,0.00039255619049066715,0.5380173921585083,0.00010233833745587617,0.010120506398379803,0.006426026113331318,0.4453337788581848
BCS3__Cow_16,Cow_16,0,2028,V,1,2,0.00023651123046875,6.236162153072655e-05,0.0036625319626182318,0.5506533980369568,0.44461652636528015,0.0010052022989839315
BCS3__Cow_16_1004,Cow_16,0,2028,V,1,1,0.00017851591110229492,0.004557613283395767,0.8339011669158936,0.10538944602012634,0.056041374802589417,0.00011039759556297213
BCS3__Cow_25_66,Cow_25,0,2028,V,1,2,0.00011152029037475586,0.0002460090909153223,0.01486921589821577,0.5840891599655151,0.39927369356155396,0.0015219536144286394
BCS3__Cow_2_1015,Cow_2,0,2028,V,1,2,0.0004869401454925537,0.0003669688885565847,0.014331428334116936,0.5702161192893982,0.4131168723106384,0.001968564698472619
BCS3__Cow_46,Cow_46,0,2028,V,1,1,0.00018578767776489258,0.006115712691098452,0.6802721619606018,0.20572224259376526,0.10771046578884125,0.00017941884289029986
BCS3__Cow_46_1,Cow_46,0,2028,V,1,1,2.872943878173828e-05,0.012176535092294216,0.9648158550262451,0.013018309138715267,0.00997842289507389,1.0820474017236847e-05
BCS3__Cow_46_2,Cow_46,0,2028,V,1,1,0.0004870891571044922,0.012026906944811344,0.7155574560165405,0.16659832000732422,0.10557683557271957,0.00024052857770584524
BCS3__Cow_53,Cow_53,0,2028,V,1,1,0.00018078088760375977,0.017155034467577934,0.7365517616271973,0.14748534560203552,0.09849188476800919,0.0003159513580612838
BCS4__Cow_15_68,Cow_15,0,2028,V,2,2,0.0005713701248168945,3.278876101830974e-05,0.003974605351686478,0.5941605567932129,0.40141424536705017,0.00041784264612942934
BCS4__Cow_17,Cow_17,0,2028,V,2,2,0.0007825791835784357,3.1167215638561174e-05,0.0015707644633948803,0.5170893669128418,0.4804685711860657,0.0008402153034694493
BCS4__Cow_19,Cow_19,0,2028,V,2,1,0.0005368888378143311,0.005223663989454508,0.4046957492828369,0.3733859062194824,0.21597762405872345,0.0007170065073296428
BCS4__Cow_19_0037,Cow_19,0,2028,V,2,2,0.0006364881992340088,1.9890152543666773e-05,0.0014037833316251636,0.5336834192276001,0.4642978608608246,0.0005950668128207326
BCS4__Cow_2,Cow_2,0,2028,V,2,3,3.7670135498046875e-05,0.00014587627083528787,0.0005549017805606127,0.40787839889526367,0.5843457579612732,0.00707507599145174
BCS4__Cow_23,Cow_23,0,2028,V,2,2,0.00015270709991449527,0.0005222821491770446,0.02797277458012104,0.6047238707542419,0.3651394844055176,0.0016416047001257539
BCS4__Cow_31,Cow_31,0,2028,V,2,0,4.1663646697887025e-05,0.9816358089447021,0.015504023060202599,0.001074380474165082,0.0016730966744944453,0.00011264956992818043
BCS4__Cow_32_0035,Cow_32,0,2028,V,2,2,2.7090311050442795e-05,0.002772466279566288,0.32711267471313477,0.4559321403503418,0.21372562646865845,0.00045712784049101174
BCS4__Cow_44_1,Cow_44,0,2028,V,2,2,0.000811308622360174,0.00013350826338864863,0.0034949323162436485,0.5148027539253235,0.48015743494033813,0.001411418546922505
BCS4__Cow_51,Cow_51,0,2028,V,2,2,0.0001480579376220703,0.0007785122725181282,0.021505555137991905,0.5706937909126282,0.4052802622318268,0.00174188322853297
BCS4__Cow_51_0035,Cow_51,0,2028,V,2,3,0.0002605915069580078,0.0003890779335051775,0.004278548061847687,0.4581790566444397,0.5330180525779724,0.004135279916226864
BCS4__Cow_7,Cow_7,0,2028,V,2,1,0.0002313852310180664,0.006064664106816053,0.8699148297309875,0.07972531765699387,0.044230975210666656,6.423666491173208e-05
BCS5__Cow_15,Cow_15,0,2028,V,3,2,0.0002422928810119629,0.0006841999711468816,0.04216967895627022,0.6116056442260742,0.3441566824913025,0.0013837600126862526
BCS5__Cow_17_17,Cow_17,0,2028,V,3,3,7.167458534235172e-05,2.9610122510348447e-05,0.0001519809738965705,0.38657426834106445,0.6083395481109619,0.004904596135020256
BCS5__Cow_21,Cow_21,0,2028,V,3,2,0.00022926926612848453,2.7427857276052237e-05,0.002415705705061555,0.5578297972679138,0.4391518533229828,0.0005752350552938879
BCS5__Cow_23_1067,Cow_23,0,2028,V,3,3,0.00019744038581848145,3.991565608885139e-05,0.00016208679880946875,0.3859167993068695,0.6076377630233765,0.0062433830462396145
BCS5__Cow_25,Cow_25,0,2028,V,3,2,0.00025910139083862305,0.0036701024509966373,0.18097826838493347,0.536463737487793,0.2766650319099426,0.0022229007445275784
BCS5__Cow_31_15,Cow_31,0,2028,V,3,3,0.00014716386795043945,0.00033273230656050146,0.0008530693012289703,0.3961758315563202,0.5863057374954224,0.016332635655999184
BCS5__Cow_31_2024,Cow_31,0,2028,V,3,2,0.00032907724380493164,3.906873826053925e-05,0.003251143964007497,0.5631669163703918,0.43290483951568604,0.0006379627157002687
BCS5__Cow_32,Cow_32,0,2028,V,3,2,0.0002619326114655096,0.040107935667037964,0.005603923927992582,0.4660540223121643,0.418976366519928,0.06925774365663528
BCS5__Cow_44_3008,Cow_44,0,2028,V,3,3,0.00028634071350097656,0.00018626147357281297,0.0008017438813112676,0.40431907773017883,0.5866749286651611,0.008017944172024727
BCS5__Cow_45,Cow_45,0,2028,V,3,3,0.0006158351898193359,4.544782132143155e-05,0.0013381215976551175,0.48843756318092346,0.5091478228569031,0.0010309929493814707
BCS5__Cow_53_30,Cow_53,0,2028,V,3,3,0.00022664666175842285,0.00017177959671244025,0.0006151839625090361,0.4012710750102997,0.5866777300834656,0.011264203116297722
BCS5__Cow_7_6022,Cow_7,0,2028,V,3,2,0.0002281665802001398,0.0005184633773751557,0.018155591562390327,0.5618870854377747,0.41716936230659485,0.0022694929502904415
BCS6__Cow_16_06,Cow_16,0,2028,V,4,4,4.172325134277344e-06,0.00020819065684918314,2.9547189583922773e-08,0.001807801192626357,0.0008625704213045537,0.9971213936805725
BCS6__Cow_19_29,Cow_19,0,2028,V,4,4,6.705522537242548e-05,4.222423740429804e-05,1.1823075851680187e-08,0.005819997284561396,0.003387870965525508,0.9907497763633728
BCS6__Cow_2_6006,Cow_2,0,2028,V,4,4,3.933906555175781e-06,0.00010612500045681372,2.5284876414843893e-09,0.00039062456926330924,0.00013404764467850327,0.999369204044342
BCS6__Cow_32_34,Cow_32,0,2028,V,4,4,1.710653305053711e-05,0.00031263165874406695,5.5875879922950844e-08,0.002012179233133793,0.0009587380336597562,0.9967164397239685
BCS6__Cow_36,Cow_36,0,2028,V,4,4,4.366040229835527e-06,0.006547237280756235,1.5746579151709739e-07,0.0009368924074806273,0.00038368793320842087,0.9921320080757141
BCS6__Cow_36_1,Cow_36,0,2028,V,4,4,1.7583370208740234e-05,0.00772930309176445,4.975699994247407e-06,0.01359118428081274,0.006747165694832802,0.9719274044036865
BCS6__Cow_45_9025,Cow_45,0,2028,V,4,4,2.1219253540039062e-05,0.00020312714332249016,2.9276819191181858e-08,0.001938806613907218,0.0009203273220919073,0.9969377517700195
BCS6__Cow_52_29,Cow_52,0,2028,V,4,4,5.185604095458984e-06,0.0003592882421799004,7.774241339575383e-08,0.0024050669744610786,0.0011545371962711215,0.9960809350013733
BCS6__Cow_7_9008,Cow_7,0,2028,V,4,4,2.825260162364618e-05,8.752628491492942e-05,2.647355579199484e-08,0.005340933334082365,0.0029654596000909805,0.9916061162948608
BCS2__Cow_11,Cow_11,1,2028,V,0,1,7.848441600791234e-05,0.17187312245368958,0.3678115904331207,0.1979185789823532,0.19452109932899475,0.06787562370300293
BCS2__Cow_11_1,Cow_11,1,2028,V,0,1,6.878376007080078e-05,0.09923997521400452,0.280163437128067,0.257741779088974,0.2557632327079773,0.1070915088057518
BCS2__Cow_11_2,Cow_11,1,2028,V,0,0,0.0001875460147857666,0.32256054878234863,0.31969574093818665,0.14142881333827972,0.1369089037179947,0.0794060081243515
BCS3__Cow_14,Cow_14,1,2028,V,1,3,5.614757537847348e-05,0.0800238698720932,0.24641981720924377,0.2705002725124359,0.2747052311897278,0.12835077941417694
BCS3__Cow_14_0011,Cow_14,1,2028,V,1,1,0.0001046210527420044,0.2028111070394516,0.37103065848350525,0.18070383369922638,0.18264073133468628,0.06281369179487228
BCS3__Cow_6_103,Cow_6,1,2028,V,1,1,0.00016532838344573975,0.22841642796993256,0.35208550095558167,0.17338895797729492,0.1733565628528595,0.07275258004665375
BCS4__Cow_1,Cow_1,1,2028,V,2,3,2.437829971316252e-05,0.0721723660826683,0.23852527141571045,0.27915433049201965,0.27938440442085266,0.13076363503932953
BCS4__Cow_26,Cow_26,1,2028,V,2,2,5.0693750381469727e-05,0.08783209323883057,0.24561843276023865,0.26569774746894836,0.2651227116584778,0.13572907447814941
BCS4__Cow_26_5051,Cow_26,1,2028,V,2,1,7.522106170648746e-05,0.23910337686538696,0.3578139543533325,0.16551265120506287,0.16810819506645203,0.06946183741092682
BCS4__Cow_27_9008,Cow_27,1,2028,V,2,1,0.00012753903865808658,0.2038004845380783,0.3566766083240509,0.18332624435424805,0.18271081149578094,0.07348582148551941
BCS4__Cow_29_7007,Cow_29,1,2028,V,2,0,0.0002467036247253418,0.47696399688720703,0.37087416648864746,0.06611435860395432,0.06602997332811356,0.020017577335238457
BCS4__Cow_33,Cow_33,1,2028,V,2,3,3.254413604741879e-05,0.07172208279371262,0.2129550278186798,0.2736304700374603,0.28199201822280884,0.1597003936767578
BCS4__Cow_4,Cow_4,1,2028,V,2,3,4.947185516357422e-05,0.07857151329517365,0.23032483458518982,0.2722625434398651,0.2737314701080322,0.1451096087694168
BCS4__Cow_41,Cow_41,1,2028,V,2,3,5.188584327697754e-05,0.06756505370140076,0.2316567450761795,0.28260213136672974,0.286935955286026,0.1312401294708252
BCS4__Cow_48,Cow_48,1,2028,V,2,1,4.5016407966641525e-05,0.10592877119779587,0.2715938985347748,0.25083309412002563,0.24924229085445404,0.12240193784236908
BCS4__Cow_4_1,Cow_4,1,2028,V,2,3,3.781914710998535e-05,0.08164504170417786,0.2318676859140396,0.2699977159500122,0.2703264057636261,0.14616316556930542
BCS4__Cow_6,Cow_6,1,2028,V,2,1,5.78984618186118e-05,0.11514503508806229,0.2791082561016083,0.2458418309688568,0.24514472484588623,0.11476018279790878
BCS5__Cow_12_NOTAG,Cow_12,1,2028,V,3,3,3.165006637573242e-05,0.07681293040513992,0.17955975234508514,0.25050875544548035,0.2835778295993805,0.20954075455665588
BCS5__Cow_13,Cow_13,1,2028,V,3,2,4.559755325322934e-05,0.08979690819978714,0.24640308320522308,0.26220929622650146,0.26127928495407104,0.14031143486499786
BCS5__Cow_13_8001,Cow_13,1,2028,V,3,1,0.00011616945266723633,0.14852985739707947,0.32949018478393555,0.21774156391620636,0.21994297206401825,0.08429546654224396
BCS5__Cow_1_27,Cow_1,1,2028,V,3,3,2.333521842962094e-05,0.06869810074567795,0.18290743231773376,0.2587740123271942,0.288921982049942,0.20069852471351624
BCS5__Cow_27,Cow_27,1,2028,V,3,1,2.5570392608642578e-05,0.09389851242303848,0.26520803570747375,0.2578071057796478,0.26316413283348083,0.11992225050926208
BCS5__Cow_29,Cow_29,1,2028,V,3,3,4.6372413635253906e-05,0.07589122653007507,0.2243659496307373,0.2737307548522949,0.2754431664943695,0.1505689173936844
BCS5__Cow_37,Cow_37,1,2028,V,3,3,2.3037195205716232e-05,0.08123758435249329,0.22498957812786102,0.2695981562137604,0.2703656256198883,0.1538091003894806
BCS5__Cow_37_and_38,Cow_37,1,2028,V,3,3,3.7081539630806626e-05,0.06201004236936569,0.21243290603160858,0.2826600968837738,0.291858971118927,0.15103796124458313
BCS5__Cow_43,Cow_43,1,2028,V,3,3,3.7014484405545334e-05,0.07220575958490372,0.22686687111854553,0.27552521228790283,0.28092721104621887,0.14447493851184845
BCS5__Cow_48_1018,Cow_48,1,2028,V,3,3,3.018975257867984e-05,0.07002989202737808,0.17714092135429382,0.254829466342926,0.2934756875038147,0.20452411472797394
BCS5__Cow_54,Cow_54,1,2028,V,3,2,4.807114601135254e-05,0.07856009900569916,0.2401628941297531,0.2738457918167114,0.27180057764053345,0.13563059270381927
BCS5__Cow_6_5051,Cow_6,1,2028,V,3,3,4.3749809265164474e-05,0.06311042606830597,0.17707641422748566,0.2601020932197571,0.30215397477149963,0.19755710661411285
BCS6__Cow_11_07,Cow_11,1,2028,V,4,4,3.0174851417610893e-05,0.13319998979568481,0.11212059110403061,0.15641911327838898,0.17348699271678925,0.42477327585220337
BCS6__Cow_12_2014,Cow_12,1,2028,V,4,0,0.00012218952178955078,0.8735235929489136,0.03157258406281471,0.009608494117856026,0.008988204412162304,0.07630710303783417
BCS6__Cow_13_66,Cow_13,1,2028,V,4,4,0.00012069940567016602,0.18591369688510895,0.083128921687603,0.10778187215328217,0.11703183501958847,0.5061436891555786
BCS6__Cow_26_6,Cow_26,1,2028,V,4,4,0.0001405477523803711,0.15558966994285583,0.0846596360206604,0.1175248771905899,0.13077624142169952,0.5114495158195496
BCS6__Cow_29_NOTAG,Cow_29,1,2028,V,4,4,0.00011283159255981445,0.1653464436531067,0.07772698253393173,0.10704844444990158,0.11875110119581223,0.5311270356178284
BCS6__Cow_35,Cow_35,1,2028,V,4,4,3.314018249511719e-05,0.13196441531181335,0.17854368686676025,0.20991279184818268,0.20873846113681793,0.2708406150341034
BCS6__Cow_4_103,Cow_4,1,2028,V,4,4,8.231401443481445e-05,0.1762765347957611,0.08368638157844543,0.11260417848825455,0.12211941927671432,0.5053134560585022
BCS2__Cow_5_1,Cow_5,2,2028,V,0,4,0.0004838183522224704,0.12280957400798798,0.0003217084740754217,0.013081604614853859,0.012623107060790062,0.8511640429496765
BCS3__Cow_20_0029,Cow_20,2,2028,V,1,3,1.3597309589344353e-05,0.010342762805521488,0.09455759823322296,0.34783297777175903,0.5130482912063599,0.03421838954091072
BCS3__Cow_22,Cow_22,2,2028,V,1,1,0.0010710656642913818,0.3226377069950104,0.5986038446426392,0.06772831082344055,0.010155458934605122,0.0008746628882363439
BCS3__Cow_22_1,Cow_22,2,2028,V,1,1,0.00045880675315856934,0.3298057019710541,0.6113589406013489,0.052094295620918274,0.006289989221841097,0.00045106152538210154
BCS4__Cow_10,Cow_10,2,2028,V,2,3,0.00027161836624139957,0.02266746200621128,0.12327518314123154,0.3701181411743164,0.4403747618198395,0.043564435094594955
BCS4__Cow_10_2038,Cow_10,2,2028,V,2,1,0.00010180473327636719,0.042665090411901474,0.6893454790115356,0.17918112874031067,0.08432304859161377,0.00448525371029973
BCS4__Cow_22_6005,Cow_22,2,2028,V,2,2,4.073977470392398e-05,0.018211668357253075,0.3080612123012543,0.3510352671146393,0.30730241537094116,0.015389472246170044
BCS4__Cow_30,Cow_30,2,2028,V,2,1,0.00031119585037231445,0.042432066053152084,0.519032895565033,0.2609768807888031,0.16626226902008057,0.011295931413769722
BCS4__Cow_42,Cow_42,2,2028,V,2,4,0.0007123351097107489,0.06009408459067345,0.0241877231746912,0.23983851075172424,0.3155989944934845,0.36028072237968445
BCS4__Cow_47_1,Cow_47,2,2028,V,2,1,0.00016099214553833008,0.020217817276716232,0.45973145961761475,0.2934859097003937,0.21714936196804047,0.00941535271704197
BCS4__Cow_49,Cow_49,2,2028,V,2,1,8.040666580194644e-05,0.019692467525601387,0.48985904455184937,0.2843696177005768,0.19840390980243683,0.007674988824874163
BCS4__Cow_55,Cow_55,2,2028,V,2,2,0.00011181831359868832,0.01327859703451395,0.3334856927394867,0.34320446848869324,0.298936128616333,0.011095059104263783
BCS4__Cow_8,Cow_8,2,2028,V,2,3,5.829334259033203e-05,0.01453690230846405,0.0946880653500557,0.35197535157203674,0.49600034952163696,0.04279934987425804
BCS4__Cow_9,Cow_9,2,2028,V,2,2,5.9604644775390625e-05,0.010748457163572311,0.28346186876296997,0.35873907804489136,0.3359159231185913,0.011134711094200611
BCS5__Cow_10_0029,Cow_10,2,2028,V,3,3,0.000686600804328974,0.00914735533297062,0.015365015715360641,0.21145248413085938,0.5758249163627625,0.18821023404598236
BCS5__Cow_24,Cow_24,2,2028,V,3,3,0.00013780593872070312,0.014073205180466175,0.08229979872703552,0.33731117844581604,0.5172199606895447,0.04909583926200867
BCS5__Cow_24_7022,Cow_24,2,2028,V,3,1,0.0003542006015777588,0.033389862626791,0.34078988432884216,0.3323907256126404,0.2720524072647095,0.02137710526585579
BCS5__Cow_28,Cow_28,2,2028,V,3,3,9.316205978388004e-05,0.014095956459641457,0.11527252942323685,0.3531210720539093,0.4795786738395691,0.03793178126215935
BCS5__Cow_28_4024,Cow_28,2,2028,V,3,1,0.0006503760814667303,0.03259938955307007,0.47187697887420654,0.28371673822402954,0.1995309293270111,0.012275947257876396
BCS5__Cow_3,Cow_3,2,2028,V,3,0,1.496076583873407e-05,0.9865473508834839,0.01109442487359047,0.002209314377978444,0.00010216066584689543,4.6741482947254553e-05
BCS5__Cow_30_30,Cow_30,2,2028,V,3,3,0.0006372034549713135,0.028283044695854187,0.04139233008027077,0.25884103775024414,0.47982117533683777,0.19166246056556702
BCS5__Cow_34,Cow_34,2,2028,V,3,0,0.0006780028343200684,0.837635338306427,0.04597320035099983,0.0710941031575203,0.02140587382018566,0.02389146387577057
BCS5__Cow_34_1,Cow_34,2,2028,V,3,2,0.0003538280725479681,0.15331894159317017,0.0904194563627243,0.3435532748699188,0.28284555673599243,0.12986281514167786
BCS5__Cow_50,Cow_50,2,2028,V,3,3,0.0003034472465515692,0.025025809183716774,0.23180648684501648,0.3540666997432709,0.3589928150177002,0.030108261853456497
BCS5__Cow_50_49,Cow_50,2,2028,V,3,3,0.00032346695661547575,0.03465401381254196,0.0798468068242073,0.309705913066864,0.46251964569091797,0.11327356845140457
BCS5__Cow_8_NOTAG,Cow_8,2,2028,V,3,3,0.0007306933403015692,0.023066258057951927,0.029744770377874374,0.23689398169517517,0.4889933168888092,0.22130165994167328
BCS6__Cow_18,Cow_18,2,2028,V,4,4,0.0010495185852051336,0.3684568405151367,0.001477095647715032,0.026200369000434875,0.01883786730468273,0.585027813911438
BCS6__Cow_18_32,Cow_18,2,2028,V,4,4,6.949901580810547e-05,0.00832940824329853,7.000082405284047e-05,0.00580856017768383,0.010829777456820011,0.9749622344970703
BCS6__Cow_24_08,Cow_24,2,2028,V,4,4,0.00017592310905462094,0.3335592448711395,0.000968277279753238,0.019628003239631653,0.015123650431632996,0.6307209134101868
BCS6__Cow_28_3083,Cow_28,2,2028,V,4,4,3.0994415283203125e-05,0.020167915150523186,6.671229493804276e-05,0.0052948202937841415,0.007743007503449917,0.9667275547981262
BCS6__Cow_3_25,Cow_3,2,2028,V,4,4,1.745577901596934e-05,0.015512216836214066,5.842764221597463e-05,0.004846261814236641,0.00748463487252593,0.9720984697341919
BCS6__Cow_47_68,Cow_47,2,2028,V,4,4,3.993511199951172e-05,0.013126864098012447,1.7183272575493902e-05,0.002431190572679043,0.003644377924501896,0.9807804226875305
BCS6__Cow_9_1044,Cow_9,2,2028,V,4,4,6.330013275146484e-05,0.0032475001644343138,2.9206543331383727e-05,0.003740538377314806,0.008670821785926819,0.9843119978904724
BCS2__Cow_21_8029,Cow_21,0,2026,V_single,0,0,0.0008674263954162598,0.5459186434745789,0.35166117548942566,0.042263634502887726,0.05231795087456703,0.007838566787540913
BCS3__Cow_16,Cow_16,0,2026,V_single,1,3,0.0001175999641418457,0.0029074163176119328,0.04989843815565109,0.45397913455963135,0.46095749735832214,0.03225750848650932
BCS3__Cow_16_1004,Cow_16,0,2026,V_single,1,1,0.0007522702217102051,0.010813135653734207,0.6820225119590759,0.19232745468616486,0.11193826794624329,0.002898559672757983
BCS3__Cow_25_66,Cow_25,0,2026,V_single,1,1,7.56978988647461e-05,0.022665556520223618,0.5989958643913269,0.21602009236812592,0.14915861189365387,0.013159862719476223
BCS3__Cow_2_1015,Cow_2,0,2026,V_single,1,2,5.5909156799316406e-05,0.003963889554142952,0.10812705010175705,0.4951888918876648,0.3749466836452484,0.017773471772670746
BCS3__Cow_46,Cow_46,0,2026,V_single,1,1,1.9829720258681544e-05,0.012557758949697018,0.9406757950782776,0.027844827622175217,0.018597610294818878,0.0003239911748096347
BCS3__Cow_46_1,Cow_46,0,2026,V_single,1,1,3.0519440770131884e-05,0.01681453362107277,0.9643458127975464,0.0105973482131958,0.00816130731254816,8.096339297480881e-05
BCS3__Cow_46_2,Cow_46,0,2026,V_single,1,1,0.00024241209030151367,0.02261975035071373,0.8144335746765137,0.09613542258739471,0.0645255371928215,0.002285771770402789
BCS3__Cow_53,Cow_53,0,2026,V_single,1,1,8.153915405273438e-05,0.022371120750904083,0.923416256904602,0.03116411715745926,0.022506417706608772,0.0005421367823146284
BCS4__Cow_15_68,Cow_15,0,2026,V_single,2,2,3.129243850713559e-05,0.0026277911383658648,0.0846058577299118,0.5049647688865662,0.39255404472351074,0.015247552655637264
BCS4__Cow_17,Cow_17,0,2026,V_single,2,3,5.9157609939575195e-05,0.0019169277511537075,0.030379924923181534,0.4468832314014435,0.4897928237915039,0.031027093529701233
BCS4__Cow_19,Cow_19,0,2026,V_single,2,1,0.0006231069564819336,0.027718549594283104,0.7520677447319031,0.12566018104553223,0.08839936554431915,0.006154129281640053
BCS4__Cow_19_0037,Cow_19,0,2026,V_single,2,2,0.00012150406837463379,0.0031060664914548397,0.0734715536236763,0.4808896481990814,0.4200945198535919,0.02243831194937229
BCS4__Cow_2,Cow_2,0,2026,V_single,2,3,0.00011953711509710141,0.0022728799376636744,0.028304602950811386,0.4387829601764679,0.4994371831417084,0.031202323734760284
BCS4__Cow_23,Cow_23,0,2026,V_single,2,2,0.00043585896491998843,0.010243860073387623,0.2896386682987213,0.40678906440734863,0.2765694856643677,0.016758903861045837
BCS4__Cow_31,Cow_31,0,2026,V_single,2,1,0.0013310909271240234,0.2921280860900879,0.6756464838981628,0.014294799417257309,0.017675908282399178,0.00025478817406110466
BCS4__Cow_32_0035,Cow_32,0,2026,V_single,2,1,0.000274658203125111,0.012699853628873825,0.9005755186080933,0.05229056254029274,0.03355306014418602,0.0008810594445094466
BCS4__Cow_44_1,Cow_44,0,2026,V_single,2,3,0.00010439753532415219,0.003310327883809805,0.039419643580913544,0.45295363664627075,0.47065362334251404,0.033662810921669006
BCS4__Cow_51,Cow_51,0,2026,V_single,2,1,0.00014725327491765805,0.015337937511503696,0.48756882548332214,0.30143851041793823,0.1888313591480255,0.006823429837822914
BCS4__Cow_51_0035,Cow_51,0,2026,V_single,2,1,0.0002974271774291992,0.017868559807538986,0.7699598670005798,0.12196111679077148,0.08825511485338211,0.0019553632009774446
BCS4__Cow_7,Cow_7,0,2026,V_single,2,1,0.0002675056457519531,0.022965233772993088,0.8931698799133301,0.048474229872226715,0.03425823897123337,0.0011323974467813969
BCS5__Cow_15,Cow_15,0,2026,V_single,3,2,7.954239845275879e-05,0.012279664166271687,0.21182997524738312,0.42409244179725647,0.32402560114860535,0.027772393077611923
BCS5__Cow_17_17,Cow_17,0,2026,V_single,3,3,0.00019937753677368164,0.0035712432581931353,0.02109944447875023,0.38074877858161926,0.5355430245399475,0.05903753638267517
BCS5__Cow_21,Cow_21,0,2026,V_single,3,3,3.549456596380063e-05,0.0021229321137070656,0.04395347461104393,0.46303772926330566,0.4649011790752411,0.02598470076918602
BCS5__Cow_23_1067,Cow_23,0,2026,V_single,3,3,0.0003033578395843506,0.002323830034583807,0.014613191597163677,0.3872755169868469,0.5498378872871399,0.045949604362249374
BCS5__Cow_25,Cow_25,0,2026,V_single,3,1,0.0003159046173095703,0.015333345159888268,0.6759727001190186,0.18696211278438568,0.1161147728562355,0.005617049522697926
BCS5__Cow_31_15,Cow_31,0,2026,V_single,3,2,0.0005742609500885565,0.021121544763445854,0.16263920068740845,0.39235466718673706,0.37958893179893494,0.04429563134908676
BCS5__Cow_31_2024,Cow_31,0,2026,V_single,3,2,0.00022250413894658871,0.0023036692291498184,0.04916217923164368,0.4829520285129547,0.4444238543510437,0.021158238872885704
BCS5__Cow_32,Cow_32,0,2026,V_single,3,3,0.00012770295143127441,0.017664387822151184,0.056187551468610764,0.41131505370140076,0.47042587399482727,0.04440716281533241
BCS5__Cow_44_3008,Cow_44,0,2026,V_single,3,2,0.00017529726028436832,0.010717582888901234,0.19493581354618073,0.42618533968925476,0.34721535444259644,0.020945832133293152
BCS5__Cow_45,Cow_45,0,2026,V_single,3,3,8.639693260198422e-05,0.00311135477386415,0.03237267583608627,0.45247453451156616,0.47942349314689636,0.0326179638504982
BCS5__Cow_53_30,Cow_53,0,2026,V_single,3,3,0.0001876354217529297,0.0060654617846012115,0.06255927681922913,0.43902212381362915,0.4566049873828888,0.035748157650232315
BCS5__Cow_7_6022,Cow_7,0,2026,V_single,3,2,0.00025816261768341064,0.008978488855063915,0.2255149930715561,0.4401923716068268,0.3086276948451996,0.016686392948031425
BCS6__Cow_16_06,Cow_16,0,2026,V_single,4,4,0.0004118680953979492,0.002104891696944833,0.00019153323955833912,0.021004019305109978,0.057276271283626556,0.9194232225418091
BCS6__Cow_19_29,Cow_19,0,2026,V_single,4,4,0.0007551312446594238,0.0008654800476506352,0.00014722099876962602,0.032575905323028564,0.10075382143259048,0.8656575679779053
BCS6__Cow_2_6006,Cow_2,0,2026,V_single,4,4,0.00015300512313853876,0.001341052702628076,4.960482692695223e-05,0.007867692969739437,0.02226932905614376,0.9684721827507019
BCS6__Cow_32_34,Cow_32,0,2026,V_single,4,4,0.00040930509567271844,0.0027558316942304373,0.00021732998720835894,0.018198449164628983,0.047543562948703766,0.9312848448753357
BCS6__Cow_36,Cow_36,0,2026,V_single,4,3,0.00011983513832097836,0.009504230692982674,0.036534205079078674,0.4072941541671753,0.48969918489456177,0.05696820095181465
BCS6__Cow_36_1,Cow_36,0,2026,V_single,4,4,0.00011307001113891602,0.02668236382305622,0.0028024332132190466,0.13810449838638306,0.21604672074317932,0.6163640022277832
BCS6__Cow_45_9025,Cow_45,0,2026,V_single,4,4,0.0011014938354492188,0.003567077685147524,0.0007427823729813099,0.057256653904914856,0.1371295005083084,0.8013039231300354
BCS6__Cow_52_29,Cow_52,0,2026,V_single,4,4,0.0009732246398925781,0.006300695240497589,0.0015763805713504553,0.072333425283432,0.1545432209968567,0.7652462720870972
BCS6__Cow_7_9008,Cow_7,0,2026,V_single,4,4,0.0007086992263793945,0.0010908315889537334,0.0002143270685337484,0.03952299430966377,0.1169314831495285,0.8422403931617737
BCS2__Cow_11,Cow_11,1,2026,V_single,0,2,4.1350722312927246e-05,0.13446646928787231,0.23959378898143768,0.2587106227874756,0.17015978693962097,0.19706934690475464
BCS2__Cow_11_1,Cow_11,1,2026,V_single,0,1,4.379451274871826e-05,0.1616934984922409,0.2557801604270935,0.24732714891433716,0.15813882648944855,0.17706041038036346
BCS2__Cow_11_2,Cow_11,1,2026,V_single,0,1,9.770691394811459e-05,0.18366152048110962,0.25254112482070923,0.23429568111896515,0.15452875196933746,0.17497295141220093
BCS3__Cow_14,Cow_14,1,2026,V_single,1,2,2.2843480110168457e-05,0.13027890026569366,0.24242672324180603,0.26294586062431335,0.16725844144821167,0.1970900595188141
BCS3__Cow_14_0011,Cow_14,1,2026,V_single,1,1,5.194544792175293e-05,0.20099152624607086,0.28426507115364075,0.22988949716091156,0.1350778192281723,0.14977611601352692
BCS3__Cow_6_103,Cow_6,1,2026,V_single,1,1,0.00010801851749428493,0.21663609147071838,0.26846233010292053,0.21743440628051758,0.13846272230148315,0.15900446474552155
BCS4__Cow_1,Cow_1,1,2026,V_single,2,2,4.459172487260299e-05,0.1198672354221344,0.2280212938785553,0.2642579972743988,0.17301180958747864,0.21484164893627167
BCS4__Cow_26,Cow_26,1,2026,V_single,2,2,6.54458999633789e-05,0.1277868151664734,0.23144327104091644,0.2593439817428589,0.16731487214565277,0.2141110748052597
BCS4__Cow_26_5051,Cow_26,1,2026,V_single,2,1,9.071826934820004e-05,0.20556147396564484,0.26744940876960754,0.22593189775943756,0.13416193425655365,0.1668952852487564
BCS4__Cow_27_9008,Cow_27,1,2026,V_single,2,1,0.00014099478721624203,0.21230147778987885,0.2743741273880005,0.22485928237438202,0.12352515012025833,0.16493993997573853
BCS4__Cow_29_7007,Cow_29,1,2026,V_single,2,0,0.00021922588348388672,0.6559875011444092,0.18836674094200134,0.07174878567457199,0.03520707041025162,0.0486898310482502
BCS4__Cow_33,Cow_33,1,2026,V_single,2,2,5.811452865595035e-05,0.11480934917926788,0.2256990373134613,0.265826940536499,0.17200346291065216,0.22166122496128082
BCS4__Cow_4,Cow_4,1,2026,V_single,2,2,2.6226043701185753e-05,0.11343410611152649,0.2263810932636261,0.2672196924686432,0.17198416590690613,0.22098097205162048
BCS4__Cow_41,Cow_41,1,2026,V_single,2,2,3.8355588912908356e-05,0.10855648666620255,0.23334398865699768,0.2760138511657715,0.16798901557922363,0.21409663558006287
BCS4__Cow_48,Cow_48,1,2026,V_single,2,2,4.2378902435302734e-05,0.1315704584121704,0.23811285197734833,0.2595086693763733,0.1679181158542633,0.20288994908332825
BCS4__Cow_4_1,Cow_4,1,2026,V_single,2,2,5.1207840442699104e-05,0.1157640740275383,0.23595841228961945,0.2700532078742981,0.16639664769172668,0.21182769536972046
BCS4__Cow_6,Cow_6,1,2026,V_single,2,2,3.512203693395444e-05,0.14941199123859406,0.23703834414482117,0.24850834906101227,0.16736526787281036,0.19767597317695618
BCS5__Cow_12_NOTAG,Cow_12,1,2026,V_single,3,2,3.8713216781657844e-05,0.11634910106658936,0.2246614545583725,0.2632264494895935,0.1755845546722412,0.22017845511436462
BCS5__Cow_13,Cow_13,1,2026,V_single,3,2,5.5164098739624023e-05,0.12647205591201782,0.2300174981355667,0.25876227021217346,0.16728025674819946,0.21746787428855896
BCS5__Cow_13_8001,Cow_13,1,2026,V_single,3,2,5.5879354476956467e-05,0.13627003133296967,0.24818967282772064,0.25944387912750244,0.16572405397891998,0.19037236273288727
BCS5__Cow_1_27,Cow_1,1,2026,V_single,3,2,5.4895877838134766e-05,0.11073613166809082,0.21849429607391357,0.2627243995666504,0.17557848989963531,0.23246674239635468
BCS5__Cow_27,Cow_27,1,2026,V_single,3,2,1.9818544387817383e-05,0.14456436038017273,0.2364155352115631,0.2525583803653717,0.16385121643543243,0.2026105672121048
BCS5__Cow_29,Cow_29,1,2026,V_single,3,2,1.9378960132626633e-05,0.11967971920967102,0.23932640254497528,0.26970869302749634,0.16330383718013763,0.2079813927412033
BCS5__Cow_37,Cow_37,1,2026,V_single,3,2,5.081295967102051e-05,0.12150097638368607,0.23717381060123444,0.2667277753353119,0.16672290861606598,0.20787455141544342
BCS5__Cow_37_and_38,Cow_37,1,2026,V_single,3,2,4.912167787553268e-05,0.11988677084445953,0.22497938573360443,0.26154473423957825,0.17346377670764923,0.22012536227703094
BCS5__Cow_43,Cow_43,1,2026,V_single,3,2,3.147125244135074e-05,0.1271832436323166,0.23705777525901794,0.26284515857696533,0.16819745302200317,0.20471641421318054
BCS5__Cow_48_1018,Cow_48,1,2026,V_single,3,2,2.213567495354396e-05,0.11331842839717865,0.22901763021945953,0.2687271237373352,0.1723901331424713,0.21654663980007172
BCS5__Cow_54,Cow_54,1,2026,V_single,3,2,4.073977470392398e-05,0.10976868867874146,0.240462064743042,0.27735790610313416,0.16304488480091095,0.20936642587184906
BCS5__Cow_6_5051,Cow_6,1,2026,V_single,3,2,2.8967857360839844e-05,0.10909893363714218,0.2275666892528534,0.27023231983184814,0.17289595305919647,0.2202061116695404
BCS6__Cow_11_07,Cow_11,1,2026,V_single,4,2,4.7206878662109375e-05,0.11205261945724487,0.2199861854314804,0.2629493474960327,0.17488941550254822,0.23012244701385498
BCS6__Cow_12_2014,Cow_12,1,2026,V_single,4,2,4.354119300836734e-05,0.11862319707870483,0.25426122546195984,0.27755847573280334,0.157120943069458,0.19243617355823517
BCS6__Cow_13_66,Cow_13,1,2026,V_single,4,4,2.7686357498168945e-05,0.18586081266403198,0.17814901471138,0.200143501162529,0.15484550595283508,0.2810012102127075
BCS6__Cow_26_6,Cow_26,1,2026,V_single,4,4,3.6746263504000565e-05,0.15650475025177002,0.18200701475143433,0.2142987698316574,0.16292279958724976,0.2842666506767273
BCS6__Cow_29_NOTAG,Cow_29,1,2026,V_single,4,4,7.906556129455566e-05,0.15931859612464905,0.17576566338539124,0.21011915802955627,0.14999045431613922,0.3048061430454254
BCS6__Cow_35,Cow_35,1,2026,V_single,4,2,1.6957521438640266e-05,0.10740507394075394,0.22961203753948212,0.27307990193367004,0.16971853375434875,0.22018443048000336
BCS6__Cow_4_103,Cow_4,1,2026,V_single,4,4,4.029273986816406e-05,0.18604016304016113,0.17732980847358704,0.20005781948566437,0.1504749357700348,0.28609728813171387
BCS2__Cow_5_1,Cow_5,2,2026,V_single,0,4,3.1948089599609375e-05,0.005241733975708485,0.0005029755993746221,0.008364683017134666,0.023717885836958885,0.9621726274490356
BCS3__Cow_20_0029,Cow_20,2,2026,V_single,1,3,2.866983413696289e-05,0.011029854416847229,0.08651331812143326,0.29490599036216736,0.5050413608551025,0.102509506046772
BCS3__Cow_22,Cow_22,2,2026,V_single,1,1,0.0003123581409454901,0.3337334990501404,0.4787324070930481,0.13681410253047943,0.0379735492169857,0.012746439315378666
BCS3__Cow_22_1,Cow_22,2,2026,V_single,1,0,0.00022280216217041016,0.5360960364341736,0.35814496874809265,0.0833040252327919,0.01579727977514267,0.006657630205154419
BCS4__Cow_10,Cow_10,2,2026,V_single,2,3,0.00011494755744939633,0.02138688415288925,0.07376954704523087,0.2538115084171295,0.471164345741272,0.1798677146434784
BCS4__Cow_10_2038,Cow_10,2,2026,V_single,2,1,4.4003129005452946e-05,0.05291057005524635,0.39135512709617615,0.27121445536613464,0.23459561169147491,0.049924205988645554
BCS4__Cow_22_6005,Cow_22,2,2026,V_single,2,3,0.00010254979133611508,0.015630891546607018,0.11338076740503311,0.3014490008354187,0.46949106454849243,0.10004827380180359
BCS4__Cow_30,Cow_30,2,2026,V_single,2,3,0.00011166930198674985,0.029569074511528015,0.13534994423389435,0.29092612862586975,0.42175358533859253,0.12240122258663177
BCS4__Cow_42,Cow_42,2,2026,V_single,2,4,0.00010603666305536441,0.014608334749937057,0.018815038725733757,0.13587722182273865,0.39680060744285583,0.43389880657196045
BCS4__Cow_47_1,Cow_47,2,2026,V_single,2,3,2.818554639817672e-05,0.024693019688129425,0.19246797263622284,0.31052902340888977,0.39410948753356934,0.07820038497447968
BCS4__Cow_49,Cow_49,2,2026,V_single,2,3,0.00021445751190185547,0.0277749951928854,0.27720174193382263,0.30644896626472473,0.33078569173812866,0.05778861790895462
BCS4__Cow_55,Cow_55,2,2026,V_single,2,3,0.00011029839515680484,0.01551791001111269,0.1517767310142517,0.3153383135795593,0.44116589426994324,0.07620116323232651
BCS4__Cow_8,Cow_8,2,2026,V_single,2,3,0.00010412931442260742,0.02133815363049507,0.09018309414386749,0.2718401849269867,0.4649045765399933,0.15173397958278656
BCS4__Cow_9,Cow_9,2,2026,V_single,2,3,0.00010573863983154297,0.019965292885899544,0.19709116220474243,0.31867483258247375,0.39640745520591736,0.06786126643419266
BCS5__Cow_10_0029,Cow_10,2,2026,V_single,3,3,0.0001764595508575162,0.010990235954523087,0.038021959364414215,0.20684851706027985,0.51714026927948,0.22699898481369019
BCS5__Cow_24,Cow_24,2,2026,V_single,3,3,0.00013881921768191252,0.021378040313720703,0.05866677686572075,0.2297794371843338,0.46743202209472656,0.22274364531040192
BCS5__Cow_24_7022,Cow_24,2,2026,V_single,3,3,9.059906005859375e-05,0.03518770635128021,0.20231351256370544,0.3034108281135559,0.3719800114631653,0.08710793405771255
BCS5__Cow_28,Cow_28,2,2026,V_single,3,3,3.349781036376953e-05,0.01683029904961586,0.08934292197227478,0.2812694013118744,0.4807458817958832,0.1318114697933197
BCS5__Cow_28_4024,Cow_28,2,2026,V_single,3,3,4.4971704482976715e-05,0.03331242874264717,0.2714274227619171,0.30425962805747986,0.3274894654750824,0.06351102888584137
BCS5__Cow_3,Cow_3,2,2026,V_single,3,0,5.6624412536621094e-05,0.7611945271492004,0.15275514125823975,0.06562094390392303,0.01202724315226078,0.008402160368859768
BCS5__Cow_30_30,Cow_30,2,2026,V_single,3,3,3.4749507904052734e-05,0.020483510568737984,0.0961834192276001,0.26923617720603943,0.4629918038845062,0.15110507607460022
BCS5__Cow_34,Cow_34,2,2026,V_single,3,0,5.058944225311279e-05,0.2785719931125641,0.12962570786476135,0.25282934308052063,0.18028540909290314,0.1586875468492508
BCS5__Cow_34_1,Cow_34,2,2026,V_single,3,3,6.039440631866455e-05,0.04768237844109535,0.0630791112780571,0.22066763043403625,0.37280043959617615,0.295770525932312
BCS5__Cow_50,Cow_50,2,2026,V_single,3,3,4.2438507080078125e-05,0.03907293826341629,0.19425566494464874,0.2967504560947418,0.37047815322875977,0.09944280236959457
BCS5__Cow_50_49,Cow_50,2,2026,V_single,3,3,9.396672248834781e-05,0.029590703547000885,0.12968477606773376,0.2800752818584442,0.42478808760643005,0.13586115837097168
BCS5__Cow_8_NOTAG,Cow_8,2,2026,V_single,3,3,9.042024612426758e-05,0.02981911227107048,0.09550131112337112,0.25422728061676025,0.43734803795814514,0.1831042468547821
BCS6__Cow_18,Cow_18,2,2026,V_single,4,4,1.4729797840028203e-05,0.017754439264535904,0.0020370311103761196,0.020781096071004868,0.04239600524306297,0.9170314073562622
BCS6__Cow_18_32,Cow_18,2,2026,V_single,4,4,4.7564506530650696e-05,0.0025693136267364025,0.0003914042026735842,0.007130937185138464,0.028903376311063766,0.961004912853241
BCS6__Cow_24_08,Cow_24,2,2026,V_single,4,4,2.0265579223632812e-05,0.016198143362998962,0.001576497103087604,0.015392199158668518,0.030624978244304657,0.9362080693244934
BCS6__Cow_28_3083,Cow_28,2,2026,V_single,4,4,9.906291961669922e-05,0.004007482435554266,0.0006891304510645568,0.010176512412726879,0.037205010652542114,0.947921872138977
BCS6__Cow_3_25,Cow_3,2,2026,V_single,4,4,2.5093555450439453e-05,0.004613913595676422,0.0005626842612400651,0.007869768887758255,0.024523640051484108,0.9624300599098206
BCS6__Cow_47_68,Cow_47,2,2026,V_single,4,4,1.782178878795282e-05,0.0019088492263108492,0.00012102898472221568,0.0029446205589920282,0.010088557377457619,0.9849370121955872
BCS6__Cow_9_1044,Cow_9,2,2026,V_single,4,4,1.1827796697581883e-05,0.002278983825817704,0.000402173405745998,0.007785647641867399,0.03447149321436882,0.9550617337226868
BCS2__Cow_21_8029,Cow_21,0,2027,V_single,0,0,0.0006974935531616211,0.8102530837059021,0.019932936877012253,0.03715016692876816,0.07126252353191376,0.06140126287937164
BCS3__Cow_16,Cow_16,0,2027,V_single,1,2,0.0004906654357910156,0.0005024095298722386,0.016994811594486237,0.5344858765602112,0.4345630407333374,0.013453904539346695
BCS3__Cow_16_1004,Cow_16,0,2027,V_single,1,1,0.000790715217590332,0.004972251132130623,0.6040121912956238,0.2696957588195801,0.12022808939218521,0.0010916817700490355
BCS3__Cow_25_66,Cow_25,0,2027,V_single,1,2,0.0001576840877533514,0.0025153926108032465,0.09453803300857544,0.5595428347587585,0.32755839824676514,0.015845315530896187
BCS3__Cow_2_1015,Cow_2,0,2027,V_single,1,2,6.03795051574707e-05,0.00031501433113589883,0.014863667078316212,0.553605318069458,0.42190665006637573,0.009309373795986176
BCS3__Cow_46,Cow_46,0,2027,V_single,1,1,2.9742717742919922e-05,0.018392285332083702,0.8447221517562866,0.0852462649345398,0.05096973478794098,0.0006695107440464199
BCS3__Cow_46_1,Cow_46,0,2027,V_single,1,1,3.285706043236469e-05,0.03394321724772453,0.927327036857605,0.021959345787763596,0.01656847447156906,0.00020184993627481163
BCS3__Cow_46_2,Cow_46,0,2027,V_single,1,1,0.00013464689254760742,0.06466896086931229,0.8787453770637512,0.03051150217652321,0.02560502663254738,0.0004690654168371111
BCS3__Cow_53,Cow_53,0,2027,V_single,1,1,0.00014673918485633153,0.07961800694465637,0.8754369020462036,0.023507894948124886,0.02107015997171402,0.0003670639416668564
BCS4__Cow_15_68,Cow_15,0,2027,V_single,2,2,0.00040453672409057617,0.00013161986134946346,0.012755220755934715,0.605890691280365,0.3768537938594818,0.004368690773844719
BCS4__Cow_17,Cow_17,0,2027,V_single,2,2,0.00047850608825683594,0.00021952103998046368,0.007841362617909908,0.506409227848053,0.47385671734809875,0.011673180386424065
BCS4__Cow_19,Cow_19,0,2027,V_single,2,1,3.966502845285241e-05,0.024923060089349747,0.770934522151947,0.12468863278627396,0.07651524990797043,0.002938545076176524
BCS4__Cow_19_0037,Cow_19,0,2027,V_single,2,2,0.0003447532653808594,0.00010836756700882688,0.007300312165170908,0.537987232208252,0.44749462604522705,0.007109427824616432
BCS4__Cow_2,Cow_2,0,2027,V_single,2,3,0.0001875460147857111,0.0005672107799910009,0.009359050542116165,0.4690087139606476,0.4996427595615387,0.021422266960144043
BCS4__Cow_23,Cow_23,0,2027,V_single,2,2,0.00011163949966423725,0.0024044623132795095,0.08574188500642776,0.5686851143836975,0.3298187851905823,0.01334975752979517
BCS4__Cow_31,Cow_31,0,2027,V_single,2,0,0.00025177001953125,0.8789265751838684,0.09891583025455475,0.006991979666054249,0.013708352111279964,0.001457263482734561
BCS4__Cow_32_0035,Cow_32,0,2027,V_single,2,1,7.87973403930664e-05,0.006340346299111843,0.620813250541687,0.253623366355896,0.1177913025021553,0.001431761891581118
BCS4__Cow_44_1,Cow_44,0,2027,V_single,2,2,0.00044989585876464844,0.0006619804189540446,0.01648770272731781,0.5441593527793884,0.4270641505718231,0.011626758612692356
BCS4__Cow_51,Cow_51,0,2027,V_single,2,1,0.001032024621963501,0.015553836710751057,0.4900415539741516,0.307137131690979,0.18338261544704437,0.0038849133998155594
BCS4__Cow_51_0035,Cow_51,0,2027,V_single,2,2,5.9276819229125977e-05,0.0027741878293454647,0.04357922449707985,0.5277100205421448,0.40690019726753235,0.019036399200558662
BCS4__Cow_7,Cow_7,0,2027,V_single,2,1,5.1915645599365234e-05,0.029386596754193306,0.8897395730018616,0.04802590608596802,0.032196033746004105,0.0006519037415273488
BCS5__Cow_15,Cow_15,0,2027,V_single,3,2,0.0005078613758086881,0.008282880298793316,0.2161700278520584,0.4884961247444153,0.27368807792663574,0.013362900353968143
BCS5__Cow_17_17,Cow_17,0,2027,V_single,3,3,0.00046455860137939453,0.00019795533444266766,0.002094297669827938,0.3596557378768921,0.5988566875457764,0.03919534757733345
BCS5__Cow_21,Cow_21,0,2027,V_single,3,2,9.453296661376953e-05,0.0003067208162974566,0.01265785377472639,0.5326122045516968,0.443114697933197,0.011308488436043262
BCS5__Cow_23_1067,Cow_23,0,2027,V_single,3,3,0.00013875961303710938,0.0001368666416965425,0.00171338499058038,0.3664315342903137,0.6009536981582642,0.030764540657401085
BCS5__Cow_25,Cow_25,0,2027,V_single,3,2,0.000496596097946167,0.0097934165969491,0.35445815324783325,0.41253578662872314,0.21351595222949982,0.00969668012112379
BCS5__Cow_31_15,Cow_31,0,2027,V_single,3,3,0.00016605854034423828,0.002059413120150566,0.011563990265130997,0.3797326385974884,0.5305649638175964,0.07607892155647278
BCS5__Cow_31_2024,Cow_31,0,2027,V_single,3,2,0.0004049837589264471,5.250637332210317e-05,0.0038007048424333334,0.5149508714675903,0.4751719534397125,0.006023963447660208
BCS5__Cow_32,Cow_32,0,2027,V_single,3,3,0.00014197826385498047,0.029040632769465446,0.013077838346362114,0.3712858259677887,0.4710644781589508,0.11553121358156204
BCS5__Cow_44_3008,Cow_44,0,2027,V_single,3,3,0.00033542513847351074,0.0004174346395302564,0.005238335579633713,0.40178045630455017,0.5575206279754639,0.0350431427359581
BCS5__Cow_45,Cow_45,0,2027,V_single,3,2,0.0005058348178863525,0.0002853682963177562,0.007210288662463427,0.5005507469177246,0.47954481840133667,0.012408750131726265
BCS5__Cow_53_30,Cow_53,0,2027,V_single,3,3,0.00028455257415771484,0.0003222567029297352,0.003123694797977805,0.37011849880218506,0.5841482281684875,0.042287275195121765
BCS5__Cow_7_6022,Cow_7,0,2027,V_single,3,2,3.635883331298828e-05,0.0005782421212643385,0.01963585987687111,0.5406275987625122,0.42593979835510254,0.013218492269515991
BCS6__Cow_16_06,Cow_16,0,2027,V_single,4,4,9.775161743164062e-05,0.0009082055767066777,4.679943231167272e-06,0.004712395835667849,0.025747697800397873,0.9686269760131836
BCS6__Cow_19_29,Cow_19,0,2027,V_single,4,4,0.000339210033416637,0.0005510342889465392,7.63017396820942e-06,0.010897507891058922,0.05795872211456299,0.9305851459503174
BCS6__Cow_2_6006,Cow_2,0,2027,V_single,4,4,3.731250762928351e-05,0.0010124188847839832,1.0830997325683711e-06,0.0011397118214517832,0.007081147283315659,0.9907655715942383
BCS6__Cow_32_34,Cow_32,0,2027,V_single,4,4,9.322166442871094e-05,0.0018658339977264404,5.8262621678295545e-06,0.003114057471975684,0.015916630625724792,0.9790976643562317
BCS6__Cow_36,Cow_36,0,2027,V_single,4,3,0.000147894024848938,0.014981026761233807,0.008559375070035458,0.34933313727378845,0.4687575697898865,0.15836887061595917
BCS6__Cow_36_1,Cow_36,0,2027,V_single,4,4,0.00029861927032470703,0.042067814618349075,0.00032782688504084945,0.04624789580702782,0.11248770356178284,0.798868715763092
BCS6__Cow_45_9025,Cow_45,0,2027,V_single,4,4,0.00025206804275512695,0.0008044472779147327,6.039500021870481e-06,0.006655604112893343,0.0361301489174366,0.9564037919044495
BCS6__Cow_52_29,Cow_52,0,2027,V_single,4,4,7.94529914855957e-05,0.0008735752198845148,5.558577413466992e-06,0.005735474638640881,0.031065411865711212,0.9623199105262756
BCS6__Cow_7_9008,Cow_7,0,2027,V_single,4,4,6.66379928587757e-05,0.0004735707479994744,7.410807484120596e-06,0.012444938533008099,0.0673239454627037,0.9197502732276917
BCS2__Cow_11,Cow_11,1,2027,V_single,0,2,4.4077634811345856e-05,0.002227496588602662,0.34934327006340027,0.35801297426223755,0.2807844281196594,0.009631787426769733
BCS2__Cow_11_1,Cow_11,1,2027,V_single,0,2,0.0001460462808609564,0.0017786972457543015,0.22411514818668365,0.41140347719192505,0.3465568423271179,0.016145864501595497
BCS2__Cow_11_2,Cow_11,1,2027,V_single,0,2,4.836916923522949e-05,0.0035754400305449963,0.1900441199541092,0.3990948498249054,0.37607258558273315,0.031213009729981422
BCS3__Cow_14,Cow_14,1,2027,V_single,1,3,0.000331193208694458,0.00020229640358593315,0.05679890513420105,0.4196600019931793,0.47763702273368835,0.04570179432630539
BCS3__Cow_14_0011,Cow_14,1,2027,V_single,1,2,0.00020062923431390933,0.0020580345299094915,0.2633773982524872,0.398149311542511,0.3239307403564453,0.01248444989323616
BCS3__Cow_6_103,Cow_6,1,2027,V_single,1,2,0.00015363097190856934,0.003682174254208803,0.2552608549594879,0.3879625201225281,0.3329066336154938,0.020187759771943092
BCS4__Cow_1,Cow_1,1,2027,V_single,2,3,9.304285049438477e-05,0.00157650513574481,0.11517974734306335,0.4064745306968689,0.428174763917923,0.04859449714422226
BCS4__Cow_26,Cow_26,1,2027,V_single,2,3,0.00020247697830200195,0.0018868902698159218,0.1083698496222496,0.3959493637084961,0.4289260506629944,0.06486776471138
BCS4__Cow_26_5051,Cow_26,1,2027,V_single,2,3,0.00036838650703424625,0.00016629458696115762,0.06291269510984421,0.4223547875881195,0.48072198033332825,0.033844251185655594
BCS4__Cow_27_9008,Cow_27,1,2027,V_single,2,3,0.00011920928955072574,0.0019766753539443016,0.13228340446949005,0.4034099578857422,0.4201216697692871,0.042208343744277954
BCS4__Cow_29_7007,Cow_29,1,2027,V_single,2,1,3.184378147130795e-05,0.006026934832334518,0.7636800408363342,0.1279693841934204,0.09951639175415039,0.002807304495945573
BCS4__Cow_33,Cow_33,1,2027,V_single,2,3,0.0002490878105163574,0.0015545804053544998,0.09182152897119522,0.39656493067741394,0.43051332235336304,0.07954565435647964
BCS4__Cow_4,Cow_4,1,2027,V_single,2,3,0.00010764598846429996,0.0017833951860666275,0.10189232975244522,0.3973517119884491,0.4310646653175354,0.06790788471698761
BCS4__Cow_41,Cow_41,1,2027,V_single,2,3,0.0002965033054352362,0.0010940447682514787,0.10556536167860031,0.4105987846851349,0.44193124771118164,0.04081057384610176
BCS4__Cow_48,Cow_48,1,2027,V_single,2,3,0.00021821260452264957,0.001955427462235093,0.11373762041330338,0.39798304438591003,0.4290706217288971,0.05725330114364624
BCS4__Cow_4_1,Cow_4,1,2027,V_single,2,3,0.0001792311668395996,0.0013253202196210623,0.09656369686126709,0.4022805988788605,0.4391828775405884,0.06064750254154205
BCS4__Cow_6,Cow_6,1,2027,V_single,2,3,6.0677528381347656e-05,0.0013650121400132775,0.12762834131717682,0.40905845165252686,0.42442238330841064,0.03752577304840088
BCS5__Cow_12_NOTAG,Cow_12,1,2027,V_single,3,3,0.0002022981643677313,0.0004266148607712239,0.06230838596820831,0.4082719087600708,0.4639098048210144,0.06508325785398483
BCS5__Cow_13,Cow_13,1,2027,V_single,3,3,0.0002039968967437189,0.0022760285064578056,0.11116863042116165,0.3923999071121216,0.4217621982097626,0.0723932534456253
BCS5__Cow_13_8001,Cow_13,1,2027,V_single,3,3,0.0001181662082671564,0.0013486627722159028,0.105362668633461,0.40376418828964233,0.44188347458839417,0.04764097183942795
BCS5__Cow_1_27,Cow_1,1,2027,V_single,3,3,0.00016510486602783203,0.0009537275764159858,0.10707780718803406,0.411935031414032,0.43537387251853943,0.044659484177827835
BCS5__Cow_27,Cow_27,1,2027,V_single,3,3,9.697675704956055e-05,0.00045786736882291734,0.06981176137924194,0.408438116312027,0.4608267545700073,0.06046541407704353
BCS5__Cow_29,Cow_29,1,2027,V_single,3,3,4.2319297790582855e-05,0.0009799444815143943,0.09254159778356552,0.4086955785751343,0.44498777389526367,0.05279506742954254
BCS5__Cow_37,Cow_37,1,2027,V_single,3,3,0.00010541081428527832,0.0010392031399533153,0.08897000551223755,0.4060504138469696,0.4422440528869629,0.061696309596300125
BCS5__Cow_37_and_38,Cow_37,1,2027,V_single,3,3,0.00012534856796264648,0.0014265197096392512,0.08857148140668869,0.39633244276046753,0.43173161149024963,0.08193796128034592
BCS5__Cow_43,Cow_43,1,2027,V_single,3,3,0.00010469555854797363,0.0002527291653677821,0.055244311690330505,0.41331472992897034,0.46959277987480164,0.06159554794430733
BCS5__Cow_48_1018,Cow_48,1,2027,V_single,3,3,0.0003470778465270996,0.00021144773927517235,0.05313792824745178,0.41778764128685,0.4792390465736389,0.0496240109205246
BCS5__Cow_54,Cow_54,1,2027,V_single,3,3,0.00030353665351867676,0.0009478047722950578,0.09632296860218048,0.410839706659317,0.4465746283531189,0.045314960181713104
BCS5__Cow_6_5051,Cow_6,1,2027,V_single,3,3,0.00027123093605047055,3.3515432733111084e-05,0.025326693430542946,0.40999409556388855,0.4988083839416504,0.06583738327026367
BCS6__Cow_11_07,Cow_11,1,2027,V_single,4,3,0.0002435445785522461,0.0005574779352173209,0.06294608116149902,0.4007941484451294,0.4542192220687866,0.08148308098316193
BCS6__Cow_12_2014,Cow_12,1,2027,V_single,4,3,0.00031766295433049985,0.0006370425107888877,0.11801287531852722,0.4266977906227112,0.43458959460258484,0.02006264589726925
BCS6__Cow_13_66,Cow_13,1,2027,V_single,4,4,4.547834396373407e-05,0.000437907554442063,0.0011120408307760954,0.006611421704292297,0.005194481927901506,0.9866442084312439
BCS6__Cow_26_6,Cow_26,1,2027,V_single,4,4,4.768371581920228e-06,0.0003073023690376431,0.0014956939266994596,0.010951249860227108,0.009336389601230621,0.9779093265533447
BCS6__Cow_29_NOTAG,Cow_29,1,2027,V_single,4,4,2.8610229493297723e-06,0.0007650089100934565,0.0011654444970190525,0.005785372108221054,0.00427300576120615,0.9880111813545227
BCS6__Cow_35,Cow_35,1,2027,V_single,4,3,0.00014102458953862973,0.000842342502437532,0.08035363256931305,0.4072321057319641,0.4491846561431885,0.06238720938563347
BCS6__Cow_4_103,Cow_4,1,2027,V_single,4,4,2.282857894897461e-05,0.00200444832444191,0.002622706349939108,0.009806953370571136,0.007493988610804081,0.9780718088150024
BCS2__Cow_5_1,Cow_5,2,2027,V_single,0,4,0.00010466575622564145,0.026847179979085922,0.06929966807365417,0.19298699498176575,0.33927682042121887,0.3715892434120178
BCS3__Cow_20_0029,Cow_20,2,2027,V_single,1,3,0.00018203258514404297,0.005636745598167181,0.07822714745998383,0.19743354618549347,0.5659946799278259,0.15270790457725525
BCS3__Cow_22,Cow_22,2,2027,V_single,1,1,0.00017601251602172852,0.3079509437084198,0.624668538570404,0.05094332620501518,0.014029807411134243,0.002407369902357459
BCS3__Cow_22_1,Cow_22,2,2027,V_single,1,1,0.00019568204879760742,0.4521256685256958,0.5099447965621948,0.03078567236661911,0.006137227173894644,0.0010065670358017087
BCS4__Cow_10,Cow_10,2,2027,V_single,2,3,0.0003193020820617676,0.009831491857767105,0.12202447652816772,0.22159326076507568,0.518369734287262,0.12818105518817902
BCS4__Cow_10_2038,Cow_10,2,2027,V_single,2,1,3.8057565689086914e-05,0.021154584363102913,0.44761329889297485,0.213731586933136,0.2789413630962372,0.038559164851903915
BCS4__Cow_22_6005,Cow_22,2,2027,V_single,2,3,2.2530555725097656e-05,0.00662621483206749,0.0996452197432518,0.2099284678697586,0.5540915727615356,0.12970857322216034
BCS4__Cow_30,Cow_30,2,2027,V_single,2,3,7.435679435735532e-05,0.008165499195456505,0.19062405824661255,0.23124659061431885,0.49732738733291626,0.07263638079166412
BCS4__Cow_42,Cow_42,2,2027,V_single,2,3,0.00028699636459350586,0.009670402854681015,0.05300363153219223,0.18062910437583923,0.4693043529987335,0.2873925268650055
BCS4__Cow_47_1,Cow_47,2,2027,V_single,2,3,0.00014925003051757812,0.0072261677123606205,0.23100081086158752,0.2291308045387268,0.47742384672164917,0.055218394845724106
BCS4__Cow_49,Cow_49,2,2027,V_single,2,1,0.00021636486053466797,0.006425856146961451,0.38385382294654846,0.2094135582447052,0.3717358708381653,0.028570856899023056
BCS4__Cow_55,Cow_55,2,2027,V_single,2,3,0.0001004934310913086,0.004214226268231869,0.17570528388023376,0.21866461634635925,0.5447937846183777,0.05662207677960396
BCS4__Cow_8,Cow_8,2,2027,V_single,2,3,0.0002052783966064453,0.009493490681052208,0.16785050928592682,0.23080164194107056,0.5014825463294983,0.09037183225154877
BCS4__Cow_9,Cow_9,2,2027,V_single,2,3,0.0001425147056580145,0.006665918044745922,0.2814485430717468,0.2224184274673462,0.4459407329559326,0.04352637752890587
BCS5__Cow_10_0029,Cow_10,2,2027,V_single,3,4,0.00018399953842157535,0.010566146112978458,0.03270614892244339,0.14277803897857666,0.37837302684783936,0.4355766177177429
BCS5__Cow_24,Cow_24,2,2027,V_single,3,3,0.0001042485237121582,0.01137043908238411,0.1423279047012329,0.2280273735523224,0.500285804271698,0.1179884746670723
BCS5__Cow_24_7022,Cow_24,2,2027,V_single,3,3,0.00014984607696533203,0.03423948585987091,0.22264234721660614,0.25126248598098755,0.3765488564968109,0.11530689150094986
BCS5__Cow_28,Cow_28,2,2027,V_single,3,3,0.0002980232238769531,0.007002478465437889,0.12760819494724274,0.22156131267547607,0.5412641167640686,0.10256393253803253
BCS5__Cow_28_4024,Cow_28,2,2027,V_single,3,1,0.00013816356658935547,0.025033622980117798,0.3675946891307831,0.2314012050628662,0.31947046518325806,0.05650000274181366
BCS5__Cow_3,Cow_3,2,2027,V_single,3,0,4.1499733924726945e-06,0.9524899125099182,0.03734497353434563,0.00804896280169487,0.0012530647218227386,0.0008632185054011643
BCS5__Cow_30_30,Cow_30,2,2027,V_single,3,3,0.00018361210823064633,0.01336445938795805,0.07578760385513306,0.2004987597465515,0.46659550070762634,0.24375373125076294
BCS5__Cow_34,Cow_34,2,2027,V_single,3,1,5.823373794555664e-05,0.12358881533145905,0.27123162150382996,0.2507542669773102,0.22115591168403625,0.13326941430568695
BCS5__Cow_34_1,Cow_34,2,2027,V_single,3,3,5.003809928894043e-05,0.02261384204030037,0.14794808626174927,0.24585828185081482,0.42359459400177,0.1599852293729782
BCS5__Cow_50,Cow_50,2,2027,V_single,3,1,0.00010412931442260742,0.02166117914021015,0.45074230432510376,0.2114884853363037,0.2769763767719269,0.03913161903619766
BCS5__Cow_50_49,Cow_50,2,2027,V_single,3,3,4.3056905269608925e-05,0.021275606006383896,0.08778069168329239,0.21128831803798676,0.4225105047225952,0.25714483857154846
BCS5__Cow_8_NOTAG,Cow_8,2,2027,V_single,3,4,6.341934204107114e-05,0.04294170066714287,0.08217448741197586,0.20494939386844635,0.32077136635780334,0.3491630256175995
BCS6__Cow_18,Cow_18,2,2027,V_single,4,4,0.00021776556968688965,0.022879648953676224,0.04541514068841934,0.16264554858207703,0.30601924657821655,0.46304038166999817
BCS6__Cow_18_32,Cow_18,2,2027,V_single,4,4,9.912252426147461e-05,0.008734316565096378,0.0036500021815299988,0.0390048511326313,0.0795380249619484,0.8690727949142456
BCS6__Cow_24_08,Cow_24,2,2027,V_single,4,4,0.00039696693420410156,0.03233041614294052,0.010008377954363823,0.0646500363945961,0.09196136146783829,0.8010498285293579
BCS6__Cow_28_3083,Cow_28,2,2027,V_single,4,4,0.00016951560974121094,0.013633900322020054,0.004805329255759716,0.044063664972782135,0.07850003242492676,0.8589970469474792
BCS6__Cow_3_25,Cow_3,2,2027,V_single,4,4,0.00015020370483398438,0.015766430646181107,0.0037952314596623182,0.03655586019158363,0.058493610471487045,0.8853888511657715
BCS6__Cow_47_68,Cow_47,2,2027,V_single,4,4,6.103515625e-05,0.009383831173181534,0.0012634340673685074,0.019075384363532066,0.029901765286922455,0.940375566482544
BCS6__Cow_9_1044,Cow_9,2,2027,V_single,4,4,4.696846008300781e-05,0.007950455881655216,0.0029840765055269003,0.034484539180994034,0.07046365737915039,0.8841172456741333
BCS2__Cow_21_8029,Cow_21,0,2028,V_single,0,4,0.00036719441413873843,0.31719595193862915,0.057632703334093094,0.08125942945480347,0.1865561455488205,0.3573557138442993
BCS3__Cow_16,Cow_16,0,2028,V_single,1,3,0.0003132820129394531,0.0184043999761343,0.019483288750052452,0.06693647056818008,0.8021168112754822,0.09305904060602188
BCS3__Cow_16_1004,Cow_16,0,2028,V_single,1,3,0.00013267993927001953,0.09067922085523605,0.17477576434612274,0.13850662112236023,0.5249845385551453,0.0710538923740387
BCS3__Cow_25_66,Cow_25,0,2028,V_single,1,3,0.00017625093460083008,0.07872054725885391,0.14337052404880524,0.13937923312187195,0.5493599772453308,0.0891697034239769
BCS3__Cow_2_1015,Cow_2,0,2028,V_single,1,3,0.00011324882507324219,0.009402960538864136,0.00989510677754879,0.04435913264751434,0.8704996109008789,0.06584317237138748
BCS3__Cow_46,Cow_46,0,2028,V_single,1,3,0.0002728700637817383,0.07623439282178879,0.12900924682617188,0.1311318725347519,0.5909871459007263,0.07263735681772232
BCS3__Cow_46_1,Cow_46,0,2028,V_single,1,1,0.00027424097061157227,0.19715483486652374,0.37856873869895935,0.09717836230993271,0.29357048869132996,0.03352761268615723
BCS3__Cow_46_2,Cow_46,0,2028,V_single,1,3,0.0002619028091430664,0.0914439707994461,0.1386917382478714,0.1373758763074875,0.5523813366889954,0.08010704815387726
BCS3__Cow_53,Cow_53,0,2028,V_single,1,3,0.0002523660659790594,0.11061657965183258,0.1681375354528427,0.1431751251220703,0.49648767709732056,0.08158311992883682
BCS4__Cow_15_68,Cow_15,0,2028,V_single,2,3,6.979703903198242e-05,0.011177895590662956,0.014754611067473888,0.05108737573027611,0.8669236302375793,0.0560564249753952
BCS4__Cow_17,Cow_17,0,2028,V_single,2,3,7.700920104980469e-05,0.01348559744656086,0.013257733546197414,0.055723510682582855,0.8326185941696167,0.08491463959217072
BCS4__Cow_19,Cow_19,0,2028,V_single,2,1,0.00020776689052584563,0.23749597370624542,0.42712998390197754,0.09005492925643921,0.20867620408535004,0.03664292395114899
BCS4__Cow_19_0037,Cow_19,0,2028,V_single,2,3,0.00021207332611083984,0.016281498596072197,0.02198571152985096,0.06371389329433441,0.8316256403923035,0.06639323383569717
BCS4__Cow_2,Cow_2,0,2028,V_single,2,3,0.0001589655876159668,0.021265851333737373,0.01350276730954647,0.06671497225761414,0.7367671728134155,0.1617492288351059
BCS4__Cow_23,Cow_23,0,2028,V_single,2,3,0.00036084651947021484,0.043400395661592484,0.057165876030921936,0.10916343331336975,0.6872435212135315,0.10302677750587463
BCS4__Cow_31,Cow_31,0,2028,V_single,2,0,0.00037476420402526855,0.4068484604358673,0.3212767541408539,0.0691995620727539,0.16476495563983917,0.03791031986474991
BCS4__Cow_32_0035,Cow_32,0,2028,V_single,2,1,0.00016492605209350586,0.15807949006557465,0.3420689105987549,0.11641857773065567,0.3388614058494568,0.044571615755558014
BCS4__Cow_44_1,Cow_44,0,2028,V_single,2,3,0.0003142356872558594,0.017100872471928596,0.016878655180335045,0.06384699046611786,0.8088117241859436,0.0933617651462555
BCS4__Cow_51,Cow_51,0,2028,V_single,2,3,0.0003336668014526367,0.09611321985721588,0.1524556279182434,0.13138306140899658,0.5555260181427002,0.06452205777168274
BCS4__Cow_51_0035,Cow_51,0,2028,V_single,2,3,0.00010657310485839844,0.04005968198180199,0.04085030406713486,0.09539025276899338,0.7016414999961853,0.1220581978559494
BCS4__Cow_7,Cow_7,0,2028,V_single,2,3,0.00023043155670171567,0.14677415788173676,0.2602338194847107,0.1377897411584854,0.3895825743675232,0.06561972945928574
BCS5__Cow_15,Cow_15,0,2028,V_single,3,3,0.000134088099002741,0.08065474778413773,0.11141543090343475,0.14304977655410767,0.5607027411460876,0.104177325963974
BCS5__Cow_17_17,Cow_17,0,2028,V_single,3,3,0.00019121170043945312,0.008287113159894943,0.005187951028347015,0.039089739322662354,0.823381245136261,0.12405389547348022
BCS5__Cow_21,Cow_21,0,2028,V_single,3,3,9.649991989135742e-05,0.01665835827589035,0.01809719204902649,0.0637117251753807,0.8156067728996277,0.08592592179775238
BCS5__Cow_23_1067,Cow_23,0,2028,V_single,3,3,9.924173355102539e-05,0.004794067237526178,0.002888008253648877,0.02862091176211834,0.8656960129737854,0.09800101816654205
BCS5__Cow_25,Cow_25,0,2028,V_single,3,3,0.0004227161407470703,0.03932430222630501,0.05278756096959114,0.1021430715918541,0.7086133360862732,0.09713172912597656
BCS5__Cow_31_15,Cow_31,0,2028,V_single,3,3,0.00034332275390625,0.0317334346473217,0.024582764133810997,0.08181832730770111,0.6998878717422485,0.1619776338338852
BCS5__Cow_31_2024,Cow_31,0,2028,V_single,3,3,0.0001360774040222168,0.013554032891988754,0.017640452831983566,0.05703362450003624,0.8492937684059143,0.06247805058956146
BCS5__Cow_32,Cow_32,0,2028,V_single,3,3,0.00012953579425814543,0.0909363180398941,0.07155552506446838,0.13037540018558502,0.552045464515686,0.15508729219436646
BCS5__Cow_44_3008,Cow_44,0,2028,V_single,3,3,0.0003490447998046875,0.013345749117434025,0.009298167191445827,0.05159873142838478,0.7906600832939148,0.13509730994701385
BCS5__Cow_45,Cow_45,0,2028,V_single,3,3,8.83340835571289e-05,0.015043210238218307,0.015140530653297901,0.05932055786252022,0.8259032964706421,0.08459240943193436
BCS5__Cow_53_30,Cow_53,0,2028,V_single,3,3,0.00019729137420654297,0.00738925114274025,0.004526948556303978,0.03660273179411888,0.8278656005859375,0.12361542880535126
BCS5__Cow_7_6022,Cow_7,0,2028,V_single,3,3,2.7313828468392143e-05,0.04511110484600067,0.06434573978185654,0.11212476342916489,0.6830126643180847,0.0954056903719902
BCS6__Cow_16_06,Cow_16,0,2028,V_single,4,4,7.655471563340621e-05,0.00477807829156518,0.00017075875075533986,0.007583385333418846,0.11262001842260361,0.8748478293418884
BCS6__Cow_19_29,Cow_19,0,2028,V_single,4,4,0.00021189451217651367,0.003293068613857031,0.0001429658877896145,0.008036407642066479,0.19630683958530426,0.7922207713127136
BCS6__Cow_2_6006,Cow_2,0,2028,V_single,4,4,2.9325485229492188e-05,0.003177470760419965,5.7302873756270856e-05,0.003316399408504367,0.04010119289159775,0.9533476233482361
BCS6__Cow_32_34,Cow_32,0,2028,V_single,4,4,3.306567668920346e-05,0.006862718611955643,0.0002749613195192069,0.008924322202801704,0.0973876491189003,0.8865503072738647
BCS6__Cow_36,Cow_36,0,2028,V_single,4,3,9.226799011230469e-05,0.050393395125865936,0.03611413389444351,0.10358835011720657,0.6331299543380737,0.17677412927150726
BCS6__Cow_36_1,Cow_36,0,2028,V_single,4,4,0.0004760622978210449,0.07827906310558319,0.009808680042624474,0.05906384810805321,0.22497490048408508,0.6278734803199768
BCS6__Cow_45_9025,Cow_45,0,2028,V_single,4,4,0.00011663138866430112,0.004494198132306337,0.00014493563503492624,0.0066769905388355255,0.0975995734333992,0.8910843133926392
BCS6__Cow_52_29,Cow_52,0,2028,V_single,4,4,0.00010246038436889648,0.004961472004652023,0.00017232920799870044,0.00730145862326026,0.10024970769882202,0.8873151540756226
BCS6__Cow_7_9008,Cow_7,0,2028,V_single,4,4,0.00011301040649414062,0.003328087041154504,0.00013739982387050986,0.007820680737495422,0.18669041991233826,0.8020234704017639
BCS2__Cow_11,Cow_11,1,2028,V_single,0,1,0.00021120905876159668,0.07598020881414413,0.355228990316391,0.34561488032341003,0.1737472414970398,0.04942867532372475
BCS2__Cow_11_1,Cow_11,1,2028,V_single,0,1,0.0001741349697113037,0.07811496406793594,0.3517071306705475,0.3428018391132355,0.17526397109031677,0.05211207643151283
BCS2__Cow_11_2,Cow_11,1,2028,V_single,0,1,0.00012417137622838803,0.1302097886800766,0.38176023960113525,0.28477349877357483,0.15638338029384613,0.0468730628490448
BCS3__Cow_14,Cow_14,1,2028,V_single,1,2,7.31348991394043e-05,0.04838671535253525,0.2877560257911682,0.37068527936935425,0.21055570244789124,0.08261632919311523
BCS3__Cow_14_0011,Cow_14,1,2028,V_single,1,1,0.0001767575740814209,0.1500430554151535,0.4391372501850128,0.2597450911998749,0.12400534003973007,0.02706926129758358
BCS3__Cow_6_103,Cow_6,1,2028,V_single,1,1,0.0003229677677155096,0.3483574092388153,0.40961313247680664,0.15422482788562775,0.06986065953969955,0.017944054678082466
BCS4__Cow_1,Cow_1,1,2028,V_single,2,2,8.368492126464844e-05,0.039845291525125504,0.25301361083984375,0.37778374552726746,0.22479836642742157,0.10455894470214844
BCS4__Cow_26,Cow_26,1,2028,V_single,2,2,5.2422285079956055e-05,0.0631713941693306,0.3014086186885834,0.3499588668346405,0.20297226309776306,0.08248881995677948
BCS4__Cow_26_5051,Cow_26,1,2028,V_single,2,1,0.00039719045162203703,0.15229642391204834,0.4190301299095154,0.25831544399261475,0.13415133953094482,0.03620658442378044
BCS4__Cow_27_9008,Cow_27,1,2028,V_single,2,1,0.00025333464145663176,0.18618331849575043,0.42595168948173523,0.23676246404647827,0.11817125231027603,0.03293129801750183
BCS4__Cow_29_7007,Cow_29,1,2028,V_single,2,0,0.0003439784049987793,0.638804018497467,0.2760070562362671,0.05713946372270584,0.02226182259619236,0.00578760402277112
BCS4__Cow_33,Cow_33,1,2028,V_single,2,2,7.262825965886899e-05,0.03975427523255348,0.23874570429325104,0.3686419725418091,0.23132061958312988,0.12153743207454681
BCS4__Cow_4,Cow_4,1,2028,V_single,2,2,4.00543212890625e-05,0.03271690011024475,0.2298351377248764,0.3804447650909424,0.23411191999912262,0.12289128452539444
BCS4__Cow_41,Cow_41,1,2028,V_single,2,2,9.021162986755371e-05,0.025295911356806755,0.21920163929462433,0.39315366744995117,0.24040095508098602,0.12194778770208359
BCS4__Cow_48,Cow_48,1,2028,V_single,2,2,8.779764175415039e-05,0.07016217708587646,0.32612794637680054,0.3422732353210449,0.19174350798130035,0.0696932002902031
BCS4__Cow_4_1,Cow_4,1,2028,V_single,2,2,7.617473602294922e-05,0.03728243336081505,0.2531558573246002,0.3737776577472687,0.2277948409318924,0.10798930376768112
BCS4__Cow_6,Cow_6,1,2028,V_single,2,2,0.00020650029182434082,0.08324174582958221,0.3218387961387634,0.3282170593738556,0.19255433976650238,0.07414804399013519
BCS5__Cow_12_NOTAG,Cow_12,1,2028,V_single,3,2,0.0001246184110641202,0.0382075160741806,0.19250671565532684,0.3320406973361969,0.2477952390909195,0.18944978713989258
BCS5__Cow_13,Cow_13,1,2028,V_single,3,2,6.058812141424008e-05,0.060351207852363586,0.29005444049835205,0.3500030040740967,0.20672056078910828,0.09287079423666
BCS5__Cow_13_8001,Cow_13,1,2028,V_single,3,2,9.831786155706235e-05,0.07105954736471176,0.33342498540878296,0.34359484910964966,0.18927910923957825,0.06264152377843857
BCS5__Cow_1_27,Cow_1,1,2028,V_single,3,2,9.445846080774478e-05,0.04454939067363739,0.1897040158510208,0.3180648982524872,0.23674361407756805,0.21093808114528656
BCS5__Cow_27,Cow_27,1,2028,V_single,3,2,9.459257125860043e-05,0.056191056966781616,0.2941264510154724,0.3550611436367035,0.20767810940742493,0.08694323152303696
BCS5__Cow_29,Cow_29,1,2028,V_single,3,2,5.1870942115755936e-05,0.04113113880157471,0.25664910674095154,0.3704901933670044,0.22541703283786774,0.10631255805492401
BCS5__Cow_37,Cow_37,1,2028,V_single,3,2,6.252527236938477e-05,0.0488896518945694,0.2568710446357727,0.3544580638408661,0.22481727600097656,0.11496401578187943
BCS5__Cow_37_and_38,Cow_37,1,2028,V_single,3,2,5.53801655768793e-05,0.04629974067211151,0.2554219365119934,0.3637182116508484,0.22444941103458405,0.11011076718568802
BCS5__Cow_43,Cow_43,1,2028,V_single,3,2,0.00010272860527044125,0.04726352170109749,0.26375216245651245,0.3566606342792511,0.22366070747375488,0.10866295546293259
BCS5__Cow_48_1018,Cow_48,1,2028,V_single,3,2,4.32431697845459e-05,0.029395347461104393,0.17269133031368256,0.3210534453392029,0.2553885579109192,0.22147129476070404
BCS5__Cow_54,Cow_54,1,2028,V_single,3,2,3.195554018021324e-05,0.04266378656029701,0.26769009232521057,0.3735440969467163,0.21921031177043915,0.09689176082611084
BCS5__Cow_6_5051,Cow_6,1,2028,V_single,3,2,9.158253669733218e-05,0.02579529955983162,0.17472121119499207,0.3313668966293335,0.25689974427223206,0.21121685206890106
BCS6__Cow_11_07,Cow_11,1,2028,V_single,4,2,5.206465721130371e-05,0.032092105597257614,0.16488219797611237,0.3059629499912262,0.2480788379907608,0.2489839792251587
BCS6__Cow_12_2014,Cow_12,1,2028,V_single,4,2,0.00013846158981323242,0.057709939777851105,0.34254950284957886,0.3631686866283417,0.18377277255058289,0.05279907211661339
BCS6__Cow_13_66,Cow_13,1,2028,V_single,4,4,0.0003401637077331543,0.06407585740089417,0.021572459489107132,0.03613429516553879,0.026074884459376335,0.8521424531936646
BCS6__Cow_26_6,Cow_26,1,2028,V_single,4,4,5.430355668074177e-05,0.03744109719991684,0.0225851871073246,0.04439913108944893,0.035494450479745865,0.8600801825523376
BCS6__Cow_29_NOTAG,Cow_29,1,2028,V_single,4,4,0.00011110305786132812,0.03594920411705971,0.01758050173521042,0.03508179262280464,0.027225041761994362,0.884163498878479
BCS6__Cow_35,Cow_35,1,2028,V_single,4,2,4.133582115167789e-05,0.02941126748919487,0.2203788310289383,0.38020896911621094,0.24085712432861328,0.12914377450942993
BCS6__Cow_4_103,Cow_4,1,2028,V_single,4,4,0.0004685521125793457,0.09642024338245392,0.02641434222459793,0.03968361020088196,0.026848454028367996,0.8106332421302795
BCS2__Cow_5_1,Cow_5,2,2028,V_single,0,4,6.532669067382812e-05,0.01361000258475542,0.000208451587241143,0.019247259944677353,0.023826839402318,0.9431074857711792
BCS3__Cow_20_0029,Cow_20,2,2028,V_single,1,3,0.00028759241104125977,0.0030036242678761482,0.035159118473529816,0.2686203420162201,0.6450830101966858,0.0481339730322361
BCS3__Cow_22,Cow_22,2,2028,V_single,1,1,0.00039762258529663086,0.2814777195453644,0.6621781587600708,0.05372500792145729,0.0024383252020925283,0.00018082950555253774
BCS3__Cow_22_1,Cow_22,2,2028,V_single,1,1,0.0007671713829040527,0.3966000974178314,0.57105952501297,0.03144369646906853,0.0008405345724895597,5.613846587948501e-05
BCS4__Cow_10,Cow_10,2,2028,V_single,2,3,0.00014039874076848813,0.011737114749848843,0.04145648330450058,0.3073309659957886,0.5364165902137756,0.10305889695882797
BCS4__Cow_10_2038,Cow_10,2,2028,V_single,2,1,0.00012552738189702817,0.015077350661158562,0.4649442732334137,0.31906723976135254,0.19110709428787231,0.00980411097407341
BCS4__Cow_22_6005,Cow_22,2,2028,V_single,2,3,7.202103734016418e-05,0.004905656445771456,0.056255847215652466,0.3071427047252655,0.5862889885902405,0.04540683329105377
BCS4__Cow_30,Cow_30,2,2028,V_single,2,3,9.82880592346469e-05,0.00583050400018692,0.11180201172828674,0.36263495683670044,0.4932228624820709,0.026509691029787064
BCS4__Cow_42,Cow_42,2,2028,V_single,2,3,0.00018966197967529297,0.009018134325742722,0.011828896589577198,0.19937492907047272,0.4889101982116699,0.2908678650856018
BCS4__Cow_47_1,Cow_47,2,2028,V_single,2,3,6.529688835146819e-05,0.004692268557846546,0.15028265118598938,0.3540910482406616,0.4717753231525421,0.019158756360411644
BCS4__Cow_49,Cow_49,2,2028,V_single,2,1,0.0001023411750793457,0.006197947543114424,0.3819854259490967,0.3432639539241791,0.2605724632740021,0.007980185560882092
BCS4__Cow_55,Cow_55,2,2028,V_single,2,3,0.00026154518127441406,0.0029028430581092834,0.14072400331497192,0.349136084318161,0.4928683936595917,0.014368640258908272
BCS4__Cow_8,Cow_8,2,2028,V_single,2,3,0.00033026933670043945,0.011565747670829296,0.08330851048231125,0.3741404414176941,0.4815483093261719,0.04943700507283211
BCS4__Cow_9,Cow_9,2,2028,V_single,2,2,0.00019231438636785336,0.007023607846349478,0.18623508512973785,0.4005906283855438,0.38931554555892944,0.016835186630487442
BCS5__Cow_10_0029,Cow_10,2,2028,V_single,3,3,0.000347480177879278,0.006497452966868877,0.014999612234532833,0.2023395150899887,0.5700254440307617,0.2061379849910736
BCS5__Cow_24,Cow_24,2,2028,V_single,3,3,0.0001011490821838934,0.013411227613687515,0.06385301798582077,0.3327774703502655,0.5119246244430542,0.07803367078304291
BCS5__Cow_24_7022,Cow_24,2,2028,V_single,3,3,0.0001599043607711792,0.012568430975079536,0.13536684215068817,0.40099090337753296,0.41720592975616455,0.03386791795492172
BCS5__Cow_28,Cow_28,2,2028,V_single,3,3,6.449222564697266e-05,0.004455755930393934,0.05150074511766434,0.3059627413749695,0.5936684012413025,0.04441235214471817
BCS5__Cow_28_4024,Cow_28,2,2028,V_single,3,2,0.000205457210540827,0.013372411020100117,0.2797640264034271,0.3866875171661377,0.30205240845680237,0.018123669549822807
BCS5__Cow_3,Cow_3,2,2028,V_single,3,0,0.00035572052001942023,0.9272147417068481,0.06424785405397415,0.00837756972759962,0.00013323449820745736,2.665909778443165e-05
BCS5__Cow_30_30,Cow_30,2,2028,V_single,3,3,0.00018025189638135042,0.009839802049100399,0.05022578313946724,0.27185121178627014,0.5719818472862244,0.09610143303871155
BCS5__Cow_34,Cow_34,2,2028,V_single,3,0,0.0006998777389526367,0.6889351010322571,0.16890078783035278,0.12121690809726715,0.014916084706783295,0.006031073164194822
BCS5__Cow_34_1,Cow_34,2,2028,V_single,3,2,0.0002023056149482172,0.05280425027012825,0.08005629479885101,0.42250049114227295,0.341668963432312,0.10296999663114548
BCS5__Cow_50,Cow_50,2,2028,V_single,3,1,0.00014403462409973145,0.016332505270838737,0.3667517602443695,0.3632988929748535,0.23943352699279785,0.014183309860527515
BCS5__Cow_50_49,Cow_50,2,2028,V_single,3,3,0.0001658573746680797,0.009763700887560844,0.06354711949825287,0.30646321177482605,0.5501017570495605,0.07012424618005753
BCS5__Cow_8_NOTAG,Cow_8,2,2028,V_single,3,3,0.00022369623184201326,0.0226148571819067,0.07180329412221909,0.32852745056152344,0.47103217244148254,0.10602222383022308
BCS6__Cow_18,Cow_18,2,2028,V_single,4,4,2.7729198336625543e-05,0.022547462955117226,0.0005033850902691483,0.03196815028786659,0.03707083314657211,0.9079101085662842
BCS6__Cow_18_32,Cow_18,2,2028,V_single,4,4,7.545948028575555e-05,0.0018248315900564194,4.355746932560578e-05,0.005986211821436882,0.013975241221487522,0.9781700968742371
BCS6__Cow_24_08,Cow_24,2,2028,V_single,4,4,9.328126907348633e-05,0.058234699070453644,0.0006532915285788476,0.026857711374759674,0.02581637166440487,0.8884379267692566
BCS6__Cow_28_3083,Cow_28,2,2028,V_single,4,4,0.00011926889419555664,0.003737423801794648,8.601019362686202e-05,0.008719053119421005,0.016832031309604645,0.9706254601478577
BCS6__Cow_3_25,Cow_3,2,2028,V_single,4,4,0.00012940168380737305,0.008108476176857948,7.80908958404325e-05,0.008098175749182701,0.011253721080720425,0.9724615812301636
BCS6__Cow_47_68,Cow_47,2,2028,V_single,4,4,2.0802021026611328e-05,0.0010317860869690776,4.583483132591937e-06,0.0017817694460973144,0.0034190076403319836,0.9937629103660583
BCS6__Cow_9_1044,Cow_9,2,2028,V_single,4,4,2.9027462005615234e-05,0.0012994566932320595,3.326244041090831e-05,0.005270552355796099,0.014081377536058426,0.9793154001235962
BCS2__Cow_21_8029,Cow_21,0,2026,V_mean,0,0,7.575750350941046e-05,0.9671819806098938,6.632386657656753e-07,4.2584400944178924e-05,7.958757487358525e-05,0.03269525617361069
BCS3__Cow_16,Cow_16,0,2026,V_mean,1,3,0.00021058320999145508,0.0014324705116450787,0.006931789685040712,0.38647037744522095,0.5928406715393066,0.01232464611530304
BCS3__Cow_16_1004,Cow_16,0,2026,V_mean,1,1,0.0005324780941009521,0.008761897683143616,0.37526026368141174,0.3573641777038574,0.2559649348258972,0.0026486851274967194
BCS3__Cow_25_66,Cow_25,0,2026,V_mean,1,2,0.0004529356956482766,0.015538436360657215,0.18217961490154266,0.4245951473712921,0.3627842962741852,0.014902551658451557
BCS3__Cow_2_1015,Cow_2,0,2026,V_mean,1,3,0.00027114152908325195,0.0031381037551909685,0.018213260918855667,0.43055108189582825,0.5342472195625305,0.013850267045199871
BCS3__Cow_46,Cow_46,0,2026,V_mean,1,1,0.0007170438766479492,0.0793319121003151,0.61577969789505,0.16286051273345947,0.1408267766237259,0.0012010741047561169
BCS3__Cow_46_1,Cow_46,0,2026,V_mean,1,1,0.00014322996139526367,0.10330052673816681,0.8275377750396729,0.035346463322639465,0.033689793199300766,0.0001254352682735771
BCS3__Cow_46_2,Cow_46,0,2026,V_mean,1,1,0.00041496753692626953,0.07139045000076294,0.7152103781700134,0.11288709938526154,0.09973658621311188,0.0007755249971523881
BCS3__Cow_53,Cow_53,0,2026,V_mean,1,1,0.00014269351959236842,0.17712409794330597,0.6324020028114319,0.09690821170806885,0.09234506636857986,0.0012205931125208735
BCS4__Cow_15_68,Cow_15,0,2026,V_mean,2,3,9.888410568237305e-05,0.0004193366621620953,0.00997203215956688,0.46534234285354614,0.5219727158546448,0.002293593715876341
BCS4__Cow_17,Cow_17,0,2026,V_mean,2,3,0.0002181529998779297,0.0005465877475216985,0.003888801671564579,0.3868253827095032,0.6032858490943909,0.005453345365822315
BCS4__Cow_19,Cow_19,0,2026,V_mean,2,2,0.0007346868515015204,0.024702170863747597,0.2794763147830963,0.37328043580055237,0.30604732036590576,0.01649373210966587
BCS4__Cow_19_0037,Cow_19,0,2026,V_mean,2,3,0.00043129920959472656,0.0011075949296355247,0.010283660143613815,0.42138412594795227,0.5599825382232666,0.007242055144160986
BCS4__Cow_2,Cow_2,0,2026,V_mean,2,3,0.00011405348777765445,0.0011328060645610094,0.0030066384933888912,0.37254199385643005,0.6127219200134277,0.010596602223813534
BCS4__Cow_23,Cow_23,0,2026,V_mean,2,2,0.00010232627391816573,0.004769246093928814,0.06554846465587616,0.48527762293815613,0.4354865550994873,0.008918115869164467
BCS4__Cow_31,Cow_31,0,2026,V_mean,2,0,0.0002650618553161621,0.9197333455085754,0.03667201101779938,0.0176431555300951,0.024622352793812752,0.0013291912619024515
BCS4__Cow_32_0035,Cow_32,0,2026,V_mean,2,1,0.0006012916564941406,0.018680144101381302,0.5171142220497131,0.25988590717315674,0.2016257345676422,0.0026939348317682743
BCS4__Cow_44_1,Cow_44,0,2026,V_mean,2,3,5.036592483520508e-05,0.0009669188875705004,0.0038522076793015003,0.39816778898239136,0.5895016193389893,0.007511490490287542
BCS4__Cow_51,Cow_51,0,2026,V_mean,2,3,0.00023284554481500797,0.002165386453270912,0.017428655177354813,0.4822274148464203,0.4927661120891571,0.005412340629845858
BCS4__Cow_51_0035,Cow_51,0,2026,V_mean,2,2,0.00021386146545404605,0.0032054639887064695,0.05435269698500633,0.46998077630996704,0.46694645285606384,0.00551464082673192
BCS4__Cow_7,Cow_7,0,2026,V_mean,2,1,1.4901161193806023e-05,0.029856044799089432,0.892846941947937,0.0424845926463604,0.03462040051817894,0.0001919807109516114
BCS5__Cow_15,Cow_15,0,2026,V_mean,3,3,0.00022518634796142578,0.00369929033331573,0.02796255052089691,0.4413088858127594,0.5125331282615662,0.014496172778308392
BCS5__Cow_17_17,Cow_17,0,2026,V_mean,3,3,0.00015097856521606445,0.0008612965466454625,0.0035509432200342417,0.34375491738319397,0.6405592560768127,0.011273611336946487
BCS5__Cow_21,Cow_21,0,2026,V_mean,3,3,0.00014662742614746094,0.0009166623349301517,0.010160055011510849,0.42402368783950806,0.5586802363395691,0.006219318136572838
BCS5__Cow_23_1067,Cow_23,0,2026,V_mean,3,3,5.233287811279297e-05,0.0005001055542379618,0.00254412111826241,0.34311428666114807,0.6468302011489868,0.00701126828789711
BCS5__Cow_25,Cow_25,0,2026,V_mean,3,1,0.0006713867187500555,0.01226205937564373,0.39055120944976807,0.34295961260795593,0.2502492368221283,0.003977872431278229
BCS5__Cow_31_15,Cow_31,0,2026,V_mean,3,3,0.00012797117233276367,0.0033748981077224016,0.01154593750834465,0.3734227418899536,0.5883387327194214,0.023317662999033928
BCS5__Cow_31_2024,Cow_31,0,2026,V_mean,3,3,0.0001665353775024414,0.0017561154672876,0.022505445405840874,0.4582350254058838,0.5103720426559448,0.007131391204893589
BCS5__Cow_32,Cow_32,0,2026,V_mean,3,3,4.088878631591797e-05,0.01532834768295288,0.0026011336594820023,0.4401390850543976,0.48394379019737244,0.05798763781785965
BCS5__Cow_44_3008,Cow_44,0,2026,V_mean,3,3,0.00011402368545532227,0.0009715670021250844,0.005030130036175251,0.35936740040779114,0.6243160367012024,0.010314888320863247
BCS5__Cow_45,Cow_45,0,2026,V_mean,3,3,0.00019377470016479492,0.0005484752473421395,0.0028372500091791153,0.39534008502960205,0.5964853763580322,0.004788859747350216
BCS5__Cow_53_30,Cow_53,0,2026,V_mean,3,3,0.00023978948593139648,0.0010940138017758727,0.0036254492588341236,0.33579790592193604,0.6427883505821228,0.01669425517320633
BCS5__Cow_7_6022,Cow_7,0,2026,V_mean,3,3,0.00021785497665405273,0.005721098743379116,0.04955286905169487,0.46487855911254883,0.46864670515060425,0.011200767010450363
BCS6__Cow_16_06,Cow_16,0,2026,V_mean,4,4,4.1127204896129754e-06,0.0003093689156230539,6.091971016530806e-08,0.000681075791362673,0.0016388262156397104,0.997370719909668
BCS6__Cow_19_29,Cow_19,0,2026,V_mean,4,4,5.424022674560547e-06,0.00014816608745604753,3.643132018282813e-08,0.0010888013057410717,0.003332823747768998,0.9954302310943604
BCS6__Cow_2_6006,Cow_2,0,2026,V_mean,4,4,1.1920928955078125e-06,0.00012839739792980254,4.139592224561284e-09,0.00016531060100533068,0.0003934261912945658,0.9993127584457397
BCS6__Cow_32_34,Cow_32,0,2026,V_mean,4,4,1.8753344192751816e-06,0.0004778834409080446,1.1710880443160931e-07,0.0007863176870159805,0.0017326751258224249,0.9970030188560486
BCS6__Cow_36,Cow_36,0,2026,V_mean,4,4,0.00017911195755004883,0.05517875403165817,6.766271098967991e-07,0.006282677873969078,0.008369688875973225,0.9301681518554688
BCS6__Cow_36_1,Cow_36,0,2026,V_mean,4,4,0.00023752450942993164,0.043792370706796646,1.1470147910586093e-05,0.03880171850323677,0.04630332812666893,0.8710910081863403
BCS6__Cow_45_9025,Cow_45,0,2026,V_mean,4,4,4.708766937366882e-06,0.0001742853200994432,2.6443064626846535e-08,0.0005538903060369194,0.0014829559950158,0.9977887868881226
BCS6__Cow_52_29,Cow_52,0,2026,V_mean,4,4,2.8014183044433594e-06,0.00030440103728324175,4.225762140208644e-08,0.0004942240775562823,0.0011320235207676888,0.9980693459510803
BCS6__Cow_7_9008,Cow_7,0,2026,V_mean,4,4,2.1159648895263672e-05,0.0001842725177993998,7.43076498110895e-08,0.001758874743245542,0.005493840202689171,0.9925629496574402
BCS2__Cow_11,Cow_11,1,2026,V_mean,0,1,6.148219108581543e-05,0.2504386603832245,0.2549247443675995,0.20339711010456085,0.1317504197359085,0.15948905050754547
BCS2__Cow_11_1,Cow_11,1,2026,V_mean,0,0,8.046627044677734e-05,0.3657959997653961,0.25526997447013855,0.16743558645248413,0.0913105234503746,0.12018784135580063
BCS2__Cow_11_2,Cow_11,1,2026,V_mean,0,0,0.00026160478591918945,0.5371285080909729,0.191486194729805,0.11215747892856598,0.0627385750412941,0.09648919850587845
BCS3__Cow_14,Cow_14,1,2026,V_mean,1,2,3.0472874641446213e-05,0.168287992477417,0.22499947249889374,0.23072174191474915,0.17062267661094666,0.20536808669567108
BCS3__Cow_14_0011,Cow_14,1,2026,V_mean,1,0,5.7816505432073395e-05,0.4425477087497711,0.24059483408927917,0.13835611939430237,0.07805875688791275,0.1004425436258316
BCS3__Cow_6_103,Cow_6,1,2026,V_mean,1,0,0.00013652443885803223,0.48974671959877014,0.2244638353586197,0.12400655448436737,0.0690804198384285,0.09270242601633072
BCS4__Cow_1,Cow_1,1,2026,V_mean,2,2,2.002716064453125e-05,0.15790966153144836,0.2178323119878769,0.2371729463338852,0.17273232340812683,0.21435271203517914
BCS4__Cow_26,Cow_26,1,2026,V_mean,2,2,2.8237700462369064e-05,0.17093828320503235,0.22772909700870514,0.22855663299560547,0.16884995996952057,0.2039259970188141
BCS4__Cow_26_5051,Cow_26,1,2026,V_mean,2,0,4.301965236658267e-05,0.548777163028717,0.2077781856060028,0.10774190723896027,0.05622656270861626,0.07947617024183273
BCS4__Cow_27_9008,Cow_27,1,2026,V_mean,2,0,0.00021314620971679688,0.5895668864250183,0.19911816716194153,0.09636852890253067,0.046655405312776566,0.06829099357128143
BCS4__Cow_29_7007,Cow_29,1,2026,V_mean,2,0,5.2884221076951454e-05,0.7892525792121887,0.12223754823207855,0.0447065494954586,0.016114113852381706,0.027689224109053612
BCS4__Cow_33,Cow_33,1,2026,V_mean,2,2,1.2472271919278244e-05,0.1571478545665741,0.21851390600204468,0.2362367957830429,0.17284712195396423,0.2152542769908905
BCS4__Cow_4,Cow_4,1,2026,V_mean,2,2,2.2470951080405532e-05,0.15620988607406616,0.2175658494234085,0.23646099865436554,0.17344677448272705,0.21631650626659393
BCS4__Cow_41,Cow_41,1,2026,V_mean,2,2,2.2754073142977616e-05,0.15810278058052063,0.22285141050815582,0.23886732757091522,0.16961027681827545,0.21056820452213287
BCS4__Cow_48,Cow_48,1,2026,V_mean,2,1,7.404386997214574e-05,0.24743302166461945,0.26254767179489136,0.19968612492084503,0.13236559927463531,0.15796753764152527
BCS4__Cow_4_1,Cow_4,1,2026,V_mean,2,1,2.6524066924993317e-05,0.1782989203929901,0.2393285632133484,0.22722570598125458,0.16001127660274506,0.19513554871082306
BCS4__Cow_6,Cow_6,1,2026,V_mean,2,1,1.9192695617592515e-05,0.19130954146385193,0.23186708986759186,0.21949519217014313,0.16456840932369232,0.1927596926689148
BCS5__Cow_12_NOTAG,Cow_12,1,2026,V_mean,3,2,2.7671456337058364e-05,0.17780517041683197,0.2249005138874054,0.22765325009822845,0.16750310361385345,0.20213793218135834
BCS5__Cow_13,Cow_13,1,2026,V_mean,3,1,2.1636486053494552e-05,0.17217279970645905,0.23095522820949554,0.22805553674697876,0.1665286123752594,0.20228783786296844
BCS5__Cow_13_8001,Cow_13,1,2026,V_mean,3,0,5.626678466796875e-05,0.4703645706176758,0.23648306727409363,0.13231943547725677,0.06868799030780792,0.09214489161968231
BCS5__Cow_1_27,Cow_1,1,2026,V_mean,3,2,1.6063451767023285e-05,0.15770450234413147,0.21811360120773315,0.23669640719890594,0.17229880392551422,0.21518661081790924
BCS5__Cow_27,Cow_27,1,2026,V_mean,3,1,3.2261013984680176e-05,0.1788903772830963,0.22929367423057556,0.22589081525802612,0.16650205850601196,0.19942313432693481
BCS5__Cow_29,Cow_29,1,2026,V_mean,3,2,2.2336840629605392e-05,0.16164521872997284,0.2229657918214798,0.2328428328037262,0.1709163337945938,0.2116299271583557
BCS5__Cow_37,Cow_37,1,2026,V_mean,3,2,1.4618039131192306e-05,0.16232933104038239,0.221732035279274,0.2319217324256897,0.17314936220645905,0.2108674943447113
BCS5__Cow_37_and_38,Cow_37,1,2026,V_mean,3,2,8.240342140197754e-06,0.15431569516658783,0.22384600341320038,0.24058160185813904,0.1681293547153473,0.21312730014324188
BCS5__Cow_43,Cow_43,1,2026,V_mean,3,2,1.9863247871482193e-05,0.16388216614723206,0.22512103617191315,0.2321370393037796,0.17152459919452667,0.2073352038860321
BCS5__Cow_48_1018,Cow_48,1,2026,V_mean,3,2,2.8356909751864334e-05,0.15482063591480255,0.2109643965959549,0.23716460168361664,0.17736518383026123,0.21968519687652588
BCS5__Cow_54,Cow_54,1,2026,V_mean,3,1,2.476572990425807e-05,0.17526660859584808,0.2377014011144638,0.22942739725112915,0.16119202971458435,0.19641250371932983
BCS5__Cow_6_5051,Cow_6,1,2026,V_mean,3,2,9.790062904274643e-06,0.15412701666355133,0.21255432069301605,0.23927177488803864,0.1755334734916687,0.2185133397579193
BCS6__Cow_11_07,Cow_11,1,2026,V_mean,4,4,4.291534423828125e-05,0.16101574897766113,0.1905200481414795,0.22137829661369324,0.17657603323459625,0.2505098581314087
BCS6__Cow_12_2014,Cow_12,1,2026,V_mean,4,0,0.0003529787063598633,0.6799392700195312,0.1115395650267601,0.06885798275470734,0.03831271827220917,0.10135047882795334
BCS6__Cow_13_66,Cow_13,1,2026,V_mean,4,4,6.2182545661843e-05,0.20648016035556793,0.19382493197917938,0.20598170161247253,0.15752199292182922,0.23619113862514496
BCS6__Cow_26_6,Cow_26,1,2026,V_mean,4,4,4.6595931053078354e-05,0.1710280478000641,0.1912001520395279,0.21713417768478394,0.17165009677410126,0.24898755550384521
BCS6__Cow_29_NOTAG,Cow_29,1,2026,V_mean,4,4,4.784762859341707e-05,0.16349460184574127,0.18285830318927765,0.2156822383403778,0.16945303976535797,0.2685118317604065
BCS6__Cow_35,Cow_35,1,2026,V_mean,4,4,7.475912570947818e-05,0.17816300690174103,0.1976773738861084,0.21987785398960114,0.1522301435470581,0.2520516514778137
BCS6__Cow_4_103,Cow_4,1,2026,V_mean,4,4,4.4211745262090485e-05,0.181193009018898,0.18676291406154633,0.21180525422096252,0.16817453503608704,0.2520643174648285
BCS2__Cow_5_1,Cow_5,2,2026,V_mean,0,4,3.2007694244384766e-05,0.0021715518087148666,8.145774336298928e-05,0.003780295141041279,0.00957910344004631,0.9843876361846924
BCS3__Cow_20_0029,Cow_20,2,2026,V_mean,1,3,0.00022453069686889648,0.005353940185159445,0.08035923540592194,0.3595784902572632,0.5382422804832458,0.016466032713651657
BCS3__Cow_22,Cow_22,2,2026,V_mean,1,1,3.942847251886539e-05,0.15746916830539703,0.7048885822296143,0.1139880046248436,0.021314410492777824,0.002339859725907445
BCS3__Cow_22_1,Cow_22,2,2026,V_mean,1,1,0.00019377470016479492,0.13226081430912018,0.7462701797485352,0.10171739012002945,0.018030868843197823,0.0017207792261615396
BCS4__Cow_10,Cow_10,2,2026,V_mean,2,3,7.277727127075195e-05,0.011482165195047855,0.06109476089477539,0.32838132977485657,0.5566080808639526,0.04243362694978714
BCS4__Cow_10_2038,Cow_10,2,2026,V_mean,2,1,9.977817535405942e-05,0.01752055063843727,0.386421799659729,0.3340113162994385,0.25168126821517944,0.010365054942667484
BCS4__Cow_22_6005,Cow_22,2,2026,V_mean,2,3,7.18832015991766e-05,0.006068131420761347,0.12884965538978577,0.378948450088501,0.47337251901626587,0.012761193327605724
BCS4__Cow_30,Cow_30,2,2026,V_mean,2,3,0.0003573298454284668,0.013099691830575466,0.1284036636352539,0.3635464310646057,0.4683055877685547,0.02664455771446228
BCS4__Cow_42,Cow_42,2,2026,V_mean,2,3,0.0002689957618713379,0.01290097925812006,0.01732461340725422,0.21948514878749847,0.5479792952537537,0.20230993628501892
BCS4__Cow_47_1,Cow_47,2,2026,V_mean,2,3,0.00021007657051091977,0.007881137542426586,0.17975503206253052,0.383652925491333,0.4167082607746124,0.012002621777355671
BCS4__Cow_49,Cow_49,2,2026,V_mean,2,3,0.00014582276344304868,0.00813288427889347,0.18427550792694092,0.3816039264202118,0.41368281841278076,0.01230480708181858
BCS4__Cow_55,Cow_55,2,2026,V_mean,2,3,0.0001069009304047186,0.006029507610946894,0.1291191130876541,0.3805612027645111,0.47185787558555603,0.012432215735316277
BCS4__Cow_8,Cow_8,2,2026,V_mean,2,3,0.00010281801223754883,0.007824675180017948,0.04259805753827095,0.3139491677284241,0.5966677665710449,0.0389602966606617
BCS4__Cow_9,Cow_9,2,2026,V_mean,2,3,4.240870475763492e-05,0.005724369082599878,0.1244121640920639,0.38317635655403137,0.4746279716491699,0.012059173546731472
BCS5__Cow_10_0029,Cow_10,2,2026,V_mean,3,3,7.736682891845703e-05,0.008350186049938202,0.039962321519851685,0.2991160452365875,0.6061637997627258,0.04640767350792885
BCS5__Cow_24,Cow_24,2,2026,V_mean,3,3,0.00012004375457763672,0.010649444535374641,0.05612559989094734,0.32164326310157776,0.568092942237854,0.04348877817392349
BCS5__Cow_24_7022,Cow_24,2,2026,V_mean,3,3,5.987286567687988e-05,0.011155796237289906,0.16043823957443237,0.3757729232311249,0.4342978894710541,0.01833517476916313
BCS5__Cow_28,Cow_28,2,2026,V_mean,3,3,4.696846008300781e-05,0.006016502622514963,0.0476732961833477,0.3282672166824341,0.5904850959777832,0.02755793370306492
BCS5__Cow_28_4024,Cow_28,2,2026,V_mean,3,3,7.948279380792789e-05,0.009150473400950432,0.1938571333885193,0.3821953237056732,0.40202489495277405,0.012772164307534695
BCS5__Cow_3,Cow_3,2,2026,V_mean,3,0,0.0003133416175842285,0.5943959355354309,0.22817060351371765,0.13881929218769073,0.02807297743856907,0.010541160590946674
BCS5__Cow_30_30,Cow_30,2,2026,V_mean,3,3,0.00012993812561035156,0.010020866990089417,0.06357017904520035,0.32221657037734985,0.5646681189537048,0.039524223655462265
BCS5__Cow_34,Cow_34,2,2026,V_mean,3,0,0.0004011690616607666,0.34806570410728455,0.11073365062475204,0.29403963685035706,0.1584184765815735,0.08874256163835526
BCS5__Cow_34_1,Cow_34,2,2026,V_mean,3,3,0.00030985474586486816,0.03464413061738014,0.0665193647146225,0.3462611436843872,0.4633949100971222,0.08918041735887527
BCS5__Cow_50,Cow_50,2,2026,V_mean,3,3,4.266947507866603e-05,0.010785664431750774,0.07970110327005386,0.34448057413101196,0.5325317978858948,0.03250079229474068
BCS5__Cow_50_49,Cow_50,2,2026,V_mean,3,3,0.00020062923431396484,0.012911827303469181,0.08553760498762131,0.33520570397377014,0.5278133153915405,0.038531553000211716
BCS5__Cow_8_NOTAG,Cow_8,2,2026,V_mean,3,3,7.897615432739258e-05,0.012514443136751652,0.05936980992555618,0.3166341781616211,0.562376856803894,0.04910467565059662
BCS6__Cow_18,Cow_18,2,2026,V_mean,4,3,0.00020393729209905453,0.03271819278597832,0.0516977533698082,0.29788830876350403,0.43981683254241943,0.17787893116474152
BCS6__Cow_18_32,Cow_18,2,2026,V_mean,4,4,0.00019359588623046875,0.008376851677894592,0.0027914734091609716,0.05310237780213356,0.16443313658237457,0.7712960839271545
BCS6__Cow_24_08,Cow_24,2,2026,V_mean,4,4,0.00034552812576293945,0.05067509785294533,0.00703930901363492,0.06291965395212173,0.0838644728064537,0.7955015301704407
BCS6__Cow_28_3083,Cow_28,2,2026,V_mean,4,4,6.830692291248663e-05,0.0033902055583894253,0.00033099568099714816,0.009329736232757568,0.02804105542600155,0.9589080214500427
BCS6__Cow_3_25,Cow_3,2,2026,V_mean,4,4,2.243183553223005e-05,0.006523581687361002,0.0005918612005189061,0.01076298113912344,0.02452261559665203,0.9575989246368408
BCS6__Cow_47_68,Cow_47,2,2026,V_mean,4,4,2.741813659778991e-06,0.0023332531563937664,0.00011379042553016916,0.0038181033451110125,0.0100288400426507,0.983705997467041
BCS6__Cow_9_1044,Cow_9,2,2026,V_mean,4,4,3.6761164665298496e-05,0.003284364938735962,0.00037684995913878083,0.01100868545472622,0.0350431390106678,0.950286865234375
BCS2__Cow_21_8029,Cow_21,0,2027,V_mean,0,4,0.00033462047576904297,0.04838046059012413,9.833164767769631e-06,0.0026637830305844545,0.006034991703927517,0.94291090965271
BCS3__Cow_16,Cow_16,0,2027,V_mean,1,3,0.0001729130744934082,7.249755435623229e-05,0.004027684219181538,0.3997134268283844,0.5900061130523682,0.006180207245051861
BCS3__Cow_16_1004,Cow_16,0,2027,V_mean,1,2,0.00010928511619567871,0.0005114682717248797,0.03790387138724327,0.5185261368751526,0.4364905059337616,0.006568034645169973
BCS3__Cow_25_66,Cow_25,0,2027,V_mean,1,2,0.0004089474678039551,0.0006130215479061007,0.03186289593577385,0.4837109446525574,0.4733121991157532,0.010501033626496792
BCS3__Cow_2_1015,Cow_2,0,2027,V_mean,1,3,9.649991989135742e-05,2.9116907171555795e-05,0.002331319497898221,0.3847671151161194,0.6086331009864807,0.004239332862198353
BCS3__Cow_46,Cow_46,0,2027,V_mean,1,2,0.0004436522722244818,0.0024186219088733196,0.11225483566522598,0.5321585536003113,0.3462236523628235,0.006944356020539999
BCS3__Cow_46_1,Cow_46,0,2027,V_mean,1,1,0.0009770989418029785,0.014159662649035454,0.7868456840515137,0.11868602782487869,0.0792471319437027,0.0010615175124257803
BCS3__Cow_46_2,Cow_46,0,2027,V_mean,1,1,0.0015094280242919922,0.011306043714284897,0.5809743404388428,0.2480737566947937,0.15675728023052216,0.0028886126819998026
BCS3__Cow_53,Cow_53,0,2027,V_mean,1,2,0.0006819069385528842,0.007582636550068855,0.20508810877799988,0.4703786075115204,0.3070566952228546,0.009894023649394512
BCS4__Cow_15_68,Cow_15,0,2027,V_mean,2,3,0.00018870830535888672,1.3044937077211216e-05,0.0019000329775735736,0.40303823351860046,0.5928640961647034,0.0021846783347427845
BCS4__Cow_17,Cow_17,0,2027,V_mean,2,3,0.00028327107429504395,2.61341283476213e-05,0.0017015697667375207,0.36862555146217346,0.6253702640533447,0.004276387859135866
BCS4__Cow_19,Cow_19,0,2027,V_mean,2,2,0.0016395449638367254,0.008106515742838383,0.35516881942749023,0.3819938898086548,0.24740159511566162,0.0073291463777422905
BCS4__Cow_19_0037,Cow_19,0,2027,V_mean,2,3,0.0001965165138244629,3.211083821952343e-05,0.002520817331969738,0.3890029191970825,0.6041789054870605,0.004265223164111376
BCS4__Cow_2,Cow_2,0,2027,V_mean,2,3,9.375810623168945e-05,6.899317668285221e-05,0.0018125633941963315,0.34137776494026184,0.6468150615692139,0.009925659745931625
BCS4__Cow_23,Cow_23,0,2027,V_mean,2,3,0.000260770320892334,0.0004107345303054899,0.01907394826412201,0.46469151973724365,0.5059220790863037,0.009901722893118858
BCS4__Cow_31,Cow_31,0,2027,V_mean,2,0,0.0002812892198563455,0.7946462035179138,0.15707845985889435,0.01736968196928501,0.02764296717941761,0.003262773621827364
BCS4__Cow_32_0035,Cow_32,0,2027,V_mean,2,2,0.0004741251468657892,0.0010078641353175044,0.05522898957133293,0.5203331708908081,0.4149162769317627,0.008513689041137695
BCS4__Cow_44_1,Cow_44,0,2027,V_mean,2,3,0.00018072128295898438,4.279481072444469e-05,0.002034406643360853,0.37131670117378235,0.6210957765579224,0.005510272923856974
BCS4__Cow_51,Cow_51,0,2027,V_mean,2,3,3.58074903488749e-05,0.0007182115805335343,0.021486133337020874,0.4725084900856018,0.49417001008987427,0.011117150075733662
BCS4__Cow_51_0035,Cow_51,0,2027,V_mean,2,3,0.00026541948318486996,0.0002445791324134916,0.006618197541683912,0.37720343470573425,0.6020824909210205,0.013851272873580456
BCS4__Cow_7,Cow_7,0,2027,V_mean,2,2,0.0010588169097900946,0.006864720955491066,0.3207385241985321,0.4146398901939392,0.2520182728767395,0.00573853962123394
BCS5__Cow_15,Cow_15,0,2027,V_mean,3,2,0.0001939535140991211,0.001209172885864973,0.04027005657553673,0.48530200123786926,0.4597824215888977,0.013436345383524895
BCS5__Cow_17_17,Cow_17,0,2027,V_mean,3,3,0.0006416440010070801,1.5121818250918295e-05,0.0003791897324845195,0.26645413041114807,0.7223345637321472,0.01081692986190319
BCS5__Cow_21,Cow_21,0,2027,V_mean,3,3,0.00023356080055236816,3.4724940633168444e-05,0.0031943926587700844,0.40704822540283203,0.5859200358390808,0.0038026536349207163
BCS5__Cow_23_1067,Cow_23,0,2027,V_mean,3,3,0.0004993677139282227,1.0819686394825112e-05,0.00025752175133675337,0.25659289956092834,0.7328375577926636,0.010301243513822556
BCS5__Cow_25,Cow_25,0,2027,V_mean,3,2,4.553794860839844e-05,0.0007347554783336818,0.033792607486248016,0.4851484000682831,0.4692198634147644,0.011104310862720013
BCS5__Cow_31_15,Cow_31,0,2027,V_mean,3,3,0.00020068883895874023,0.00029666160116903484,0.0029131039045751095,0.31098899245262146,0.6524763703346252,0.03332481160759926
BCS5__Cow_31_2024,Cow_31,0,2027,V_mean,3,3,0.0003089308738708496,3.2423806260339916e-05,0.0028346325270831585,0.39346203207969666,0.5995631814002991,0.004107788670808077
BCS5__Cow_32,Cow_32,0,2027,V_mean,3,3,0.00048273801803588867,0.0013622782425954938,0.002674078568816185,0.3083079755306244,0.6015243530273438,0.0861312672495842
BCS5__Cow_44_3008,Cow_44,0,2027,V_mean,3,3,8.77678394318182e-05,3.628637205110863e-05,0.0010123656829819083,0.3039518892765045,0.6846897006034851,0.010309755802154541
BCS5__Cow_45,Cow_45,0,2027,V_mean,3,3,0.0005546212196350098,2.2540178179042414e-05,0.0012336031068116426,0.3531738817691803,0.6410508155822754,0.004519130103290081
BCS5__Cow_53_30,Cow_53,0,2027,V_mean,3,3,0.0004194974899291992,2.596952981548384e-05,0.0005899891839362681,0.27760177850723267,0.7088948488235474,0.01288737915456295
BCS5__Cow_7_6022,Cow_7,0,2027,V_mean,3,3,0.0005150437355041504,0.00017964569269679487,0.006941167637705803,0.39986518025398254,0.583052933216095,0.009961062110960484
BCS6__Cow_16_06,Cow_16,0,2027,V_mean,4,4,0.0001311302185059704,8.186013292288408e-05,1.4943265114197857e-07,0.003003875259310007,0.0196987334638834,0.9772153496742249
BCS6__Cow_19_29,Cow_19,0,2027,V_mean,4,4,0.00015354156494140625,3.654288957477547e-05,1.9371813664292858e-07,0.007025787141174078,0.04937811940908432,0.9435593485832214
BCS6__Cow_2_6006,Cow_2,0,2027,V_mean,4,4,9.298324584849915e-06,6.069916344131343e-05,1.1923404485969513e-08,0.00045142369344830513,0.003360078437253833,0.9961277842521667
BCS6__Cow_32_34,Cow_32,0,2027,V_mean,4,4,5.358457565307617e-05,0.0001416564773535356,1.651599603746945e-07,0.002024939749389887,0.01247566007077694,0.9853575825691223
BCS6__Cow_36,Cow_36,0,2027,V_mean,4,4,0.0002135038375853382,0.005247513763606548,1.3534236131818034e-05,0.012539454735815525,0.03886491432785988,0.9433345198631287
BCS6__Cow_36_1,Cow_36,0,2027,V_mean,4,4,0.0010003447532653809,0.004341598134487867,8.987030741991475e-05,0.06301840394735336,0.16631218791007996,0.7662379145622253
BCS6__Cow_45_9025,Cow_45,0,2027,V_mean,4,4,8.106231689453125e-05,6.136723823146895e-05,5.738683839240366e-08,0.0017112797359004617,0.01215075422078371,0.9860764741897583
BCS6__Cow_52_29,Cow_52,0,2027,V_mean,4,4,2.7358531951793275e-05,8.077672100625932e-05,6.438886401838317e-08,0.00142186158336699,0.009735072031617165,0.9887623190879822
BCS6__Cow_7_9008,Cow_7,0,2027,V_mean,4,4,0.0001278519630433239,3.330069375806488e-05,2.683738955511217e-07,0.00997020211070776,0.07047217339277267,0.9195240139961243
BCS2__Cow_11,Cow_11,1,2027,V_mean,0,1,0.00014704465866088867,0.035409700125455856,0.8277093172073364,0.08051244914531708,0.05168529227375984,0.004683296661823988
BCS2__Cow_11_1,Cow_11,1,2027,V_mean,0,1,7.238984107961477e-05,0.030581243336200714,0.7663720846176147,0.11713232845067978,0.07788959890604019,0.00802471861243248
BCS2__Cow_11_2,Cow_11,1,2027,V_mean,0,1,4.038214683527164e-05,0.4258689880371094,0.435098797082901,0.05968761816620827,0.05681096389889717,0.02253364399075508
BCS3__Cow_14,Cow_14,1,2027,V_mean,1,1,0.00018540024757385254,0.014878549613058567,0.49291715025901794,0.2800896465778351,0.1862221509218216,0.025892511010169983
BCS3__Cow_14_0011,Cow_14,1,2027,V_mean,1,1,7.253885269165039e-05,0.04945267736911774,0.8400630950927734,0.06340073049068451,0.04323549568653107,0.0038480369839817286
BCS3__Cow_6_103,Cow_6,1,2027,V_mean,1,1,9.113550186157227e-05,0.0636897161602974,0.8286560773849487,0.060948118567466736,0.04232481122016907,0.004381301812827587
BCS4__Cow_1,Cow_1,1,2027,V_mean,2,1,7.390975952142886e-05,0.01585228182375431,0.4415097236633301,0.3041112720966339,0.20589332282543182,0.03263343498110771
BCS4__Cow_26,Cow_26,1,2027,V_mean,2,1,0.00010412931442260742,0.017253315076231956,0.3995489180088043,0.3190379738807678,0.2232787013053894,0.040881119668483734
BCS4__Cow_26_5051,Cow_26,1,2027,V_mean,2,1,2.991408109665611e-05,0.05253586918115616,0.8763617873191833,0.041572827845811844,0.027410533279180527,0.002118965843692422
BCS4__Cow_27_9008,Cow_27,1,2027,V_mean,2,1,4.8387795686770374e-05,0.05465414375066757,0.8550923466682434,0.05211402848362923,0.03501926735043526,0.003120200242847204
BCS4__Cow_29_7007,Cow_29,1,2027,V_mean,2,1,0.00010049343109141962,0.06979198008775711,0.9050617218017578,0.014661405235528946,0.010036422871053219,0.00044847381650470197
BCS4__Cow_33,Cow_33,1,2027,V_mean,2,1,0.0001157522201538086,0.01382893044501543,0.3977073132991791,0.3286011517047882,0.223397895693779,0.03646469488739967
BCS4__Cow_4,Cow_4,1,2027,V_mean,2,1,2.363324165338687e-05,0.017223579809069633,0.3686140775680542,0.33399856090545654,0.2343420386314392,0.04582178592681885
BCS4__Cow_41,Cow_41,1,2027,V_mean,2,1,0.00022789835929870605,0.013474129140377045,0.4709340035915375,0.2940855026245117,0.19498051702976227,0.026525890454649925
BCS4__Cow_48,Cow_48,1,2027,V_mean,2,1,0.0001480579376220703,0.02416693978011608,0.6203364729881287,0.20051617920398712,0.1360892951488495,0.01889115758240223
BCS4__Cow_4_1,Cow_4,1,2027,V_mean,2,1,3.85195016861517e-05,0.016177579760551453,0.42614197731018066,0.31082889437675476,0.21099622547626495,0.035855356603860855
BCS4__Cow_6,Cow_6,1,2027,V_mean,2,1,7.155537605282869e-05,0.02981821447610855,0.6868144869804382,0.16044814884662628,0.1084013357758522,0.014517845585942268
BCS5__Cow_12_NOTAG,Cow_12,1,2027,V_mean,3,2,4.655122756963559e-05,0.012242770753800869,0.2481795847415924,0.38141611218452454,0.2912425100803375,0.0669189989566803
BCS5__Cow_13,Cow_13,1,2027,V_mean,3,1,8.979439735412598e-05,0.01581442542374134,0.3840276598930359,0.3305276930332184,0.22784769535064697,0.04178252071142197
BCS5__Cow_13_8001,Cow_13,1,2027,V_mean,3,1,1.997500658038054e-05,0.03891833871603012,0.7966645956039429,0.09490346163511276,0.06296336650848389,0.0065502626821398735
BCS5__Cow_1_27,Cow_1,1,2027,V_mean,3,1,2.7328729629433335e-05,0.01059954147785902,0.4277813732624054,0.32163679599761963,0.20988012850284576,0.030102167278528214
BCS5__Cow_27,Cow_27,1,2027,V_mean,3,1,0.00015872716903686523,0.021204499527812004,0.6372425556182861,0.19449745118618011,0.13075178861618042,0.016303718090057373
BCS5__Cow_29,Cow_29,1,2027,V_mean,3,2,9.694695472717285e-05,0.012055309489369392,0.30683138966560364,0.36960506439208984,0.26295995712280273,0.04854834824800491
BCS5__Cow_37,Cow_37,1,2027,V_mean,3,1,0.00018230080604553223,0.014115964062511921,0.3494422733783722,0.3486629128456116,0.24272526800632477,0.04505360871553421
BCS5__Cow_37_and_38,Cow_37,1,2027,V_mean,3,2,0.00017201900482177734,0.009357874281704426,0.33604520559310913,0.36834466457366943,0.24840620160102844,0.037846025079488754
BCS5__Cow_43,Cow_43,1,2027,V_mean,3,1,0.00015872716903686523,0.01199591625481844,0.4626320004463196,0.30153846740722656,0.19720888137817383,0.02662467397749424
BCS5__Cow_48_1018,Cow_48,1,2027,V_mean,3,2,8.897483348846436e-05,0.010943267494440079,0.24166445434093475,0.387518048286438,0.2950708270072937,0.0648033544421196
BCS5__Cow_54,Cow_54,1,2027,V_mean,3,1,4.76241111754816e-05,0.014198768883943558,0.46429896354675293,0.2977573871612549,0.19512709975242615,0.0286178607493639
BCS5__Cow_6_5051,Cow_6,1,2027,V_mean,3,2,4.474818706502737e-05,0.006251816172152758,0.18777813017368317,0.4178824722766876,0.3194369077682495,0.06865058094263077
BCS6__Cow_11_07,Cow_11,1,2027,V_mean,4,4,4.5299530029296875e-05,0.03409317880868912,0.03127770125865936,0.07698442786931992,0.04963742196559906,0.8080071806907654
BCS6__Cow_12_2014,Cow_12,1,2027,V_mean,4,0,4.500150680541992e-05,0.9876340627670288,0.003310128580778837,0.0006284674745984375,0.0008356141042895615,0.007591758389025927
BCS6__Cow_13_66,Cow_13,1,2027,V_mean,4,4,0.0004150271415710449,0.20528075098991394,0.021161330863833427,0.025993285700678825,0.018906986340880394,0.7286577224731445
BCS6__Cow_26_6,Cow_26,1,2027,V_mean,4,4,7.903575897227899e-05,0.03005468286573887,0.01146183256059885,0.02935170568525791,0.017455706372857094,0.9116761088371277
BCS6__Cow_29_NOTAG,Cow_29,1,2027,V_mean,4,4,0.00010079145431507452,0.03146933391690254,0.01035354845225811,0.026392919942736626,0.015488922595977783,0.9162952899932861
BCS6__Cow_35,Cow_35,1,2027,V_mean,4,4,0.0001131892204284668,0.08651155978441238,0.10920488089323044,0.16220802068710327,0.11057368665933609,0.5315018892288208
BCS6__Cow_4_103,Cow_4,1,2027,V_mean,4,4,0.00014764070510864258,0.252465158700943,0.0212762001901865,0.024625210091471672,0.018742123618721962,0.6828913688659668
BCS2__Cow_5_1,Cow_5,2,2027,V_mean,0,4,1.6517005860864492e-05,0.007932535372674465,1.2935701306560077e-05,0.001456747530028224,0.0015330967726185918,0.9890646934509277
BCS3__Cow_20_0029,Cow_20,2,2027,V_mean,1,3,4.798173904418945e-05,0.0011031385511159897,0.028790073469281197,0.32038551568984985,0.6265550255775452,0.023166265338659286
BCS3__Cow_22,Cow_22,2,2027,V_mean,1,0,0.0006491541862488348,0.4947979152202606,0.47927236557006836,0.022406185045838356,0.003367130644619465,0.00015637592878192663
BCS3__Cow_22_1,Cow_22,2,2027,V_mean,1,1,0.0002767741680145819,0.3710475265979767,0.606285810470581,0.019717415794730186,0.002855834551155567,9.341870463686064e-05
BCS4__Cow_10,Cow_10,2,2027,V_mean,2,3,0.00022560358047485352,0.0030772655736654997,0.02685200795531273,0.3374653458595276,0.5731582045555115,0.05944721773266792
BCS4__Cow_10_2038,Cow_10,2,2027,V_mean,2,1,0.0005292892456054688,0.006611170247197151,0.49475565552711487,0.2715981602668762,0.2230408638715744,0.003994109109044075
BCS4__Cow_22_6005,Cow_22,2,2027,V_mean,2,3,0.00010693073272705078,0.0019187316065654159,0.06951691210269928,0.3486190736293793,0.5645633339881897,0.015381990000605583
BCS4__Cow_30,Cow_30,2,2027,V_mean,2,3,0.00012916326522827148,0.002455863868817687,0.064608134329319,0.3519015908241272,0.5604869723320007,0.02054743655025959
BCS4__Cow_42,Cow_42,2,2027,V_mean,2,3,0.0008617937564849854,0.005685323383659124,0.008717232383787632,0.23421742022037506,0.4250184893608093,0.3263615071773529
BCS4__Cow_47_1,Cow_47,2,2027,V_mean,2,3,0.00019985437393188477,0.0020227734930813313,0.14959323406219482,0.3571895360946655,0.48373767733573914,0.007456836756318808
BCS4__Cow_49,Cow_49,2,2027,V_mean,2,3,0.00032576918601989746,0.002264329232275486,0.1691242903470993,0.3556126356124878,0.4655294418334961,0.007469297852367163
BCS4__Cow_55,Cow_55,2,2027,V_mean,2,3,0.00011101365089417892,0.001096243504434824,0.09044350683689117,0.34877267479896545,0.5524761080741882,0.007211524527519941
BCS4__Cow_8,Cow_8,2,2027,V_mean,2,3,0.00025719404220581055,0.002359239384531975,0.0244615375995636,0.327903151512146,0.5927273631095886,0.052548713982105255
BCS4__Cow_9,Cow_9,2,2027,V_mean,2,3,0.00013124942779541016,0.0013795021222904325,0.07393767684698105,0.35400712490081787,0.5604813694953918,0.010194312781095505
BCS5__Cow_10_0029,Cow_10,2,2027,V_mean,3,3,0.00019052624702453613,0.0014705227222293615,0.007878703996539116,0.25971874594688416,0.5996057391166687,0.13132624328136444
BCS5__Cow_24,Cow_24,2,2027,V_mean,3,3,0.00012545287609103117,0.0032043803948909044,0.02816614881157875,0.3340149223804474,0.5716638565063477,0.06295065581798553
BCS5__Cow_24_7022,Cow_24,2,2027,V_mean,3,3,6.651878356933594e-05,0.0031618725042790174,0.09445589035749435,0.36903616786003113,0.5190353989601135,0.014310717582702637
BCS5__Cow_28,Cow_28,2,2027,V_mean,3,3,0.00020268559455871582,0.0010165044805034995,0.03023074008524418,0.3276149332523346,0.62163907289505,0.019498774781823158
BCS5__Cow_28_4024,Cow_28,2,2027,V_mean,3,3,8.019804954528809e-05,0.002975245239213109,0.11214440315961838,0.3655146062374115,0.5072909593582153,0.01207481324672699
BCS5__Cow_3,Cow_3,2,2027,V_mean,3,0,8.940696716197571e-06,0.995546817779541,0.0037746282760053873,0.0006105585489422083,4.8417150537716225e-05,1.956164305738639e-05
BCS5__Cow_30_30,Cow_30,2,2027,V_mean,3,3,0.0005248337984085916,0.004376342054456472,0.015937907621264458,0.2799656391143799,0.5206748843193054,0.17904523015022278
BCS5__Cow_34,Cow_34,2,2027,V_mean,3,0,0.0010676980018615723,0.8426295518875122,0.035432733595371246,0.07206716388463974,0.021063005551695824,0.02880757302045822
BCS5__Cow_34_1,Cow_34,2,2027,V_mean,3,2,0.001084931194782271,0.12604881823062897,0.11316590011119843,0.40995079278945923,0.24300189316272736,0.10783255100250244
BCS5__Cow_50,Cow_50,2,2027,V_mean,3,3,2.7835369110107422e-05,0.00287400814704597,0.07853227108716965,0.35962459444999695,0.5414227843284607,0.01754636876285076
BCS5__Cow_50_49,Cow_50,2,2027,V_mean,3,3,0.0001861155033111711,0.0036185109056532383,0.023589737713336945,0.31489336490631104,0.5659367442131042,0.09196165949106216
BCS5__Cow_8_NOTAG,Cow_8,2,2027,V_mean,3,3,0.0003896355628967285,0.0058245533145964146,0.020680196583271027,0.31516462564468384,0.5090884566307068,0.14924214780330658
BCS6__Cow_18,Cow_18,2,2027,V_mean,4,4,0.0006677508354187012,0.019879121333360672,0.011309715919196606,0.18600012362003326,0.2216956466436386,0.5611153841018677
BCS6__Cow_18_32,Cow_18,2,2027,V_mean,4,4,9.61101613941237e-06,0.002462993375957012,3.113043203484267e-05,0.0035032392479479313,0.0052114627324044704,0.9887912273406982
BCS6__Cow_24_08,Cow_24,2,2027,V_mean,4,4,0.00048297643661499023,0.08772919327020645,3.981248664786108e-05,0.0020640012808144093,0.001517724827863276,0.9086492657661438
BCS6__Cow_28_3083,Cow_28,2,2027,V_mean,4,4,7.5260177255362035e-06,0.0033179267775267363,3.682849637698382e-06,0.0007086872356012464,0.0008369717979803681,0.9951327443122864
BCS6__Cow_3_25,Cow_3,2,2027,V_mean,4,4,1.244200393559717e-05,0.005701768212020397,3.7939587400614982e-06,0.0006440706201829016,0.0006895262631587684,0.9929608702659607
BCS6__Cow_47_68,Cow_47,2,2027,V_mean,4,4,4.833796992900373e-06,0.0014803969534114003,3.855049328649329e-07,0.00017911710892803967,0.0002120657591149211,0.9981279969215393
BCS6__Cow_9_1044,Cow_9,2,2027,V_mean,4,4,3.9339065552868036e-06,0.0015358338132500648,2.2364208689396037e-06,0.000555793521925807,0.00076723174424842,0.9971389770507812
BCS2__Cow_21_8029,Cow_21,0,2028,V_mean,0,4,0.0011567473411560059,0.3204564154148102,1.8640925247837004e-07,0.00013867135567124933,4.740913936984725e-05,0.6793572902679443
BCS3__Cow_16,Cow_16,0,2028,V_mean,1,2,0.00016164779663085938,0.00013986340491101146,0.004199738148599863,0.5344801545143127,0.45508983731269836,0.006090473383665085
BCS3__Cow_16_1004,Cow_16,0,2028,V_mean,1,1,0.0004864931106567383,0.007786036003381014,0.687247633934021,0.19279780983924866,0.11106614023447037,0.0011023175902664661
BCS3__Cow_25_66,Cow_25,0,2028,V_mean,1,2,0.000532984733581543,0.0003178574552293867,0.011444233357906342,0.5662016868591309,0.4157809317111969,0.006255266722291708
BCS3__Cow_2_1015,Cow_2,0,2028,V_mean,1,2,0.00034755468368530273,0.0005431066965684295,0.019570568576455116,0.5774202942848206,0.39630836248397827,0.006157643161714077
BCS3__Cow_46,Cow_46,0,2028,V_mean,1,1,0.000700831413269043,0.013236308470368385,0.5182069540023804,0.2904011607170105,0.17644859850406647,0.001706987852230668
BCS3__Cow_46_1,Cow_46,0,2028,V_mean,1,1,5.245208740245477e-05,0.04490569233894348,0.923326313495636,0.016429152339696884,0.0152328135445714,0.00010600868699839339
BCS3__Cow_46_2,Cow_46,0,2028,V_mean,1,1,3.9458274841364105e-05,0.03185383975505829,0.8441880345344543,0.06909916549921036,0.054308149963617325,0.0005508761387318373
BCS3__Cow_53,Cow_53,0,2028,V_mean,1,1,0.000400543212890625,0.040839191526174545,0.6616238355636597,0.16762807965278625,0.1280701607465744,0.0018387370510026813
BCS4__Cow_15_68,Cow_15,0,2028,V_mean,2,2,0.00028014183044433594,7.5640702561941e-05,0.005450209602713585,0.5918542146682739,0.4000239372253418,0.002595952246338129
BCS4__Cow_17,Cow_17,0,2028,V_mean,2,2,0.0003394484519958496,6.490855594165623e-05,0.0019272493664175272,0.5105008482933044,0.48267608880996704,0.004830911755561829
BCS4__Cow_19,Cow_19,0,2028,V_mean,2,1,0.0001446157693862915,0.011928064748644829,0.5189687609672546,0.2684287130832672,0.1987227201461792,0.0019517794717103243
BCS4__Cow_19_0037,Cow_19,0,2028,V_mean,2,2,0.0003020763397216797,3.607571488828398e-05,0.0014503782149404287,0.5239963531494141,0.4709901809692383,0.003526973072439432
BCS4__Cow_2,Cow_2,0,2028,V_mean,2,3,3.8139522075594096e-05,0.00024382129777222872,0.0011752864811569452,0.4161771535873413,0.5632712244987488,0.019132565706968307
BCS4__Cow_23,Cow_23,0,2028,V_mean,2,2,0.0002784430980682928,0.0009386243182234466,0.029866425320506096,0.5786953568458557,0.3829132616519928,0.0075862715020775795
BCS4__Cow_31,Cow_31,0,2028,V_mean,2,0,5.316734313975946e-05,0.981369137763977,0.015575945377349854,0.001104262424632907,0.001556333969347179,0.00039437180384993553
BCS4__Cow_32_0035,Cow_32,0,2028,V_mean,2,2,0.0005409717559814453,0.005577834788709879,0.266639769077301,0.462564080953598,0.2624586820602417,0.0027596396394073963
BCS4__Cow_44_1,Cow_44,0,2028,V_mean,2,2,8.100271224975586e-05,0.00018243351951241493,0.0037033390253782272,0.507142961025238,0.4828290641307831,0.006142226047813892
BCS4__Cow_51,Cow_51,0,2028,V_mean,2,2,2.484954893581387e-05,0.0009733735350891948,0.023275744169950485,0.5700808167457581,0.40031617879867554,0.005353952292352915
BCS4__Cow_51_0035,Cow_51,0,2028,V_mean,2,3,0.00047722458839422055,0.0005453327321447432,0.005028317682445049,0.45525994896888733,0.5250489115715027,0.014117544516921043
BCS4__Cow_7,Cow_7,0,2028,V_mean,2,1,0.0005679130554199219,0.02140485681593418,0.8234285712242126,0.0919560045003891,0.0625506266951561,0.0006599327898584306
BCS5__Cow_15,Cow_15,0,2028,V_mean,3,2,0.0002626776695251465,0.0015672361478209496,0.051327187567949295,0.573394238948822,0.3669862151145935,0.006725098937749863
BCS5__Cow_17_17,Cow_17,0,2028,V_mean,3,3,0.00012066960334777832,3.8857189792906865e-05,0.00017493033374194056,0.378039687871933,0.603809654712677,0.01793690025806427
BCS5__Cow_21,Cow_21,0,2028,V_mean,3,2,0.000252306461334284,7.764643669361249e-05,0.0036251728888601065,0.5532654523849487,0.43896591663360596,0.004065810702741146
BCS5__Cow_23_1067,Cow_23,0,2028,V_mean,3,3,0.0003597438335418701,6.112479604780674e-05,0.00023565169249195606,0.3798041045665741,0.5989751219749451,0.020923977717757225
BCS5__Cow_25,Cow_25,0,2028,V_mean,3,2,0.00015857815742498227,0.006308203563094139,0.2364194542169571,0.4761522710323334,0.2744056284427643,0.0067144352942705154
BCS5__Cow_31_15,Cow_31,0,2028,V_mean,3,3,0.00010075792670240225,0.0003589478728827089,0.001027293736115098,0.3844277262687683,0.5792623162269592,0.0349237434566021
BCS5__Cow_31_2024,Cow_31,0,2028,V_mean,3,2,6.943941116333008e-05,7.73504507378675e-05,0.003439593594521284,0.5431748628616333,0.44931909441947937,0.003989020828157663
BCS5__Cow_32,Cow_32,0,2028,V_mean,3,2,0.0006771981716156006,0.04539908468723297,0.005327679216861725,0.40953606367111206,0.3554268777370453,0.18431031703948975
BCS5__Cow_44_3008,Cow_44,0,2028,V_mean,3,3,0.0005785524845123291,0.0002594992984086275,0.0012817010283470154,0.40413689613342285,0.573020875453949,0.021301046013832092
BCS5__Cow_45,Cow_45,0,2028,V_mean,3,3,0.0004999041557312012,7.362217729678378e-05,0.0015543096233159304,0.4844648540019989,0.5087292790412903,0.005177928134799004
BCS5__Cow_53_30,Cow_53,0,2028,V_mean,3,3,0.00014525651931762695,0.00018856300448533148,0.0007192909251898527,0.39281192421913147,0.5784929394721985,0.027787314727902412
BCS5__Cow_7_6022,Cow_7,0,2028,V_mean,3,2,0.00010627508163452148,0.00037956281448714435,0.008846346288919449,0.5235762000083923,0.4591679573059082,0.008029971271753311
BCS6__Cow_16_06,Cow_16,0,2028,V_mean,4,4,5.602836608886719e-06,0.000257551611866802,3.011409122066766e-09,0.000592755270190537,0.00019860523752868176,0.9989509582519531
BCS6__Cow_19_29,Cow_19,0,2028,V_mean,4,4,9.715557098499694e-06,5.687390876119025e-05,1.5887455795393635e-09,0.001492777606472373,0.000658934935927391,0.9977914094924927
BCS6__Cow_2_6006,Cow_2,0,2028,V_mean,4,4,2.384185792125848e-07,0.00023013382451608777,1.8939624868430371e-10,7.922884833533317e-05,1.8103171896655113e-05,0.999672532081604
BCS6__Cow_32_34,Cow_32,0,2028,V_mean,4,4,7.748603820800781e-06,0.0004079739737790078,6.452195222550472e-09,0.0006930145900696516,0.00023394497111439705,0.9986650943756104
BCS6__Cow_36,Cow_36,0,2028,V_mean,4,4,8.78572463990368e-05,0.01358951535075903,4.438136329554254e-07,0.002054128795862198,0.00082049221964553,0.9835354089736938
BCS6__Cow_36_1,Cow_36,0,2028,V_mean,4,4,0.00010828860104081933,0.018440531566739082,1.8322343748877756e-05,0.03476035222411156,0.014613023027777672,0.9321677088737488
BCS6__Cow_45_9025,Cow_45,0,2028,V_mean,4,4,9.536743165172723e-07,0.0003152152057737112,3.992359332016804e-09,0.0006448235944844782,0.00020763422071468085,0.9988324046134949
BCS6__Cow_52_29,Cow_52,0,2028,V_mean,4,4,1.9073486329235223e-06,0.0004214974760543555,8.96371599168333e-09,0.0008797988411970437,0.0002978906559292227,0.998400866985321
BCS6__Cow_7_9008,Cow_7,0,2028,V_mean,4,4,9.840587154119704e-07,0.00013095040048938245,5.771218614114559e-09,0.001892393920570612,0.0008278246386907995,0.9971488118171692
BCS2__Cow_11,Cow_11,1,2028,V_mean,0,1,0.0001658499240874689,0.17564626038074493,0.375667005777359,0.19454237818717957,0.18669095635414124,0.06745334714651108
BCS2__Cow_11_1,Cow_11,1,2028,V_mean,0,1,0.00010412931442260742,0.10379979759454727,0.29012027382850647,0.25276312232017517,0.24819526076316833,0.10512151569128036
BCS2__Cow_11_2,Cow_11,1,2028,V_mean,0,0,0.0003472566604614258,0.5294807553291321,0.2222076654434204,0.08458970487117767,0.07734774053096771,0.08637407422065735
BCS3__Cow_14,Cow_14,1,2028,V_mean,1,3,9.538233280173558e-05,0.07996345311403275,0.24799150228500366,0.26873159408569336,0.27085378766059875,0.13245967030525208
BCS3__Cow_14_0011,Cow_14,1,2028,V_mean,1,1,0.00024579465389248933,0.1984182447195053,0.3831010162830353,0.1786264181137085,0.17868568003177643,0.06116864085197449
BCS3__Cow_6_103,Cow_6,1,2028,V_mean,1,1,0.0003198385238646906,0.22926568984985352,0.3612993061542511,0.170237198472023,0.16736210882663727,0.0718357115983963
BCS4__Cow_1,Cow_1,1,2028,V_mean,2,3,3.7305057048755974e-05,0.07616135478019714,0.2442745566368103,0.273349404335022,0.27396517992019653,0.13224951922893524
BCS4__Cow_26,Cow_26,1,2028,V_mean,2,2,0.00010187923908230867,0.08815142512321472,0.24942554533481598,0.26412808895111084,0.26065972447395325,0.1376352608203888
BCS4__Cow_26_5051,Cow_26,1,2028,V_mean,2,1,0.0004176795482634943,0.2588520646095276,0.36523082852363586,0.15437071025371552,0.15355485677719116,0.06799156218767166
BCS4__Cow_27_9008,Cow_27,1,2028,V_mean,2,1,0.0003579854965209128,0.21070042252540588,0.36724385619163513,0.1757749319076538,0.17359592020511627,0.07268483936786652
BCS4__Cow_29_7007,Cow_29,1,2028,V_mean,2,0,0.0003692507743835449,0.45216742157936096,0.38933065533638,0.06999422609806061,0.06772778183221817,0.020779993385076523
BCS4__Cow_33,Cow_33,1,2028,V_mean,2,3,4.789233207702637e-05,0.07514871656894684,0.21741069853305817,0.2675025463104248,0.27843672037124634,0.16150133311748505
BCS4__Cow_4,Cow_4,1,2028,V_mean,2,3,5.4880976677024185e-05,0.08280551433563232,0.23424646258354187,0.26597997546195984,0.26774856448173523,0.14921951293945312
BCS4__Cow_41,Cow_41,1,2028,V_mean,2,3,5.321204662328549e-05,0.06955891102552414,0.23567253351211548,0.27723321318626404,0.28460219502449036,0.1329331398010254
BCS4__Cow_48,Cow_48,1,2028,V_mean,2,1,0.00012695789337152652,0.10535740107297897,0.28062063455581665,0.24962526559829712,0.24443376064300537,0.1199629008769989
BCS4__Cow_4_1,Cow_4,1,2028,V_mean,2,3,7.556378841400146e-05,0.08089727908372879,0.2371964156627655,0.2677958607673645,0.26849034428596497,0.14562012255191803
BCS4__Cow_6,Cow_6,1,2028,V_mean,2,1,0.00016006827354431152,0.11314601451158524,0.28190645575523376,0.24630413949489594,0.24171362817287445,0.11692976206541061
BCS5__Cow_12_NOTAG,Cow_12,1,2028,V_mean,3,3,3.9324164390563965e-05,0.08109268546104431,0.18245090544223785,0.24521711468696594,0.28010469675064087,0.21113456785678864
BCS5__Cow_13,Cow_13,1,2028,V_mean,3,2,9.694695472717285e-05,0.09126222133636475,0.24959932267665863,0.2601374685764313,0.2551138401031494,0.14388710260391235
BCS5__Cow_13_8001,Cow_13,1,2028,V_mean,3,1,0.00027135014533988255,0.1569673717021942,0.3491712808609009,0.20697654783725739,0.20858855545520782,0.07829629629850388
BCS5__Cow_1_27,Cow_1,1,2028,V_mean,3,3,6.490945816040039e-05,0.07305333018302917,0.18539400398731232,0.2522395849227905,0.2852908670902252,0.20402219891548157
BCS5__Cow_27,Cow_27,1,2028,V_mean,3,1,9.267777204507999e-05,0.09478707611560822,0.26757490634918213,0.2567984163761139,0.2560127377510071,0.12482691556215286
BCS5__Cow_29,Cow_29,1,2028,V_mean,3,3,4.6893954277038574e-05,0.07695435732603073,0.22861090302467346,0.2694338858127594,0.2724420726299286,0.15255874395370483
BCS5__Cow_37,Cow_37,1,2028,V_mean,3,3,2.4244189262445648e-05,0.081889808177948,0.22943031787872314,0.26603636145591736,0.26768699288368225,0.15495651960372925
BCS5__Cow_37_and_38,Cow_37,1,2028,V_mean,3,3,2.47955322265625e-05,0.06517057120800018,0.21864324808120728,0.27566400170326233,0.28898343443870544,0.15153875946998596
BCS5__Cow_43,Cow_43,1,2028,V_mean,3,3,7.291138172144107e-05,0.07231300324201584,0.23035015165805817,0.27149447798728943,0.27866071462631226,0.14718161523342133
BCS5__Cow_48_1018,Cow_48,1,2028,V_mean,3,3,2.3372471332494538e-05,0.07421024888753891,0.18085715174674988,0.24947589635849,0.2899743318557739,0.20548231899738312
BCS5__Cow_54,Cow_54,1,2028,V_mean,3,2,7.289648056030273e-05,0.07814014703035355,0.24672308564186096,0.2717576026916504,0.2695993185043335,0.133779838681221
BCS5__Cow_6_5051,Cow_6,1,2028,V_mean,3,3,6.54458999633234e-05,0.06646566838026047,0.18152551352977753,0.254551500082016,0.29965466260910034,0.1978026181459427
BCS6__Cow_11_07,Cow_11,1,2028,V_mean,4,4,4.047155380243472e-05,0.16656282544136047,0.08332870155572891,0.11688646674156189,0.12224461138248444,0.5109774470329285
BCS6__Cow_12_2014,Cow_12,1,2028,V_mean,4,0,0.0003578662872314453,0.8800984025001526,0.02209251932799816,0.007608151528984308,0.0067249685525894165,0.08347591012716293
BCS6__Cow_13_66,Cow_13,1,2028,V_mean,4,4,0.00010319054126736726,0.22330260276794434,0.06521903723478317,0.08564525097608566,0.08654380589723587,0.5392892956733704
BCS6__Cow_26_6,Cow_26,1,2028,V_mean,4,4,5.0097703933757454e-05,0.17774279415607452,0.06768869608640671,0.09664378315210342,0.10117750614881516,0.5567471981048584
BCS6__Cow_29_NOTAG,Cow_29,1,2028,V_mean,4,4,0.00011363625526419896,0.1862616240978241,0.061286430805921555,0.0871247798204422,0.09064021706581116,0.5746869444847107
BCS6__Cow_35,Cow_35,1,2028,V_mean,4,4,0.00018519163131713867,0.24534058570861816,0.12005043774843216,0.12865880131721497,0.11748138070106506,0.38846880197525024
BCS6__Cow_4_103,Cow_4,1,2028,V_mean,4,4,8.849799633017796e-05,0.2083785980939865,0.06591525673866272,0.09059090912342072,0.09187667816877365,0.5432385206222534
BCS2__Cow_5_1,Cow_5,2,2028,V_mean,0,4,0.0003848820924758911,0.1602945476770401,0.0005197491846047342,0.013972100801765919,0.01664593070745468,0.8085676431655884
BCS3__Cow_20_0029,Cow_20,2,2028,V_mean,1,3,0.00019550323486328125,0.009620278142392635,0.09649933129549026,0.27742496132850647,0.5869580507278442,0.029497386887669563
BCS3__Cow_22,Cow_22,2,2028,V_mean,1,0,0.0005444884300231934,0.6123828887939453,0.3550094664096832,0.029977677389979362,0.0023790502455085516,0.00025100677157752216
BCS3__Cow_22_1,Cow_22,2,2028,V_mean,1,0,0.0007284879684448242,0.5008328557014465,0.4718687832355499,0.025535324588418007,0.0016522150253877044,0.000110832137579564
BCS4__Cow_10,Cow_10,2,2028,V_mean,2,3,0.00019416213035583496,0.029728449881076813,0.11553972959518433,0.3119931221008301,0.4924331605434418,0.050305526703596115
BCS4__Cow_10_2038,Cow_10,2,2028,V_mean,2,1,0.0002573728561401367,0.05668501555919647,0.8015004396438599,0.105735644698143,0.0346127487719059,0.0014660481829196215
BCS4__Cow_22_6005,Cow_22,2,2028,V_mean,2,3,0.00038668513298029117,0.017945382744073868,0.330657958984375,0.2967301905155182,0.3421037197113037,0.012562730349600315
BCS4__Cow_30,Cow_30,2,2028,V_mean,2,1,0.0001766681671142578,0.04298065975308418,0.6238095164299011,0.19809477031230927,0.12846970558166504,0.006645320914685726
BCS4__Cow_42,Cow_42,2,2028,V_mean,2,3,0.00019800662994384766,0.027832960709929466,0.065100759267807,0.2633972465991974,0.540191113948822,0.10347791761159897
BCS4__Cow_47_1,Cow_47,2,2028,V_mean,2,1,0.0005452632904052734,0.016478391364216805,0.5067040324211121,0.24070103466510773,0.22964295744895935,0.006473603192716837
BCS4__Cow_49,Cow_49,2,2028,V_mean,2,1,0.00047665834426879883,0.015208498574793339,0.5818366408348083,0.2155575156211853,0.18327409029006958,0.004123249091207981
BCS4__Cow_55,Cow_55,2,2028,V_mean,2,1,0.0003395080566405695,0.01162214670330286,0.3765740990638733,0.27524784207344055,0.32846447825431824,0.008091439493000507
BCS4__Cow_8,Cow_8,2,2028,V_mean,2,3,0.0001742839813232422,0.017573315650224686,0.09396568685770035,0.28699490427970886,0.5539600849151611,0.04750600829720497
BCS4__Cow_9,Cow_9,2,2028,V_mean,2,3,0.0002619326114654541,0.012435434386134148,0.3223038613796234,0.2896938621997833,0.3654881417751312,0.010078653693199158
BCS5__Cow_10_0029,Cow_10,2,2028,V_mean,3,3,0.00025004148483276367,0.006868945434689522,0.02317158132791519,0.1771342158317566,0.7025041580200195,0.09032104909420013
BCS5__Cow_24,Cow_24,2,2028,V_mean,3,3,7.82012939453125e-05,0.014544316567480564,0.08335473388433456,0.27232906222343445,0.5815141797065735,0.04825776442885399
BCS5__Cow_24_7022,Cow_24,2,2028,V_mean,3,1,0.00012035667896273528,0.07319511473178864,0.6900206208229065,0.16199654340744019,0.07040013372898102,0.004387620836496353
BCS5__Cow_28,Cow_28,2,2028,V_mean,3,3,0.00012557208538058195,0.01730746403336525,0.1324242651462555,0.29016223549842834,0.5213136076927185,0.03879249095916748
BCS5__Cow_28_4024,Cow_28,2,2028,V_mean,3,1,0.00016325712203979492,0.05603879317641258,0.7455953359603882,0.13735350966453552,0.05804531276226044,0.0029670577496290207
BCS5__Cow_3,Cow_3,2,2028,V_mean,3,0,3.993511200062194e-06,0.9928452372550964,0.006318049505352974,0.0008092689677141607,2.004056477744598e-05,7.353558885370148e-06
BCS5__Cow_30_30,Cow_30,2,2028,V_mean,3,3,0.00022095441818237305,0.01457174587994814,0.06532851606607437,0.23843151330947876,0.6120549440383911,0.06961330771446228
BCS5__Cow_34,Cow_34,2,2028,V_mean,3,0,0.0004360079765319824,0.6143345236778259,0.22548727691173553,0.11916418373584747,0.031117256730794907,0.00989674124866724
BCS5__Cow_34_1,Cow_34,2,2028,V_mean,3,2,0.00037029385566705875,0.0766359344124794,0.28497135639190674,0.31436842679977417,0.2921948730945587,0.03182937577366829
BCS5__Cow_50,Cow_50,2,2028,V_mean,3,1,7.471442222589664e-05,0.04501258581876755,0.5324466228485107,0.23331201076507568,0.1780136227607727,0.011215160600841045
BCS5__Cow_50_49,Cow_50,2,2028,V_mean,3,3,0.00032782554626464844,0.021866096183657646,0.1296580731868744,0.27920737862586975,0.5190761089324951,0.05019232630729675
BCS5__Cow_8_NOTAG,Cow_8,2,2028,V_mean,3,3,0.0003217458724975586,0.027232576161623,0.09503521770238876,0.2660823464393616,0.5317527055740356,0.0798972100019455
BCS6__Cow_18,Cow_18,2,2028,V_mean,4,0,0.0006680786609649658,0.37062692642211914,0.1775333136320114,0.245387464761734,0.1450279802083969,0.06142434477806091
BCS6__Cow_18_32,Cow_18,2,2028,V_mean,4,4,0.0003420114517211914,0.008770731277763844,0.0011860609520226717,0.033162765204906464,0.1267618089914322,0.8301186561584473
BCS6__Cow_24_08,Cow_24,2,2028,V_mean,4,4,0.0010241568088532327,0.18826723098754883,0.005245049484074116,0.06095009669661522,0.08152665942907333,0.6640109419822693
BCS6__Cow_28_3083,Cow_28,2,2028,V_mean,4,4,0.00010496377944946289,0.008888894692063332,0.00011308788816677406,0.005782081745564938,0.014780581928789616,0.9704354405403137
BCS6__Cow_3_25,Cow_3,2,2028,V_mean,4,4,7.796287536621094e-05,0.007871423847973347,0.00011503847781568766,0.005999638698995113,0.016037309542298317,0.9699766039848328
BCS6__Cow_47_68,Cow_47,2,2028,V_mean,4,4,4.4286251068115234e-05,0.004925097804516554,2.0146675524301827e-05,0.0019948624540120363,0.00545080378651619,0.9876091480255127
BCS6__Cow_9_1044,Cow_9,2,2028,V_mean,4,4,8.268281817370299e-06,0.0019828767981380224,6.533862324431539e-05,0.004668892826884985,0.02328774333000183,0.9699951410293579
