bag_id,animal_id,fold_id,seed,variant,true_label5,half,n_all_frames,n_good_frames,eligible,reference_pred_label5,pred_label5,angle,good_frame_ratio,prob_bcs2,prob_bcs3,prob_bcs4,prob_bcs5,prob_bcs6
BCS2__Cow_21_8029,Cow_21,0,2026,VAQ,0,first,30,15,1,0,0.0,164.0653610753726,0.5,0.9167790412902832,0.0008409856236539781,0.004554694518446922,0.00639733299612999,0.07142800092697144
BCS2__Cow_21_8029,Cow_21,0,2026,VAQ,0,second,31,2,0,0,,,,,,,,
BCS3__Cow_16,Cow_16,0,2026,VAQ,1,first,22,7,1,2,2.0,165.77273861474427,0.3181818181818182,0.0009270606678910553,0.011479885317385197,0.5098678469657898,0.47594237327575684,0.001782847917638719
BCS3__Cow_16,Cow_16,0,2026,VAQ,1,second,22,13,1,2,2.0,163.54724035520573,0.5909090909090909,0.0008156795520335436,0.009409802034497261,0.5030379891395569,0.4849623739719391,0.001774151111021638
BCS3__Cow_16_1004,Cow_16,0,2026,VAQ,1,first,2,1,0,2,,,,,,,,
BCS3__Cow_16_1004,Cow_16,0,2026,VAQ,1,second,2,2,0,2,,,,,,,,
BCS3__Cow_25_66,Cow_25,0,2026,VAQ,1,first,2,2,0,2,,,,,,,,
BCS3__Cow_25_66,Cow_25,0,2026,VAQ,1,second,3,1,0,2,,,,,,,,
BCS3__Cow_2_1015,Cow_2,0,2026,VAQ,1,first,2,2,0,3,,,,,,,,
BCS3__Cow_2_1015,Cow_2,0,2026,VAQ,1,second,3,2,0,3,,,,,,,,
BCS3__Cow_46,Cow_46,0,2026,VAQ,1,first,30,16,1,1,1.0,166.20161861967796,0.5333333333333333,0.021456601098179817,0.7252750396728516,0.14782670140266418,0.10524674504995346,0.00019491222337819636
BCS3__Cow_46,Cow_46,0,2026,VAQ,1,second,30,1,0,1,,,,,,,,
BCS3__Cow_46_1,Cow_46,0,2026,VAQ,1,first,19,9,1,1,1.0,162.44824920426407,0.47368421052631576,0.02752557210624218,0.9202628135681152,0.029604487121105194,0.02259100414812565,1.6145038898685016e-05
BCS3__Cow_46_1,Cow_46,0,2026,VAQ,1,second,20,0,0,1,,,,,,,,
BCS3__Cow_46_2,Cow_46,0,2026,VAQ,1,first,3,2,0,1,,,,,,,,
BCS3__Cow_46_2,Cow_46,0,2026,VAQ,1,second,3,1,0,1,,,,,,,,
BCS3__Cow_53,Cow_53,0,2026,VAQ,1,first,3,3,1,1,1.0,168.2141197338734,1.0,0.06665004044771194,0.7005939483642578,0.11929399520158768,0.11311190575361252,0.00035012862645089626
BCS3__Cow_53,Cow_53,0,2026,VAQ,1,second,4,0,0,1,,,,,,,,
BCS4__Cow_15_68,Cow_15,0,2026,VAQ,2,first,1,1,0,3,,,,,,,,
BCS4__Cow_15_68,Cow_15,0,2026,VAQ,2,second,2,2,0,3,,,,,,,,
BCS4__Cow_17,Cow_17,0,2026,VAQ,2,first,13,4,1,3,3.0,171.7298640420105,0.3076923076923077,0.000304446934023872,0.0032663149759173393,0.4572465717792511,0.5384765863418579,0.0007061201613396406
BCS4__Cow_17,Cow_17,0,2026,VAQ,2,second,13,6,1,3,3.0,172.66973605171208,0.46153846153846156,0.00033350219018757343,0.003051987150683999,0.43611595034599304,0.5596566796302795,0.0008418122888542712
BCS4__Cow_19,Cow_19,0,2026,VAQ,2,first,32,27,1,2,2.0,171.24997480800033,0.84375,0.014232867397367954,0.2595779299736023,0.40098699927330017,0.32001957297325134,0.005182608962059021
BCS4__Cow_19,Cow_19,0,2026,VAQ,2,second,33,30,1,2,2.0,169.91049239817312,0.9090909090909091,0.013515522703528404,0.20747110247612,0.4285122752189636,0.34395697712898254,0.006544149946421385
BCS4__Cow_19_0037,Cow_19,0,2026,VAQ,2,first,3,3,1,3,3.0,165.8417344296178,1.0,0.0005306072998791933,0.005826506298035383,0.46230944991111755,0.5301349759101868,0.0011984586017206311
BCS4__Cow_19_0037,Cow_19,0,2026,VAQ,2,second,3,2,0,3,,,,,,,,
BCS4__Cow_2,Cow_2,0,2026,VAQ,2,first,7,5,1,3,3.0,174.4267503507631,0.7142857142857143,0.0005084993317723274,0.0005463164416141808,0.2913517951965332,0.7050197124481201,0.0025736817624419928
BCS4__Cow_2,Cow_2,0,2026,VAQ,2,second,8,8,1,3,3.0,172.83144698751408,1.0,0.0005559979472309351,0.0007940875366330147,0.3179967999458313,0.6786393523216248,0.0020136903040111065
BCS4__Cow_23,Cow_23,0,2026,VAQ,2,first,21,10,1,2,2.0,169.2197307476981,0.47619047619047616,0.0029438368510454893,0.07092348486185074,0.548109233379364,0.37625911831855774,0.0017642582533881068
BCS4__Cow_23,Cow_23,0,2026,VAQ,2,second,21,8,1,2,2.0,169.55395232177875,0.38095238095238093,0.0031967798713594675,0.07103362679481506,0.5506591796875,0.3732990622520447,0.001811366993933916
BCS4__Cow_31,Cow_31,0,2026,VAQ,2,first,6,6,1,0,0.0,169.24219404261424,1.0,0.6708147525787354,0.05409173667430878,0.10309454798698425,0.16873914003372192,0.0032598408870399
BCS4__Cow_31,Cow_31,0,2026,VAQ,2,second,7,6,1,0,0.0,169.1895308412586,0.8571428571428571,0.9635160565376282,0.01244477927684784,0.00779624842107296,0.01602078042924404,0.00022217145306058228
BCS4__Cow_32_0035,Cow_32,0,2026,VAQ,2,first,4,4,1,1,1.0,161.37090607601982,1.0,0.011273202486336231,0.4484139382839203,0.3350510001182556,0.20432183146476746,0.0009400405688211322
BCS4__Cow_32_0035,Cow_32,0,2026,VAQ,2,second,4,4,1,1,1.0,168.98920759259374,1.0,0.009939225390553474,0.455513060092926,0.31417396664619446,0.21945884823799133,0.0009149240795522928
BCS4__Cow_44_1,Cow_44,0,2026,VAQ,2,first,23,7,1,3,3.0,170.64047862721952,0.30434782608695654,0.0004233581421431154,0.00197188020683825,0.418719619512558,0.5778629779815674,0.0010221748379990458
BCS4__Cow_44_1,Cow_44,0,2026,VAQ,2,second,23,15,1,3,3.0,169.04432685258152,0.6521739130434783,0.001014466630294919,0.003280926262959838,0.4198610782623291,0.5736191272735596,0.0022244222927838564
BCS4__Cow_51,Cow_51,0,2026,VAQ,2,first,2,2,0,2,,,,,,,,
BCS4__Cow_51,Cow_51,0,2026,VAQ,2,second,2,2,0,2,,,,,,,,
BCS4__Cow_51_0035,Cow_51,0,2026,VAQ,2,first,2,2,0,2,,,,,,,,
BCS4__Cow_51_0035,Cow_51,0,2026,VAQ,2,second,3,2,0,2,,,,,,,,
BCS4__Cow_7,Cow_7,0,2026,VAQ,2,first,9,6,1,1,1.0,172.4528014098345,0.6666666666666666,0.0075989980250597,0.8950926661491394,0.05634501576423645,0.0409122072160244,5.113622682983987e-05
BCS4__Cow_7,Cow_7,0,2026,VAQ,2,second,9,9,1,1,1.0,171.64724716991688,1.0,0.007409104146063328,0.9032642841339111,0.05119961500167847,0.03809013217687607,3.6862980778096244e-05
BCS5__Cow_15,Cow_15,0,2026,VAQ,3,first,14,13,1,2,2.0,170.03247497541147,0.9285714285714286,0.002487847348675132,0.029916269704699516,0.4920791983604431,0.47237980365753174,0.003136866958811879
BCS5__Cow_15,Cow_15,0,2026,VAQ,3,second,15,12,1,2,2.0,169.04112874262378,0.8,0.003020221134647727,0.03819182887673378,0.503017783164978,0.4522268772125244,0.003543298924341798
BCS5__Cow_17_17,Cow_17,0,2026,VAQ,3,first,4,3,1,3,3.0,167.7666642351508,0.75,0.0005046132137067616,0.0020899982191622257,0.3582521677017212,0.6373834013938904,0.001769915921613574
BCS5__Cow_17_17,Cow_17,0,2026,VAQ,3,second,4,3,1,3,3.0,172.05257321065835,0.75,0.0004621115222107619,0.0014987144386395812,0.32656291127204895,0.6695104837417603,0.0019657749217003584
BCS5__Cow_21,Cow_21,0,2026,VAQ,3,first,13,9,1,3,3.0,171.32780419866927,0.6923076923076923,0.0004574448394123465,0.0065825022757053375,0.46265706419944763,0.5293632745742798,0.0009397256071679294
BCS5__Cow_21,Cow_21,0,2026,VAQ,3,second,13,9,1,3,3.0,170.68283480431631,0.6923076923076923,0.00039167661452665925,0.006139642093330622,0.4699282944202423,0.5227699279785156,0.0007704307208769023
BCS5__Cow_23_1067,Cow_23,0,2026,VAQ,3,first,2,2,0,3,,,,,,,,
BCS5__Cow_23_1067,Cow_23,0,2026,VAQ,3,second,3,3,1,3,3.0,170.52493351953348,1.0,0.0002992310328409076,0.0009410223574377596,0.319070965051651,0.6782932281494141,0.0013955337926745415
BCS5__Cow_25,Cow_25,0,2026,VAQ,3,first,33,11,1,2,2.0,168.21915999669343,0.3333333333333333,0.006786070764064789,0.30728447437286377,0.4331377446651459,0.2515554130077362,0.0012362890411168337
BCS5__Cow_25,Cow_25,0,2026,VAQ,3,second,33,18,1,2,2.0,167.78498670253768,0.5454545454545454,0.005724976304918528,0.24318896234035492,0.46935713291168213,0.280486524105072,0.0012424265732988715
BCS5__Cow_31_15,Cow_31,0,2026,VAQ,3,first,2,2,0,3,,,,,,,,
BCS5__Cow_31_15,Cow_31,0,2026,VAQ,3,second,2,1,0,3,,,,,,,,
BCS5__Cow_31_2024,Cow_31,0,2026,VAQ,3,first,2,2,0,3,,,,,,,,
BCS5__Cow_31_2024,Cow_31,0,2026,VAQ,3,second,3,3,1,3,3.0,169.94558330610357,1.0,0.0008908736053854227,0.013291541486978531,0.487386554479599,0.4970780611038208,0.0013529317220672965
BCS5__Cow_32,Cow_32,0,2026,VAQ,3,first,7,3,1,3,3.0,172.47895182836993,0.42857142857142855,0.028651801869273186,0.002623140113428235,0.41423898935317993,0.5417349338531494,0.0127511415630579
BCS5__Cow_32,Cow_32,0,2026,VAQ,3,second,8,2,0,3,,,,,,,,
BCS5__Cow_44_3008,Cow_44,0,2026,VAQ,3,first,5,2,0,3,,,,,,,,
BCS5__Cow_44_3008,Cow_44,0,2026,VAQ,3,second,5,1,0,3,,,,,,,,
BCS5__Cow_45,Cow_45,0,2026,VAQ,3,first,12,11,1,3,3.0,169.75955555667923,0.9166666666666666,0.0003879310970660299,0.00150601239874959,0.3927145302295685,0.6043378114700317,0.0010537481866776943
BCS5__Cow_45,Cow_45,0,2026,VAQ,3,second,13,13,1,3,3.0,170.28695525445863,1.0,0.00032200958230532706,0.0013850225368514657,0.3912946879863739,0.6061314344406128,0.0008668742375448346
BCS5__Cow_53_30,Cow_53,0,2026,VAQ,3,first,6,0,0,3,,,,,,,,
BCS5__Cow_53_30,Cow_53,0,2026,VAQ,3,second,7,4,1,3,3.0,170.97664565595858,0.5714285714285714,0.0009658723720349371,0.0021247724071145058,0.3216133117675781,0.6705231666564941,0.004772870801389217
BCS5__Cow_7_6022,Cow_7,0,2026,VAQ,3,first,2,1,0,3,,,,,,,,
BCS5__Cow_7_6022,Cow_7,0,2026,VAQ,3,second,2,2,0,3,,,,,,,,
BCS6__Cow_16_06,Cow_16,0,2026,VAQ,4,first,38,28,1,4,4.0,172.85413511564454,0.7368421052631579,0.0005212519899941981,3.3370704954904795e-07,0.0012032000813633204,0.0030307641718536615,0.995244562625885
BCS6__Cow_16_06,Cow_16,0,2026,VAQ,4,second,38,34,1,4,4.0,172.7047234430375,0.8947368421052632,0.0005023680860176682,3.129702008664026e-07,0.0011110263876616955,0.002800944959744811,0.9955853223800659
BCS6__Cow_19_29,Cow_19,0,2026,VAQ,4,first,30,26,1,4,4.0,171.93427721120312,0.8666666666666667,0.00027297588530927896,1.8462591810930462e-07,0.0024341377429664135,0.00861772708594799,0.9886749982833862
BCS6__Cow_19_29,Cow_19,0,2026,VAQ,4,second,31,26,1,4,4.0,173.26976138784778,0.8387096774193549,0.00020146678434684873,1.030093628173745e-07,0.0018725012196227908,0.006894221995025873,0.9910317659378052
BCS6__Cow_2_6006,Cow_2,0,2026,VAQ,4,first,15,15,1,4,4.0,172.7417965819457,1.0,0.00023749118554405868,5.6274689796964594e-08,0.0004847493546549231,0.0012605355586856604,0.9980171918869019
BCS6__Cow_2_6006,Cow_2,0,2026,VAQ,4,second,16,16,1,4,4.0,171.70556108359614,1.0,0.00023395713651552796,5.507105171886906e-08,0.0004779313749168068,0.0012394207296893,0.9980486631393433
BCS6__Cow_32_34,Cow_32,0,2026,VAQ,4,first,30,4,1,4,4.0,174.5194799413863,0.13333333333333333,0.0006368127651512623,4.3359918322494195e-07,0.0013565219705924392,0.0031650227028876543,0.9948412775993347
BCS6__Cow_32_34,Cow_32,0,2026,VAQ,4,second,31,3,1,4,4.0,173.50613798901162,0.0967741935483871,0.000801904418040067,6.524122682094458e-07,0.001421954482793808,0.0030668966937810183,0.9947085380554199
BCS6__Cow_36,Cow_36,0,2026,VAQ,4,first,22,18,1,4,4.0,171.97030707515705,0.8181818181818182,0.031442828476428986,1.2063222243341443e-07,0.0014307131059467793,0.002202181378379464,0.9649240970611572
BCS6__Cow_36,Cow_36,0,2026,VAQ,4,second,23,19,1,4,4.0,172.6305618731255,0.8260869565217391,0.03760359063744545,4.320077380270959e-07,0.004168091807514429,0.0064214072190225124,0.9518064260482788
BCS6__Cow_36_1,Cow_36,0,2026,VAQ,4,first,25,25,1,4,4.0,172.04149234605404,1.0,0.058177292346954346,2.633955591591075e-05,0.04462694004178047,0.06080219894647598,0.8363672494888306
BCS6__Cow_36_1,Cow_36,0,2026,VAQ,4,second,25,21,1,4,4.0,172.4849707664876,0.84,0.04643603041768074,2.274504913657438e-05,0.03895476460456848,0.05339696630835533,0.8611893653869629
BCS6__Cow_45_9025,Cow_45,0,2026,VAQ,4,first,23,23,1,4,4.0,167.66243736780427,1.0,0.0003720394743140787,2.3838845208956627e-07,0.0013872665585950017,0.00396266533061862,0.9942777752876282
BCS6__Cow_45_9025,Cow_45,0,2026,VAQ,4,second,23,8,1,4,4.0,171.78827310706663,0.34782608695652173,0.00026386918034404516,9.936716338643237e-08,0.0008810776052996516,0.0024676888715475798,0.996387243270874
BCS6__Cow_52_29,Cow_52,0,2026,VAQ,4,first,30,24,1,4,4.0,173.87935522312824,0.8,0.0005906663136556745,4.6302960754474043e-07,0.0013406879734247923,0.0033136759884655476,0.994754433631897
BCS6__Cow_52_29,Cow_52,0,2026,VAQ,4,second,31,31,1,4,4.0,172.58243313145888,1.0,0.0004952681483700871,2.9986244953761343e-07,0.0010072183795273304,0.002468619728460908,0.9960286617279053
BCS6__Cow_7_9008,Cow_7,0,2026,VAQ,4,first,30,13,1,4,4.0,168.7758933629712,0.43333333333333335,0.0003178181650582701,3.191960900039703e-07,0.0043029082007706165,0.014089947566390038,0.9812890291213989
BCS6__Cow_7_9008,Cow_7,0,2026,VAQ,4,second,31,6,1,4,4.0,169.86008953251417,0.1935483870967742,0.00041633137152530253,2.679371959857235e-07,0.0018799261888489127,0.005167542025446892,0.9925358295440674
BCS2__Cow_11,Cow_11,1,2026,VAQ,0,first,252,34,1,1,1.0,172.5556313138602,0.1349206349206349,0.0030216320883482695,0.41409945487976074,0.41403892636299133,0.16557830572128296,0.0032616141252219677
BCS2__Cow_11,Cow_11,1,2026,VAQ,0,second,252,42,1,1,2.0,172.6013977091373,0.16666666666666666,0.0029131064657121897,0.40771248936653137,0.41732722520828247,0.16878452897071838,0.003262680023908615
BCS2__Cow_11_1,Cow_11,1,2026,VAQ,0,first,26,0,0,2,,,,,,,,
BCS2__Cow_11_1,Cow_11,1,2026,VAQ,0,second,26,6,1,2,2.0,170.79467556249435,0.23076923076923078,0.0015710608568042517,0.24297375977039337,0.522480309009552,0.22822780907154083,0.004747080150991678
BCS2__Cow_11_2,Cow_11,1,2026,VAQ,0,first,24,21,1,0,0.0,169.12516074311785,0.875,0.8717629909515381,0.009682058356702328,0.007476243190467358,0.005243665538728237,0.10583502054214478
BCS2__Cow_11_2,Cow_11,1,2026,VAQ,0,second,25,19,1,0,0.0,171.19605184432032,0.76,0.6229022145271301,0.030692486092448235,0.030691184103488922,0.025720741599798203,0.28999343514442444
BCS3__Cow_14,Cow_14,1,2026,VAQ,1,first,8,3,1,2,2.0,162.50616462144322,0.375,0.00010468428808962926,0.024586152285337448,0.4869256615638733,0.4770289361476898,0.011354612186551094
BCS3__Cow_14,Cow_14,1,2026,VAQ,1,second,9,1,0,2,,,,,,,,
BCS3__Cow_14_0011,Cow_14,1,2026,VAQ,1,first,3,2,0,1,,,,,,,,
BCS3__Cow_14_0011,Cow_14,1,2026,VAQ,1,second,4,2,0,1,,,,,,,,
BCS3__Cow_6_103,Cow_6,1,2026,VAQ,1,first,2,1,0,1,,,,,,,,
BCS3__Cow_6_103,Cow_6,1,2026,VAQ,1,second,3,3,1,1,1.0,161.55790750344187,1.0,0.009914618916809559,0.6507876515388489,0.24262040853500366,0.09335027635097504,0.003327040933072567
BCS4__Cow_1,Cow_1,1,2026,VAQ,2,first,9,4,1,2,2.0,173.04281162398252,0.4444444444444444,0.001081252470612526,0.09379836916923523,0.5397118926048279,0.3538369834423065,0.011571437120437622
BCS4__Cow_1,Cow_1,1,2026,VAQ,2,second,10,5,1,2,2.0,174.1472652819167,0.5,0.0007474187295883894,0.07934141159057617,0.5455406308174133,0.3642902076244354,0.010080304928123951
BCS4__Cow_26,Cow_26,1,2026,VAQ,2,first,7,3,1,2,2.0,170.32351963776654,0.42857142857142855,0.0027823555283248425,0.12700559198856354,0.5184692740440369,0.3338872790336609,0.017855463549494743
BCS4__Cow_26,Cow_26,1,2026,VAQ,2,second,8,4,1,2,2.0,169.86020482669838,0.5,0.002575408201664686,0.13395793735980988,0.5218841433525085,0.3260529339313507,0.015529544092714787
BCS4__Cow_26_5051,Cow_26,1,2026,VAQ,2,first,6,2,0,2,,,,,,,,
BCS4__Cow_26_5051,Cow_26,1,2026,VAQ,2,second,6,3,1,2,2.0,166.41648456959476,0.5,0.0014891372993588448,0.22145439684391022,0.5291447043418884,0.24176093935966492,0.006150807254016399
BCS4__Cow_27_9008,Cow_27,1,2026,VAQ,2,first,3,2,0,1,,,,,,,,
BCS4__Cow_27_9008,Cow_27,1,2026,VAQ,2,second,4,2,0,1,,,,,,,,
BCS4__Cow_29_7007,Cow_29,1,2026,VAQ,2,first,2,2,0,1,,,,,,,,
BCS4__Cow_29_7007,Cow_29,1,2026,VAQ,2,second,3,2,0,1,,,,,,,,
BCS4__Cow_33,Cow_33,1,2026,VAQ,2,first,52,16,1,2,2.0,169.794811507377,0.3076923076923077,0.0009061393211595714,0.05068245157599449,0.47448068857192993,0.4493188261985779,0.024611936882138252
BCS4__Cow_33,Cow_33,1,2026,VAQ,2,second,53,5,1,2,2.0,169.01401861688544,0.09433962264150944,0.000810233352240175,0.050154007971286774,0.4822145402431488,0.44467228651046753,0.022149018943309784
BCS4__Cow_4,Cow_4,1,2026,VAQ,2,first,2,2,0,2,,,,,,,,
BCS4__Cow_4,Cow_4,1,2026,VAQ,2,second,2,2,0,2,,,,,,,,
BCS4__Cow_41,Cow_41,1,2026,VAQ,2,first,30,3,1,2,2.0,173.58252888296627,0.1,0.0006264398107305169,0.06323649734258652,0.5396910309791565,0.38522836565971375,0.011217660270631313
BCS4__Cow_41,Cow_41,1,2026,VAQ,2,second,31,0,0,2,,,,,,,,
BCS4__Cow_48,Cow_48,1,2026,VAQ,2,first,6,0,0,2,,,,,,,,
BCS4__Cow_48,Cow_48,1,2026,VAQ,2,second,7,3,1,2,2.0,170.07276567517712,0.42857142857142855,0.006044069770723581,0.2654763460159302,0.46747735142707825,0.2478746920824051,0.013127629645168781
BCS4__Cow_4_1,Cow_4,1,2026,VAQ,2,first,19,19,1,2,2.0,167.79957045946657,1.0,0.004029163159430027,0.1529667228460312,0.5003385543823242,0.3234556317329407,0.019209904596209526
BCS4__Cow_4_1,Cow_4,1,2026,VAQ,2,second,20,20,1,2,2.0,162.49650676010418,1.0,0.005561642348766327,0.199757918715477,0.4890683591365814,0.2876429259777069,0.017969105392694473
BCS4__Cow_6,Cow_6,1,2026,VAQ,2,first,21,3,1,2,2.0,169.33535424534642,0.14285714285714285,0.0028182491660118103,0.3035706579685211,0.475821852684021,0.21178676187992096,0.006002499256283045
BCS4__Cow_6,Cow_6,1,2026,VAQ,2,second,21,4,1,2,2.0,168.0633817100955,0.19047619047619047,0.0020736991427838802,0.22100064158439636,0.5165502429008484,0.2532007396221161,0.0071746851317584515
BCS5__Cow_12_NOTAG,Cow_12,1,2026,VAQ,3,first,2,2,0,3,,,,,,,,
BCS5__Cow_12_NOTAG,Cow_12,1,2026,VAQ,3,second,2,1,0,3,,,,,,,,
BCS5__Cow_13,Cow_13,1,2026,VAQ,3,first,11,9,1,2,2.0,172.19697143162998,0.8181818181818182,0.003277416108176112,0.1336820423603058,0.5047186613082886,0.3389047384262085,0.019417157396674156
BCS5__Cow_13,Cow_13,1,2026,VAQ,3,second,12,11,1,2,2.0,173.49780915168796,0.9166666666666666,0.003925830591470003,0.1755646914243698,0.4929768145084381,0.31139734387397766,0.01613539643585682
BCS5__Cow_13_8001,Cow_13,1,2026,VAQ,3,first,2,1,0,2,,,,,,,,
BCS5__Cow_13_8001,Cow_13,1,2026,VAQ,3,second,2,2,0,2,,,,,,,,
BCS5__Cow_1_27,Cow_1,1,2026,VAQ,3,first,2,1,0,2,,,,,,,,
BCS5__Cow_1_27,Cow_1,1,2026,VAQ,3,second,2,2,0,2,,,,,,,,
BCS5__Cow_27,Cow_27,1,2026,VAQ,3,first,21,11,1,2,2.0,168.83613076599408,0.5238095238095238,0.00036454436485655606,0.045822352170944214,0.5234718918800354,0.41619277000427246,0.014148414134979248
BCS5__Cow_27,Cow_27,1,2026,VAQ,3,second,21,10,1,2,2.0,169.79075233536037,0.47619047619047616,0.0001963072718353942,0.03595985844731331,0.5296525359153748,0.42324110865592957,0.010950159281492233
BCS5__Cow_29,Cow_29,1,2026,VAQ,3,first,15,12,1,2,2.0,170.6798081627203,0.8,0.0012821962591260672,0.0714634507894516,0.5056214928627014,0.40047380328178406,0.021159065887331963
BCS5__Cow_29,Cow_29,1,2026,VAQ,3,second,15,13,1,2,2.0,171.21781445127687,0.8666666666666667,0.0011916138464584947,0.07226525992155075,0.5112928748130798,0.39621102809906006,0.019039282575249672
BCS5__Cow_37,Cow_37,1,2026,VAQ,3,first,14,13,1,2,2.0,171.7284788800338,0.9285714285714286,0.0021064188331365585,0.09087802469730377,0.4974527955055237,0.38616976141929626,0.023392977192997932
BCS5__Cow_37,Cow_37,1,2026,VAQ,3,second,14,13,1,2,2.0,171.82204303655806,0.9285714285714286,0.0019209054298698902,0.0857992023229599,0.49781230092048645,0.39131084084510803,0.02315673604607582
BCS5__Cow_37_and_38,Cow_37,1,2026,VAQ,3,first,12,3,1,2,2.0,170.93735033593998,0.25,0.0005846007261425257,0.04293152317404747,0.4830457270145416,0.4532703161239624,0.020167812705039978
BCS5__Cow_37_and_38,Cow_37,1,2026,VAQ,3,second,12,0,0,2,,,,,,,,
BCS5__Cow_43,Cow_43,1,2026,VAQ,3,first,19,18,1,3,3.0,170.47077476416072,0.9473684210526315,9.248089918401092e-05,0.018951009958982468,0.4442286193370819,0.5200310349464417,0.016696875914931297
BCS5__Cow_43,Cow_43,1,2026,VAQ,3,second,19,19,1,3,3.0,168.14633581369202,1.0,0.0001760223094606772,0.02695351094007492,0.46974673867225647,0.4855705499649048,0.017553215846419334
BCS5__Cow_48_1018,Cow_48,1,2026,VAQ,3,first,1,1,0,3,,,,,,,,
BCS5__Cow_48_1018,Cow_48,1,2026,VAQ,3,second,2,2,0,3,,,,,,,,
BCS5__Cow_54,Cow_54,1,2026,VAQ,3,first,3,3,1,2,2.0,170.27827530308326,1.0,0.0022521282080560923,0.10911468416452408,0.5094969868659973,0.3600623309612274,0.019073909148573875
BCS5__Cow_54,Cow_54,1,2026,VAQ,3,second,4,3,1,2,2.0,170.27605091057677,0.75,0.002603797474876046,0.13538317382335663,0.5191323757171631,0.32740119099617004,0.01547941192984581
BCS5__Cow_6_5051,Cow_6,1,2026,VAQ,3,first,2,2,0,3,,,,,,,,
BCS5__Cow_6_5051,Cow_6,1,2026,VAQ,3,second,3,1,0,3,,,,,,,,
BCS6__Cow_11_07,Cow_11,1,2026,VAQ,4,first,20,12,1,4,4.0,172.86655597325085,0.6,0.0026515540666878223,0.0007860278128646314,0.006304435431957245,0.020576128736138344,0.9696818590164185
BCS6__Cow_11_07,Cow_11,1,2026,VAQ,4,second,21,15,1,4,4.0,172.87282894786617,0.7142857142857143,0.0028762659057974815,0.0007176470826379955,0.005408352706581354,0.018200483173131943,0.9727972745895386
BCS6__Cow_12_2014,Cow_12,1,2026,VAQ,4,first,24,19,1,4,4.0,172.3808842485783,0.7916666666666666,0.04692213237285614,0.0023329739924520254,0.010215319693088531,0.017564283683896065,0.9229652881622314
BCS6__Cow_12_2014,Cow_12,1,2026,VAQ,4,second,25,20,1,4,4.0,173.46500543816205,0.8,0.06615845113992691,0.00345442327670753,0.012989072129130363,0.021893253549933434,0.8955047726631165
BCS6__Cow_13_66,Cow_13,1,2026,VAQ,4,first,23,5,1,4,4.0,172.0171087398665,0.21739130434782608,0.0012114067794755101,0.000433966051787138,0.005453348625451326,0.01700577698647976,0.9758954644203186
BCS6__Cow_13_66,Cow_13,1,2026,VAQ,4,second,23,15,1,4,4.0,169.6996595059602,0.6521739130434783,0.0005427504074759781,0.00015790869656484574,0.0023140073753893375,0.009493240155279636,0.9874920845031738
BCS6__Cow_26_6,Cow_26,1,2026,VAQ,4,first,30,1,0,4,,,,,,,,
BCS6__Cow_26_6,Cow_26,1,2026,VAQ,4,second,31,8,1,4,4.0,172.82806196978373,0.25806451612903225,0.0002940369595307857,0.00012753655028063804,0.0027479412965476513,0.01157309953123331,0.9852574467658997
BCS6__Cow_29_NOTAG,Cow_29,1,2026,VAQ,4,first,23,16,1,4,4.0,169.1091775327788,0.6956521739130435,0.0015713905449956656,0.0003965643991250545,0.0037050177343189716,0.013229010626673698,0.981097936630249
BCS6__Cow_29_NOTAG,Cow_29,1,2026,VAQ,4,second,23,18,1,4,4.0,170.85017686852498,0.782608695652174,0.0022257340606302023,0.00042889424366876483,0.0034758609253913164,0.012487255036830902,0.9813822507858276
BCS6__Cow_35,Cow_35,1,2026,VAQ,4,first,22,14,1,4,4.0,172.93680770114165,0.6363636363636364,0.0019552086014300585,0.00031295447843149304,0.0028610655572265387,0.010615098290145397,0.9842556118965149
BCS6__Cow_35,Cow_35,1,2026,VAQ,4,second,23,10,1,4,4.0,173.128046766217,0.43478260869565216,0.0019154762849211693,0.0003086979268118739,0.0029387865215539932,0.010574628598988056,0.9842623472213745
BCS6__Cow_4_103,Cow_4,1,2026,VAQ,4,first,30,22,1,4,4.0,170.59748584169137,0.7333333333333333,0.0010756611591205,0.0002874527999665588,0.003090882208198309,0.011905950494110584,0.9836401343345642
BCS6__Cow_4_103,Cow_4,1,2026,VAQ,4,second,31,25,1,4,4.0,173.1729468654868,0.8064516129032258,0.001840247306972742,0.00035430749994702637,0.003206112189218402,0.01170276291668415,0.9828965067863464
BCS2__Cow_5_1,Cow_5,2,2026,VAQ,0,first,23,8,1,4,4.0,171.41654572431042,0.34782608695652173,0.07261011004447937,0.007478789892047644,0.036807671189308167,0.04864039644598961,0.8344630002975464
BCS2__Cow_5_1,Cow_5,2,2026,VAQ,0,second,23,2,0,4,,,,,,,,
BCS3__Cow_20_0029,Cow_20,2,2026,VAQ,1,first,2,2,0,3,,,,,,,,
BCS3__Cow_20_0029,Cow_20,2,2026,VAQ,1,second,2,2,0,3,,,,,,,,
BCS3__Cow_22,Cow_22,2,2026,VAQ,1,first,39,10,1,1,1.0,169.71626312395244,0.2564102564102564,0.3496864438056946,0.4554483890533447,0.15313215553760529,0.0325484499335289,0.009184532798826694
BCS3__Cow_22,Cow_22,2,2026,VAQ,1,second,40,10,1,1,1.0,172.8720273076455,0.25,0.37911614775657654,0.41116467118263245,0.16330836713314056,0.0356312096118927,0.010779592208564281
BCS3__Cow_22_1,Cow_22,2,2026,VAQ,1,first,3,2,0,0,,,,,,,,
BCS3__Cow_22_1,Cow_22,2,2026,VAQ,1,second,4,4,1,0,0.0,171.09428579453942,1.0,0.4640486240386963,0.4120699167251587,0.10456793755292892,0.015140176750719547,0.004173352383077145
BCS4__Cow_10,Cow_10,2,2026,VAQ,2,first,36,9,1,3,3.0,172.21630985676052,0.25,0.04784148931503296,0.11713594943284988,0.3429056406021118,0.4130570888519287,0.07905981689691544
BCS4__Cow_10,Cow_10,2,2026,VAQ,2,second,36,32,1,3,3.0,167.3531618530045,0.8888888888888888,0.03776731714606285,0.10970519483089447,0.33781635761260986,0.43918347358703613,0.07552770525217056
BCS4__Cow_10_2038,Cow_10,2,2026,VAQ,2,first,2,2,0,1,,,,,,,,
BCS4__Cow_10_2038,Cow_10,2,2026,VAQ,2,second,2,2,0,1,,,,,,,,
BCS4__Cow_22_6005,Cow_22,2,2026,VAQ,2,first,2,2,0,2,,,,,,,,
BCS4__Cow_22_6005,Cow_22,2,2026,VAQ,2,second,3,2,0,2,,,,,,,,
BCS4__Cow_30,Cow_30,2,2026,VAQ,2,first,7,4,1,1,1.0,170.3642225349182,0.5714285714285714,0.1150754764676094,0.43408772349357605,0.27268052101135254,0.14525079727172852,0.03290543705224991
BCS4__Cow_30,Cow_30,2,2026,VAQ,2,second,7,0,0,1,,,,,,,,
BCS4__Cow_42,Cow_42,2,2026,VAQ,2,first,13,6,1,3,3.0,170.1643043577007,0.46153846153846156,0.027948124334216118,0.032759103924036026,0.22312383353710175,0.4727315902709961,0.24343734979629517
BCS4__Cow_42,Cow_42,2,2026,VAQ,2,second,14,5,1,3,3.0,168.7018330479923,0.35714285714285715,0.040524426847696304,0.05620056763291359,0.2539021372795105,0.44317641854286194,0.20619650185108185
BCS4__Cow_47_1,Cow_47,2,2026,VAQ,2,first,3,3,1,2,1.0,165.6616691349082,1.0,0.050972312688827515,0.4631722569465637,0.29477885365486145,0.17111721634864807,0.019959397614002228
BCS4__Cow_47_1,Cow_47,2,2026,VAQ,2,second,4,4,1,2,2.0,167.72901295451248,1.0,0.03886021673679352,0.23536677658557892,0.3568679392337799,0.3272215723991394,0.04168343171477318
BCS4__Cow_49,Cow_49,2,2026,VAQ,2,first,4,3,1,2,1.0,160.51190280932127,0.75,0.04493880644440651,0.5178725719451904,0.2657138705253601,0.15450899302959442,0.016965733841061592
BCS4__Cow_49,Cow_49,2,2026,VAQ,2,second,5,4,1,2,2.0,171.35377573323314,0.8,0.0382695347070694,0.19263587892055511,0.3647037446498871,0.35838162899017334,0.04600914567708969
BCS4__Cow_55,Cow_55,2,2026,VAQ,2,first,2,2,0,2,,,,,,,,
BCS4__Cow_55,Cow_55,2,2026,VAQ,2,second,3,2,0,2,,,,,,,,
BCS4__Cow_8,Cow_8,2,2026,VAQ,2,first,19,16,1,3,3.0,169.33989342131102,0.8421052631578947,0.03389422222971916,0.10684748739004135,0.34196433424949646,0.4461546540260315,0.07113933563232422
BCS4__Cow_8,Cow_8,2,2026,VAQ,2,second,20,10,1,3,3.0,170.37019965622022,0.5,0.031978536397218704,0.09084995090961456,0.32892778515815735,0.4674065113067627,0.08083727955818176
BCS4__Cow_9,Cow_9,2,2026,VAQ,2,first,13,10,1,2,2.0,165.60707693826612,0.7692307692307693,0.037276625633239746,0.26951220631599426,0.36233317852020264,0.2991548180580139,0.03172316774725914
BCS4__Cow_9,Cow_9,2,2026,VAQ,2,second,13,9,1,2,2.0,163.28626852803404,0.6923076923076923,0.036088183522224426,0.2688489556312561,0.3571441173553467,0.30537939071655273,0.03253929689526558
BCS5__Cow_10_0029,Cow_10,2,2026,VAQ,3,first,3,2,0,3,,,,,,,,
BCS5__Cow_10_0029,Cow_10,2,2026,VAQ,3,second,4,3,1,3,3.0,171.90375742110592,0.75,0.01627456024289131,0.0314318984746933,0.23801690340042114,0.5610263347625732,0.15325027704238892
BCS5__Cow_24,Cow_24,2,2026,VAQ,3,first,12,6,1,3,3.0,171.30001837958278,0.5,0.03363446146249771,0.08834539353847504,0.31928306818008423,0.4680277705192566,0.09070935100317001
BCS5__Cow_24,Cow_24,2,2026,VAQ,3,second,13,6,1,3,3.0,171.616904682423,0.46153846153846156,0.031170416623353958,0.08234518766403198,0.3180496096611023,0.47832077741622925,0.09011395275592804
BCS5__Cow_24_7022,Cow_24,2,2026,VAQ,3,first,2,2,0,1,,,,,,,,
BCS5__Cow_24_7022,Cow_24,2,2026,VAQ,3,second,2,1,0,1,,,,,,,,
BCS5__Cow_28,Cow_28,2,2026,VAQ,3,first,15,14,1,3,3.0,170.49482846285264,0.9333333333333333,0.039600592106580734,0.13872893154621124,0.35527077317237854,0.4035945236682892,0.06280517578125
BCS5__Cow_28,Cow_28,2,2026,VAQ,3,second,15,14,1,3,3.0,169.84204428054258,0.9333333333333333,0.03654156252741814,0.12253322452306747,0.3475567400455475,0.4250190556049347,0.06834939867258072
BCS5__Cow_28_4024,Cow_28,2,2026,VAQ,3,first,3,2,0,1,,,,,,,,
BCS5__Cow_28_4024,Cow_28,2,2026,VAQ,3,second,3,1,0,1,,,,,,,,
BCS5__Cow_3,Cow_3,2,2026,VAQ,3,first,9,7,1,0,0.0,170.79992864517618,0.7777777777777778,0.9122568964958191,0.06032327190041542,0.024365153163671494,0.0018150380346924067,0.001239737612195313
BCS5__Cow_3,Cow_3,2,2026,VAQ,3,second,10,3,1,0,0.0,172.37723937450326,0.3,0.9030434489250183,0.06707511842250824,0.02649630978703499,0.0020609661005437374,0.0013242147397249937
BCS5__Cow_30_30,Cow_30,2,2026,VAQ,3,first,3,2,0,3,,,,,,,,
BCS5__Cow_30_30,Cow_30,2,2026,VAQ,3,second,4,4,1,3,3.0,172.5049835085633,1.0,0.03343572840094566,0.06950797140598297,0.2884043753147125,0.477784126996994,0.13086776435375214
BCS5__Cow_34,Cow_34,2,2026,VAQ,3,first,20,7,1,2,2.0,171.20187503860788,0.35,0.16272731125354767,0.1004091277718544,0.2832491099834442,0.2626485526561737,0.1909659057855606
BCS5__Cow_34,Cow_34,2,2026,VAQ,3,second,20,2,0,2,,,,,,,,
BCS5__Cow_34_1,Cow_34,2,2026,VAQ,3,first,9,4,1,3,3.0,164.49300765045263,0.4444444444444444,0.08728054910898209,0.1479620784521103,0.3171939551830292,0.32347267866134644,0.12409071624279022
BCS5__Cow_34_1,Cow_34,2,2026,VAQ,3,second,9,0,0,3,,,,,,,,
BCS5__Cow_50,Cow_50,2,2026,VAQ,3,first,19,19,1,2,2.0,173.00417166918672,1.0,0.07679369300603867,0.20009271800518036,0.33823859691619873,0.31486767530441284,0.07000732421875
BCS5__Cow_50,Cow_50,2,2026,VAQ,3,second,20,20,1,2,2.0,173.47441765066134,1.0,0.0790669173002243,0.20610468089580536,0.3392769694328308,0.3074931502342224,0.0680583044886589
BCS5__Cow_50_49,Cow_50,2,2026,VAQ,3,first,1,1,0,3,,,,,,,,
BCS5__Cow_50_49,Cow_50,2,2026,VAQ,3,second,2,2,0,3,,,,,,,,
BCS5__Cow_8_NOTAG,Cow_8,2,2026,VAQ,3,first,3,2,0,3,,,,,,,,
BCS5__Cow_8_NOTAG,Cow_8,2,2026,VAQ,3,second,4,2,0,3,,,,,,,,
BCS6__Cow_18,Cow_18,2,2026,VAQ,4,first,23,14,1,0,0.0,168.67690559642762,0.6086956521739131,0.39257505536079407,0.07804938405752182,0.15303444862365723,0.09738288074731827,0.27895814180374146
BCS6__Cow_18,Cow_18,2,2026,VAQ,4,second,23,19,1,0,0.0,171.81580331821024,0.8260869565217391,0.5016775131225586,0.04391339421272278,0.10467265546321869,0.05922851338982582,0.29050788283348083
BCS6__Cow_18_32,Cow_18,2,2026,VAQ,4,first,28,22,1,4,4.0,172.5739879869971,0.7857142857142857,0.009277679026126862,0.0016753100790083408,0.01579023338854313,0.04936370998620987,0.92389315366745
BCS6__Cow_18_32,Cow_18,2,2026,VAQ,4,second,29,24,1,4,4.0,173.69566006487963,0.8275862068965517,0.007815963588654995,0.001277976669371128,0.013109896332025528,0.042887717485427856,0.9349084496498108
BCS6__Cow_24_08,Cow_24,2,2026,VAQ,4,first,15,6,1,4,4.0,173.43962274306995,0.4,0.06409890204668045,0.007882386445999146,0.040571119636297226,0.05685415863990784,0.830593466758728
BCS6__Cow_24_08,Cow_24,2,2026,VAQ,4,second,16,16,1,4,4.0,173.7365540074403,1.0,0.06975828856229782,0.008377672173082829,0.044625625014305115,0.06078632175922394,0.816452145576477
BCS6__Cow_28_3083,Cow_28,2,2026,VAQ,4,first,23,15,1,4,4.0,172.54620092302903,0.6521739130434783,0.014667383395135403,0.0019384326878935099,0.013846967369318008,0.03338617831468582,0.9361611008644104
BCS6__Cow_28_3083,Cow_28,2,2026,VAQ,4,second,23,3,1,4,4.0,173.9377670211239,0.13043478260869565,0.00798148661851883,0.0007056620670482516,0.006713398266583681,0.01768200285732746,0.9669175148010254
BCS6__Cow_3_25,Cow_3,2,2026,VAQ,4,first,23,2,0,4,,,,,,,,
BCS6__Cow_3_25,Cow_3,2,2026,VAQ,4,second,23,20,1,4,4.0,173.52042940500343,0.8695652173913043,0.014530407264828682,0.0016768068308010697,0.013031216338276863,0.030234841629862785,0.9405267834663391
BCS6__Cow_47_68,Cow_47,2,2026,VAQ,4,first,15,15,1,4,4.0,170.71022282165904,1.0,0.022681448608636856,0.0016567552229389548,0.011764843948185444,0.02021174505352974,0.9436851739883423
BCS6__Cow_47_68,Cow_47,2,2026,VAQ,4,second,16,16,1,4,4.0,171.90265154411452,1.0,0.012475710362195969,0.0008767116232775152,0.007833803072571754,0.01621393859386444,0.9625998139381409
BCS6__Cow_9_1044,Cow_9,2,2026,VAQ,4,first,23,19,1,4,4.0,167.41661613531923,0.8260869565217391,0.008399835787713528,0.0019850637763738632,0.0183648020029068,0.06216652691364288,0.9090837836265564
BCS6__Cow_9_1044,Cow_9,2,2026,VAQ,4,second,23,17,1,4,4.0,167.85517199648052,0.7391304347826086,0.004948864225298166,0.0009191985009238124,0.010514926165342331,0.041023772209882736,0.9425932765007019
BCS2__Cow_21_8029,Cow_21,0,2027,VAQ,0,first,30,15,1,4,4.0,164.0653610753726,0.5,0.37109464406967163,0.0019157171482220292,0.04196839779615402,0.10021258145570755,0.48480868339538574
BCS2__Cow_21_8029,Cow_21,0,2027,VAQ,0,second,31,2,0,4,,,,,,,,
BCS3__Cow_16,Cow_16,0,2027,VAQ,1,first,22,7,1,2,2.0,165.77273861474427,0.3181818181818182,0.00012831662024836987,0.010470040142536163,0.541344404220581,0.4460171163082123,0.0020401200745254755
BCS3__Cow_16,Cow_16,0,2027,VAQ,1,second,22,13,1,2,2.0,163.54724035520573,0.5909090909090909,0.0001033318621921353,0.008381219580769539,0.5258433818817139,0.4636622965335846,0.0020097699016332626
BCS3__Cow_16_1004,Cow_16,0,2027,VAQ,1,first,2,1,0,2,,,,,,,,
BCS3__Cow_16_1004,Cow_16,0,2027,VAQ,1,second,2,2,0,2,,,,,,,,
BCS3__Cow_25_66,Cow_25,0,2027,VAQ,1,first,2,2,0,2,,,,,,,,
BCS3__Cow_25_66,Cow_25,0,2027,VAQ,1,second,3,1,0,2,,,,,,,,
BCS3__Cow_2_1015,Cow_2,0,2027,VAQ,1,first,2,2,0,2,,,,,,,,
BCS3__Cow_2_1015,Cow_2,0,2027,VAQ,1,second,3,2,0,2,,,,,,,,
BCS3__Cow_46,Cow_46,0,2027,VAQ,1,first,30,16,1,1,1.0,166.20161861967796,0.5333333333333333,0.005450598895549774,0.5876407623291016,0.27295398712158203,0.1332455575466156,0.0007090967264957726
BCS3__Cow_46,Cow_46,0,2027,VAQ,1,second,30,1,0,1,,,,,,,,
BCS3__Cow_46_1,Cow_46,0,2027,VAQ,1,first,19,9,1,1,1.0,162.44824920426407,0.47368421052631576,0.005540449172258377,0.9611313343048096,0.021576864644885063,0.011727039702236652,2.4370085156988353e-05
BCS3__Cow_46_1,Cow_46,0,2027,VAQ,1,second,20,0,0,1,,,,,,,,
BCS3__Cow_46_2,Cow_46,0,2027,VAQ,1,first,3,2,0,1,,,,,,,,
BCS3__Cow_46_2,Cow_46,0,2027,VAQ,1,second,3,1,0,1,,,,,,,,
BCS3__Cow_53,Cow_53,0,2027,VAQ,1,first,3,3,1,1,1.0,168.2141197338734,1.0,0.010569725185632706,0.5946000814437866,0.24388259649276733,0.14964289963245392,0.0013046292588114738
BCS3__Cow_53,Cow_53,0,2027,VAQ,1,second,4,0,0,1,,,,,,,,
BCS4__Cow_15_68,Cow_15,0,2027,VAQ,2,first,1,1,0,2,,,,,,,,
BCS4__Cow_15_68,Cow_15,0,2027,VAQ,2,second,2,2,0,2,,,,,,,,
BCS4__Cow_17,Cow_17,0,2027,VAQ,2,first,13,4,1,3,3.0,171.7298640420105,0.3076923076923077,4.07110528612975e-05,0.0036697285249829292,0.48809441924095154,0.5069067478179932,0.0012883642921224236
BCS4__Cow_17,Cow_17,0,2027,VAQ,2,second,13,6,1,3,3.0,172.66973605171208,0.46153846153846156,4.4162734411656857e-05,0.0035989652387797832,0.4759880006313324,0.5189468860626221,0.0014219563454389572
BCS4__Cow_19,Cow_19,0,2027,VAQ,2,first,32,27,1,1,1.0,171.24997480800033,0.84375,0.004590117372572422,0.5594342947006226,0.28173890709877014,0.15333642065525055,0.0009002569713629782
BCS4__Cow_19,Cow_19,0,2027,VAQ,2,second,33,30,1,1,2.0,169.91049239817312,0.9090909090909091,0.003375051775947213,0.3313353359699249,0.4328764081001282,0.23057830333709717,0.001834837719798088
BCS4__Cow_19_0037,Cow_19,0,2027,VAQ,2,first,3,3,1,3,3.0,165.8417344296178,1.0,3.7544508813880384e-05,0.0041517941281199455,0.48151540756225586,0.5130650401115417,0.001230213907547295
BCS4__Cow_19_0037,Cow_19,0,2027,VAQ,2,second,3,2,0,3,,,,,,,,
BCS4__Cow_2,Cow_2,0,2027,VAQ,2,first,7,5,1,3,3.0,174.4267503507631,0.7142857142857143,6.10094539297279e-05,0.0032758163288235664,0.43373435735702515,0.5608856678009033,0.0020431193988770247
BCS4__Cow_2,Cow_2,0,2027,VAQ,2,second,8,8,1,3,3.0,172.83144698751408,1.0,6.606667739106342e-05,0.0036664388608187437,0.43923285603523254,0.555043637752533,0.001991042634472251
BCS4__Cow_23,Cow_23,0,2027,VAQ,2,first,21,10,1,2,2.0,169.2197307476981,0.47619047619047616,0.0004989543813280761,0.035017430782318115,0.5791462659835815,0.3822751045227051,0.003062235889956355
BCS4__Cow_23,Cow_23,0,2027,VAQ,2,second,21,8,1,2,2.0,169.55395232177875,0.38095238095238093,0.0006211819709278643,0.038933973759412766,0.5791478753089905,0.3778381645679474,0.003458767430856824
BCS4__Cow_31,Cow_31,0,2027,VAQ,2,first,6,6,1,1,1.0,169.24219404261424,1.0,0.19505493342876434,0.7765102386474609,0.010511703789234161,0.01785183697938919,7.127853314159438e-05
BCS4__Cow_31,Cow_31,0,2027,VAQ,2,second,7,6,1,1,1.0,169.1895308412586,0.8571428571428571,0.38156911730766296,0.5813327431678772,0.01308814063668251,0.023825734853744507,0.00018433740478940308
BCS4__Cow_32_0035,Cow_32,0,2027,VAQ,2,first,4,4,1,2,2.0,161.37090607601982,1.0,0.0008612998062744737,0.08687019348144531,0.5943787693977356,0.31563901901245117,0.002250752877444029
BCS4__Cow_32_0035,Cow_32,0,2027,VAQ,2,second,4,4,1,2,2.0,168.98920759259374,1.0,0.001807684893719852,0.29854318499565125,0.46839380264282227,0.23029634356498718,0.0009589694091118872
BCS4__Cow_44_1,Cow_44,0,2027,VAQ,2,first,23,7,1,3,3.0,170.64047862721952,0.30434782608695654,5.52067685930524e-05,0.0026989851612597704,0.4429866671562195,0.5523927211761475,0.0018663667142391205
BCS4__Cow_44_1,Cow_44,0,2027,VAQ,2,second,23,15,1,3,3.0,169.04432685258152,0.6521739130434783,0.00026539279497228563,0.008625607937574387,0.4894203543663025,0.4982545077800751,0.0034341036807745695
BCS4__Cow_51,Cow_51,0,2027,VAQ,2,first,2,2,0,2,,,,,,,,
BCS4__Cow_51,Cow_51,0,2027,VAQ,2,second,2,2,0,2,,,,,,,,
BCS4__Cow_51_0035,Cow_51,0,2027,VAQ,2,first,2,2,0,2,,,,,,,,
BCS4__Cow_51_0035,Cow_51,0,2027,VAQ,2,second,3,2,0,2,,,,,,,,
BCS4__Cow_7,Cow_7,0,2027,VAQ,2,first,9,6,1,1,1.0,172.4528014098345,0.6666666666666666,0.003924020566046238,0.652931272983551,0.22849984467029572,0.11422840505838394,0.0004165190039202571
BCS4__Cow_7,Cow_7,0,2027,VAQ,2,second,9,9,1,1,1.0,171.64724716991688,1.0,0.0040339813567698,0.7661940455436707,0.1516878306865692,0.07785944640636444,0.00022476265439763665
BCS5__Cow_15,Cow_15,0,2027,VAQ,3,first,14,13,1,2,2.0,170.03247497541147,0.9285714285714286,0.0008587338961660862,0.05121833458542824,0.5672587156295776,0.3767630159854889,0.003901240648701787
BCS5__Cow_15,Cow_15,0,2027,VAQ,3,second,15,12,1,2,2.0,169.04112874262378,0.8,0.0009616076131351292,0.05427124351263046,0.5661397576332092,0.37438318133354187,0.0042442139238119125
BCS5__Cow_17_17,Cow_17,0,2027,VAQ,3,first,4,3,1,3,3.0,167.7666642351508,0.75,6.449606007663533e-05,0.0035505921114236116,0.4198295474052429,0.5742233991622925,0.00233194837346673
BCS5__Cow_17_17,Cow_17,0,2027,VAQ,3,second,4,3,1,3,3.0,172.05257321065835,0.75,9.227274858858436e-05,0.0034484476782381535,0.38961952924728394,0.6034578680992126,0.0033818441443145275
BCS5__Cow_21,Cow_21,0,2027,VAQ,3,first,13,9,1,3,3.0,171.32780419866927,0.6923076923076923,4.252819417160936e-05,0.0043246266432106495,0.48952606320381165,0.5048090219497681,0.0012977481819689274
BCS5__Cow_21,Cow_21,0,2027,VAQ,3,second,13,9,1,3,3.0,170.68283480431631,0.6923076923076923,4.3700540118152276e-05,0.004540082532912493,0.49545571208000183,0.49870097637176514,0.001259539625607431
BCS5__Cow_23_1067,Cow_23,0,2027,VAQ,3,first,2,2,0,3,,,,,,,,
BCS5__Cow_23_1067,Cow_23,0,2027,VAQ,3,second,3,3,1,3,3.0,170.52493351953348,1.0,8.050399628700688e-05,0.0024809830356389284,0.3593575358390808,0.6344530582427979,0.0036278313491493464
BCS5__Cow_25,Cow_25,0,2027,VAQ,3,first,33,11,1,2,2.0,168.21915999669343,0.3333333333333333,0.002470125211402774,0.17329145967960358,0.5431200861930847,0.27769240736961365,0.0034258596133440733
BCS5__Cow_25,Cow_25,0,2027,VAQ,3,second,33,18,1,2,2.0,167.78498670253768,0.5454545454545454,0.002191077219322324,0.1678367257118225,0.5478062033653259,0.27908357977867126,0.003082417882978916
BCS5__Cow_31_15,Cow_31,0,2027,VAQ,3,first,2,2,0,3,,,,,,,,
BCS5__Cow_31_15,Cow_31,0,2027,VAQ,3,second,2,1,0,3,,,,,,,,
BCS5__Cow_31_2024,Cow_31,0,2027,VAQ,3,first,2,2,0,2,,,,,,,,
BCS5__Cow_31_2024,Cow_31,0,2027,VAQ,3,second,3,3,1,2,2.0,169.94558330610357,1.0,7.606020517414436e-05,0.00834009051322937,0.5198671817779541,0.4703216552734375,0.0013949790736660361
BCS5__Cow_32,Cow_32,0,2027,VAQ,3,first,7,3,1,3,3.0,172.47895182836993,0.42857142857142855,0.0023373342119157314,0.008998095989227295,0.4154338240623474,0.5580766797065735,0.015154018066823483
BCS5__Cow_32,Cow_32,0,2027,VAQ,3,second,8,2,0,3,,,,,,,,
BCS5__Cow_44_3008,Cow_44,0,2027,VAQ,3,first,5,2,0,3,,,,,,,,
BCS5__Cow_44_3008,Cow_44,0,2027,VAQ,3,second,5,1,0,3,,,,,,,,
BCS5__Cow_45,Cow_45,0,2027,VAQ,3,first,12,11,1,3,3.0,169.75955555667923,0.9166666666666666,7.062997610773891e-05,0.003294776426628232,0.43478283286094666,0.5597211718559265,0.0021306194830685854
BCS5__Cow_45,Cow_45,0,2027,VAQ,3,second,13,13,1,3,3.0,170.28695525445863,1.0,5.6262375437654555e-05,0.002882143249735236,0.4320126473903656,0.5631874799728394,0.0018614844884723425
BCS5__Cow_53_30,Cow_53,0,2027,VAQ,3,first,6,0,0,3,,,,,,,,
BCS5__Cow_53_30,Cow_53,0,2027,VAQ,3,second,7,4,1,3,3.0,170.97664565595858,0.5714285714285714,0.0002450469764880836,0.006106292828917503,0.406425803899765,0.581567108631134,0.0056557306088507175
BCS5__Cow_7_6022,Cow_7,0,2027,VAQ,3,first,2,1,0,3,,,,,,,,
BCS5__Cow_7_6022,Cow_7,0,2027,VAQ,3,second,2,2,0,3,,,,,,,,
BCS6__Cow_16_06,Cow_16,0,2027,VAQ,4,first,38,28,1,4,4.0,172.85413511564454,0.7368421052631579,0.0020968138705939054,6.763660621800227e-06,0.006809087935835123,0.04096180573105812,0.950125515460968
BCS6__Cow_16_06,Cow_16,0,2027,VAQ,4,second,38,34,1,4,4.0,172.7047234430375,0.8947368421052632,0.0019274194492027164,7.1232407208299264e-06,0.007494049146771431,0.04543380066752434,0.9451375603675842
BCS6__Cow_19_29,Cow_19,0,2027,VAQ,4,first,30,26,1,4,4.0,171.93427721120312,0.8666666666666667,0.001192606519907713,9.188919648295268e-06,0.015054603107273579,0.09469905495643616,0.8890445232391357
BCS6__Cow_19_29,Cow_19,0,2027,VAQ,4,second,31,26,1,4,4.0,173.26976138784778,0.8387096774193549,0.0010180894751101732,6.326497441477841e-06,0.012392867356538773,0.08230442553758621,0.9042783975601196
BCS6__Cow_2_6006,Cow_2,0,2027,VAQ,4,first,15,15,1,4,4.0,172.7417965819457,1.0,0.0012673435267060995,1.3214998944022227e-06,0.002348091220483184,0.017244545742869377,0.9791386723518372
BCS6__Cow_2_6006,Cow_2,0,2027,VAQ,4,second,16,16,1,4,4.0,171.70556108359614,1.0,0.0012572663836181164,1.2646637514990289e-06,0.0022665620781481266,0.016666043549776077,0.9798088669776917
BCS6__Cow_32_34,Cow_32,0,2027,VAQ,4,first,30,4,1,4,4.0,174.5194799413863,0.13333333333333333,0.004267136100679636,8.725717634661123e-06,0.004332440905272961,0.022121524438261986,0.9692701697349548
BCS6__Cow_32_34,Cow_32,0,2027,VAQ,4,second,31,3,1,4,4.0,173.50613798901162,0.0967741935483871,0.004516668152064085,1.2731508832075633e-05,0.0057612014934420586,0.028383446857333183,0.9613259434700012
BCS6__Cow_36,Cow_36,0,2027,VAQ,4,first,22,18,1,4,4.0,171.97030707515705,0.8181818181818182,0.014161975122988224,2.246266376459971e-06,0.001398742781020701,0.007013292983174324,0.9774237275123596
BCS6__Cow_36,Cow_36,0,2027,VAQ,4,second,23,19,1,4,4.0,172.6305618731255,0.8260869565217391,0.012143946252763271,3.375564347152249e-06,0.0022160063963383436,0.010877326130867004,0.9747592806816101
BCS6__Cow_36_1,Cow_36,0,2027,VAQ,4,first,25,25,1,4,4.0,172.04149234605404,1.0,0.015044954605400562,9.62846606853418e-05,0.03365204855799675,0.11744910478591919,0.8337576985359192
BCS6__Cow_36_1,Cow_36,0,2027,VAQ,4,second,25,21,1,4,4.0,172.4849707664876,0.84,0.011103423312306404,7.91428901720792e-05,0.035026125609874725,0.1297609955072403,0.824030339717865
BCS6__Cow_45_9025,Cow_45,0,2027,VAQ,4,first,23,23,1,4,4.0,167.66243736780427,1.0,0.0016827109502628446,4.068895577802323e-06,0.00540152145549655,0.034506168216466904,0.9584054946899414
BCS6__Cow_45_9025,Cow_45,0,2027,VAQ,4,second,23,8,1,4,4.0,171.78827310706663,0.34782608695652173,0.0011716982116922736,1.1419804195611505e-06,0.002594985766336322,0.018481511622667313,0.9777505397796631
BCS6__Cow_52_29,Cow_52,0,2027,VAQ,4,first,30,24,1,4,4.0,173.87935522312824,0.8,0.0021519483998417854,4.07088964493596e-06,0.004159528762102127,0.026139764115214348,0.9675447344779968
BCS6__Cow_52_29,Cow_52,0,2027,VAQ,4,second,31,31,1,4,4.0,172.58243313145888,1.0,0.002081915270537138,3.602554897952359e-06,0.003658636473119259,0.023334620520472527,0.9709212183952332
BCS6__Cow_7_9008,Cow_7,0,2027,VAQ,4,first,30,13,1,4,4.0,168.7758933629712,0.43333333333333335,0.0008939813706092536,1.3498188309313264e-05,0.029791593551635742,0.17880260944366455,0.7904982566833496
BCS6__Cow_7_9008,Cow_7,0,2027,VAQ,4,second,31,6,1,4,4.0,169.86008953251417,0.1935483870967742,0.0014080355176702142,1.028040423989296e-05,0.015777304768562317,0.09034023433923721,0.8924640417098999
BCS2__Cow_11,Cow_11,1,2027,VAQ,0,first,252,34,1,1,1.0,172.5556313138602,0.1349206349206349,0.003124573500826955,0.4546451270580292,0.34995314478874207,0.18269360065460205,0.009583542123436928
BCS2__Cow_11,Cow_11,1,2027,VAQ,0,second,252,42,1,1,1.0,172.6013977091373,0.16666666666666666,0.003011512104421854,0.46060124039649963,0.3468245565891266,0.18043255805969238,0.009130168706178665
BCS2__Cow_11_1,Cow_11,1,2027,VAQ,0,first,26,0,0,2,,,,,,,,
BCS2__Cow_11_1,Cow_11,1,2027,VAQ,0,second,26,6,1,2,2.0,170.79467556249435,0.23076923076923078,0.0022889815736562014,0.2802870571613312,0.4539940655231476,0.2478681206703186,0.015561793930828571
BCS2__Cow_11_2,Cow_11,1,2027,VAQ,0,first,24,21,1,4,4.0,169.12516074311785,0.875,0.15093518793582916,0.015211232006549835,0.02598978765308857,0.020816737785935402,0.7870470285415649
BCS2__Cow_11_2,Cow_11,1,2027,VAQ,0,second,25,19,1,4,4.0,171.19605184432032,0.76,0.09384670108556747,0.04290899634361267,0.07378780096769333,0.05612653121352196,0.7333300709724426
BCS3__Cow_14,Cow_14,1,2027,VAQ,1,first,8,3,1,2,2.0,162.50616462144322,0.375,0.001663349918089807,0.1654401421546936,0.4654519557952881,0.3351454436779022,0.03229907900094986
BCS3__Cow_14,Cow_14,1,2027,VAQ,1,second,9,1,0,2,,,,,,,,
BCS3__Cow_14_0011,Cow_14,1,2027,VAQ,1,first,3,2,0,2,,,,,,,,
BCS3__Cow_14_0011,Cow_14,1,2027,VAQ,1,second,4,2,0,2,,,,,,,,
BCS3__Cow_6_103,Cow_6,1,2027,VAQ,1,first,2,1,0,1,,,,,,,,
BCS3__Cow_6_103,Cow_6,1,2027,VAQ,1,second,3,3,1,1,1.0,161.55790750344187,1.0,0.009289479814469814,0.6667501330375671,0.2108626812696457,0.1038704365491867,0.009227261878550053
BCS4__Cow_1,Cow_1,1,2027,VAQ,2,first,9,4,1,2,2.0,173.04281162398252,0.4444444444444444,0.00203618872910738,0.17945004999637604,0.4669765532016754,0.32241129875183105,0.029125962406396866
BCS4__Cow_1,Cow_1,1,2027,VAQ,2,second,10,5,1,2,2.0,174.1472652819167,0.5,0.0016656898660585284,0.17300431430339813,0.47450029850006104,0.3249102234840393,0.02591945044696331
BCS4__Cow_26,Cow_26,1,2027,VAQ,2,first,7,3,1,2,2.0,170.32351963776654,0.42857142857142855,0.004030812531709671,0.18439263105392456,0.4387366473674774,0.3280183970928192,0.044821467250585556
BCS4__Cow_26,Cow_26,1,2027,VAQ,2,second,8,4,1,2,2.0,169.86020482669838,0.5,0.003833892522379756,0.19436003267765045,0.4414835572242737,0.3206944465637207,0.03962796926498413
BCS4__Cow_26_5051,Cow_26,1,2027,VAQ,2,first,6,2,0,1,,,,,,,,
BCS4__Cow_26_5051,Cow_26,1,2027,VAQ,2,second,6,3,1,1,1.0,166.41648456959476,0.5,0.006230500992387533,0.6179186105728149,0.24353477358818054,0.12365996837615967,0.008656136691570282
BCS4__Cow_27_9008,Cow_27,1,2027,VAQ,2,first,3,2,0,1,,,,,,,,
BCS4__Cow_27_9008,Cow_27,1,2027,VAQ,2,second,4,2,0,1,,,,,,,,
BCS4__Cow_29_7007,Cow_29,1,2027,VAQ,2,first,2,2,0,1,,,,,,,,
BCS4__Cow_29_7007,Cow_29,1,2027,VAQ,2,second,3,2,0,1,,,,,,,,
BCS4__Cow_33,Cow_33,1,2027,VAQ,2,first,52,16,1,2,2.0,169.794811507377,0.3076923076923077,0.0026540211401879787,0.17909440398216248,0.45600858330726624,0.32803988456726074,0.03420320153236389
BCS4__Cow_33,Cow_33,1,2027,VAQ,2,second,53,5,1,2,2.0,169.01401861688544,0.09433962264150944,0.0022349823266267776,0.17129433155059814,0.4601578712463379,0.33290454745292664,0.03340829163789749
BCS4__Cow_4,Cow_4,1,2027,VAQ,2,first,2,2,0,2,,,,,,,,
BCS4__Cow_4,Cow_4,1,2027,VAQ,2,second,2,2,0,2,,,,,,,,
BCS4__Cow_41,Cow_41,1,2027,VAQ,2,first,30,3,1,2,2.0,173.58252888296627,0.1,0.0019366297638043761,0.1976160705089569,0.46777430176734924,0.3098245859146118,0.022848445922136307
BCS4__Cow_41,Cow_41,1,2027,VAQ,2,second,31,0,0,2,,,,,,,,
BCS4__Cow_48,Cow_48,1,2027,VAQ,2,first,6,0,0,2,,,,,,,,
BCS4__Cow_48,Cow_48,1,2027,VAQ,2,second,7,3,1,2,2.0,170.07276567517712,0.42857142857142855,0.006757155992090702,0.22061067819595337,0.4211665391921997,0.30570945143699646,0.045756254345178604
BCS4__Cow_4_1,Cow_4,1,2027,VAQ,2,first,19,19,1,2,2.0,167.79957045946657,1.0,0.004692418035119772,0.19100446999073029,0.43890997767448425,0.31940093636512756,0.045992184430360794
BCS4__Cow_4_1,Cow_4,1,2027,VAQ,2,second,20,20,1,2,2.0,162.49650676010418,1.0,0.005246184300631285,0.20340953767299652,0.4305035471916199,0.31329965591430664,0.0475410632789135
BCS4__Cow_6,Cow_6,1,2027,VAQ,2,first,21,3,1,2,2.0,169.33535424534642,0.14285714285714285,0.004519814159721136,0.3821326792240143,0.3838092088699341,0.21296922862529755,0.016569066792726517
BCS4__Cow_6,Cow_6,1,2027,VAQ,2,second,21,4,1,2,2.0,168.0633817100955,0.19047619047619047,0.004438539035618305,0.3412737548351288,0.4036259353160858,0.23159322142601013,0.01906849443912506
BCS5__Cow_12_NOTAG,Cow_12,1,2027,VAQ,3,first,2,2,0,2,,,,,,,,
BCS5__Cow_12_NOTAG,Cow_12,1,2027,VAQ,3,second,2,1,0,2,,,,,,,,
BCS5__Cow_13,Cow_13,1,2027,VAQ,3,first,11,9,1,2,2.0,172.19697143162998,0.8181818181818182,0.004271248821169138,0.17374879121780396,0.4381427764892578,0.33468231558799744,0.04915478825569153
BCS5__Cow_13,Cow_13,1,2027,VAQ,3,second,12,11,1,2,2.0,173.49780915168796,0.9166666666666666,0.004694495350122452,0.17810936272144318,0.4362475574016571,0.3319475054740906,0.04900111258029938
BCS5__Cow_13_8001,Cow_13,1,2027,VAQ,3,first,2,1,0,2,,,,,,,,
BCS5__Cow_13_8001,Cow_13,1,2027,VAQ,3,second,2,2,0,2,,,,,,,,
BCS5__Cow_1_27,Cow_1,1,2027,VAQ,3,first,2,1,0,2,,,,,,,,
BCS5__Cow_1_27,Cow_1,1,2027,VAQ,3,second,2,2,0,2,,,,,,,,
BCS5__Cow_27,Cow_27,1,2027,VAQ,3,first,21,11,1,2,2.0,168.83613076599408,0.5238095238095238,0.0025128007400780916,0.1975894272327423,0.4549769163131714,0.31357672810554504,0.031344104558229446
BCS5__Cow_27,Cow_27,1,2027,VAQ,3,second,21,10,1,2,2.0,169.79075233536037,0.47619047619047616,0.0020473042968660593,0.209148108959198,0.4644645154476166,0.3004665672779083,0.023873506113886833
BCS5__Cow_29,Cow_29,1,2027,VAQ,3,first,15,12,1,2,2.0,170.6798081627203,0.8,0.00299235712736845,0.1582714319229126,0.44880908727645874,0.34451988339424133,0.04540717974305153
BCS5__Cow_29,Cow_29,1,2027,VAQ,3,second,15,13,1,2,2.0,171.21781445127687,0.8666666666666667,0.00268021272495389,0.15986792743206024,0.45463743805885315,0.34226199984550476,0.04055233672261238
BCS5__Cow_37,Cow_37,1,2027,VAQ,3,first,14,13,1,2,2.0,171.7284788800338,0.9285714285714286,0.003930171951651573,0.17038927972316742,0.44099873304367065,0.3370635509490967,0.04761825501918793
BCS5__Cow_37,Cow_37,1,2027,VAQ,3,second,14,13,1,2,2.0,171.82204303655806,0.9285714285714286,0.003572029061615467,0.17011097073554993,0.44523167610168457,0.3364104926586151,0.04467489942908287
BCS5__Cow_37_and_38,Cow_37,1,2027,VAQ,3,first,12,3,1,2,2.0,170.93735033593998,0.25,0.0016395183047279716,0.16174407303333282,0.47223734855651855,0.33511483669281006,0.02926424890756607
BCS5__Cow_37_and_38,Cow_37,1,2027,VAQ,3,second,12,0,0,2,,,,,,,,
BCS5__Cow_43,Cow_43,1,2027,VAQ,3,first,19,18,1,2,2.0,170.47077476416072,0.9473684210526315,0.0012686256086453795,0.13057127594947815,0.4746282398700714,0.3565763235092163,0.03695553541183472
BCS5__Cow_43,Cow_43,1,2027,VAQ,3,second,19,19,1,2,2.0,168.14633581369202,1.0,0.0015365100698545575,0.14159245789051056,0.47120678424835205,0.3478931486606598,0.03777109459042549
BCS5__Cow_48_1018,Cow_48,1,2027,VAQ,3,first,1,1,0,2,,,,,,,,
BCS5__Cow_48_1018,Cow_48,1,2027,VAQ,3,second,2,2,0,2,,,,,,,,
BCS5__Cow_54,Cow_54,1,2027,VAQ,3,first,3,3,1,2,2.0,170.27827530308326,1.0,0.004145144019275904,0.19426734745502472,0.4418412148952484,0.3191945254802704,0.04055185243487358
BCS5__Cow_54,Cow_54,1,2027,VAQ,3,second,4,3,1,2,2.0,170.27605091057677,0.75,0.00427324790507555,0.20278619229793549,0.4401457607746124,0.3143565058708191,0.038438331335783005
BCS5__Cow_6_5051,Cow_6,1,2027,VAQ,3,first,2,2,0,2,,,,,,,,
BCS5__Cow_6_5051,Cow_6,1,2027,VAQ,3,second,3,1,0,2,,,,,,,,
BCS6__Cow_11_07,Cow_11,1,2027,VAQ,4,first,20,12,1,4,4.0,172.86655597325085,0.6,0.0035495886113494635,0.002165507758036256,0.013354379683732986,0.008506814017891884,0.9724236726760864
BCS6__Cow_11_07,Cow_11,1,2027,VAQ,4,second,21,15,1,4,4.0,172.87282894786617,0.7142857142857143,0.004010343458503485,0.001983288209885359,0.011996396817266941,0.007536017335951328,0.9744740724563599
BCS6__Cow_12_2014,Cow_12,1,2027,VAQ,4,first,24,19,1,4,4.0,172.3808842485783,0.7916666666666666,0.11210434883832932,0.004406481981277466,0.0099489726126194,0.007279302924871445,0.866260826587677
BCS6__Cow_12_2014,Cow_12,1,2027,VAQ,4,second,25,20,1,4,4.0,173.46500543816205,0.8,0.09392092376947403,0.0054960427805781364,0.012809398584067822,0.00927053578197956,0.8785030841827393
BCS6__Cow_13_66,Cow_13,1,2027,VAQ,4,first,23,5,1,4,4.0,172.0171087398665,0.21739130434782608,0.004287354182451963,0.002055257558822632,0.011187837459146976,0.006736051756888628,0.9757335782051086
BCS6__Cow_13_66,Cow_13,1,2027,VAQ,4,second,23,15,1,4,4.0,169.6996595059602,0.6521739130434783,0.002412344329059124,0.0011217575520277023,0.0076645431108772755,0.0045005446299910545,0.9843007922172546
BCS6__Cow_26_6,Cow_26,1,2027,VAQ,4,first,30,1,0,4,,,,,,,,
BCS6__Cow_26_6,Cow_26,1,2027,VAQ,4,second,31,8,1,4,4.0,172.82806196978373,0.25806451612903225,0.0016965086106210947,0.0012033387320116162,0.009320041164755821,0.005718104541301727,0.982062041759491
BCS6__Cow_29_NOTAG,Cow_29,1,2027,VAQ,4,first,23,16,1,4,4.0,169.1091775327788,0.6956521739130435,0.0023597683757543564,0.0013825643109157681,0.009448233991861343,0.005723321810364723,0.981086015701294
BCS6__Cow_29_NOTAG,Cow_29,1,2027,VAQ,4,second,23,18,1,4,4.0,170.85017686852498,0.782608695652174,0.0030789899174124002,0.0013131937012076378,0.008755067363381386,0.005337633658200502,0.981515109539032
BCS6__Cow_35,Cow_35,1,2027,VAQ,4,first,22,14,1,4,4.0,172.93680770114165,0.6363636363636364,0.007156648673117161,0.0037753283977508545,0.01841905154287815,0.011887814849615097,0.9587611556053162
BCS6__Cow_35,Cow_35,1,2027,VAQ,4,second,23,10,1,4,4.0,173.128046766217,0.43478260869565216,0.006687004119157791,0.0035868247505277395,0.017827743664383888,0.011448399163782597,0.9604500532150269
BCS6__Cow_4_103,Cow_4,1,2027,VAQ,4,first,30,22,1,4,4.0,170.59748584169137,0.7333333333333333,0.00393165135756135,0.0017135638045147061,0.009907500818371773,0.006019119638949633,0.978428065776825
BCS6__Cow_4_103,Cow_4,1,2027,VAQ,4,second,31,25,1,4,4.0,173.1729468654868,0.8064516129032258,0.007689804770052433,0.001838209806010127,0.00882492121309042,0.005557078402489424,0.9760899543762207
BCS2__Cow_5_1,Cow_5,2,2027,VAQ,0,first,23,8,1,4,4.0,171.41654572431042,0.34782608695652173,0.02421848103404045,0.0018853486981242895,0.017084570601582527,0.045638397336006165,0.9111731648445129
BCS2__Cow_5_1,Cow_5,2,2027,VAQ,0,second,23,2,0,4,,,,,,,,
BCS3__Cow_20_0029,Cow_20,2,2027,VAQ,1,first,2,2,0,3,,,,,,,,
BCS3__Cow_20_0029,Cow_20,2,2027,VAQ,1,second,2,2,0,3,,,,,,,,
BCS3__Cow_22,Cow_22,2,2027,VAQ,1,first,39,10,1,1,1.0,169.71626312395244,0.2564102564102564,0.30497413873672485,0.6336700916290283,0.05519809201359749,0.005819143261760473,0.00033855618676170707
BCS3__Cow_22,Cow_22,2,2027,VAQ,1,second,40,10,1,1,1.0,172.8720273076455,0.25,0.3419472277164459,0.5934839248657227,0.058243490755558014,0.005955653265118599,0.0003696964995469898
BCS3__Cow_22_1,Cow_22,2,2027,VAQ,1,first,3,2,0,1,,,,,,,,
BCS3__Cow_22_1,Cow_22,2,2027,VAQ,1,second,4,4,1,1,1.0,171.09428579453942,1.0,0.31528714299201965,0.6216297745704651,0.05679623410105705,0.005921981297433376,0.00036487466422840953
BCS4__Cow_10,Cow_10,2,2027,VAQ,2,first,36,9,1,3,3.0,172.21630985676052,0.25,0.009113841690123081,0.09671425819396973,0.322175532579422,0.5166906714439392,0.055305685847997665
BCS4__Cow_10,Cow_10,2,2027,VAQ,2,second,36,32,1,3,3.0,167.3531618530045,0.8888888888888888,0.00918002612888813,0.095450259745121,0.3179607093334198,0.5200727581977844,0.05733631178736687
BCS4__Cow_10_2038,Cow_10,2,2027,VAQ,2,first,2,2,0,1,,,,,,,,
BCS4__Cow_10_2038,Cow_10,2,2027,VAQ,2,second,2,2,0,1,,,,,,,,
BCS4__Cow_22_6005,Cow_22,2,2027,VAQ,2,first,2,2,0,3,,,,,,,,
BCS4__Cow_22_6005,Cow_22,2,2027,VAQ,2,second,3,2,0,3,,,,,,,,
BCS4__Cow_30,Cow_30,2,2027,VAQ,2,first,7,4,1,3,3.0,170.3642225349182,0.5714285714285714,0.010541562922298908,0.13358508050441742,0.32973113656044006,0.47872334718704224,0.047418929636478424
BCS4__Cow_30,Cow_30,2,2027,VAQ,2,second,7,0,0,3,,,,,,,,
BCS4__Cow_42,Cow_42,2,2027,VAQ,2,first,13,6,1,3,3.0,170.1643043577007,0.46153846153846156,0.009220724925398827,0.02767905779182911,0.19187422096729279,0.555308997631073,0.21591703593730927
BCS4__Cow_42,Cow_42,2,2027,VAQ,2,second,14,5,1,3,3.0,168.7018330479923,0.35714285714285715,0.014516475610435009,0.03833047300577164,0.2105119526386261,0.5083930492401123,0.22824805974960327
BCS4__Cow_47_1,Cow_47,2,2027,VAQ,2,first,3,3,1,3,3.0,165.6616691349082,1.0,0.008770368061959743,0.28090691566467285,0.34455612301826477,0.34684377908706665,0.018922796472907066
BCS4__Cow_47_1,Cow_47,2,2027,VAQ,2,second,4,4,1,3,3.0,167.72901295451248,1.0,0.007193711586296558,0.16326388716697693,0.34765711426734924,0.4532009959220886,0.028684329241514206
BCS4__Cow_49,Cow_49,2,2027,VAQ,2,first,4,3,1,3,3.0,160.51190280932127,0.75,0.009408227168023586,0.26680848002433777,0.33904486894607544,0.3608414828777313,0.02389695681631565
BCS4__Cow_49,Cow_49,2,2027,VAQ,2,second,5,4,1,3,3.0,171.35377573323314,0.8,0.008100547827780247,0.15411245822906494,0.3448730409145355,0.46032604575157166,0.03258790820837021
BCS4__Cow_55,Cow_55,2,2027,VAQ,2,first,2,2,0,3,,,,,,,,
BCS4__Cow_55,Cow_55,2,2027,VAQ,2,second,3,2,0,3,,,,,,,,
BCS4__Cow_8,Cow_8,2,2027,VAQ,2,first,19,16,1,3,3.0,169.33989342131102,0.8421052631578947,0.006627586204558611,0.08646075427532196,0.30603501200675964,0.5511321425437927,0.04974454268813133
BCS4__Cow_8,Cow_8,2,2027,VAQ,2,second,20,10,1,3,3.0,170.37019965622022,0.5,0.006518272217363119,0.08304832875728607,0.29951441287994385,0.5589471459388733,0.05197186395525932
BCS4__Cow_9,Cow_9,2,2027,VAQ,2,first,13,10,1,3,3.0,165.60707693826612,0.7692307692307693,0.0059332768432796,0.15484192967414856,0.355611652135849,0.4584076702594757,0.02520553395152092
BCS4__Cow_9,Cow_9,2,2027,VAQ,2,second,13,9,1,3,3.0,163.28626852803404,0.6923076923076923,0.005710807163268328,0.15320998430252075,0.3525228798389435,0.4627196788787842,0.02583663910627365
BCS5__Cow_10_0029,Cow_10,2,2027,VAQ,3,first,3,2,0,3,,,,,,,,
BCS5__Cow_10_0029,Cow_10,2,2027,VAQ,3,second,4,3,1,3,3.0,171.90375742110592,0.75,0.00969972088932991,0.033443283289670944,0.19593945145606995,0.5603594779968262,0.20055805146694183
BCS5__Cow_24,Cow_24,2,2027,VAQ,3,first,12,6,1,3,3.0,171.30001837958278,0.5,0.010292227379977703,0.11238569021224976,0.3235740065574646,0.498897910118103,0.05485014617443085
BCS5__Cow_24,Cow_24,2,2027,VAQ,3,second,13,6,1,3,3.0,171.616904682423,0.46153846153846156,0.009820918552577496,0.11058631539344788,0.3233092129230499,0.5028226375579834,0.053460922092199326
BCS5__Cow_24_7022,Cow_24,2,2027,VAQ,3,first,2,2,0,2,,,,,,,,
BCS5__Cow_24_7022,Cow_24,2,2027,VAQ,3,second,2,1,0,2,,,,,,,,
BCS5__Cow_28,Cow_28,2,2027,VAQ,3,first,15,14,1,3,3.0,170.49482846285264,0.9333333333333333,0.005219590850174427,0.08072821795940399,0.3013555109500885,0.5689399242401123,0.04375679790973663
BCS5__Cow_28,Cow_28,2,2027,VAQ,3,second,15,14,1,3,3.0,169.84204428054258,0.9333333333333333,0.004847405478358269,0.07499223202466965,0.2933486998081207,0.5819511413574219,0.044860512018203735
BCS5__Cow_28_4024,Cow_28,2,2027,VAQ,3,first,3,2,0,2,,,,,,,,
BCS5__Cow_28_4024,Cow_28,2,2027,VAQ,3,second,3,1,0,2,,,,,,,,
BCS5__Cow_3,Cow_3,2,2027,VAQ,3,first,9,7,1,0,0.0,170.79992864517618,0.7777777777777778,0.9678561687469482,0.026448244228959084,0.005364378914237022,0.0002797050110530108,5.140744906384498e-05
BCS5__Cow_3,Cow_3,2,2027,VAQ,3,second,10,3,1,0,0.0,172.37723937450326,0.3,0.9570813179016113,0.03620317950844765,0.006344289984554052,0.0003221522783860564,4.905033711111173e-05
BCS5__Cow_30_30,Cow_30,2,2027,VAQ,3,first,3,2,0,3,,,,,,,,
BCS5__Cow_30_30,Cow_30,2,2027,VAQ,3,second,4,4,1,3,3.0,172.5049835085633,1.0,0.01560585293918848,0.039777547121047974,0.198820099234581,0.5061485767364502,0.23964795470237732
BCS5__Cow_34,Cow_34,2,2027,VAQ,3,first,20,7,1,0,0.0,171.20187503860788,0.35,0.7002127170562744,0.129336878657341,0.12428200989961624,0.03220956772565842,0.013958849012851715
BCS5__Cow_34,Cow_34,2,2027,VAQ,3,second,20,2,0,0,,,,,,,,
BCS5__Cow_34_1,Cow_34,2,2027,VAQ,3,first,9,4,1,2,2.0,164.49300765045263,0.4444444444444444,0.05603865906596184,0.1449650675058365,0.37473875284194946,0.3263581693172455,0.09789933264255524
BCS5__Cow_34_1,Cow_34,2,2027,VAQ,3,second,9,0,0,2,,,,,,,,
BCS5__Cow_50,Cow_50,2,2027,VAQ,3,first,19,19,1,3,3.0,173.00417166918672,1.0,0.015981990844011307,0.18130800127983093,0.36091887950897217,0.4018067419528961,0.039984311908483505
BCS5__Cow_50,Cow_50,2,2027,VAQ,3,second,20,20,1,3,3.0,173.47441765066134,1.0,0.016849566251039505,0.188883975148201,0.36199212074279785,0.3927774131298065,0.03949692100286484
BCS5__Cow_50_49,Cow_50,2,2027,VAQ,3,first,1,1,0,3,,,,,,,,
BCS5__Cow_50_49,Cow_50,2,2027,VAQ,3,second,2,2,0,3,,,,,,,,
BCS5__Cow_8_NOTAG,Cow_8,2,2027,VAQ,3,first,3,2,0,3,,,,,,,,
BCS5__Cow_8_NOTAG,Cow_8,2,2027,VAQ,3,second,4,2,0,3,,,,,,,,
BCS6__Cow_18,Cow_18,2,2027,VAQ,4,first,23,14,1,4,4.0,168.67690559642762,0.6086956521739131,0.0452137254178524,0.004606383386999369,0.03181455656886101,0.06548229604959488,0.8528830409049988
BCS6__Cow_18,Cow_18,2,2027,VAQ,4,second,23,19,1,4,4.0,171.81580331821024,0.8260869565217391,0.04003210365772247,0.003552862908691168,0.027409318834543228,0.05970429629087448,0.8693013787269592
BCS6__Cow_18_32,Cow_18,2,2027,VAQ,4,first,28,22,1,4,4.0,172.5739879869971,0.7857142857142857,0.00801978912204504,0.0005328691913746297,0.008500482887029648,0.03337748348712921,0.9495694041252136
BCS6__Cow_18_32,Cow_18,2,2027,VAQ,4,second,29,24,1,4,4.0,173.69566006487963,0.8275862068965517,0.008361399173736572,0.0004971990128979087,0.007932753302156925,0.03058716468513012,0.9526215195655823
BCS6__Cow_24_08,Cow_24,2,2027,VAQ,4,first,15,6,1,4,4.0,173.43962274306995,0.4,0.07306637614965439,0.0015094380360096693,0.012228121981024742,0.025563428178429604,0.8876326680183411
BCS6__Cow_24_08,Cow_24,2,2027,VAQ,4,second,16,16,1,4,4.0,173.7365540074403,1.0,0.07181770354509354,0.0019134097965434194,0.01499025709927082,0.030689390376210213,0.8805891871452332
BCS6__Cow_28_3083,Cow_28,2,2027,VAQ,4,first,23,15,1,4,4.0,172.54620092302903,0.6521739130434783,0.011936109513044357,0.0006186669925227761,0.008723068051040173,0.030320916324853897,0.948401153087616
BCS6__Cow_28_3083,Cow_28,2,2027,VAQ,4,second,23,3,1,4,4.0,173.9377670211239,0.13043478260869565,0.010232886299490929,0.00023498717928305268,0.004023073706775904,0.015110214240849018,0.9703989624977112
BCS6__Cow_3_25,Cow_3,2,2027,VAQ,4,first,23,2,0,4,,,,,,,,
BCS6__Cow_3_25,Cow_3,2,2027,VAQ,4,second,23,20,1,4,4.0,173.52042940500343,0.8695652173913043,0.020673753693699837,0.0006326349102891982,0.0075910938903689384,0.023030593991279602,0.9480718374252319
BCS6__Cow_47_68,Cow_47,2,2027,VAQ,4,first,15,15,1,4,4.0,170.71022282165904,1.0,0.007288805209100246,0.0001437673345208168,0.003034610766917467,0.012540586292743683,0.976992130279541
BCS6__Cow_47_68,Cow_47,2,2027,VAQ,4,second,16,16,1,4,4.0,171.90265154411452,1.0,0.006715639494359493,0.00010702110739657655,0.00246683182194829,0.010495304130017757,0.9802151918411255
BCS6__Cow_9_1044,Cow_9,2,2027,VAQ,4,first,23,19,1,4,4.0,167.41661613531923,0.8260869565217391,0.006753787398338318,0.0004553726757876575,0.007744964677840471,0.032161712646484375,0.9528841376304626
BCS6__Cow_9_1044,Cow_9,2,2027,VAQ,4,second,23,17,1,4,4.0,167.85517199648052,0.7391304347826086,0.007357582915574312,0.0003228977438993752,0.005700182635337114,0.02301117591559887,0.9636081457138062
BCS2__Cow_21_8029,Cow_21,0,2028,VAQ,0,first,30,15,1,0,0.0,164.0653610753726,0.5,0.9734655618667603,0.0009355759248137474,0.005314383655786514,0.004815275780856609,0.015469197183847427
BCS2__Cow_21_8029,Cow_21,0,2028,VAQ,0,second,31,2,0,0,,,,,,,,
BCS3__Cow_16,Cow_16,0,2028,VAQ,1,first,22,7,1,2,2.0,165.77273861474427,0.3181818181818182,0.00020594782836269587,0.0048994095996022224,0.5834448337554932,0.4105924367904663,0.0008573986124247313
BCS3__Cow_16,Cow_16,0,2028,VAQ,1,second,22,13,1,2,2.0,163.54724035520573,0.5909090909090909,0.00015274342149496078,0.0039003731217235327,0.5780224204063416,0.417118638753891,0.0008057791856117547
BCS3__Cow_16_1004,Cow_16,0,2028,VAQ,1,first,2,1,0,1,,,,,,,,
BCS3__Cow_16_1004,Cow_16,0,2028,VAQ,1,second,2,2,0,1,,,,,,,,
BCS3__Cow_25_66,Cow_25,0,2028,VAQ,1,first,2,2,0,2,,,,,,,,
BCS3__Cow_25_66,Cow_25,0,2028,VAQ,1,second,3,1,0,2,,,,,,,,
BCS3__Cow_2_1015,Cow_2,0,2028,VAQ,1,first,2,2,0,2,,,,,,,,
BCS3__Cow_2_1015,Cow_2,0,2028,VAQ,1,second,3,2,0,2,,,,,,,,
BCS3__Cow_46,Cow_46,0,2028,VAQ,1,first,30,16,1,1,1.0,166.20161861967796,0.5333333333333333,0.00523289805278182,0.8380393385887146,0.10677427798509598,0.049872126430273056,8.131685171974823e-05
BCS3__Cow_46,Cow_46,0,2028,VAQ,1,second,30,1,0,1,,,,,,,,
BCS3__Cow_46_1,Cow_46,0,2028,VAQ,1,first,19,9,1,1,1.0,162.44824920426407,0.47368421052631576,0.005599857773631811,0.9809138178825378,0.007953175343573093,0.005527995061129332,5.234490799921332e-06
BCS3__Cow_46_1,Cow_46,0,2028,VAQ,1,second,20,0,0,1,,,,,,,,
BCS3__Cow_46_2,Cow_46,0,2028,VAQ,1,first,3,2,0,1,,,,,,,,
BCS3__Cow_46_2,Cow_46,0,2028,VAQ,1,second,3,1,0,1,,,,,,,,
BCS3__Cow_53,Cow_53,0,2028,VAQ,1,first,3,3,1,1,1.0,168.2141197338734,1.0,0.00871332734823227,0.9234107732772827,0.041677169501781464,0.026123536750674248,7.5207331974525e-05
BCS3__Cow_53,Cow_53,0,2028,VAQ,1,second,4,0,0,1,,,,,,,,
BCS4__Cow_15_68,Cow_15,0,2028,VAQ,2,first,1,1,0,2,,,,,,,,
BCS4__Cow_15_68,Cow_15,0,2028,VAQ,2,second,2,2,0,2,,,,,,,,
BCS4__Cow_17,Cow_17,0,2028,VAQ,2,first,13,4,1,2,2.0,171.7298640420105,0.3076923076923077,6.589997792616487e-05,0.0009998776949942112,0.5226812958717346,0.47568079829216003,0.0005721889901906252
BCS4__Cow_17,Cow_17,0,2028,VAQ,2,second,13,6,1,2,2.0,172.66973605171208,0.46153846153846156,7.680776616325602e-05,0.0011358052724972367,0.5149219632148743,0.48324623703956604,0.0006191444117575884
BCS4__Cow_19,Cow_19,0,2028,VAQ,2,first,32,27,1,1,1.0,171.24997480800033,0.84375,0.013830550014972687,0.8854600191116333,0.0563620999455452,0.044174592941999435,0.00017275891150347888
BCS4__Cow_19,Cow_19,0,2028,VAQ,2,second,33,30,1,1,1.0,169.91049239817312,0.9090909090909091,0.013219542801380157,0.7842717170715332,0.12070717662572861,0.08136549592018127,0.0004360849561635405
BCS4__Cow_19_0037,Cow_19,0,2028,VAQ,2,first,3,3,1,2,2.0,165.8417344296178,1.0,4.261016147211194e-05,0.00145583669655025,0.5473106503486633,0.4508039355278015,0.000386958010494709
BCS4__Cow_19_0037,Cow_19,0,2028,VAQ,2,second,3,2,0,2,,,,,,,,
BCS4__Cow_2,Cow_2,0,2028,VAQ,2,first,7,5,1,3,3.0,174.4267503507631,0.7142857142857143,0.0002787560224533081,0.0007659889524802566,0.40377551317214966,0.592286229133606,0.0028935219161212444
BCS4__Cow_2,Cow_2,0,2028,VAQ,2,second,8,8,1,3,3.0,172.83144698751408,1.0,0.0003115119761787355,0.0010088715935125947,0.4050586521625519,0.590882420539856,0.0027384378481656313
BCS4__Cow_23,Cow_23,0,2028,VAQ,2,first,21,10,1,2,2.0,169.2197307476981,0.47619047619047616,0.0010740800062194467,0.033539336174726486,0.6417274475097656,0.32254844903945923,0.0011107099708169699
BCS4__Cow_23,Cow_23,0,2028,VAQ,2,second,21,8,1,2,2.0,169.55395232177875,0.38095238095238093,0.0012492190580815077,0.03440679609775543,0.6396217942237854,0.32346153259277344,0.001260611112229526
BCS4__Cow_31,Cow_31,0,2028,VAQ,2,first,6,6,1,0,0.0,169.24219404261424,1.0,0.6092043519020081,0.37896016240119934,0.004999605007469654,0.006781384814530611,5.4507359891431406e-05
BCS4__Cow_31,Cow_31,0,2028,VAQ,2,second,7,6,1,0,0.0,169.1895308412586,0.8571428571428571,0.849415123462677,0.13652671873569489,0.00593403959646821,0.007884385995566845,0.00023973284987732768
BCS4__Cow_32_0035,Cow_32,0,2028,VAQ,2,first,4,4,1,1,1.0,161.37090607601982,1.0,0.0038474833127111197,0.6987809538841248,0.21060273051261902,0.08659902960062027,0.000169839448062703
BCS4__Cow_32_0035,Cow_32,0,2028,VAQ,2,second,4,4,1,1,1.0,168.98920759259374,1.0,0.0038656783290207386,0.8820393681526184,0.0752834677696228,0.03875124081969261,6.030085205566138e-05
BCS4__Cow_44_1,Cow_44,0,2028,VAQ,2,first,23,7,1,2,2.0,170.64047862721952,0.30434782608695654,0.0002134660171577707,0.0022861442994326353,0.5578108429908752,0.438920259475708,0.0007692949147894979
BCS4__Cow_44_1,Cow_44,0,2028,VAQ,2,second,23,15,1,2,2.0,169.04432685258152,0.6521739130434783,0.0002579570864327252,0.003023662604391575,0.5524304509162903,0.4433627724647522,0.0009252107702195644
BCS4__Cow_51,Cow_51,0,2028,VAQ,2,first,2,2,0,2,,,,,,,,
BCS4__Cow_51,Cow_51,0,2028,VAQ,2,second,2,2,0,2,,,,,,,,
BCS4__Cow_51_0035,Cow_51,0,2028,VAQ,2,first,2,2,0,3,,,,,,,,
BCS4__Cow_51_0035,Cow_51,0,2028,VAQ,2,second,3,2,0,3,,,,,,,,
BCS4__Cow_7,Cow_7,0,2028,VAQ,2,first,9,6,1,1,1.0,172.4528014098345,0.6666666666666666,0.005442408379167318,0.9532973766326904,0.02480442076921463,0.016436060890555382,1.976488420041278e-05
BCS4__Cow_7,Cow_7,0,2028,VAQ,2,second,9,9,1,1,1.0,171.64724716991688,1.0,0.004602283239364624,0.9659052491188049,0.017301194369792938,0.012179604731500149,1.1756005733332131e-05
BCS5__Cow_15,Cow_15,0,2028,VAQ,3,first,14,13,1,2,2.0,170.03247497541147,0.9285714285714286,0.0016464204527437687,0.05748341977596283,0.6167967915534973,0.32273781299591064,0.0013355616247281432
BCS5__Cow_15,Cow_15,0,2028,VAQ,3,second,15,12,1,2,2.0,169.04112874262378,0.8,0.0021182899363338947,0.07541457563638687,0.6168630123138428,0.3040931224822998,0.00151100754737854
BCS5__Cow_17_17,Cow_17,0,2028,VAQ,3,first,4,3,1,3,3.0,167.7666642351508,0.75,5.3866013331571594e-05,0.00028510112315416336,0.3901180326938629,0.6078017354011536,0.0017412722809240222
BCS5__Cow_17_17,Cow_17,0,2028,VAQ,3,second,4,3,1,3,3.0,172.05257321065835,0.75,5.9668516769306734e-05,0.00017580318672116846,0.3524894416332245,0.6446588635444641,0.002616129582747817
BCS5__Cow_21,Cow_21,0,2028,VAQ,3,first,13,9,1,2,2.0,171.32780419866927,0.6923076923076923,0.00010409195238025859,0.002461270662024617,0.5483618378639221,0.4484729468822479,0.0005998320993967354
BCS5__Cow_21,Cow_21,0,2028,VAQ,3,second,13,9,1,2,2.0,170.68283480431631,0.6923076923076923,9.374314686283469e-05,0.002348648849874735,0.5548819899559021,0.44213974475860596,0.0005358453490771353
BCS5__Cow_23_1067,Cow_23,0,2028,VAQ,3,first,2,2,0,3,,,,,,,,
BCS5__Cow_23_1067,Cow_23,0,2028,VAQ,3,second,3,3,1,3,3.0,170.52493351953348,1.0,6.287213909672573e-05,0.00019144378893543035,0.35378438234329224,0.64320969581604,0.002751576714217663
BCS5__Cow_25,Cow_25,0,2028,VAQ,3,first,33,11,1,1,1.0,168.21915999669343,0.3333333333333333,0.00970923900604248,0.45972925424575806,0.35057100653648376,0.17868226766586304,0.0013082678196951747
BCS5__Cow_25,Cow_25,0,2028,VAQ,3,second,33,18,1,1,2.0,167.78498670253768,0.5454545454545454,0.0077806757763028145,0.39107245206832886,0.4030480980873108,0.19677691161632538,0.0013217977248132229
BCS5__Cow_31_15,Cow_31,0,2028,VAQ,3,first,2,2,0,3,,,,,,,,
BCS5__Cow_31_15,Cow_31,0,2028,VAQ,3,second,2,1,0,3,,,,,,,,
BCS5__Cow_31_2024,Cow_31,0,2028,VAQ,3,first,2,2,0,2,,,,,,,,
BCS5__Cow_31_2024,Cow_31,0,2028,VAQ,3,second,3,3,1,2,2.0,169.94558330610357,1.0,0.00012700755905825645,0.005835278425365686,0.6026479005813599,0.39096876978874207,0.0004210597835481167
BCS5__Cow_32,Cow_32,0,2028,VAQ,3,first,7,3,1,2,2.0,172.47895182836993,0.42857142857142855,0.054096050560474396,0.017765073105692863,0.4754164516925812,0.4408636689186096,0.011858797632157803
BCS5__Cow_32,Cow_32,0,2028,VAQ,3,second,8,2,0,2,,,,,,,,
BCS5__Cow_44_3008,Cow_44,0,2028,VAQ,3,first,5,2,0,3,,,,,,,,
BCS5__Cow_44_3008,Cow_44,0,2028,VAQ,3,second,5,1,0,3,,,,,,,,
BCS5__Cow_45,Cow_45,0,2028,VAQ,3,first,12,11,1,3,2.0,169.75955555667923,0.9166666666666666,9.670456347521394e-05,0.0011400207877159119,0.4996092915534973,0.4984528720378876,0.0007010512636043131
BCS5__Cow_45,Cow_45,0,2028,VAQ,3,second,13,13,1,3,3.0,170.28695525445863,1.0,9.155261795967817e-05,0.0010795012349262834,0.4943540692329407,0.5038245916366577,0.0006502379546873271
BCS5__Cow_53_30,Cow_53,0,2028,VAQ,3,first,6,0,0,3,,,,,,,,
BCS5__Cow_53_30,Cow_53,0,2028,VAQ,3,second,7,4,1,3,3.0,170.97664565595858,0.5714285714285714,0.00016919644258450717,0.00047511456068605185,0.37566864490509033,0.6192104816436768,0.00447646901011467
BCS5__Cow_7_6022,Cow_7,0,2028,VAQ,3,first,2,1,0,2,,,,,,,,
BCS5__Cow_7_6022,Cow_7,0,2028,VAQ,3,second,2,2,0,2,,,,,,,,
BCS6__Cow_16_06,Cow_16,0,2028,VAQ,4,first,38,28,1,4,4.0,172.85413511564454,0.7368421052631579,0.0005102520808577538,1.997565846068028e-07,0.013115967623889446,0.008708824403584003,0.9776647686958313
BCS6__Cow_16_06,Cow_16,0,2028,VAQ,4,second,38,34,1,4,4.0,172.7047234430375,0.8947368421052632,0.0004287382762413472,1.4775896772789565e-07,0.011720036156475544,0.008013976737856865,0.9798370003700256
BCS6__Cow_19_29,Cow_19,0,2028,VAQ,4,first,30,26,1,4,4.0,171.93427721120312,0.8666666666666667,0.00014004961121827364,1.0674433781332482e-07,0.05940019339323044,0.05175646021962166,0.8887031674385071
BCS6__Cow_19_29,Cow_19,0,2028,VAQ,4,second,31,26,1,4,4.0,173.26976138784778,0.8387096774193549,0.00010997762728948146,5.7093007654884786e-08,0.04440850391983986,0.03783096373081207,0.917650580406189
BCS6__Cow_2_6006,Cow_2,0,2028,VAQ,4,first,15,15,1,4,4.0,172.7417965819457,1.0,0.00019654104835353792,1.3277379196097172e-08,0.0024983531329780817,0.001436193473637104,0.9958688020706177
BCS6__Cow_2_6006,Cow_2,0,2028,VAQ,4,second,16,16,1,4,4.0,171.70556108359614,1.0,0.00022096150496508926,1.4097179423799844e-08,0.0021564995404332876,0.0011825340334326029,0.9964399933815002
BCS6__Cow_32_34,Cow_32,0,2028,VAQ,4,first,30,4,1,4,4.0,174.5194799413863,0.13333333333333333,0.0006873789243400097,2.1880005363072996e-07,0.009814584627747536,0.005765043199062347,0.9837327599525452
BCS6__Cow_32_34,Cow_32,0,2028,VAQ,4,second,31,3,1,4,4.0,173.50613798901162,0.0967741935483871,0.0008903396083042026,3.778358745876176e-07,0.011012858711183071,0.0065520647913217545,0.9815443754196167
BCS6__Cow_36,Cow_36,0,2028,VAQ,4,first,22,18,1,4,4.0,171.97030707515705,0.8181818181818182,0.008483020588755608,2.651542843068455e-07,0.0022203903645277023,0.0010485696839168668,0.988247811794281
BCS6__Cow_36,Cow_36,0,2028,VAQ,4,second,23,19,1,4,4.0,172.6305618731255,0.8260869565217391,0.00821052398532629,6.657814992649946e-07,0.005525983404368162,0.00284068426117301,0.9834221005439758
BCS6__Cow_36_1,Cow_36,0,2028,VAQ,4,first,25,25,1,4,4.0,172.04149234605404,1.0,0.02214599959552288,0.00011212797107873484,0.17683178186416626,0.12687990069389343,0.6740301847457886
BCS6__Cow_36_1,Cow_36,0,2028,VAQ,4,second,25,21,1,4,4.0,172.4849707664876,0.84,0.02078639715909958,7.18248265911825e-05,0.15137550234794617,0.10316624492406845,0.7246000170707703
BCS6__Cow_45_9025,Cow_45,0,2028,VAQ,4,first,23,23,1,4,4.0,167.66243736780427,1.0,0.0005384687683545053,4.988132786820643e-07,0.03155690059065819,0.021765926852822304,0.946138322353363
BCS6__Cow_45_9025,Cow_45,0,2028,VAQ,4,second,23,8,1,4,4.0,171.78827310706663,0.34782608695652173,0.0002108061598846689,2.9716016314296212e-08,0.007323733530938625,0.004182334057986736,0.9882832169532776
BCS6__Cow_52_29,Cow_52,0,2028,VAQ,4,first,30,24,1,4,4.0,173.87935522312824,0.8,0.0008093276410363615,6.021899139341258e-07,0.02118164300918579,0.01525810919702053,0.9627503156661987
BCS6__Cow_52_29,Cow_52,0,2028,VAQ,4,second,31,31,1,4,4.0,172.58243313145888,1.0,0.000731001200620085,5.360649311114685e-07,0.021062634885311127,0.015452539548277855,0.9627532958984375
BCS6__Cow_7_9008,Cow_7,0,2028,VAQ,4,first,30,13,1,4,4.0,168.7758933629712,0.43333333333333335,0.00017818526248447597,1.8969105042287993e-07,0.07812187075614929,0.06333757936954498,0.8583621978759766
BCS6__Cow_7_9008,Cow_7,0,2028,VAQ,4,second,31,6,1,4,4.0,169.86008953251417,0.1935483870967742,0.0005310002015903592,2.7512044198374497e-07,0.020944906398653984,0.013209789991378784,0.9653140306472778
BCS2__Cow_11,Cow_11,1,2028,VAQ,0,first,252,34,1,1,2.0,172.5556313138602,0.1349206349206349,0.18125982582569122,0.2258959859609604,0.2269878387451172,0.20927609503269196,0.15658025443553925
BCS2__Cow_11,Cow_11,1,2028,VAQ,0,second,252,42,1,1,2.0,172.6013977091373,0.16666666666666666,0.18002872169017792,0.22549709677696228,0.22726131975650787,0.20958776772022247,0.15762503445148468
BCS2__Cow_11_1,Cow_11,1,2028,VAQ,0,first,26,0,0,2,,,,,,,,
BCS2__Cow_11_1,Cow_11,1,2028,VAQ,0,second,26,6,1,2,2.0,170.79467556249435,0.23076923076923078,0.1627383679151535,0.21697956323623657,0.2347228080034256,0.2187950313091278,0.1667643040418625
BCS2__Cow_11_2,Cow_11,1,2028,VAQ,0,first,24,21,1,0,0.0,169.12516074311785,0.875,0.29814964532852173,0.215158149600029,0.17048917710781097,0.15860404074192047,0.15759892761707306
BCS2__Cow_11_2,Cow_11,1,2028,VAQ,0,second,25,19,1,0,1.0,171.19605184432032,0.76,0.22298972308635712,0.22464391589164734,0.20630291104316711,0.19024653732776642,0.1558169722557068
BCS3__Cow_14,Cow_14,1,2028,VAQ,1,first,8,3,1,2,2.0,162.50616462144322,0.375,0.15866132080554962,0.22424019873142242,0.22855643928050995,0.22044765949249268,0.1680944412946701
BCS3__Cow_14,Cow_14,1,2028,VAQ,1,second,9,1,0,2,,,,,,,,
BCS3__Cow_14_0011,Cow_14,1,2028,VAQ,1,first,3,2,0,1,,,,,,,,
BCS3__Cow_14_0011,Cow_14,1,2028,VAQ,1,second,4,2,0,1,,,,,,,,
BCS3__Cow_6_103,Cow_6,1,2028,VAQ,1,first,2,1,0,1,,,,,,,,
BCS3__Cow_6_103,Cow_6,1,2028,VAQ,1,second,3,3,1,1,1.0,161.55790750344187,1.0,0.24221105873584747,0.2549872100353241,0.19241777062416077,0.18754059076309204,0.12284333258867264
BCS4__Cow_1,Cow_1,1,2028,VAQ,2,first,9,4,1,2,2.0,173.04281162398252,0.4444444444444444,0.14733174443244934,0.20489756762981415,0.24137528240680695,0.22316250205039978,0.18323294818401337
BCS4__Cow_1,Cow_1,1,2028,VAQ,2,second,10,5,1,2,2.0,174.1472652819167,0.5,0.14444108307361603,0.20357759296894073,0.24428175389766693,0.2243279665708542,0.18337155878543854
BCS4__Cow_26,Cow_26,1,2028,VAQ,2,first,7,3,1,2,2.0,170.32351963776654,0.42857142857142855,0.15486536920070648,0.2117064893245697,0.2351955771446228,0.2208290845155716,0.1774034947156906
BCS4__Cow_26,Cow_26,1,2028,VAQ,2,second,8,4,1,2,2.0,169.86020482669838,0.5,0.1530742645263672,0.21029305458068848,0.23517060279846191,0.22210648655891418,0.17935562133789062
BCS4__Cow_26_5051,Cow_26,1,2028,VAQ,2,first,6,2,0,0,,,,,,,,
BCS4__Cow_26_5051,Cow_26,1,2028,VAQ,2,second,6,3,1,0,0.0,166.41648456959476,0.5,0.29441961646080017,0.25875425338745117,0.17053978145122528,0.16832581162452698,0.1079605296254158
BCS4__Cow_27_9008,Cow_27,1,2028,VAQ,2,first,3,2,0,0,,,,,,,,
BCS4__Cow_27_9008,Cow_27,1,2028,VAQ,2,second,4,2,0,0,,,,,,,,
BCS4__Cow_29_7007,Cow_29,1,2028,VAQ,2,first,2,2,0,0,,,,,,,,
BCS4__Cow_29_7007,Cow_29,1,2028,VAQ,2,second,3,2,0,0,,,,,,,,
BCS4__Cow_33,Cow_33,1,2028,VAQ,2,first,52,16,1,2,2.0,169.794811507377,0.3076923076923077,0.14853495359420776,0.20491062104701996,0.23375628888607025,0.22469156980514526,0.18810661137104034
BCS4__Cow_33,Cow_33,1,2028,VAQ,2,second,53,5,1,2,2.0,169.01401861688544,0.09433962264150944,0.14918652176856995,0.21042615175247192,0.23538699746131897,0.22322317957878113,0.1817772090435028
BCS4__Cow_4,Cow_4,1,2028,VAQ,2,first,2,2,0,2,,,,,,,,
BCS4__Cow_4,Cow_4,1,2028,VAQ,2,second,2,2,0,2,,,,,,,,
BCS4__Cow_41,Cow_41,1,2028,VAQ,2,first,30,3,1,2,2.0,173.58252888296627,0.1,0.1491715908050537,0.2093503326177597,0.24150142073631287,0.22276191413402557,0.17721478641033173
BCS4__Cow_41,Cow_41,1,2028,VAQ,2,second,31,0,0,2,,,,,,,,
BCS4__Cow_48,Cow_48,1,2028,VAQ,2,first,6,0,0,2,,,,,,,,
BCS4__Cow_48,Cow_48,1,2028,VAQ,2,second,7,3,1,2,2.0,170.07276567517712,0.42857142857142855,0.15956437587738037,0.2173299640417099,0.2360048145055771,0.2185167521238327,0.16858403384685516
BCS4__Cow_4_1,Cow_4,1,2028,VAQ,2,first,19,19,1,2,2.0,167.79957045946657,1.0,0.14482246339321136,0.20388929545879364,0.23597809672355652,0.22553010284900665,0.18978002667427063
BCS4__Cow_4_1,Cow_4,1,2028,VAQ,2,second,20,20,1,2,2.0,162.49650676010418,1.0,0.14642490446567535,0.20810356736183167,0.23289981484413147,0.22427886724472046,0.18829284608364105
BCS4__Cow_6,Cow_6,1,2028,VAQ,2,first,21,3,1,2,2.0,169.33535424534642,0.14285714285714285,0.1685633361339569,0.21749791502952576,0.22849343717098236,0.21500392258167267,0.17044144868850708
BCS4__Cow_6,Cow_6,1,2028,VAQ,2,second,21,4,1,2,2.0,168.0633817100955,0.19047619047619047,0.16287685930728912,0.21356461942195892,0.22931678593158722,0.2180158942937851,0.17622588574886322
BCS5__Cow_12_NOTAG,Cow_12,1,2028,VAQ,3,first,2,2,0,2,,,,,,,,
BCS5__Cow_12_NOTAG,Cow_12,1,2028,VAQ,3,second,2,1,0,2,,,,,,,,
BCS5__Cow_13,Cow_13,1,2028,VAQ,3,first,11,9,1,2,2.0,172.19697143162998,0.8181818181818182,0.14656789600849152,0.20587460696697235,0.24020995199680328,0.2228141874074936,0.18453331291675568
BCS5__Cow_13,Cow_13,1,2028,VAQ,3,second,12,11,1,2,2.0,173.49780915168796,0.9166666666666666,0.14646531641483307,0.20624902844429016,0.24223564565181732,0.22292964160442352,0.18212038278579712
BCS5__Cow_13_8001,Cow_13,1,2028,VAQ,3,first,2,1,0,1,,,,,,,,
BCS5__Cow_13_8001,Cow_13,1,2028,VAQ,3,second,2,2,0,1,,,,,,,,
BCS5__Cow_1_27,Cow_1,1,2028,VAQ,3,first,2,1,0,2,,,,,,,,
BCS5__Cow_1_27,Cow_1,1,2028,VAQ,3,second,2,2,0,2,,,,,,,,
BCS5__Cow_27,Cow_27,1,2028,VAQ,3,first,21,11,1,2,2.0,168.83613076599408,0.5238095238095238,0.15839311480522156,0.2110435962677002,0.22972643375396729,0.22401069104671478,0.17682622373104095
BCS5__Cow_27,Cow_27,1,2028,VAQ,3,second,21,10,1,2,2.0,169.79075233536037,0.47619047619047616,0.15539699792861938,0.2102632224559784,0.23383280634880066,0.22483302652835846,0.17567391693592072
BCS5__Cow_29,Cow_29,1,2028,VAQ,3,first,15,12,1,2,2.0,170.6798081627203,0.8,0.1447276622056961,0.2054574191570282,0.23948287963867188,0.22434720396995544,0.1859847903251648
BCS5__Cow_29,Cow_29,1,2028,VAQ,3,second,15,13,1,2,2.0,171.21781445127687,0.8666666666666667,0.14259476959705353,0.20488934218883514,0.24156610667705536,0.2252391278743744,0.18571065366268158
BCS5__Cow_37,Cow_37,1,2028,VAQ,3,first,14,13,1,2,2.0,171.7284788800338,0.9285714285714286,0.14520567655563354,0.20252607762813568,0.2384587824344635,0.22395910322666168,0.1898503303527832
BCS5__Cow_37,Cow_37,1,2028,VAQ,3,second,14,13,1,2,2.0,171.82204303655806,0.9285714285714286,0.14401163160800934,0.2028142213821411,0.239786759018898,0.22475863993167877,0.18862879276275635
BCS5__Cow_37_and_38,Cow_37,1,2028,VAQ,3,first,12,3,1,2,2.0,170.93735033593998,0.25,0.14407560229301453,0.21002960205078125,0.24135984480381012,0.22484725713729858,0.1796877682209015
BCS5__Cow_37_and_38,Cow_37,1,2028,VAQ,3,second,12,0,0,2,,,,,,,,
BCS5__Cow_43,Cow_43,1,2028,VAQ,3,first,19,18,1,2,2.0,170.47077476416072,0.9473684210526315,0.1440994292497635,0.20279847085475922,0.2366296499967575,0.22621682286262512,0.19025568664073944
BCS5__Cow_43,Cow_43,1,2028,VAQ,3,second,19,19,1,2,2.0,168.14633581369202,1.0,0.14482910931110382,0.2023005187511444,0.23456043004989624,0.22629816830158234,0.1920117735862732
BCS5__Cow_48_1018,Cow_48,1,2028,VAQ,3,first,1,1,0,2,,,,,,,,
BCS5__Cow_48_1018,Cow_48,1,2028,VAQ,3,second,2,2,0,2,,,,,,,,
BCS5__Cow_54,Cow_54,1,2028,VAQ,3,first,3,3,1,2,2.0,170.27827530308326,1.0,0.14291875064373016,0.2017635554075241,0.24175477027893066,0.22632934153079987,0.187233567237854
BCS5__Cow_54,Cow_54,1,2028,VAQ,3,second,4,3,1,2,2.0,170.27605091057677,0.75,0.144537091255188,0.20864813029766083,0.24327723681926727,0.2256496250629425,0.17788799107074738
BCS5__Cow_6_5051,Cow_6,1,2028,VAQ,3,first,2,2,0,2,,,,,,,,
BCS5__Cow_6_5051,Cow_6,1,2028,VAQ,3,second,3,1,0,2,,,,,,,,
BCS6__Cow_11_07,Cow_11,1,2028,VAQ,4,first,20,12,1,4,4.0,172.86655597325085,0.6,0.1572285294532776,0.18445563316345215,0.21958181262016296,0.20952454209327698,0.22920946776866913
BCS6__Cow_11_07,Cow_11,1,2028,VAQ,4,second,21,15,1,4,4.0,172.87282894786617,0.7142857142857143,0.1623123288154602,0.17956307530403137,0.21479353308677673,0.20456351339817047,0.23876751959323883
BCS6__Cow_12_2014,Cow_12,1,2028,VAQ,4,first,24,19,1,0,0.0,172.3808842485783,0.7916666666666666,0.47661706805229187,0.14914563298225403,0.10433950275182724,0.09452064335346222,0.17537716031074524
BCS6__Cow_12_2014,Cow_12,1,2028,VAQ,4,second,25,20,1,0,0.0,173.46500543816205,0.8,0.39357316493988037,0.1773802936077118,0.13481605052947998,0.11915121972560883,0.17507925629615784
BCS6__Cow_13_66,Cow_13,1,2028,VAQ,4,first,23,5,1,4,4.0,172.0171087398665,0.21739130434782608,0.1929417997598648,0.17573405802249908,0.1955174058675766,0.19254016876220703,0.2432665228843689
BCS6__Cow_13_66,Cow_13,1,2028,VAQ,4,second,23,15,1,4,4.0,169.6996595059602,0.6521739130434783,0.18331152200698853,0.17080363631248474,0.19677840173244476,0.19591794908046722,0.25318849086761475
BCS6__Cow_26_6,Cow_26,1,2028,VAQ,4,first,30,1,0,4,,,,,,,,
BCS6__Cow_26_6,Cow_26,1,2028,VAQ,4,second,31,8,1,4,4.0,172.82806196978373,0.25806451612903225,0.17132438719272614,0.1780700385570526,0.20353393256664276,0.2035243660211563,0.24354733526706696
BCS6__Cow_29_NOTAG,Cow_29,1,2028,VAQ,4,first,23,16,1,4,4.0,169.1091775327788,0.6956521739130435,0.16848742961883545,0.17373479902744293,0.19989043474197388,0.20169180631637573,0.2561955451965332
BCS6__Cow_29_NOTAG,Cow_29,1,2028,VAQ,4,second,23,18,1,4,4.0,170.85017686852498,0.782608695652174,0.17016641795635223,0.17139333486557007,0.2025088518857956,0.19815172255039215,0.25777971744537354
BCS6__Cow_35,Cow_35,1,2028,VAQ,4,first,22,14,1,4,2.0,172.93680770114165,0.6363636363636364,0.1707811802625656,0.18836918473243713,0.2209252566099167,0.19928176701068878,0.22064268589019775
BCS6__Cow_35,Cow_35,1,2028,VAQ,4,second,23,10,1,4,2.0,173.128046766217,0.43478260869565216,0.16785840690135956,0.19272993505001068,0.22453567385673523,0.20332343876361847,0.21155253052711487
BCS6__Cow_4_103,Cow_4,1,2028,VAQ,4,first,30,22,1,4,4.0,170.59748584169137,0.7333333333333333,0.17706231772899628,0.1693938672542572,0.1986757218837738,0.19651174545288086,0.25835633277893066
BCS6__Cow_4_103,Cow_4,1,2028,VAQ,4,second,31,25,1,4,4.0,173.1729468654868,0.8064516129032258,0.18119843304157257,0.16807565093040466,0.2001258283853531,0.19241531193256378,0.2581847608089447
BCS2__Cow_5_1,Cow_5,2,2028,VAQ,0,first,23,8,1,4,4.0,171.41654572431042,0.34782608695652173,0.003692937083542347,2.000668246182613e-06,0.0024314834736287594,0.001319653121754527,0.9925538897514343
BCS2__Cow_5_1,Cow_5,2,2028,VAQ,0,second,23,2,0,4,,,,,,,,
BCS3__Cow_20_0029,Cow_20,2,2028,VAQ,1,first,2,2,0,2,,,,,,,,
BCS3__Cow_20_0029,Cow_20,2,2028,VAQ,1,second,2,2,0,2,,,,,,,,
BCS3__Cow_22,Cow_22,2,2028,VAQ,1,first,39,10,1,1,1.0,169.71626312395244,0.2564102564102564,0.030598629266023636,0.5565739274024963,0.37027910351753235,0.042138420045375824,0.00040984994848258793
BCS3__Cow_22,Cow_22,2,2028,VAQ,1,second,40,10,1,1,2.0,172.8720273076455,0.25,0.030029376968741417,0.42354685068130493,0.48246604204177856,0.06329646706581116,0.0006613873410969973
BCS3__Cow_22_1,Cow_22,2,2028,VAQ,1,first,3,2,0,1,,,,,,,,
BCS3__Cow_22_1,Cow_22,2,2028,VAQ,1,second,4,4,1,1,1.0,171.09428579453942,1.0,0.03888416290283203,0.6661342978477478,0.2738393247127533,0.021002506837248802,0.00013971544103696942
BCS4__Cow_10,Cow_10,2,2028,VAQ,2,first,36,9,1,2,2.0,172.21630985676052,0.25,0.0005255712894722819,0.005793067626655102,0.5483642220497131,0.4387255609035492,0.0065915812738239765
BCS4__Cow_10,Cow_10,2,2028,VAQ,2,second,36,32,1,2,2.0,167.3531618530045,0.8888888888888888,0.00041478066123090684,0.00515656266361475,0.5202974677085876,0.46781936287879944,0.006311891134828329
BCS4__Cow_10_2038,Cow_10,2,2028,VAQ,2,first,2,2,0,2,,,,,,,,
BCS4__Cow_10_2038,Cow_10,2,2028,VAQ,2,second,2,2,0,2,,,,,,,,
BCS4__Cow_22_6005,Cow_22,2,2028,VAQ,2,first,2,2,0,2,,,,,,,,
BCS4__Cow_22_6005,Cow_22,2,2028,VAQ,2,second,3,2,0,2,,,,,,,,
BCS4__Cow_30,Cow_30,2,2028,VAQ,2,first,7,4,1,2,2.0,170.3642225349182,0.5714285714285714,0.0009908446809276938,0.020260712131857872,0.5530482530593872,0.4200809895992279,0.00561922462657094
BCS4__Cow_30,Cow_30,2,2028,VAQ,2,second,7,0,0,2,,,,,,,,
BCS4__Cow_42,Cow_42,2,2028,VAQ,2,first,13,6,1,3,3.0,170.1643043577007,0.46153846153846156,0.0008419567020609975,0.0017349548870697618,0.4266856908798218,0.5188058018684387,0.051931560039520264
BCS4__Cow_42,Cow_42,2,2028,VAQ,2,second,14,5,1,3,3.0,168.7018330479923,0.35714285714285715,0.0023912510368973017,0.005120730493217707,0.44380292296409607,0.49083635210990906,0.0578487329185009
BCS4__Cow_47_1,Cow_47,2,2028,VAQ,2,first,3,3,1,2,2.0,165.6616691349082,1.0,0.0008503583376295865,0.0885755866765976,0.6202678680419922,0.28880444169044495,0.0015017541591078043
BCS4__Cow_47_1,Cow_47,2,2028,VAQ,2,second,4,4,1,2,2.0,167.72901295451248,1.0,0.0004781801253557205,0.02452678047120571,0.5845053791999817,0.3881550431251526,0.00233460683375597
BCS4__Cow_49,Cow_49,2,2028,VAQ,2,first,4,3,1,2,2.0,160.51190280932127,0.75,0.0013006264343857765,0.13841702044010162,0.606469988822937,0.25221624970436096,0.0015960733871906996
BCS4__Cow_49,Cow_49,2,2028,VAQ,2,second,5,4,1,2,2.0,171.35377573323314,0.8,0.0005625667981803417,0.03191813454031944,0.6097704172134399,0.35571104288101196,0.0020378832705318928
BCS4__Cow_55,Cow_55,2,2028,VAQ,2,first,2,2,0,2,,,,,,,,
BCS4__Cow_55,Cow_55,2,2028,VAQ,2,second,3,2,0,2,,,,,,,,
BCS4__Cow_8,Cow_8,2,2028,VAQ,2,first,19,16,1,2,2.0,169.33989342131102,0.8421052631578947,0.00031318559194914997,0.004282126668840647,0.5148332715034485,0.474913626909256,0.005657800007611513
BCS4__Cow_8,Cow_8,2,2028,VAQ,2,second,20,10,1,2,2.0,170.37019965622022,0.5,0.00025403834297321737,0.00406311359256506,0.5282713770866394,0.4626881182193756,0.004723342135548592
BCS4__Cow_9,Cow_9,2,2028,VAQ,2,first,13,10,1,2,2.0,165.60707693826612,0.7692307692307693,0.0002516465319786221,0.015248938463628292,0.605854868888855,0.3770586848258972,0.0015858870465308428
BCS4__Cow_9,Cow_9,2,2028,VAQ,2,second,13,9,1,2,2.0,163.28626852803404,0.6923076923076923,0.0002698967873584479,0.011604737490415573,0.5813794732093811,0.4045528471469879,0.002193052787333727
BCS5__Cow_10_0029,Cow_10,2,2028,VAQ,3,first,3,2,0,3,,,,,,,,
BCS5__Cow_10_0029,Cow_10,2,2028,VAQ,3,second,4,3,1,3,3.0,171.90375742110592,0.75,0.00011624475882854313,0.002257578307762742,0.46765971183776855,0.5263200402259827,0.0036463660653680563
BCS5__Cow_24,Cow_24,2,2028,VAQ,3,first,12,6,1,2,2.0,171.30001837958278,0.5,0.0005725630326196551,0.005196976475417614,0.5054131150245667,0.4791271686553955,0.00969022512435913
BCS5__Cow_24,Cow_24,2,2028,VAQ,3,second,13,6,1,2,2.0,171.616904682423,0.46153846153846156,0.000561840774025768,0.005819463171064854,0.5138664245605469,0.47128844261169434,0.00846382137387991
BCS5__Cow_24_7022,Cow_24,2,2028,VAQ,3,first,2,2,0,2,,,,,,,,
BCS5__Cow_24_7022,Cow_24,2,2028,VAQ,3,second,2,1,0,2,,,,,,,,
BCS5__Cow_28,Cow_28,2,2028,VAQ,3,first,15,14,1,2,2.0,170.49482846285264,0.9333333333333333,0.00023948178568389267,0.004212918225675821,0.5114402174949646,0.47960013151168823,0.0045072115026414394
BCS5__Cow_28,Cow_28,2,2028,VAQ,3,second,15,14,1,2,2.0,169.84204428054258,0.9333333333333333,0.00022861229081172496,0.0036536655388772488,0.5031063556671143,0.48814424872398376,0.004867081996053457
BCS5__Cow_28_4024,Cow_28,2,2028,VAQ,3,first,3,2,0,2,,,,,,,,
BCS5__Cow_28_4024,Cow_28,2,2028,VAQ,3,second,3,1,0,2,,,,,,,,
BCS5__Cow_3,Cow_3,2,2028,VAQ,3,first,9,7,1,0,0.0,170.79992864517618,0.7777777777777778,0.8035393953323364,0.1464785784482956,0.04909909516572952,0.0008658507722429931,1.7027034118655138e-05
BCS5__Cow_3,Cow_3,2,2028,VAQ,3,second,10,3,1,0,0.0,172.37723937450326,0.3,0.6696104407310486,0.26327309012413025,0.06603283435106277,0.0010710007045418024,1.2638126463571098e-05
BCS5__Cow_30_30,Cow_30,2,2028,VAQ,3,first,3,2,0,3,,,,,,,,
BCS5__Cow_30_30,Cow_30,2,2028,VAQ,3,second,4,4,1,3,3.0,172.5049835085633,1.0,0.0006805018638260663,0.011531506665050983,0.4832577705383301,0.49805694818496704,0.006473296321928501
BCS5__Cow_34,Cow_34,2,2028,VAQ,3,first,20,7,1,2,2.0,171.20187503860788,0.35,0.027157219126820564,0.03275436535477638,0.6704376935958862,0.2453700751066208,0.024280646815896034
BCS5__Cow_34,Cow_34,2,2028,VAQ,3,second,20,2,0,2,,,,,,,,
BCS5__Cow_34_1,Cow_34,2,2028,VAQ,3,first,9,4,1,2,2.0,164.49300765045263,0.4444444444444444,0.001723900786601007,0.009873573668301105,0.5520877838134766,0.4217303693294525,0.014584369957447052
BCS5__Cow_34_1,Cow_34,2,2028,VAQ,3,second,9,0,0,2,,,,,,,,
BCS5__Cow_50,Cow_50,2,2028,VAQ,3,first,19,19,1,2,2.0,173.00417166918672,1.0,0.0008065675501711667,0.01625402271747589,0.5731862187385559,0.40512946248054504,0.004623772110790014
BCS5__Cow_50,Cow_50,2,2028,VAQ,3,second,20,20,1,2,2.0,173.47441765066134,1.0,0.000899416278116405,0.017115648835897446,0.5731392502784729,0.40385913848876953,0.004986539017409086
BCS5__Cow_50_49,Cow_50,2,2028,VAQ,3,first,1,1,0,2,,,,,,,,
BCS5__Cow_50_49,Cow_50,2,2028,VAQ,3,second,2,2,0,2,,,,,,,,
BCS5__Cow_8_NOTAG,Cow_8,2,2028,VAQ,3,first,3,2,0,2,,,,,,,,
BCS5__Cow_8_NOTAG,Cow_8,2,2028,VAQ,3,second,4,2,0,2,,,,,,,,
BCS6__Cow_18,Cow_18,2,2028,VAQ,4,first,23,14,1,4,4.0,168.67690559642762,0.6086956521739131,0.017720073461532593,2.5367842681589536e-05,0.009992250241339207,0.004714534152299166,0.9675478339195251
BCS6__Cow_18,Cow_18,2,2028,VAQ,4,second,23,19,1,4,4.0,171.81580331821024,0.8260869565217391,0.008621646091341972,1.1608005479502026e-05,0.006719877943396568,0.003711996367201209,0.9809349179267883
BCS6__Cow_18_32,Cow_18,2,2028,VAQ,4,first,28,22,1,4,4.0,172.5739879869971,0.7857142857142857,0.0016906961100175977,5.359491751733003e-06,0.004241500981152058,0.004014648497104645,0.990047812461853
BCS6__Cow_18_32,Cow_18,2,2028,VAQ,4,second,29,24,1,4,4.0,173.69566006487963,0.8275862068965517,0.001031376188620925,2.8304068564466434e-06,0.003428057534620166,0.0034359158016741276,0.9921017289161682
BCS6__Cow_24_08,Cow_24,2,2028,VAQ,4,first,15,6,1,4,4.0,173.43962274306995,0.4,0.04347870498895645,4.7134824853856117e-05,0.010307172313332558,0.004510396625846624,0.9416565299034119
BCS6__Cow_24_08,Cow_24,2,2028,VAQ,4,second,16,16,1,4,4.0,173.7365540074403,1.0,0.0416218601167202,6.870269862702116e-05,0.013435515575110912,0.0064227040857076645,0.9384512305259705
BCS6__Cow_28_3083,Cow_28,2,2028,VAQ,4,first,23,15,1,4,4.0,172.54620092302903,0.6521739130434783,0.0019263027934357524,3.867075520247454e-06,0.00353510701097548,0.0029896951746195555,0.9915450811386108
BCS6__Cow_28_3083,Cow_28,2,2028,VAQ,4,second,23,3,1,4,4.0,173.9377670211239,0.13043478260869565,0.0006496169953607023,4.0600730244477745e-07,0.0011444626143202186,0.0009099122253246605,0.9972956776618958
BCS6__Cow_3_25,Cow_3,2,2028,VAQ,4,first,23,2,0,4,,,,,,,,
BCS6__Cow_3_25,Cow_3,2,2028,VAQ,4,second,23,20,1,4,4.0,173.52042940500343,0.8695652173913043,0.003118247725069523,4.217833520669956e-06,0.003065639641135931,0.0022396703716367483,0.9915722608566284
BCS6__Cow_47_68,Cow_47,2,2028,VAQ,4,first,15,15,1,4,4.0,170.71022282165904,1.0,0.0010932045988738537,6.443029860747629e-07,0.0013915133895352483,0.0010353954276069999,0.9964792132377625
BCS6__Cow_47_68,Cow_47,2,2028,VAQ,4,second,16,16,1,4,4.0,171.90265154411452,1.0,0.0006187429535202682,2.4540710796827625e-07,0.0008957152022048831,0.0006744861602783203,0.9978109002113342
BCS6__Cow_9_1044,Cow_9,2,2028,VAQ,4,first,23,19,1,4,4.0,167.41661613531923,0.8260869565217391,0.0011122683063149452,3.8636840145045426e-06,0.004367799963802099,0.004462086595594883,0.9900540113449097
BCS6__Cow_9_1044,Cow_9,2,2028,VAQ,4,second,23,17,1,4,4.0,167.85517199648052,0.7391304347826086,0.00044334097765386105,8.526184274160187e-07,0.002360620768740773,0.002503580879420042,0.9946915507316589
BCS2__Cow_21_8029,Cow_21,0,2026,V,0,first,30,15,1,0,0.0,164.0653610753726,0.5,0.9587147235870361,0.0013663370627909899,0.005083931609988213,0.007553229574114084,0.027281679213047028
BCS2__Cow_21_8029,Cow_21,0,2026,V,0,second,31,2,0,0,,,,,,,,
BCS3__Cow_16,Cow_16,0,2026,V,1,first,22,7,1,2,2.0,165.77273861474427,0.3181818181818182,0.0005604703910648823,0.008082316257059574,0.5045701265335083,0.48549485206604004,0.001292186789214611
BCS3__Cow_16,Cow_16,0,2026,V,1,second,22,13,1,2,3.0,163.54724035520573,0.5909090909090909,0.0004914074670523405,0.006670384202152491,0.4953272342681885,0.49625054001808167,0.001260440913029015
BCS3__Cow_16_1004,Cow_16,0,2026,V,1,first,2,1,0,2,,,,,,,,
BCS3__Cow_16_1004,Cow_16,0,2026,V,1,second,2,2,0,2,,,,,,,,
BCS3__Cow_25_66,Cow_25,0,2026,V,1,first,2,2,0,2,,,,,,,,
BCS3__Cow_25_66,Cow_25,0,2026,V,1,second,3,1,0,2,,,,,,,,
BCS3__Cow_2_1015,Cow_2,0,2026,V,1,first,2,2,0,2,,,,,,,,
BCS3__Cow_2_1015,Cow_2,0,2026,V,1,second,3,2,0,2,,,,,,,,
BCS3__Cow_46,Cow_46,0,2026,V,1,first,30,16,1,1,1.0,166.20161861967796,0.5333333333333333,0.010290221311151981,0.7158698439598083,0.17111440002918243,0.10255096852779388,0.00017455719353165478
BCS3__Cow_46,Cow_46,0,2026,V,1,second,30,1,0,1,,,,,,,,
BCS3__Cow_46_1,Cow_46,0,2026,V,1,first,19,9,1,1,1.0,162.44824920426407,0.47368421052631576,0.01582757569849491,0.9299345016479492,0.03078511171042919,0.02343742735683918,1.531045199953951e-05
BCS3__Cow_46_1,Cow_46,0,2026,V,1,second,20,0,0,1,,,,,,,,
BCS3__Cow_46_2,Cow_46,0,2026,V,1,first,3,2,0,1,,,,,,,,
BCS3__Cow_46_2,Cow_46,0,2026,V,1,second,3,1,0,1,,,,,,,,
BCS3__Cow_53,Cow_53,0,2026,V,1,first,3,3,1,1,1.0,168.2141197338734,1.0,0.02673053741455078,0.7618146538734436,0.12353387475013733,0.0876457467675209,0.0002751789870671928
BCS3__Cow_53,Cow_53,0,2026,V,1,second,4,0,0,1,,,,,,,,
BCS4__Cow_15_68,Cow_15,0,2026,V,2,first,1,1,0,2,,,,,,,,
BCS4__Cow_15_68,Cow_15,0,2026,V,2,second,2,2,0,2,,,,,,,,
BCS4__Cow_17,Cow_17,0,2026,V,2,first,13,4,1,3,3.0,171.7298640420105,0.3076923076923077,0.000196685447008349,0.003044117009267211,0.48825371265411377,0.5079345107078552,0.0005709154065698385
BCS4__Cow_17,Cow_17,0,2026,V,2,second,13,6,1,3,3.0,172.66973605171208,0.46153846153846156,0.00022686690499540418,0.003176863305270672,0.48392242193222046,0.5120168328285217,0.0006570223486050963
BCS4__Cow_19,Cow_19,0,2026,V,2,first,32,27,1,2,1.0,171.24997480800033,0.84375,0.01430397480726242,0.4079465866088867,0.35403043031692505,0.22064244747161865,0.0030765391420572996
BCS4__Cow_19,Cow_19,0,2026,V,2,second,33,30,1,2,2.0,169.91049239817312,0.9090909090909091,0.012085963040590286,0.26692309975624084,0.43648672103881836,0.2801663875579834,0.00433778204023838
BCS4__Cow_19_0037,Cow_19,0,2026,V,2,first,3,3,1,2,3.0,165.8417344296178,1.0,0.0004414185823407024,0.006155443377792835,0.4956691861152649,0.4966466426849365,0.0010874009458348155
BCS4__Cow_19_0037,Cow_19,0,2026,V,2,second,3,2,0,2,,,,,,,,
BCS4__Cow_2,Cow_2,0,2026,V,2,first,7,5,1,3,3.0,174.4267503507631,0.7142857142857143,0.00035516711068339646,0.0008813075837679207,0.3733449876308441,0.6240304112434387,0.0013881174381822348
BCS4__Cow_2,Cow_2,0,2026,V,2,second,8,8,1,3,3.0,172.83144698751408,1.0,0.0004197179223410785,0.001340189017355442,0.4058149755001068,0.5912847518920898,0.0011403894750401378
BCS4__Cow_23,Cow_23,0,2026,V,2,first,21,10,1,2,2.0,169.2197307476981,0.47619047619047616,0.00228839460760355,0.05763310194015503,0.5690327882766724,0.3693845570087433,0.001661177258938551
BCS4__Cow_23,Cow_23,0,2026,V,2,second,21,8,1,2,2.0,169.55395232177875,0.38095238095238093,0.002353253774344921,0.05580642819404602,0.5695800185203552,0.37054169178009033,0.0017185881733894348
BCS4__Cow_31,Cow_31,0,2026,V,2,first,6,6,1,0,0.0,169.24219404261424,1.0,0.7894951701164246,0.08240390568971634,0.052787575870752335,0.07447422295808792,0.0008391021401621401
BCS4__Cow_31,Cow_31,0,2026,V,2,second,7,6,1,0,0.0,169.1895308412586,0.8571428571428571,0.9590499997138977,0.02405725233256817,0.006046604830771685,0.01078362949192524,6.254443724174052e-05
BCS4__Cow_32_0035,Cow_32,0,2026,V,2,first,4,4,1,1,1.0,161.37090607601982,1.0,0.009616467170417309,0.5311057567596436,0.29172441363334656,0.16686490178108215,0.0006885085604153574
BCS4__Cow_32_0035,Cow_32,0,2026,V,2,second,4,4,1,1,1.0,168.98920759259374,1.0,0.007923135533928871,0.6823223233222961,0.19833484292030334,0.1110197901725769,0.0003998487372882664
BCS4__Cow_44_1,Cow_44,0,2026,V,2,first,23,7,1,3,3.0,170.64047862721952,0.30434782608695654,0.00028201579698361456,0.0019451456610113382,0.4450131058692932,0.5519038438796997,0.0008559224661439657
BCS4__Cow_44_1,Cow_44,0,2026,V,2,second,23,15,1,3,3.0,169.04432685258152,0.6521739130434783,0.000584402063395828,0.00336776627227664,0.45844995975494385,0.5361307859420776,0.0014671137323603034
BCS4__Cow_51,Cow_51,0,2026,V,2,first,2,2,0,2,,,,,,,,
BCS4__Cow_51,Cow_51,0,2026,V,2,second,2,2,0,2,,,,,,,,
BCS4__Cow_51_0035,Cow_51,0,2026,V,2,first,2,2,0,2,,,,,,,,
BCS4__Cow_51_0035,Cow_51,0,2026,V,2,second,3,2,0,2,,,,,,,,
BCS4__Cow_7,Cow_7,0,2026,V,2,first,9,6,1,1,1.0,172.4528014098345,0.6666666666666666,0.004558932036161423,0.9271218776702881,0.043350767344236374,0.024939151480793953,2.9236289265099913e-05
BCS4__Cow_7,Cow_7,0,2026,V,2,second,9,9,1,1,1.0,171.64724716991688,1.0,0.004241303540766239,0.9430065155029297,0.03334249183535576,0.01939237117767334,1.72220024978742e-05
BCS5__Cow_15,Cow_15,0,2026,V,3,first,14,13,1,2,2.0,170.03247497541147,0.9285714285714286,0.002123350976034999,0.034737203270196915,0.545264720916748,0.4153939187526703,0.002480782801285386
BCS5__Cow_15,Cow_15,0,2026,V,3,second,15,12,1,2,2.0,169.04112874262378,0.8,0.0025552702136337757,0.0416409932076931,0.5448472499847412,0.40813884139060974,0.0028176058549433947
BCS5__Cow_17_17,Cow_17,0,2026,V,3,first,4,3,1,3,3.0,167.7666642351508,0.75,0.0002571630466263741,0.0020954087376594543,0.4128602147102356,0.5838863253593445,0.0009009443456307054
BCS5__Cow_17_17,Cow_17,0,2026,V,3,second,4,3,1,3,3.0,172.05257321065835,0.75,0.00025645759887993336,0.0018109678057953715,0.39935800433158875,0.5975729823112488,0.001001598546281457
BCS5__Cow_21,Cow_21,0,2026,V,3,first,13,9,1,2,2.0,171.32780419866927,0.6923076923076923,0.00034425113699398935,0.006562179885804653,0.512866735458374,0.47945308685302734,0.0007737990817986429
BCS5__Cow_21,Cow_21,0,2026,V,3,second,13,9,1,2,2.0,170.68283480431631,0.6923076923076923,0.00030288699781522155,0.0061249746941030025,0.5162288546562195,0.4766775965690613,0.0006657419144175947
BCS5__Cow_23_1067,Cow_23,0,2026,V,3,first,2,2,0,3,,,,,,,,
BCS5__Cow_23_1067,Cow_23,0,2026,V,3,second,3,3,1,3,3.0,170.52493351953348,1.0,0.00016635138308629394,0.0010690242052078247,0.3818989098072052,0.6160839796066284,0.0007817554287612438
BCS5__Cow_25,Cow_25,0,2026,V,3,first,33,11,1,2,2.0,168.21915999669343,0.3333333333333333,0.005502981133759022,0.18989992141723633,0.5050944685935974,0.2977498173713684,0.00175288796890527
BCS5__Cow_25,Cow_25,0,2026,V,3,second,33,18,1,2,2.0,167.78498670253768,0.5454545454545454,0.004794760141521692,0.1735292673110962,0.517416775226593,0.302698016166687,0.001561156241223216
BCS5__Cow_31_15,Cow_31,0,2026,V,3,first,2,2,0,3,,,,,,,,
BCS5__Cow_31_15,Cow_31,0,2026,V,3,second,2,1,0,3,,,,,,,,
BCS5__Cow_31_2024,Cow_31,0,2026,V,3,first,2,2,0,2,,,,,,,,
BCS5__Cow_31_2024,Cow_31,0,2026,V,3,second,3,3,1,2,2.0,169.94558330610357,1.0,0.0007204216090030968,0.013853771612048149,0.5366516709327698,0.44765305519104004,0.0011211236706003547
BCS5__Cow_32,Cow_32,0,2026,V,3,first,7,3,1,3,3.0,172.47895182836993,0.42857142857142855,0.04185009375214577,0.00522651569917798,0.45662224292755127,0.4890606105327606,0.00724053755402565
BCS5__Cow_32,Cow_32,0,2026,V,3,second,8,2,0,3,,,,,,,,
BCS5__Cow_44_3008,Cow_44,0,2026,V,3,first,5,2,0,3,,,,,,,,
BCS5__Cow_44_3008,Cow_44,0,2026,V,3,second,5,1,0,3,,,,,,,,
BCS5__Cow_45,Cow_45,0,2026,V,3,first,12,11,1,3,3.0,169.75955555667923,0.9166666666666666,0.00024456565733999014,0.001628121011890471,0.44034725427627563,0.5569953322410583,0.0007847992819733918
BCS5__Cow_45,Cow_45,0,2026,V,3,second,13,13,1,3,3.0,170.28695525445863,1.0,0.00021711253793910146,0.0016133864410221577,0.4466169476509094,0.5508887767791748,0.0006637200131081045
BCS5__Cow_53_30,Cow_53,0,2026,V,3,first,6,0,0,3,,,,,,,,
BCS5__Cow_53_30,Cow_53,0,2026,V,3,second,7,4,1,3,3.0,170.97664565595858,0.5714285714285714,0.00048026128206402063,0.0026163861621171236,0.3915424346923828,0.6033563613891602,0.00200462993234396
BCS5__Cow_7_6022,Cow_7,0,2026,V,3,first,2,1,0,2,,,,,,,,
BCS5__Cow_7_6022,Cow_7,0,2026,V,3,second,2,2,0,2,,,,,,,,
BCS6__Cow_16_06,Cow_16,0,2026,V,4,first,38,28,1,4,4.0,172.85413511564454,0.7368421052631579,0.0007522769155912101,1.0844895541595179e-06,0.004759057424962521,0.01495410967618227,0.9795334339141846
BCS6__Cow_16_06,Cow_16,0,2026,V,4,second,38,34,1,4,4.0,172.7047234430375,0.8947368421052632,0.0007343366160057485,9.906550531013636e-07,0.004165139514952898,0.012882731854915619,0.9822168350219727
BCS6__Cow_19_29,Cow_19,0,2026,V,4,first,30,26,1,4,4.0,171.93427721120312,0.8666666666666667,0.00038059454527683556,9.905410252031288e-07,0.016621865332126617,0.06630575656890869,0.9166907668113708
BCS6__Cow_19_29,Cow_19,0,2026,V,4,second,31,26,1,4,4.0,173.26976138784778,0.8387096774193549,0.0002755583846010268,5.254902362139546e-07,0.012594249099493027,0.05256569758057594,0.9345641136169434
BCS6__Cow_2_6006,Cow_2,0,2026,V,4,first,15,15,1,4,4.0,172.7417965819457,1.0,0.0002806952688843012,1.374938563003525e-07,0.0018476194236427546,0.006385887041687965,0.9914856553077698
BCS6__Cow_2_6006,Cow_2,0,2026,V,4,second,16,16,1,4,4.0,171.70556108359614,1.0,0.00029802159406244755,1.470677233328388e-07,0.001830696128308773,0.006192795466631651,0.9916783571243286
BCS6__Cow_32_34,Cow_32,0,2026,V,4,first,30,4,1,4,4.0,174.5194799413863,0.13333333333333333,0.0007206089794635773,1.1522113254613942e-06,0.004841648042201996,0.015390792861580849,0.9790458679199219
BCS6__Cow_32_34,Cow_32,0,2026,V,4,second,31,3,1,4,4.0,173.50613798901162,0.0967741935483871,0.0009343953570351005,1.6222280692090862e-06,0.004483985714614391,0.013122015632689,0.9814580082893372
BCS6__Cow_36,Cow_36,0,2026,V,4,first,22,18,1,4,4.0,171.97030707515705,0.8181818181818182,0.05499854311347008,3.2303938723998726e-07,0.005926966667175293,0.008385616354644299,0.9306885600090027
BCS6__Cow_36,Cow_36,0,2026,V,4,second,23,19,1,4,4.0,172.6305618731255,0.8260869565217391,0.05809161812067032,1.1819104202004382e-06,0.016588646918535233,0.022755922749638557,0.90256267786026
BCS6__Cow_36_1,Cow_36,0,2026,V,4,first,25,25,1,4,4.0,172.04149234605404,1.0,0.08117359131574631,0.00010345593909732997,0.16071318089962006,0.17918775975704193,0.5788218975067139
BCS6__Cow_36_1,Cow_36,0,2026,V,4,second,25,21,1,4,4.0,172.4849707664876,0.84,0.06078116223216057,8.076412632362917e-05,0.14203068614006042,0.16368639469146729,0.6334209442138672
BCS6__Cow_45_9025,Cow_45,0,2026,V,4,first,23,23,1,4,4.0,167.66243736780427,1.0,0.0004960126243531704,8.425594160144101e-07,0.006756221875548363,0.02389206737279892,0.9688548445701599
BCS6__Cow_45_9025,Cow_45,0,2026,V,4,second,23,8,1,4,4.0,171.78827310706663,0.34782608695652173,0.000338825979270041,3.111847490799846e-07,0.003762601176276803,0.0135527104139328,0.9823456406593323
BCS6__Cow_52_29,Cow_52,0,2026,V,4,first,30,24,1,4,4.0,173.87935522312824,0.8,0.0008101577986963093,1.5130775636862381e-06,0.0055610910058021545,0.01736566238105297,0.9762616157531738
BCS6__Cow_52_29,Cow_52,0,2026,V,4,second,31,31,1,4,4.0,172.58243313145888,1.0,0.0007036810275167227,9.889758985082153e-07,0.004070797003805637,0.01257849857211113,0.982646107673645
BCS6__Cow_7_9008,Cow_7,0,2026,V,4,first,30,13,1,4,4.0,168.7758933629712,0.43333333333333335,0.00040384632302448153,1.5642394828319084e-06,0.028515800833702087,0.11511257290840149,0.8559661507606506
BCS6__Cow_7_9008,Cow_7,0,2026,V,4,second,31,6,1,4,4.0,169.86008953251417,0.1935483870967742,0.0004976567579433322,1.0403792884972063e-06,0.010566995479166508,0.038421109318733215,0.9505132436752319
BCS2__Cow_11,Cow_11,1,2026,V,0,first,252,34,1,1,1.0,172.5556313138602,0.1349206349206349,0.22129704058170319,0.2477702647447586,0.21274013817310333,0.14424175024032593,0.17395079135894775
BCS2__Cow_11,Cow_11,1,2026,V,0,second,252,42,1,1,1.0,172.6013977091373,0.16666666666666666,0.22167116403579712,0.24855859577655792,0.21272754669189453,0.14399157464504242,0.17305107414722443
BCS2__Cow_11_1,Cow_11,1,2026,V,0,first,26,0,0,0,,,,,,,,
BCS2__Cow_11_1,Cow_11,1,2026,V,0,second,26,6,1,0,0.0,170.79467556249435,0.23076923076923078,0.3328874409198761,0.2590683400630951,0.1792830377817154,0.0997796282172203,0.12898150086402893
BCS2__Cow_11_2,Cow_11,1,2026,V,0,first,24,21,1,0,0.0,169.12516074311785,0.875,0.5022932887077332,0.19351796805858612,0.12246495485305786,0.07164285331964493,0.11008097976446152
BCS2__Cow_11_2,Cow_11,1,2026,V,0,second,25,19,1,0,0.0,171.19605184432032,0.76,0.45286086201667786,0.22291089594364166,0.137248232960701,0.07922706753015518,0.10775299370288849
BCS3__Cow_14,Cow_14,1,2026,V,1,first,8,3,1,2,2.0,162.50616462144322,0.375,0.16561898589134216,0.2251153290271759,0.23324505984783173,0.16980494558811188,0.20621570944786072
BCS3__Cow_14,Cow_14,1,2026,V,1,second,9,1,0,2,,,,,,,,
BCS3__Cow_14_0011,Cow_14,1,2026,V,1,first,3,2,0,0,,,,,,,,
BCS3__Cow_14_0011,Cow_14,1,2026,V,1,second,4,2,0,0,,,,,,,,
BCS3__Cow_6_103,Cow_6,1,2026,V,1,first,2,1,0,0,,,,,,,,
BCS3__Cow_6_103,Cow_6,1,2026,V,1,second,3,3,1,0,0.0,161.55790750344187,1.0,0.44335198402404785,0.23597274720668793,0.13817018270492554,0.08031783252954483,0.10218726843595505
BCS4__Cow_1,Cow_1,1,2026,V,2,first,9,4,1,2,2.0,173.04281162398252,0.4444444444444444,0.15751920640468597,0.2155042141675949,0.2378106564283371,0.17307904362678528,0.21608684957027435
BCS4__Cow_1,Cow_1,1,2026,V,2,second,10,5,1,2,2.0,174.1472652819167,0.5,0.15601356327533722,0.21587884426116943,0.23959600925445557,0.17236658930778503,0.21614494919776917
BCS4__Cow_26,Cow_26,1,2026,V,2,first,7,3,1,2,2.0,170.32351963776654,0.42857142857142855,0.16507390141487122,0.2233070433139801,0.23097385466098785,0.17071211338043213,0.20993301272392273
BCS4__Cow_26,Cow_26,1,2026,V,2,second,8,4,1,2,2.0,169.86020482669838,0.5,0.16465482115745544,0.22368983924388885,0.2316141277551651,0.17064864933490753,0.2093925029039383
BCS4__Cow_26_5051,Cow_26,1,2026,V,2,first,6,2,0,0,,,,,,,,
BCS4__Cow_26_5051,Cow_26,1,2026,V,2,second,6,3,1,0,0.0,166.41648456959476,0.5,0.5457600355148315,0.20990709960460663,0.10858594626188278,0.05678541213274002,0.07896152138710022
BCS4__Cow_27_9008,Cow_27,1,2026,V,2,first,3,2,0,0,,,,,,,,
BCS4__Cow_27_9008,Cow_27,1,2026,V,2,second,4,2,0,0,,,,,,,,
BCS4__Cow_29_7007,Cow_29,1,2026,V,2,first,2,2,0,0,,,,,,,,
BCS4__Cow_29_7007,Cow_29,1,2026,V,2,second,3,2,0,0,,,,,,,,
BCS4__Cow_33,Cow_33,1,2026,V,2,first,52,16,1,2,2.0,169.794811507377,0.3076923076923077,0.15575052797794342,0.21690110862255096,0.23787495493888855,0.17249330878257751,0.21698012948036194
BCS4__Cow_33,Cow_33,1,2026,V,2,second,53,5,1,2,2.0,169.01401861688544,0.09433962264150944,0.15179000794887543,0.21717028319835663,0.24115529656410217,0.17097972333431244,0.2189047485589981
BCS4__Cow_4,Cow_4,1,2026,V,2,first,2,2,0,2,,,,,,,,
BCS4__Cow_4,Cow_4,1,2026,V,2,second,2,2,0,2,,,,,,,,
BCS4__Cow_41,Cow_41,1,2026,V,2,first,30,3,1,2,2.0,173.58252888296627,0.1,0.15618056058883667,0.21928445994853973,0.2405996322631836,0.17010410130023956,0.21383129060268402
BCS4__Cow_41,Cow_41,1,2026,V,2,second,31,0,0,2,,,,,,,,
BCS4__Cow_48,Cow_48,1,2026,V,2,first,6,0,0,1,,,,,,,,
BCS4__Cow_48,Cow_48,1,2026,V,2,second,7,3,1,1,1.0,170.07276567517712,0.42857142857142855,0.22326987981796265,0.2584744989871979,0.2083379328250885,0.14080946147441864,0.16910818219184875
BCS4__Cow_4_1,Cow_4,1,2026,V,2,first,19,19,1,1,1.0,167.79957045946657,1.0,0.16764847934246063,0.23300686478614807,0.231999933719635,0.16308900713920593,0.20425567030906677
BCS4__Cow_4_1,Cow_4,1,2026,V,2,second,20,20,1,1,1.0,162.49650676010418,1.0,0.17318549752235413,0.23666919767856598,0.22928577661514282,0.16065071523189545,0.200208842754364
BCS4__Cow_6,Cow_6,1,2026,V,2,first,21,3,1,1,1.0,169.33535424534642,0.14285714285714285,0.1896272450685501,0.2302490919828415,0.21887771785259247,0.1662348210811615,0.19501110911369324
BCS4__Cow_6,Cow_6,1,2026,V,2,second,21,4,1,1,1.0,168.0633817100955,0.19047619047619047,0.17994193732738495,0.22484588623046875,0.22378893196582794,0.17056326568126678,0.20085996389389038
BCS5__Cow_12_NOTAG,Cow_12,1,2026,V,3,first,2,2,0,2,,,,,,,,
BCS5__Cow_12_NOTAG,Cow_12,1,2026,V,3,second,2,1,0,2,,,,,,,,
BCS5__Cow_13,Cow_13,1,2026,V,3,first,11,9,1,2,2.0,172.19697143162998,0.8181818181818182,0.16301290690898895,0.2257426232099533,0.23225802183151245,0.1690695434808731,0.20991693437099457
BCS5__Cow_13,Cow_13,1,2026,V,3,second,12,11,1,2,2.0,173.49780915168796,0.9166666666666666,0.16828998923301697,0.2295202612876892,0.23008887469768524,0.1666705459356308,0.20543037354946136
BCS5__Cow_13_8001,Cow_13,1,2026,V,3,first,2,1,0,0,,,,,,,,
BCS5__Cow_13_8001,Cow_13,1,2026,V,3,second,2,2,0,0,,,,,,,,
BCS5__Cow_1_27,Cow_1,1,2026,V,3,first,2,1,0,2,,,,,,,,
BCS5__Cow_1_27,Cow_1,1,2026,V,3,second,2,2,0,2,,,,,,,,
BCS5__Cow_27,Cow_27,1,2026,V,3,first,21,11,1,2,2.0,168.83613076599408,0.5238095238095238,0.17509400844573975,0.22593168914318085,0.2263149470090866,0.16799809038639069,0.2046612650156021
BCS5__Cow_27,Cow_27,1,2026,V,3,second,21,10,1,2,2.0,169.79075233536037,0.47619047619047616,0.16964736580848694,0.2242484986782074,0.22978748381137848,0.17045490443706512,0.20586177706718445
BCS5__Cow_29,Cow_29,1,2026,V,3,first,15,12,1,2,2.0,170.6798081627203,0.8,0.16044998168945312,0.22257289290428162,0.2338995784521103,0.16957835853099823,0.21349917352199554
BCS5__Cow_29,Cow_29,1,2026,V,3,second,15,13,1,2,2.0,171.21781445127687,0.8666666666666667,0.15784189105033875,0.22260484099388123,0.23626069724559784,0.1700259894132614,0.21326659619808197
BCS5__Cow_37,Cow_37,1,2026,V,3,first,14,13,1,2,2.0,171.7284788800338,0.9285714285714286,0.16145718097686768,0.22176596522331238,0.23293264210224152,0.17181290686130524,0.2120312750339508
BCS5__Cow_37,Cow_37,1,2026,V,3,second,14,13,1,2,2.0,171.82204303655806,0.9285714285714286,0.1594822257757187,0.2216532975435257,0.23461739718914032,0.17225702106952667,0.21199005842208862
BCS5__Cow_37_and_38,Cow_37,1,2026,V,3,first,12,3,1,2,2.0,170.93735033593998,0.25,0.15128378570079803,0.22133639454841614,0.2436348795890808,0.1672963798046112,0.216448575258255
BCS5__Cow_37_and_38,Cow_37,1,2026,V,3,second,12,0,0,2,,,,,,,,
BCS5__Cow_43,Cow_43,1,2026,V,3,first,19,18,1,2,2.0,170.47077476416072,0.9473684210526315,0.16129374504089355,0.22474941611289978,0.23402781784534454,0.1703757643699646,0.2095533311367035
BCS5__Cow_43,Cow_43,1,2026,V,3,second,19,19,1,2,2.0,168.14633581369202,1.0,0.1613447666168213,0.222633495926857,0.23350876569747925,0.17150571942329407,0.21100716292858124
BCS5__Cow_48_1018,Cow_48,1,2026,V,3,first,1,1,0,2,,,,,,,,
BCS5__Cow_48_1018,Cow_48,1,2026,V,3,second,2,2,0,2,,,,,,,,
BCS5__Cow_54,Cow_54,1,2026,V,3,first,3,3,1,1,2.0,170.27827530308326,1.0,0.15924005210399628,0.22416909039020538,0.23463669419288635,0.16930198669433594,0.21265216171741486
BCS5__Cow_54,Cow_54,1,2026,V,3,second,4,3,1,1,1.0,170.27605091057677,0.75,0.1719483584165573,0.23895971477031708,0.23168416321277618,0.15897156298160553,0.19843629002571106
BCS5__Cow_6_5051,Cow_6,1,2026,V,3,first,2,2,0,2,,,,,,,,
BCS5__Cow_6_5051,Cow_6,1,2026,V,3,second,3,1,0,2,,,,,,,,
BCS6__Cow_11_07,Cow_11,1,2026,V,4,first,20,12,1,4,4.0,172.86655597325085,0.6,0.1602541208267212,0.19719041883945465,0.2237953394651413,0.17541663348674774,0.24334341287612915
BCS6__Cow_11_07,Cow_11,1,2026,V,4,second,21,15,1,4,4.0,172.87282894786617,0.7142857142857143,0.16065675020217896,0.19288669526576996,0.22087842226028442,0.1751134693622589,0.25046467781066895
BCS6__Cow_12_2014,Cow_12,1,2026,V,4,first,24,19,1,0,0.0,172.3808842485783,0.7916666666666666,0.5314451456069946,0.1469186246395111,0.10557203739881516,0.06132560968399048,0.1547386199235916
BCS6__Cow_12_2014,Cow_12,1,2026,V,4,second,25,20,1,0,0.0,173.46500543816205,0.8,0.46995145082473755,0.17704036831855774,0.1271962970495224,0.07346675544977188,0.1523451805114746
BCS6__Cow_13_66,Cow_13,1,2026,V,4,first,23,5,1,4,4.0,172.0171087398665,0.21739130434782608,0.22390209138393402,0.19854086637496948,0.19785630702972412,0.14722314476966858,0.23247754573822021
BCS6__Cow_13_66,Cow_13,1,2026,V,4,second,23,15,1,4,4.0,169.6996595059602,0.6521739130434783,0.1924387514591217,0.19358234107494354,0.2070828229188919,0.1627485156059265,0.24414758384227753
BCS6__Cow_26_6,Cow_26,1,2026,V,4,first,30,1,0,4,,,,,,,,
BCS6__Cow_26_6,Cow_26,1,2026,V,4,second,31,8,1,4,4.0,172.82806196978373,0.25806451612903225,0.1716698557138443,0.19354137778282166,0.21475626528263092,0.17071150243282318,0.24932095408439636
BCS6__Cow_29_NOTAG,Cow_29,1,2026,V,4,first,23,16,1,4,4.0,169.1091775327788,0.6956521739130435,0.16024073958396912,0.18519805371761322,0.21540504693984985,0.16666561365127563,0.2724905014038086
BCS6__Cow_29_NOTAG,Cow_29,1,2026,V,4,second,23,18,1,4,4.0,170.85017686852498,0.782608695652174,0.16716444492340088,0.1863379180431366,0.21295498311519623,0.16641665995121002,0.2671259939670563
BCS6__Cow_35,Cow_35,1,2026,V,4,first,22,14,1,4,4.0,172.93680770114165,0.6363636363636364,0.16713237762451172,0.2028353065252304,0.22445343434810638,0.15694135427474976,0.24863745272159576
BCS6__Cow_35,Cow_35,1,2026,V,4,second,23,10,1,4,4.0,173.128046766217,0.43478260869565216,0.16453872621059418,0.2051914930343628,0.2271610051393509,0.15990155935287476,0.24320721626281738
BCS6__Cow_4_103,Cow_4,1,2026,V,4,first,30,22,1,4,4.0,170.59748584169137,0.7333333333333333,0.1714465469121933,0.18631887435913086,0.21223708987236023,0.17231036722660065,0.25768712162971497
BCS6__Cow_4_103,Cow_4,1,2026,V,4,second,31,25,1,4,4.0,173.1729468654868,0.8064516129032258,0.18155144155025482,0.1887204945087433,0.20887848734855652,0.16785627603530884,0.25299328565597534
BCS2__Cow_5_1,Cow_5,2,2026,V,0,first,23,8,1,4,4.0,171.41654572431042,0.34782608695652173,0.005748933646827936,0.0003062165924347937,0.007630897220224142,0.02053617313504219,0.9657778143882751
BCS2__Cow_5_1,Cow_5,2,2026,V,0,second,23,2,0,4,,,,,,,,
BCS3__Cow_20_0029,Cow_20,2,2026,V,1,first,2,2,0,3,,,,,,,,
BCS3__Cow_20_0029,Cow_20,2,2026,V,1,second,2,2,0,3,,,,,,,,
BCS3__Cow_22,Cow_22,2,2026,V,1,first,39,10,1,1,1.0,169.71626312395244,0.2564102564102564,0.0763140469789505,0.7560783624649048,0.13465560972690582,0.03081481344997883,0.002137197880074382
BCS3__Cow_22,Cow_22,2,2026,V,1,second,40,10,1,1,1.0,172.8720273076455,0.25,0.08496296405792236,0.7391178011894226,0.14140254259109497,0.03217620402574539,0.002340492559596896
BCS3__Cow_22_1,Cow_22,2,2026,V,1,first,3,2,0,1,,,,,,,,
BCS3__Cow_22_1,Cow_22,2,2026,V,1,second,4,4,1,1,1.0,171.09428579453942,1.0,0.0859575867652893,0.741155743598938,0.1370554119348526,0.03317490220069885,0.0026563468854874372
BCS4__Cow_10,Cow_10,2,2026,V,2,first,36,9,1,3,3.0,172.21630985676052,0.25,0.007456131745129824,0.05609877407550812,0.3255328834056854,0.5831459164619446,0.027766317129135132
BCS4__Cow_10,Cow_10,2,2026,V,2,second,36,32,1,3,3.0,167.3531618530045,0.8888888888888888,0.007120230235159397,0.06500270217657089,0.33563879132270813,0.568042516708374,0.02419571951031685
BCS4__Cow_10_2038,Cow_10,2,2026,V,2,first,2,2,0,2,,,,,,,,
BCS4__Cow_10_2038,Cow_10,2,2026,V,2,second,2,2,0,2,,,,,,,,
BCS4__Cow_22_6005,Cow_22,2,2026,V,2,first,2,2,0,3,,,,,,,,
BCS4__Cow_22_6005,Cow_22,2,2026,V,2,second,3,2,0,3,,,,,,,,
BCS4__Cow_30,Cow_30,2,2026,V,2,first,7,4,1,3,3.0,170.3642225349182,0.5714285714285714,0.008806091733276844,0.11888518929481506,0.3690015971660614,0.4848344027996063,0.01847272925078869
BCS4__Cow_30,Cow_30,2,2026,V,2,second,7,0,0,3,,,,,,,,
BCS4__Cow_42,Cow_42,2,2026,V,2,first,13,6,1,3,3.0,170.1643043577007,0.46153846153846156,0.0075319367460906506,0.01338719017803669,0.1964293271303177,0.6427218317985535,0.13992969691753387
BCS4__Cow_42,Cow_42,2,2026,V,2,second,14,5,1,3,3.0,168.7018330479923,0.35714285714285715,0.010033447295427322,0.024312280118465424,0.24179130792617798,0.629239022731781,0.09462393820285797
BCS4__Cow_47_1,Cow_47,2,2026,V,2,first,3,3,1,3,2.0,165.6616691349082,1.0,0.006090187001973391,0.23166759312152863,0.39288538694381714,0.36262887716293335,0.006727962754666805
BCS4__Cow_47_1,Cow_47,2,2026,V,2,second,4,4,1,3,3.0,167.72901295451248,1.0,0.004699298646301031,0.11282503604888916,0.37863093614578247,0.4934178590774536,0.010426824912428856
BCS4__Cow_49,Cow_49,2,2026,V,2,first,4,3,1,3,2.0,160.51190280932127,0.75,0.0059420564211905,0.22226963937282562,0.39194393157958984,0.3727269768714905,0.0071173920296132565
BCS4__Cow_49,Cow_49,2,2026,V,2,second,5,4,1,3,3.0,171.35377573323314,0.8,0.005420257803052664,0.12396623939275742,0.3799135088920593,0.47955766320228577,0.01114234235137701
BCS4__Cow_55,Cow_55,2,2026,V,2,first,2,2,0,3,,,,,,,,
BCS4__Cow_55,Cow_55,2,2026,V,2,second,3,2,0,3,,,,,,,,
BCS4__Cow_8,Cow_8,2,2026,V,2,first,19,16,1,3,3.0,169.33989342131102,0.8421052631578947,0.004670256283134222,0.04788188263773918,0.323575884103775,0.6036528944969177,0.020219115540385246
BCS4__Cow_8,Cow_8,2,2026,V,2,second,20,10,1,3,3.0,170.37019965622022,0.5,0.004878140985965729,0.04209829866886139,0.31288233399391174,0.6167010068893433,0.023440130054950714
BCS4__Cow_9,Cow_9,2,2026,V,2,first,13,10,1,3,3.0,165.60707693826612,0.7692307692307693,0.003659005044028163,0.10845248401165009,0.385064035654068,0.4946492910385132,0.008175205439329147
BCS4__Cow_9,Cow_9,2,2026,V,2,second,13,9,1,3,3.0,163.28626852803404,0.6923076923076923,0.0038660659920424223,0.09756237268447876,0.3777901530265808,0.5113543272018433,0.009427102282643318
BCS5__Cow_10_0029,Cow_10,2,2026,V,3,first,3,2,0,3,,,,,,,,
BCS5__Cow_10_0029,Cow_10,2,2026,V,3,second,4,3,1,3,3.0,171.90375742110592,0.75,0.005285796709358692,0.034788116812705994,0.2900238335132599,0.6387917399406433,0.031110482290387154
BCS5__Cow_24,Cow_24,2,2026,V,3,first,12,6,1,3,3.0,171.30001837958278,0.5,0.007862172089517117,0.05714847147464752,0.32242774963378906,0.5820338129997253,0.030527744442224503
BCS5__Cow_24,Cow_24,2,2026,V,3,second,13,6,1,3,3.0,171.616904682423,0.46153846153846156,0.007487677037715912,0.05340443179011345,0.3184954822063446,0.5898696184158325,0.03074275329709053
BCS5__Cow_24_7022,Cow_24,2,2026,V,3,first,2,2,0,3,,,,,,,,
BCS5__Cow_24_7022,Cow_24,2,2026,V,3,second,2,1,0,3,,,,,,,,
BCS5__Cow_28,Cow_28,2,2026,V,3,first,15,14,1,3,3.0,170.49482846285264,0.9333333333333333,0.0035238813143223524,0.04625824838876724,0.3280830681324005,0.6063905358314514,0.01574426330626011
BCS5__Cow_28,Cow_28,2,2026,V,3,second,15,14,1,3,3.0,169.84204428054258,0.9333333333333333,0.003374621504917741,0.03851361200213432,0.31587541103363037,0.6248852014541626,0.017351187765598297
BCS5__Cow_28_4024,Cow_28,2,2026,V,3,first,3,2,0,2,,,,,,,,
BCS5__Cow_28_4024,Cow_28,2,2026,V,3,second,3,1,0,2,,,,,,,,
BCS5__Cow_3,Cow_3,2,2026,V,3,first,9,7,1,0,0.0,170.79992864517618,0.7777777777777778,0.49454402923583984,0.2912242114543915,0.16797634959220886,0.03606732189655304,0.010188108310103416
BCS5__Cow_3,Cow_3,2,2026,V,3,second,10,3,1,0,0.0,172.37723937450326,0.3,0.4005568027496338,0.3777395784854889,0.17423439025878906,0.038736455142498016,0.008732840418815613
BCS5__Cow_30_30,Cow_30,2,2026,V,3,first,3,2,0,3,,,,,,,,
BCS5__Cow_30_30,Cow_30,2,2026,V,3,second,4,4,1,3,3.0,172.5049835085633,1.0,0.00675383023917675,0.06477759033441544,0.3278719484806061,0.5757763981819153,0.024820294231176376
BCS5__Cow_34,Cow_34,2,2026,V,3,first,20,7,1,2,2.0,171.20187503860788,0.35,0.23629246652126312,0.1821083128452301,0.34093958139419556,0.1845671385526657,0.05609248951077461
BCS5__Cow_34,Cow_34,2,2026,V,3,second,20,2,0,2,,,,,,,,
BCS5__Cow_34_1,Cow_34,2,2026,V,3,first,9,4,1,3,3.0,164.49300765045263,0.4444444444444444,0.018258152529597282,0.059569165110588074,0.3298220634460449,0.53267902135849,0.059671610593795776
BCS5__Cow_34_1,Cow_34,2,2026,V,3,second,9,0,0,3,,,,,,,,
BCS5__Cow_50,Cow_50,2,2026,V,3,first,19,19,1,3,3.0,173.00417166918672,1.0,0.010734688490629196,0.11465878784656525,0.36125272512435913,0.490346223115921,0.023007482290267944
BCS5__Cow_50,Cow_50,2,2026,V,3,second,20,20,1,3,3.0,173.47441765066134,1.0,0.011321356520056725,0.12213665246963501,0.36366528272628784,0.47991758584976196,0.022959202527999878
BCS5__Cow_50_49,Cow_50,2,2026,V,3,first,1,1,0,3,,,,,,,,
BCS5__Cow_50_49,Cow_50,2,2026,V,3,second,2,2,0,3,,,,,,,,
BCS5__Cow_8_NOTAG,Cow_8,2,2026,V,3,first,3,2,0,3,,,,,,,,
BCS5__Cow_8_NOTAG,Cow_8,2,2026,V,3,second,4,2,0,3,,,,,,,,
BCS6__Cow_18,Cow_18,2,2026,V,4,first,23,14,1,4,4.0,168.67690559642762,0.6086956521739131,0.03433218598365784,0.006550369784235954,0.06406509131193161,0.11043091863393784,0.7846214175224304
BCS6__Cow_18,Cow_18,2,2026,V,4,second,23,19,1,4,4.0,171.81580331821024,0.8260869565217391,0.0271617341786623,0.0030120653100311756,0.03444067761301994,0.062079861760139465,0.87330561876297
BCS6__Cow_18_32,Cow_18,2,2026,V,4,first,28,22,1,4,4.0,172.5739879869971,0.7857142857142857,0.00468387920409441,0.0006804385920986533,0.014845676720142365,0.05847717449069023,0.9213127493858337
BCS6__Cow_18_32,Cow_18,2,2026,V,4,second,29,24,1,4,4.0,173.69566006487963,0.8275862068965517,0.004261824302375317,0.0005074452492408454,0.01138846855610609,0.04372571036219597,0.9401165246963501
BCS6__Cow_24_08,Cow_24,2,2026,V,4,first,15,6,1,4,4.0,173.43962274306995,0.4,0.03553181141614914,0.004120498429983854,0.03895479068160057,0.06699810177087784,0.854394793510437
BCS6__Cow_24_08,Cow_24,2,2026,V,4,second,16,16,1,4,4.0,173.7365540074403,1.0,0.03637520968914032,0.005545785650610924,0.04818036034703255,0.08515740185976028,0.8247412443161011
BCS6__Cow_28_3083,Cow_28,2,2026,V,4,first,23,15,1,4,4.0,172.54620092302903,0.6521739130434783,0.005050691310316324,0.0005508927279151976,0.011145412921905518,0.03946347534656525,0.943789541721344
BCS6__Cow_28_3083,Cow_28,2,2026,V,4,second,23,3,1,4,4.0,173.9377670211239,0.13043478260869565,0.002875019796192646,0.00014551749336533248,0.003923620097339153,0.013105896301567554,0.979949951171875
BCS6__Cow_3_25,Cow_3,2,2026,V,4,first,23,2,0,4,,,,,,,,
BCS6__Cow_3_25,Cow_3,2,2026,V,4,second,23,20,1,4,4.0,173.52042940500343,0.8695652173913043,0.00798130501061678,0.0006935253622941673,0.010340945795178413,0.027660878375172615,0.9533233642578125
BCS6__Cow_47_68,Cow_47,2,2026,V,4,first,15,15,1,4,4.0,170.71022282165904,1.0,0.003855176502838731,0.00018081284360960126,0.004306545481085777,0.01269090361893177,0.9789665937423706
BCS6__Cow_47_68,Cow_47,2,2026,V,4,second,16,16,1,4,4.0,171.90265154411452,1.0,0.0030958165880292654,0.00012501032324507833,0.003382164752110839,0.01021531317383051,0.9831816554069519
BCS6__Cow_9_1044,Cow_9,2,2026,V,4,first,23,19,1,4,4.0,167.41661613531923,0.8260869565217391,0.00453580217435956,0.0006814413936808705,0.015549269504845142,0.06263807415962219,0.9165953993797302
BCS6__Cow_9_1044,Cow_9,2,2026,V,4,second,23,17,1,4,4.0,167.85517199648052,0.7391304347826086,0.003411661833524704,0.0002798890054691583,0.006975434720516205,0.02587749809026718,0.9634554386138916
BCS2__Cow_21_8029,Cow_21,0,2027,V,0,first,30,15,1,4,4.0,164.0653610753726,0.5,0.037235524505376816,2.8149270292487927e-05,0.005640505813062191,0.012708095833659172,0.9443877339363098
BCS2__Cow_21_8029,Cow_21,0,2027,V,0,second,31,2,0,4,,,,,,,,
BCS3__Cow_16,Cow_16,0,2027,V,1,first,22,7,1,3,3.0,165.77273861474427,0.3181818181818182,6.005828981869854e-05,0.0035250044893473387,0.4032835364341736,0.5913090109825134,0.0018224517116323113
BCS3__Cow_16,Cow_16,0,2027,V,1,second,22,13,1,3,3.0,163.54724035520573,0.5909090909090909,4.42678174294997e-05,0.002546782372519374,0.3846646547317505,0.6110619902610779,0.0016822757897898555
BCS3__Cow_16_1004,Cow_16,0,2027,V,1,first,2,1,0,2,,,,,,,,
BCS3__Cow_16_1004,Cow_16,0,2027,V,1,second,2,2,0,2,,,,,,,,
BCS3__Cow_25_66,Cow_25,0,2027,V,1,first,2,2,0,3,,,,,,,,
BCS3__Cow_25_66,Cow_25,0,2027,V,1,second,3,1,0,3,,,,,,,,
BCS3__Cow_2_1015,Cow_2,0,2027,V,1,first,2,2,0,3,,,,,,,,
BCS3__Cow_2_1015,Cow_2,0,2027,V,1,second,3,2,0,3,,,,,,,,
BCS3__Cow_46,Cow_46,0,2027,V,1,first,30,16,1,2,2.0,166.20161861967796,0.5333333333333333,0.0016745266038924456,0.11225596815347672,0.567639946937561,0.3163444995880127,0.0020850675646215677
BCS3__Cow_46,Cow_46,0,2027,V,1,second,30,1,0,2,,,,,,,,
BCS3__Cow_46_1,Cow_46,0,2027,V,1,first,19,9,1,1,1.0,162.44824920426407,0.47368421052631576,0.012238845229148865,0.8176406025886536,0.10382770746946335,0.06596797704696655,0.0003249100118409842
BCS3__Cow_46_1,Cow_46,0,2027,V,1,second,20,0,0,1,,,,,,,,
BCS3__Cow_46_2,Cow_46,0,2027,V,1,first,3,2,0,1,,,,,,,,
BCS3__Cow_46_2,Cow_46,0,2027,V,1,second,3,1,0,1,,,,,,,,
BCS3__Cow_53,Cow_53,0,2027,V,1,first,3,3,1,2,2.0,168.2141197338734,1.0,0.009314896538853645,0.2084973156452179,0.4762442409992218,0.30098751187324524,0.004956030286848545
BCS3__Cow_53,Cow_53,0,2027,V,1,second,4,0,0,2,,,,,,,,
BCS4__Cow_15_68,Cow_15,0,2027,V,2,first,1,1,0,3,,,,,,,,
BCS4__Cow_15_68,Cow_15,0,2027,V,2,second,2,2,0,3,,,,,,,,
BCS4__Cow_17,Cow_17,0,2027,V,2,first,13,4,1,3,3.0,171.7298640420105,0.3076923076923077,1.3087164006719831e-05,0.0008343099034391344,0.3316769301891327,0.6664407849311829,0.0010348702780902386
BCS4__Cow_17,Cow_17,0,2027,V,2,second,13,6,1,3,3.0,172.66973605171208,0.46153846153846156,1.8104712580679916e-05,0.0010028864489868283,0.33810436725616455,0.6596308946609497,0.0012437611585482955
BCS4__Cow_19,Cow_19,0,2027,V,2,first,32,27,1,2,1.0,171.24997480800033,0.84375,0.00808598380535841,0.5108669996261597,0.3018847703933716,0.17730894684791565,0.0018532635876908898
BCS4__Cow_19,Cow_19,0,2027,V,2,second,33,30,1,2,2.0,169.91049239817312,0.9090909090909091,0.005040823947638273,0.28099325299263,0.4482296407222748,0.26269569993019104,0.0030405668076127768
BCS4__Cow_19_0037,Cow_19,0,2027,V,2,first,3,3,1,3,3.0,165.8417344296178,1.0,2.105174098687712e-05,0.000930313253775239,0.3214247226715088,0.6759635806083679,0.0016603505937382579
BCS4__Cow_19_0037,Cow_19,0,2027,V,2,second,3,2,0,3,,,,,,,,
BCS4__Cow_2,Cow_2,0,2027,V,2,first,7,5,1,3,3.0,174.4267503507631,0.7142857142857143,3.88689040846657e-05,0.00045650757965631783,0.25832074880599976,0.7356892824172974,0.005494609475135803
BCS4__Cow_2,Cow_2,0,2027,V,2,second,8,8,1,3,3.0,172.83144698751408,1.0,4.864250877290033e-05,0.0005596623523160815,0.26436135172843933,0.7290917634963989,0.005938611458986998
BCS4__Cow_23,Cow_23,0,2027,V,2,first,21,10,1,3,3.0,169.2197307476981,0.47619047619047616,0.00030229732510633767,0.015452218241989613,0.4755053222179413,0.5054290890693665,0.0033110673539340496
BCS4__Cow_23,Cow_23,0,2027,V,2,second,21,8,1,3,3.0,169.55395232177875,0.38095238095238093,0.00036096040275879204,0.016499027609825134,0.47601133584976196,0.5034223198890686,0.003706334624439478
BCS4__Cow_31,Cow_31,0,2027,V,2,first,6,6,1,0,0.0,169.24219404261424,1.0,0.9503892660140991,0.022612901404500008,0.008125505410134792,0.015918543562293053,0.0029536851216107607
BCS4__Cow_31,Cow_31,0,2027,V,2,second,7,6,1,0,0.0,169.1895308412586,0.8571428571428571,0.9653759002685547,0.011407144367694855,0.006440953351557255,0.012654585763812065,0.004121467471122742
BCS4__Cow_32_0035,Cow_32,0,2027,V,2,first,4,4,1,2,3.0,161.37090607601982,1.0,0.0009454548126086593,0.01965048350393772,0.4637720584869385,0.5079418420791626,0.00769016332924366
BCS4__Cow_32_0035,Cow_32,0,2027,V,2,second,4,4,1,2,2.0,168.98920759259374,1.0,0.0013081739889457822,0.05138427019119263,0.5450122356414795,0.3980250358581543,0.0042702872306108475
BCS4__Cow_44_1,Cow_44,0,2027,V,2,first,23,7,1,3,3.0,170.64047862721952,0.30434782608695654,1.4497748452413362e-05,0.0004551090532913804,0.2911716401576996,0.7066417932510376,0.0017170035280287266
BCS4__Cow_44_1,Cow_44,0,2027,V,2,second,23,15,1,3,3.0,169.04432685258152,0.6521739130434783,7.429632387356833e-05,0.001701319357380271,0.3429489731788635,0.6521096229553223,0.003165861591696739
BCS4__Cow_51,Cow_51,0,2027,V,2,first,2,2,0,3,,,,,,,,
BCS4__Cow_51,Cow_51,0,2027,V,2,second,2,2,0,3,,,,,,,,
BCS4__Cow_51_0035,Cow_51,0,2027,V,2,first,2,2,0,3,,,,,,,,
BCS4__Cow_51_0035,Cow_51,0,2027,V,2,second,3,2,0,3,,,,,,,,
BCS4__Cow_7,Cow_7,0,2027,V,2,first,9,6,1,2,2.0,172.4528014098345,0.6666666666666666,0.003966894466429949,0.3054427206516266,0.44914060831069946,0.2397192120552063,0.0017306616064161062
BCS4__Cow_7,Cow_7,0,2027,V,2,second,9,9,1,2,2.0,171.64724716991688,1.0,0.004259246867150068,0.3350641429424286,0.43079233169555664,0.22832898795604706,0.0015553171979263425
BCS5__Cow_15,Cow_15,0,2027,V,3,first,14,13,1,2,2.0,170.03247497541147,0.9285714285714286,0.000775808235630393,0.03326980397105217,0.5193929672241211,0.44235947728157043,0.004201958421617746
BCS5__Cow_15,Cow_15,0,2027,V,3,second,15,12,1,2,2.0,169.04112874262378,0.8,0.0008465279825031757,0.03441475331783295,0.5142064690589905,0.44588446617126465,0.004647789988666773
BCS5__Cow_17_17,Cow_17,0,2027,V,3,first,4,3,1,3,3.0,167.7666642351508,0.75,1.1299530342512298e-05,0.00016234609938692302,0.2102099061012268,0.785348117351532,0.004268383141607046
BCS5__Cow_17_17,Cow_17,0,2027,V,3,second,4,3,1,3,3.0,172.05257321065835,0.75,1.6007412341423333e-05,0.00015894185344222933,0.20248834788799286,0.7905197739601135,0.0068168542347848415
BCS5__Cow_21,Cow_21,0,2027,V,3,first,13,9,1,3,3.0,171.32780419866927,0.6923076923076923,1.7479673260822892e-05,0.001526481006294489,0.37191346287727356,0.625588059425354,0.0009545197826810181
BCS5__Cow_21,Cow_21,0,2027,V,3,second,13,9,1,3,3.0,170.68283480431631,0.6923076923076923,1.5765723219374195e-05,0.0014174674870446324,0.36968281865119934,0.6279865503311157,0.0008974741795100272
BCS5__Cow_23_1067,Cow_23,0,2027,V,3,first,2,2,0,3,,,,,,,,
BCS5__Cow_23_1067,Cow_23,0,2027,V,3,second,3,3,1,3,3.0,170.52493351953348,1.0,1.2496729141275864e-05,9.794199286261573e-05,0.18952547013759613,0.8027835488319397,0.007580556441098452
BCS5__Cow_25,Cow_25,0,2027,V,3,first,33,11,1,2,2.0,168.21915999669343,0.3333333333333333,0.0009188272524625063,0.03387226164340973,0.495889812707901,0.46362733840942383,0.005691803526133299
BCS5__Cow_25,Cow_25,0,2027,V,3,second,33,18,1,2,2.0,167.78498670253768,0.5454545454545454,0.0007829603273421526,0.03106011636555195,0.49597489833831787,0.46702781319618225,0.005154195707291365
BCS5__Cow_31_15,Cow_31,0,2027,V,3,first,2,2,0,3,,,,,,,,
BCS5__Cow_31_15,Cow_31,0,2027,V,3,second,2,1,0,3,,,,,,,,
BCS5__Cow_31_2024,Cow_31,0,2027,V,3,first,2,2,0,3,,,,,,,,
BCS5__Cow_31_2024,Cow_31,0,2027,V,3,second,3,3,1,3,3.0,169.94558330610357,1.0,2.888390008592978e-05,0.0017709293169900775,0.36000609397888184,0.636711597442627,0.0014824296813458204
BCS5__Cow_32,Cow_32,0,2027,V,3,first,7,3,1,3,3.0,172.47895182836993,0.42857142857142855,0.0058707185089588165,0.0008056259830482304,0.21058286726474762,0.5003777742385864,0.28236299753189087
BCS5__Cow_32,Cow_32,0,2027,V,3,second,8,2,0,3,,,,,,,,
BCS5__Cow_44_3008,Cow_44,0,2027,V,3,first,5,2,0,3,,,,,,,,
BCS5__Cow_44_3008,Cow_44,0,2027,V,3,second,5,1,0,3,,,,,,,,
BCS5__Cow_45,Cow_45,0,2027,V,3,first,12,11,1,3,3.0,169.75955555667923,0.9166666666666666,2.04412208404392e-05,0.0006485161138698459,0.3066471219062805,0.6908439993858337,0.0018398970132693648
BCS5__Cow_45,Cow_45,0,2027,V,3,second,13,13,1,3,3.0,170.28695525445863,1.0,1.6267149476334453e-05,0.0005427608266472816,0.29998695850372314,0.6977813243865967,0.001672654296271503
BCS5__Cow_53_30,Cow_53,0,2027,V,3,first,6,0,0,3,,,,,,,,
BCS5__Cow_53_30,Cow_53,0,2027,V,3,second,7,4,1,3,3.0,170.97664565595858,0.5714285714285714,3.344248762005009e-05,0.00025751732755452394,0.21258360147476196,0.7767000794410706,0.010425395332276821
BCS5__Cow_7_6022,Cow_7,0,2027,V,3,first,2,1,0,3,,,,,,,,
BCS5__Cow_7_6022,Cow_7,0,2027,V,3,second,2,2,0,3,,,,,,,,
BCS6__Cow_16_06,Cow_16,0,2027,V,4,first,38,28,1,4,4.0,172.85413511564454,0.7368421052631579,0.0001032527579809539,5.582121076486146e-08,0.0012550076935440302,0.009150034748017788,0.9894915819168091
BCS6__Cow_16_06,Cow_16,0,2027,V,4,second,38,34,1,4,4.0,172.7047234430375,0.8947368421052632,9.423676237929612e-05,5.8018194692976977e-08,0.001392850768752396,0.010298150591552258,0.9882147312164307
BCS6__Cow_19_29,Cow_19,0,2027,V,4,first,30,26,1,4,4.0,171.93427721120312,0.8666666666666667,4.98592053190805e-05,7.217141728688148e-08,0.0032125769648700953,0.02623916231095791,0.9704983234405518
BCS6__Cow_19_29,Cow_19,0,2027,V,4,second,31,26,1,4,4.0,173.26976138784778,0.8387096774193549,3.826865940936841e-05,4.919984419871071e-08,0.0028498461470007896,0.02458050288259983,0.9725313186645508
BCS6__Cow_2_6006,Cow_2,0,2027,V,4,first,15,15,1,4,4.0,172.7417965819457,1.0,6.360998668242246e-05,7.941834745395226e-09,0.0003290029417257756,0.0026682743337005377,0.9969391822814941
BCS6__Cow_2_6006,Cow_2,0,2027,V,4,second,16,16,1,4,4.0,171.70556108359614,1.0,6.663229578407481e-05,7.885089026160585e-09,0.000314947945298627,0.0025300332345068455,0.9970883727073669
BCS6__Cow_32_34,Cow_32,0,2027,V,4,first,30,4,1,4,4.0,174.5194799413863,0.13333333333333333,0.0001783870829967782,6.261917917527171e-08,0.0008208603248931468,0.00538247637450695,0.9936182498931885
BCS6__Cow_32_34,Cow_32,0,2027,V,4,second,31,3,1,4,4.0,173.50613798901162,0.0967741935483871,0.00018549147353041917,8.780494908933179e-08,0.0010196225484833121,0.006699917372316122,0.9920949339866638
BCS6__Cow_36,Cow_36,0,2027,V,4,first,22,18,1,4,4.0,171.97030707515705,0.8181818181818182,0.0018439947161823511,2.7724713191901174e-08,0.0001629239704925567,0.0006387113244272768,0.9973543882369995
BCS6__Cow_36,Cow_36,0,2027,V,4,second,23,19,1,4,4.0,172.6305618731255,0.8260869565217391,0.0019089904380962253,8.324015965399667e-08,0.0003765441942960024,0.0014944899594411254,0.9962198138237
BCS6__Cow_36_1,Cow_36,0,2027,V,4,first,25,25,1,4,4.0,172.04149234605404,1.0,0.003907340578734875,5.973960469418671e-06,0.009222782216966152,0.029570508748292923,0.9572933912277222
BCS6__Cow_36_1,Cow_36,0,2027,V,4,second,25,21,1,4,4.0,172.4849707664876,0.84,0.002792673883959651,4.809406618733192e-06,0.009634013287723064,0.033019520342350006,0.9545490145683289
BCS6__Cow_45_9025,Cow_45,0,2027,V,4,first,23,23,1,4,4.0,167.66243736780427,1.0,7.692961662542075e-05,2.826798173316547e-08,0.0009072722750715911,0.007015043869614601,0.9920006990432739
BCS6__Cow_45_9025,Cow_45,0,2027,V,4,second,23,8,1,4,4.0,171.78827310706663,0.34782608695652173,4.6088272938504815e-05,7.110840805069074e-09,0.00041542237158864737,0.0035767408553510904,0.9959617257118225
BCS6__Cow_52_29,Cow_52,0,2027,V,4,first,30,24,1,4,4.0,173.87935522312824,0.8,9.18645819183439e-05,3.106742596514778e-08,0.0008036429644562304,0.006012140307575464,0.9930922985076904
BCS6__Cow_52_29,Cow_52,0,2027,V,4,second,31,31,1,4,4.0,172.58243313145888,1.0,8.891520701581612e-05,2.6766766580976764e-08,0.0006956266006454825,0.005252041853964329,0.9939634203910828
BCS6__Cow_7_9008,Cow_7,0,2027,V,4,first,30,13,1,4,4.0,168.7758933629712,0.43333333333333335,3.989716788055375e-05,7.723701145323503e-08,0.004427785985171795,0.03760422393679619,0.9579281210899353
BCS6__Cow_7_9008,Cow_7,0,2027,V,4,second,31,6,1,4,4.0,169.86008953251417,0.1935483870967742,5.6828957895049825e-05,5.9531899410103506e-08,0.002306160517036915,0.018592095002532005,0.9790448546409607
BCS2__Cow_11,Cow_11,1,2027,V,0,first,252,34,1,1,1.0,172.5556313138602,0.1349206349206349,0.012452531605958939,0.4343860149383545,0.28911805152893066,0.22326840460300446,0.040775008499622345
BCS2__Cow_11,Cow_11,1,2027,V,0,second,252,42,1,1,1.0,172.6013977091373,0.16666666666666666,0.012157903052866459,0.43767470121383667,0.28818759322166443,0.222203329205513,0.039776500314474106
BCS2__Cow_11_1,Cow_11,1,2027,V,0,first,26,0,0,2,,,,,,,,
BCS2__Cow_11_1,Cow_11,1,2027,V,0,second,26,6,1,2,2.0,170.79467556249435,0.23076923076923078,0.009392395615577698,0.3123672902584076,0.34144070744514465,0.2758917212486267,0.06090787053108215
BCS2__Cow_11_2,Cow_11,1,2027,V,0,first,24,21,1,4,4.0,169.12516074311785,0.875,0.23689371347427368,0.14174330234527588,0.11541351675987244,0.10444247722625732,0.40150704979896545
BCS2__Cow_11_2,Cow_11,1,2027,V,0,second,25,19,1,4,1.0,171.19605184432032,0.76,0.07319020479917526,0.28268542885780334,0.24321700632572174,0.202621728181839,0.19828563928604126
BCS3__Cow_14,Cow_14,1,2027,V,1,first,8,3,1,2,2.0,162.50616462144322,0.375,0.004356075078248978,0.16035977005958557,0.38196977972984314,0.33778178691864014,0.1155325323343277
BCS3__Cow_14,Cow_14,1,2027,V,1,second,9,1,0,2,,,,,,,,
BCS3__Cow_14_0011,Cow_14,1,2027,V,1,first,3,2,0,1,,,,,,,,
BCS3__Cow_14_0011,Cow_14,1,2027,V,1,second,4,2,0,1,,,,,,,,
BCS3__Cow_6_103,Cow_6,1,2027,V,1,first,2,1,0,1,,,,,,,,
BCS3__Cow_6_103,Cow_6,1,2027,V,1,second,3,3,1,1,1.0,161.55790750344187,1.0,0.02375500090420246,0.40165138244628906,0.28276389837265015,0.23196451365947723,0.05986524000763893
BCS4__Cow_1,Cow_1,1,2027,V,2,first,9,4,1,2,2.0,173.04281162398252,0.4444444444444444,0.008296278305351734,0.1940447986125946,0.3653956353664398,0.32198482751846313,0.11027844995260239
BCS4__Cow_1,Cow_1,1,2027,V,2,second,10,5,1,2,2.0,174.1472652819167,0.5,0.007353111170232296,0.19304335117340088,0.3697461187839508,0.3254002332687378,0.10445714741945267
BCS4__Cow_26,Cow_26,1,2027,V,2,first,7,3,1,2,2.0,170.32351963776654,0.42857142857142855,0.009539468213915825,0.18691492080688477,0.357969731092453,0.32099682092666626,0.12457912415266037
BCS4__Cow_26,Cow_26,1,2027,V,2,second,8,4,1,2,2.0,169.86020482669838,0.5,0.009156625717878342,0.1871863156557083,0.3593752682209015,0.3221573829650879,0.12212442606687546
BCS4__Cow_26_5051,Cow_26,1,2027,V,2,first,6,2,0,1,,,,,,,,
BCS4__Cow_26_5051,Cow_26,1,2027,V,2,second,6,3,1,1,1.0,166.41648456959476,0.5,0.011216946877539158,0.42794346809387207,0.29566025733947754,0.22136200964450836,0.04381735250353813
BCS4__Cow_27_9008,Cow_27,1,2027,V,2,first,3,2,0,1,,,,,,,,
BCS4__Cow_27_9008,Cow_27,1,2027,V,2,second,4,2,0,1,,,,,,,,
BCS4__Cow_29_7007,Cow_29,1,2027,V,2,first,2,2,0,1,,,,,,,,
BCS4__Cow_29_7007,Cow_29,1,2027,V,2,second,3,2,0,1,,,,,,,,
BCS4__Cow_33,Cow_33,1,2027,V,2,first,52,16,1,2,2.0,169.794811507377,0.3076923076923077,0.007007937878370285,0.18044091761112213,0.3696681261062622,0.32796475291252136,0.11491823941469193
BCS4__Cow_33,Cow_33,1,2027,V,2,second,53,5,1,2,2.0,169.01401861688544,0.09433962264150944,0.006373731419444084,0.1776304692029953,0.37316960096359253,0.33006250858306885,0.11276372522115707
BCS4__Cow_4,Cow_4,1,2027,V,2,first,2,2,0,2,,,,,,,,
BCS4__Cow_4,Cow_4,1,2027,V,2,second,2,2,0,2,,,,,,,,
BCS4__Cow_41,Cow_41,1,2027,V,2,first,30,3,1,2,2.0,173.58252888296627,0.1,0.010212874971330166,0.2376960813999176,0.3566076159477234,0.3081153929233551,0.08736803382635117
BCS4__Cow_41,Cow_41,1,2027,V,2,second,31,0,0,2,,,,,,,,
BCS4__Cow_48,Cow_48,1,2027,V,2,first,6,0,0,2,,,,,,,,
BCS4__Cow_48,Cow_48,1,2027,V,2,second,7,3,1,2,2.0,170.07276567517712,0.42857142857142855,0.012609891593456268,0.2296592742204666,0.3486151695251465,0.3053925931453705,0.10372313112020493
BCS4__Cow_4_1,Cow_4,1,2027,V,2,first,19,19,1,2,2.0,167.79957045946657,1.0,0.011031640693545341,0.20584382116794586,0.35437142848968506,0.31484246253967285,0.11391065269708633
BCS4__Cow_4_1,Cow_4,1,2027,V,2,second,20,20,1,2,2.0,162.49650676010418,1.0,0.011169211007654667,0.20110774040222168,0.35371890664100647,0.3152724802494049,0.11873171478509903
BCS4__Cow_6,Cow_6,1,2027,V,2,first,21,3,1,2,2.0,169.33535424534642,0.14285714285714285,0.009098201990127563,0.20413824915885925,0.35708239674568176,0.3187292516231537,0.1109519749879837
BCS4__Cow_6,Cow_6,1,2027,V,2,second,21,4,1,2,2.0,168.0633817100955,0.19047619047619047,0.009136604145169258,0.19842416048049927,0.3575778007507324,0.3212006986141205,0.11366073042154312
BCS5__Cow_12_NOTAG,Cow_12,1,2027,V,3,first,2,2,0,2,,,,,,,,
BCS5__Cow_12_NOTAG,Cow_12,1,2027,V,3,second,2,1,0,2,,,,,,,,
BCS5__Cow_13,Cow_13,1,2027,V,3,first,11,9,1,2,2.0,172.19697143162998,0.8181818181818182,0.008303025737404823,0.18109901249408722,0.3638665974140167,0.321994811296463,0.12473664432764053
BCS5__Cow_13,Cow_13,1,2027,V,3,second,12,11,1,2,2.0,173.49780915168796,0.9166666666666666,0.008849803358316422,0.1875973343849182,0.36214888095855713,0.3207354247570038,0.12066851556301117
BCS5__Cow_13_8001,Cow_13,1,2027,V,3,first,2,1,0,2,,,,,,,,
BCS5__Cow_13_8001,Cow_13,1,2027,V,3,second,2,2,0,2,,,,,,,,
BCS5__Cow_1_27,Cow_1,1,2027,V,3,first,2,1,0,2,,,,,,,,
BCS5__Cow_1_27,Cow_1,1,2027,V,3,second,2,2,0,2,,,,,,,,
BCS5__Cow_27,Cow_27,1,2027,V,3,first,21,11,1,2,2.0,168.83613076599408,0.5238095238095238,0.006375140510499477,0.170203298330307,0.36924225091934204,0.32889407873153687,0.12528522312641144
BCS5__Cow_27,Cow_27,1,2027,V,3,second,21,10,1,2,2.0,169.79075233536037,0.47619047619047616,0.005887456238269806,0.17827901244163513,0.3730888068675995,0.3319055438041687,0.11083918809890747
BCS5__Cow_29,Cow_29,1,2027,V,3,first,15,12,1,2,2.0,170.6798081627203,0.8,0.0062755560502409935,0.16844165325164795,0.3719058930873871,0.3300080895423889,0.12336885929107666
BCS5__Cow_29,Cow_29,1,2027,V,3,second,15,13,1,2,2.0,171.21781445127687,0.8666666666666667,0.006389554589986801,0.17670610547065735,0.37277036905288696,0.33024919033050537,0.11388479918241501
BCS5__Cow_37,Cow_37,1,2027,V,3,first,14,13,1,2,2.0,171.7284788800338,0.9285714285714286,0.0077921305783092976,0.17760348320007324,0.3650689125061035,0.32482650876045227,0.12470894306898117
BCS5__Cow_37,Cow_37,1,2027,V,3,second,14,13,1,2,2.0,171.82204303655806,0.9285714285714286,0.0076248664408922195,0.18221768736839294,0.3668880760669708,0.3253132104873657,0.11795613169670105
BCS5__Cow_37_and_38,Cow_37,1,2027,V,3,first,12,3,1,2,2.0,170.93735033593998,0.25,0.0065797981806099415,0.19312837719917297,0.37367165088653564,0.32689765095710754,0.09972254931926727
BCS5__Cow_37_and_38,Cow_37,1,2027,V,3,second,12,0,0,2,,,,,,,,
BCS5__Cow_43,Cow_43,1,2027,V,3,first,19,18,1,2,2.0,170.47077476416072,0.9473684210526315,0.00400586798787117,0.15299734473228455,0.38400280475616455,0.33836954832077026,0.12062443047761917
BCS5__Cow_43,Cow_43,1,2027,V,3,second,19,19,1,2,2.0,168.14633581369202,1.0,0.004316969774663448,0.15630003809928894,0.38175833225250244,0.3363216817378998,0.12130297720432281
BCS5__Cow_48_1018,Cow_48,1,2027,V,3,first,1,1,0,2,,,,,,,,
BCS5__Cow_48_1018,Cow_48,1,2027,V,3,second,2,2,0,2,,,,,,,,
BCS5__Cow_54,Cow_54,1,2027,V,3,first,3,3,1,2,2.0,170.27827530308326,1.0,0.00784772727638483,0.19065679609775543,0.3662259578704834,0.3223344385623932,0.11293511837720871
BCS5__Cow_54,Cow_54,1,2027,V,3,second,4,3,1,2,2.0,170.27605091057677,0.75,0.008850770071148872,0.2158326506614685,0.3629463016986847,0.3141111135482788,0.09825915098190308
BCS5__Cow_6_5051,Cow_6,1,2027,V,3,first,2,2,0,2,,,,,,,,
BCS5__Cow_6_5051,Cow_6,1,2027,V,3,second,3,1,0,2,,,,,,,,
BCS6__Cow_11_07,Cow_11,1,2027,V,4,first,20,12,1,4,4.0,172.86655597325085,0.6,0.011762616224586964,0.02596115693449974,0.08136691898107529,0.05389765277504921,0.8270117044448853
BCS6__Cow_11_07,Cow_11,1,2027,V,4,second,21,15,1,4,4.0,172.87282894786617,0.7142857142857143,0.014155672863125801,0.02226843684911728,0.06613592058420181,0.04254397749900818,0.8548960089683533
BCS6__Cow_12_2014,Cow_12,1,2027,V,4,first,24,19,1,4,4.0,172.3808842485783,0.7916666666666666,0.12916620075702667,0.01818482019007206,0.02669704519212246,0.019657598808407784,0.8062943816184998
BCS6__Cow_12_2014,Cow_12,1,2027,V,4,second,25,20,1,4,4.0,173.46500543816205,0.8,0.22670342028141022,0.03703181445598602,0.04027806222438812,0.03237169608473778,0.6636149883270264
BCS6__Cow_13_66,Cow_13,1,2027,V,4,first,23,5,1,4,4.0,172.0171087398665,0.21739130434782608,0.013409717939794064,0.01602531038224697,0.04841204732656479,0.02906312793493271,0.8930898308753967
BCS6__Cow_13_66,Cow_13,1,2027,V,4,second,23,15,1,4,4.0,169.6996595059602,0.6521739130434783,0.011449893936514854,0.013309110887348652,0.04309365898370743,0.025220030918717384,0.906927227973938
BCS6__Cow_26_6,Cow_26,1,2027,V,4,first,30,1,0,4,,,,,,,,
BCS6__Cow_26_6,Cow_26,1,2027,V,4,second,31,8,1,4,4.0,172.82806196978373,0.25806451612903225,0.007525583729147911,0.014670453034341335,0.05367595702409744,0.03246472030878067,0.8916633129119873
BCS6__Cow_29_NOTAG,Cow_29,1,2027,V,4,first,23,16,1,4,4.0,169.1091775327788,0.6956521739130435,0.006178426556289196,0.011378787457942963,0.04394935443997383,0.02550036832690239,0.9129930138587952
BCS6__Cow_29_NOTAG,Cow_29,1,2027,V,4,second,23,18,1,4,4.0,170.85017686852498,0.782608695652174,0.01030152477324009,0.013057807460427284,0.043824292719364166,0.025640005245804787,0.9071763753890991
BCS6__Cow_35,Cow_35,1,2027,V,4,first,22,14,1,4,4.0,172.93680770114165,0.6363636363636364,0.02474544197320938,0.0452713780105114,0.1110301986336708,0.0758008286356926,0.7431521415710449
BCS6__Cow_35,Cow_35,1,2027,V,4,second,23,10,1,4,4.0,173.128046766217,0.43478260869565216,0.024604463949799538,0.05118373781442642,0.1244625523686409,0.08630896359682083,0.7134402990341187
BCS6__Cow_4_103,Cow_4,1,2027,V,4,first,30,22,1,4,4.0,170.59748584169137,0.7333333333333333,0.012038282118737698,0.014779229648411274,0.04677806794643402,0.027893751859664917,0.8985106945037842
BCS6__Cow_4_103,Cow_4,1,2027,V,4,second,31,25,1,4,4.0,173.1729468654868,0.8064516129032258,0.02359229512512684,0.0175331961363554,0.045357126742601395,0.02815321460366249,0.8853641748428345
BCS2__Cow_5_1,Cow_5,2,2027,V,0,first,23,8,1,4,4.0,171.41654572431042,0.34782608695652173,0.020921938121318817,0.0028817991260439157,0.023907138034701347,0.05653880909085274,0.8957502841949463
BCS2__Cow_5_1,Cow_5,2,2027,V,0,second,23,2,0,4,,,,,,,,
BCS3__Cow_20_0029,Cow_20,2,2027,V,1,first,2,2,0,3,,,,,,,,
BCS3__Cow_20_0029,Cow_20,2,2027,V,1,second,2,2,0,3,,,,,,,,
BCS3__Cow_22,Cow_22,2,2027,V,1,first,39,10,1,1,1.0,169.71626312395244,0.2564102564102564,0.26814332604408264,0.6534242033958435,0.06545644998550415,0.012151869013905525,0.0008240562165156007
BCS3__Cow_22,Cow_22,2,2027,V,1,second,40,10,1,1,1.0,172.8720273076455,0.25,0.3046148419380188,0.6146586537361145,0.0673317089676857,0.012478669174015522,0.0009160771151073277
BCS3__Cow_22_1,Cow_22,2,2027,V,1,first,3,2,0,1,,,,,,,,
BCS3__Cow_22_1,Cow_22,2,2027,V,1,second,4,4,1,1,1.0,171.09428579453942,1.0,0.314405620098114,0.6162843704223633,0.05887862667441368,0.009777847677469254,0.0006535764550790191
BCS4__Cow_10,Cow_10,2,2027,V,2,first,36,9,1,3,3.0,172.21630985676052,0.25,0.008525670506060123,0.10742305964231491,0.29367300868034363,0.5338369011878967,0.056541427969932556
BCS4__Cow_10,Cow_10,2,2027,V,2,second,36,32,1,3,3.0,167.3531618530045,0.8888888888888888,0.008417834527790546,0.11111555993556976,0.2929747700691223,0.5321394801139832,0.05535231530666351
BCS4__Cow_10_2038,Cow_10,2,2027,V,2,first,2,2,0,1,,,,,,,,
BCS4__Cow_10_2038,Cow_10,2,2027,V,2,second,2,2,0,1,,,,,,,,
BCS4__Cow_22_6005,Cow_22,2,2027,V,2,first,2,2,0,3,,,,,,,,
BCS4__Cow_22_6005,Cow_22,2,2027,V,2,second,3,2,0,3,,,,,,,,
BCS4__Cow_30,Cow_30,2,2027,V,2,first,7,4,1,3,3.0,170.3642225349182,0.5714285714285714,0.009554329328238964,0.1426517367362976,0.30574876070022583,0.49593332409858704,0.04611189663410187
BCS4__Cow_30,Cow_30,2,2027,V,2,second,7,0,0,3,,,,,,,,
BCS4__Cow_42,Cow_42,2,2027,V,2,first,13,6,1,3,3.0,170.1643043577007,0.46153846153846156,0.009604650549590588,0.03149139881134033,0.1895943284034729,0.5169955492019653,0.2523140609264374
BCS4__Cow_42,Cow_42,2,2027,V,2,second,14,5,1,3,3.0,168.7018330479923,0.35714285714285715,0.014787787571549416,0.04033171758055687,0.20219959318637848,0.47838515043258667,0.26429566740989685
BCS4__Cow_47_1,Cow_47,2,2027,V,2,first,3,3,1,3,3.0,165.6616691349082,1.0,0.008146469481289387,0.22670705616474152,0.3281412422657013,0.41383078694343567,0.023174462839961052
BCS4__Cow_47_1,Cow_47,2,2027,V,2,second,4,4,1,3,3.0,167.72901295451248,1.0,0.006680146791040897,0.16041839122772217,0.3139157295227051,0.488237589597702,0.030748123303055763
BCS4__Cow_49,Cow_49,2,2027,V,2,first,4,3,1,3,3.0,160.51190280932127,0.75,0.009115079417824745,0.21229347586631775,0.3232668936252594,0.426652729511261,0.02867182157933712
BCS4__Cow_49,Cow_49,2,2027,V,2,second,5,4,1,3,3.0,171.35377573323314,0.8,0.006903704255819321,0.16271823644638062,0.31429731845855713,0.4847295880317688,0.03135121986269951
BCS4__Cow_55,Cow_55,2,2027,V,2,first,2,2,0,3,,,,,,,,
BCS4__Cow_55,Cow_55,2,2027,V,2,second,3,2,0,3,,,,,,,,
BCS4__Cow_8,Cow_8,2,2027,V,2,first,19,16,1,3,3.0,169.33989342131102,0.8421052631578947,0.006102645304054022,0.1028110459446907,0.2880576252937317,0.555711030960083,0.04731769114732742
BCS4__Cow_8,Cow_8,2,2027,V,2,second,20,10,1,3,3.0,170.37019965622022,0.5,0.005799406208097935,0.09664665162563324,0.28408747911453247,0.5648022294044495,0.04866419732570648
BCS4__Cow_9,Cow_9,2,2027,V,2,first,13,10,1,3,3.0,165.60707693826612,0.7692307692307693,0.0054127536714077,0.1614243984222412,0.31847652792930603,0.4891981780529022,0.02548818476498127
BCS4__Cow_9,Cow_9,2,2027,V,2,second,13,9,1,3,3.0,163.28626852803404,0.6923076923076923,0.0054505355656147,0.15174271166324615,0.31547343730926514,0.4999270439147949,0.027406180277466774
BCS5__Cow_10_0029,Cow_10,2,2027,V,3,first,3,2,0,3,,,,,,,,
BCS5__Cow_10_0029,Cow_10,2,2027,V,3,second,4,3,1,3,3.0,171.90375742110592,0.75,0.009847779758274555,0.04769926145672798,0.22222909331321716,0.548699676990509,0.17152416706085205
BCS5__Cow_24,Cow_24,2,2027,V,3,first,12,6,1,3,3.0,171.30001837958278,0.5,0.009522792883217335,0.1328781247138977,0.3027265667915344,0.5045250058174133,0.05034753680229187
BCS5__Cow_24,Cow_24,2,2027,V,3,second,13,6,1,3,3.0,171.616904682423,0.46153846153846156,0.009079310111701488,0.13118748366832733,0.3024643361568451,0.5082529187202454,0.04901590943336487
BCS5__Cow_24_7022,Cow_24,2,2027,V,3,first,2,2,0,3,,,,,,,,
BCS5__Cow_24_7022,Cow_24,2,2027,V,3,second,2,1,0,3,,,,,,,,
BCS5__Cow_28,Cow_28,2,2027,V,3,first,15,14,1,3,3.0,170.49482846285264,0.9333333333333333,0.004472230561077595,0.09307070076465607,0.2818233370780945,0.5792315006256104,0.04140229895710945
BCS5__Cow_28,Cow_28,2,2027,V,3,second,15,14,1,3,3.0,169.84204428054258,0.9333333333333333,0.004167305305600166,0.0848429799079895,0.27554023265838623,0.592056930065155,0.04339258745312691
BCS5__Cow_28_4024,Cow_28,2,2027,V,3,first,3,2,0,3,,,,,,,,
BCS5__Cow_28_4024,Cow_28,2,2027,V,3,second,3,1,0,3,,,,,,,,
BCS5__Cow_3,Cow_3,2,2027,V,3,first,9,7,1,0,0.0,170.79992864517618,0.7777777777777778,0.9657498002052307,0.026589442044496536,0.006882679183036089,0.0006278253276832402,0.0001502410159446299
BCS5__Cow_3,Cow_3,2,2027,V,3,second,10,3,1,0,0.0,172.37723937450326,0.3,0.9568549990653992,0.03418152779340744,0.008091126568615437,0.0007257640827447176,0.00014657111023552716
BCS5__Cow_30_30,Cow_30,2,2027,V,3,first,3,2,0,3,,,,,,,,
BCS5__Cow_30_30,Cow_30,2,2027,V,3,second,4,4,1,3,3.0,172.5049835085633,1.0,0.01512025948613882,0.05606892332434654,0.22680175304412842,0.5023139715194702,0.19969512522220612
BCS5__Cow_34,Cow_34,2,2027,V,3,first,20,7,1,0,0.0,171.20187503860788,0.35,0.5653750896453857,0.14826197922229767,0.17250005900859833,0.07185964286327362,0.04200325533747673
BCS5__Cow_34,Cow_34,2,2027,V,3,second,20,2,0,0,,,,,,,,
BCS5__Cow_34_1,Cow_34,2,2027,V,3,first,9,4,1,3,3.0,164.49300765045263,0.4444444444444444,0.049543723464012146,0.1187000423669815,0.34040775895118713,0.353736937046051,0.1376115381717682
BCS5__Cow_34_1,Cow_34,2,2027,V,3,second,9,0,0,3,,,,,,,,
BCS5__Cow_50,Cow_50,2,2027,V,3,first,19,19,1,3,3.0,173.00417166918672,1.0,0.013755531050264835,0.20187422633171082,0.3234483003616333,0.4225122034549713,0.0384097695350647
BCS5__Cow_50,Cow_50,2,2027,V,3,second,20,20,1,3,3.0,173.47441765066134,1.0,0.014263530261814594,0.20826905965805054,0.3242197334766388,0.4152620732784271,0.0379856713116169
BCS5__Cow_50_49,Cow_50,2,2027,V,3,first,1,1,0,3,,,,,,,,
BCS5__Cow_50_49,Cow_50,2,2027,V,3,second,2,2,0,3,,,,,,,,
BCS5__Cow_8_NOTAG,Cow_8,2,2027,V,3,first,3,2,0,3,,,,,,,,
BCS5__Cow_8_NOTAG,Cow_8,2,2027,V,3,second,4,2,0,3,,,,,,,,
BCS6__Cow_18,Cow_18,2,2027,V,4,first,23,14,1,4,4.0,168.67690559642762,0.6086956521739131,0.03425212949514389,0.006043837871402502,0.03819556534290314,0.07770399749279022,0.8438044190406799
BCS6__Cow_18,Cow_18,2,2027,V,4,second,23,19,1,4,4.0,171.81580331821024,0.8260869565217391,0.030351590365171432,0.004902702756226063,0.03338690102100372,0.0706757977604866,0.8606830835342407
BCS6__Cow_18_32,Cow_18,2,2027,V,4,first,28,22,1,4,4.0,172.5739879869971,0.7857142857142857,0.006939930375665426,0.0009187129908241332,0.012609935365617275,0.04159871116280556,0.9379326701164246
BCS6__Cow_18_32,Cow_18,2,2027,V,4,second,29,24,1,4,4.0,173.69566006487963,0.8275862068965517,0.00742641044780612,0.0008879691595211625,0.011987132951617241,0.03874310106039047,0.940955400466919
BCS6__Cow_24_08,Cow_24,2,2027,V,4,first,15,6,1,4,4.0,173.43962274306995,0.4,0.04718602076172829,0.0019695903174579144,0.015476691536605358,0.02994818612933159,0.9054194688796997
BCS6__Cow_24_08,Cow_24,2,2027,V,4,second,16,16,1,4,4.0,173.7365540074403,1.0,0.05127730593085289,0.0026732124388217926,0.0190192312002182,0.03598480671644211,0.8910453915596008
BCS6__Cow_28_3083,Cow_28,2,2027,V,4,first,23,15,1,4,4.0,172.54620092302903,0.6521739130434783,0.011061699129641056,0.0010050019482150674,0.012182633392512798,0.03481469303369522,0.9409359693527222
BCS6__Cow_28_3083,Cow_28,2,2027,V,4,second,23,3,1,4,4.0,173.9377670211239,0.13043478260869565,0.009059756994247437,0.0003703216789290309,0.005790350493043661,0.017330223694443703,0.9674493074417114
BCS6__Cow_3_25,Cow_3,2,2027,V,4,first,23,2,0,4,,,,,,,,
BCS6__Cow_3_25,Cow_3,2,2027,V,4,second,23,20,1,4,4.0,173.52042940500343,0.8695652173913043,0.015575508587062359,0.000968686945270747,0.010647881776094437,0.027837971225380898,0.9449699521064758
BCS6__Cow_47_68,Cow_47,2,2027,V,4,first,15,15,1,4,4.0,170.71022282165904,1.0,0.007160853128880262,0.000294567144010216,0.005086591932922602,0.01618964970111847,0.9712682962417603
BCS6__Cow_47_68,Cow_47,2,2027,V,4,second,16,16,1,4,4.0,171.90265154411452,1.0,0.006218841765075922,0.00020904670236632228,0.004001237452030182,0.013153266161680222,0.9764177799224854
BCS6__Cow_9_1044,Cow_9,2,2027,V,4,first,23,19,1,4,4.0,167.41661613531923,0.8260869565217391,0.006430433131754398,0.0008207219652831554,0.011800911277532578,0.03969423472881317,0.941253662109375
BCS6__Cow_9_1044,Cow_9,2,2027,V,4,second,23,17,1,4,4.0,167.85517199648052,0.7391304347826086,0.006970737129449844,0.000570302305277437,0.008584355935454369,0.027774985879659653,0.9560996294021606
BCS2__Cow_21_8029,Cow_21,0,2028,V,0,first,30,15,1,0,0.0,164.0653610753726,0.5,0.5450598001480103,0.00011823325621662661,0.010921958833932877,0.006990891415625811,0.43690916895866394
BCS2__Cow_21_8029,Cow_21,0,2028,V,0,second,31,2,0,0,,,,,,,,
BCS3__Cow_16,Cow_16,0,2028,V,1,first,22,7,1,2,2.0,165.77273861474427,0.3181818181818182,8.547682227799669e-05,0.0047676535323262215,0.5548589825630188,0.43918082118034363,0.0011070289183408022
BCS3__Cow_16,Cow_16,0,2028,V,1,second,22,13,1,2,2.0,163.54724035520573,0.5909090909090909,5.1285340305184945e-05,0.0030199121683835983,0.5451720952987671,0.4508051574230194,0.0009515794226899743
BCS3__Cow_16_1004,Cow_16,0,2028,V,1,first,2,1,0,1,,,,,,,,
BCS3__Cow_16_1004,Cow_16,0,2028,V,1,second,2,2,0,1,,,,,,,,
BCS3__Cow_25_66,Cow_25,0,2028,V,1,first,2,2,0,2,,,,,,,,
BCS3__Cow_25_66,Cow_25,0,2028,V,1,second,3,1,0,2,,,,,,,,
BCS3__Cow_2_1015,Cow_2,0,2028,V,1,first,2,2,0,2,,,,,,,,
BCS3__Cow_2_1015,Cow_2,0,2028,V,1,second,3,2,0,2,,,,,,,,
BCS3__Cow_46,Cow_46,0,2028,V,1,first,30,16,1,1,1.0,166.20161861967796,0.5333333333333333,0.005379673093557358,0.6622869372367859,0.22044315934181213,0.1117112934589386,0.00017890411254484206
BCS3__Cow_46,Cow_46,0,2028,V,1,second,30,1,0,1,,,,,,,,
BCS3__Cow_46_1,Cow_46,0,2028,V,1,first,19,9,1,1,1.0,162.44824920426407,0.47368421052631576,0.012176535092294216,0.9648158550262451,0.013018309138715267,0.00997842289507389,1.0820474017236847e-05
BCS3__Cow_46_1,Cow_46,0,2028,V,1,second,20,0,0,1,,,,,,,,
BCS3__Cow_46_2,Cow_46,0,2028,V,1,first,3,2,0,1,,,,,,,,
BCS3__Cow_46_2,Cow_46,0,2028,V,1,second,3,1,0,1,,,,,,,,
BCS3__Cow_53,Cow_53,0,2028,V,1,first,3,3,1,1,1.0,168.2141197338734,1.0,0.017155034467577934,0.7365517616271973,0.14748534560203552,0.09849188476800919,0.0003159513580612838
BCS3__Cow_53,Cow_53,0,2028,V,1,second,4,0,0,1,,,,,,,,
BCS4__Cow_15_68,Cow_15,0,2028,V,2,first,1,1,0,2,,,,,,,,
BCS4__Cow_15_68,Cow_15,0,2028,V,2,second,2,2,0,2,,,,,,,,
BCS4__Cow_17,Cow_17,0,2028,V,2,first,13,4,1,2,2.0,171.7298640420105,0.3076923076923077,2.7914771635551006e-05,0.0014954538783058524,0.5187329649925232,0.4789595901966095,0.0007840678445063531
BCS4__Cow_17,Cow_17,0,2028,V,2,second,13,6,1,2,2.0,172.66973605171208,0.46153846153846156,2.941209459095262e-05,0.0015831578057259321,0.5208913683891296,0.4767146408557892,0.000781387381721288
BCS4__Cow_19,Cow_19,0,2028,V,2,first,32,27,1,1,1.0,171.24997480800033,0.84375,0.00580617506057024,0.4748179018497467,0.3249642550945282,0.19386287033557892,0.0005488375900313258
BCS4__Cow_19,Cow_19,0,2028,V,2,second,33,30,1,1,2.0,169.91049239817312,0.9090909090909091,0.0045919097028672695,0.34941473603248596,0.4127246141433716,0.23241417109966278,0.0008546711760573089
BCS4__Cow_19_0037,Cow_19,0,2028,V,2,first,3,3,1,2,2.0,165.8417344296178,1.0,1.5972755136317573e-05,0.0012945542111992836,0.53655606508255,0.46162521839141846,0.0005081100971437991
BCS4__Cow_19_0037,Cow_19,0,2028,V,2,second,3,2,0,2,,,,,,,,
BCS4__Cow_2,Cow_2,0,2028,V,2,first,7,5,1,3,3.0,174.4267503507631,0.7142857142857143,0.0001533390168333426,0.00047338707372546196,0.4054245054721832,0.5851783752441406,0.008770428597927094
BCS4__Cow_2,Cow_2,0,2028,V,2,second,8,8,1,3,3.0,172.83144698751408,1.0,0.00013806625793222338,0.0004907393595203757,0.4054030478000641,0.5865662097930908,0.007401937153190374
BCS4__Cow_23,Cow_23,0,2028,V,2,first,21,10,1,2,2.0,169.2197307476981,0.47619047619047616,0.0004970846930518746,0.0279665756970644,0.6066526174545288,0.3633168637752533,0.0015668754931539297
BCS4__Cow_23,Cow_23,0,2028,V,2,second,21,8,1,2,2.0,169.55395232177875,0.38095238095238093,0.0005201677558943629,0.02687402069568634,0.6026423573493958,0.3682708442211151,0.0016925885574892163
BCS4__Cow_31,Cow_31,0,2028,V,2,first,6,6,1,0,0.0,169.24219404261424,1.0,0.9520455002784729,0.04238583892583847,0.0021796640940010548,0.0032599223777651787,0.00012920147855766118
BCS4__Cow_31,Cow_31,0,2028,V,2,second,7,6,1,0,0.0,169.1895308412586,0.8571428571428571,0.9855108261108398,0.011754554696381092,0.001013693050481379,0.0015765862772241235,0.00014442356768995523
BCS4__Cow_32_0035,Cow_32,0,2028,V,2,first,4,4,1,2,2.0,161.37090607601982,1.0,0.0027978771831840277,0.22778604924678802,0.5205066204071045,0.24819588661193848,0.0007135529303923249
BCS4__Cow_32_0035,Cow_32,0,2028,V,2,second,4,4,1,2,1.0,168.98920759259374,1.0,0.004044034983962774,0.5785372853279114,0.2774786949157715,0.13968782126903534,0.00025219342205673456
BCS4__Cow_44_1,Cow_44,0,2028,V,2,first,23,7,1,2,2.0,170.64047862721952,0.30434782608695654,9.190482523990795e-05,0.002663788851350546,0.5085506439208984,0.4874913990497589,0.0012022682931274176
BCS4__Cow_44_1,Cow_44,0,2028,V,2,second,23,15,1,2,2.0,169.04432685258152,0.6521739130434783,0.00018088419164996594,0.004641802050173283,0.5237863659858704,0.46983784437179565,0.0015531630488112569
BCS4__Cow_51,Cow_51,0,2028,V,2,first,2,2,0,2,,,,,,,,
BCS4__Cow_51,Cow_51,0,2028,V,2,second,2,2,0,2,,,,,,,,
BCS4__Cow_51_0035,Cow_51,0,2028,V,2,first,2,2,0,3,,,,,,,,
BCS4__Cow_51_0035,Cow_51,0,2028,V,2,second,3,2,0,3,,,,,,,,
BCS4__Cow_7,Cow_7,0,2028,V,2,first,9,6,1,1,1.0,172.4528014098345,0.6666666666666666,0.0062940469942986965,0.8357180953025818,0.10191985219717026,0.05597645044326782,9.151139238383621e-05
BCS4__Cow_7,Cow_7,0,2028,V,2,second,9,9,1,1,1.0,171.64724716991688,1.0,0.006313782185316086,0.9058012366294861,0.055760689079761505,0.03208048641681671,4.383494524518028e-05
BCS5__Cow_15,Cow_15,0,2028,V,3,first,14,13,1,2,2.0,170.03247497541147,0.9285714285714286,0.0006224563112482429,0.04087483137845993,0.6153351068496704,0.34192660450935364,0.0012410363415256143
BCS5__Cow_15,Cow_15,0,2028,V,3,second,15,12,1,2,2.0,169.04112874262378,0.8,0.0008532354258932173,0.05225085839629173,0.6099134087562561,0.335520476102829,0.0014620752772316337
BCS5__Cow_17_17,Cow_17,0,2028,V,3,first,4,3,1,3,3.0,167.7666642351508,0.75,3.1722225685371086e-05,0.0002470049948897213,0.3972063362598419,0.5991756319999695,0.00333931902423501
BCS5__Cow_17_17,Cow_17,0,2028,V,3,second,4,3,1,3,3.0,172.05257321065835,0.75,2.683101592992898e-05,0.00012705061817541718,0.3830562233924866,0.6116360425949097,0.005153837613761425
BCS5__Cow_21,Cow_21,0,2028,V,3,first,13,9,1,2,2.0,171.32780419866927,0.6923076923076923,2.8344378733891062e-05,0.00242180610075593,0.5564218759536743,0.4405271112918854,0.0006008530617691576
BCS5__Cow_21,Cow_21,0,2028,V,3,second,13,9,1,2,2.0,170.68283480431631,0.6923076923076923,2.7739963115891442e-05,0.0023932098411023617,0.556083083152771,0.44092023372650146,0.0005757584003731608
BCS5__Cow_23_1067,Cow_23,0,2028,V,3,first,2,2,0,3,,,,,,,,
BCS5__Cow_23_1067,Cow_23,0,2028,V,3,second,3,3,1,3,3.0,170.52493351953348,1.0,3.8271107769105583e-05,0.00015537822037003934,0.385060578584671,0.6085302233695984,0.006215543486177921
BCS5__Cow_25,Cow_25,0,2028,V,3,first,33,11,1,2,2.0,168.21915999669343,0.3333333333333333,0.00414948258548975,0.1927172690629959,0.5257652401924133,0.27490249276161194,0.0024654485750943422
BCS5__Cow_25,Cow_25,0,2028,V,3,second,33,18,1,2,2.0,167.78498670253768,0.5454545454545454,0.003279520198702812,0.1635037064552307,0.5485211610794067,0.2824867367744446,0.0022087963297963142
BCS5__Cow_31_15,Cow_31,0,2028,V,3,first,2,2,0,3,,,,,,,,
BCS5__Cow_31_15,Cow_31,0,2028,V,3,second,2,1,0,3,,,,,,,,
BCS5__Cow_31_2024,Cow_31,0,2028,V,3,first,2,2,0,2,,,,,,,,
BCS5__Cow_31_2024,Cow_31,0,2028,V,3,second,3,3,1,2,2.0,169.94558330610357,1.0,5.153968231752515e-05,0.004686156753450632,0.5769029259681702,0.41771724820137024,0.0006421179859898984
BCS5__Cow_32,Cow_32,0,2028,V,3,first,7,3,1,2,2.0,172.47895182836993,0.42857142857142855,0.17764435708522797,0.020650560036301613,0.3905971348285675,0.37616968154907227,0.034938253462314606
BCS5__Cow_32,Cow_32,0,2028,V,3,second,8,2,0,2,,,,,,,,
BCS5__Cow_44_3008,Cow_44,0,2028,V,3,first,5,2,0,3,,,,,,,,
BCS5__Cow_44_3008,Cow_44,0,2028,V,3,second,5,1,0,3,,,,,,,,
BCS5__Cow_45,Cow_45,0,2028,V,3,first,12,11,1,3,3.0,169.75955555667923,0.9166666666666666,4.795561108039692e-05,0.0013306542532518506,0.4853823482990265,0.5121379494667053,0.0011010617017745972
BCS5__Cow_45,Cow_45,0,2028,V,3,second,13,13,1,3,3.0,170.28695525445863,1.0,4.572715261019766e-05,0.001367634511552751,0.4900381565093994,0.5075455904006958,0.0010028937831521034
BCS5__Cow_53_30,Cow_53,0,2028,V,3,first,6,0,0,3,,,,,,,,
BCS5__Cow_53_30,Cow_53,0,2028,V,3,second,7,4,1,3,3.0,170.97664565595858,0.5714285714285714,0.00017177959671244025,0.0006151839625090361,0.4012710750102997,0.5866777300834656,0.011264203116297722
BCS5__Cow_7_6022,Cow_7,0,2028,V,3,first,2,1,0,2,,,,,,,,
BCS5__Cow_7_6022,Cow_7,0,2028,V,3,second,2,2,0,2,,,,,,,,
BCS6__Cow_16_06,Cow_16,0,2028,V,4,first,38,28,1,4,4.0,172.85413511564454,0.7368421052631579,0.000234665087191388,3.204192111638804e-08,0.001727043534629047,0.0008066562586463988,0.9972315430641174
BCS6__Cow_16_06,Cow_16,0,2028,V,4,second,38,34,1,4,4.0,172.7047234430375,0.8947368421052632,0.00017207954078912735,2.1067583233502774e-08,0.0016134942416101694,0.0007639119285158813,0.9974504113197327
BCS6__Cow_19_29,Cow_19,0,2028,V,4,first,30,26,1,4,4.0,171.93427721120312,0.8666666666666667,5.028776649851352e-05,1.5576619105672762e-08,0.006228874437510967,0.0036330989096313715,0.9900876879692078
BCS6__Cow_19_29,Cow_19,0,2028,V,4,second,31,26,1,4,4.0,173.26976138784778,0.8387096774193549,3.053350155823864e-05,6.774648841911812e-09,0.004926922265440226,0.002832666737958789,0.992209792137146
BCS6__Cow_2_6006,Cow_2,0,2028,V,4,first,15,15,1,4,4.0,172.7417965819457,1.0,9.928680810844526e-05,2.2976600622115484e-09,0.00038453092565760016,0.00013211320037953556,0.9993840456008911
BCS6__Cow_2_6006,Cow_2,0,2028,V,4,second,16,16,1,4,4.0,171.70556108359614,1.0,0.00011175240069860592,2.6258781815613474e-09,0.0003831181093119085,0.00013037410099059343,0.9993748068809509
BCS6__Cow_32_34,Cow_32,0,2028,V,4,first,30,4,1,4,4.0,174.5194799413863,0.13333333333333333,0.0003077113360632211,4.6889233829006116e-08,0.0017662127502262592,0.000818063912447542,0.9971079230308533
BCS6__Cow_32_34,Cow_32,0,2028,V,4,second,31,3,1,4,4.0,173.50613798901162,0.0967741935483871,0.0003092557017225772,6.172665933945609e-08,0.002226858865469694,0.001085360418073833,0.996378481388092
BCS6__Cow_36,Cow_36,0,2028,V,4,first,22,18,1,4,4.0,171.97030707515705,0.8181818181818182,0.007037558127194643,5.950828096956684e-08,0.0004068105772603303,0.00015283179527614266,0.9924027919769287
BCS6__Cow_36,Cow_36,0,2028,V,4,second,23,19,1,4,4.0,172.6305618731255,0.8260869565217391,0.0054660276509821415,1.828127693670467e-07,0.001190151204355061,0.0004946385161019862,0.9928488731384277
BCS6__Cow_36_1,Cow_36,0,2028,V,4,first,25,25,1,4,4.0,172.04149234605404,1.0,0.008773723617196083,5.98745691604563e-06,0.014563584700226784,0.0072785671800374985,0.9693781733512878
BCS6__Cow_36_1,Cow_36,0,2028,V,4,second,25,21,1,4,4.0,172.4849707664876,0.84,0.0073087471537292,3.887873845087597e-06,0.011774674989283085,0.0057389093562960625,0.9751737117767334
BCS6__Cow_45_9025,Cow_45,0,2028,V,4,first,23,23,1,4,4.0,167.66243736780427,1.0,0.00028610246954485774,6.318319378806336e-08,0.0027747955173254013,0.0013760750880464911,0.9955630302429199
BCS6__Cow_45_9025,Cow_45,0,2028,V,4,second,23,8,1,4,4.0,171.78827310706663,0.34782608695652173,7.710784848313779e-05,3.958348759880437e-09,0.0008592093945480883,0.0003675709303934127,0.9986961483955383
BCS6__Cow_52_29,Cow_52,0,2028,V,4,first,30,24,1,4,4.0,173.87935522312824,0.8,0.0004355381825007498,1.0819360340974526e-07,0.002683578757569194,0.0012987932423129678,0.9955820441246033
BCS6__Cow_52_29,Cow_52,0,2028,V,4,second,31,31,1,4,4.0,172.58243313145888,1.0,0.00029653095407411456,6.435124078052468e-08,0.002470220671966672,0.0012072966201230884,0.9960260391235352
BCS6__Cow_7_9008,Cow_7,0,2028,V,4,first,30,13,1,4,4.0,168.7758933629712,0.43333333333333335,7.589033339172602e-05,2.7491379839261754e-08,0.00682108523324132,0.003912087995558977,0.9891908168792725
BCS6__Cow_7_9008,Cow_7,0,2028,V,4,second,31,6,1,4,4.0,169.86008953251417,0.1935483870967742,0.00011862015526276082,2.583842650949464e-08,0.003374689258635044,0.0017951801419258118,0.9947116374969482
BCS2__Cow_11,Cow_11,1,2028,V,0,first,252,34,1,1,1.0,172.5556313138602,0.1349206349206349,0.15956951677799225,0.36213722825050354,0.20571967959403992,0.20245130360126495,0.07012230157852173
BCS2__Cow_11,Cow_11,1,2028,V,0,second,252,42,1,1,1.0,172.6013977091373,0.16666666666666666,0.15567956864833832,0.3606533110141754,0.20796668529510498,0.20513463020324707,0.07056581228971481
BCS2__Cow_11_1,Cow_11,1,2028,V,0,first,26,0,0,1,,,,,,,,
BCS2__Cow_11_1,Cow_11,1,2028,V,0,second,26,6,1,1,1.0,170.79467556249435,0.23076923076923078,0.09923997521400452,0.280163437128067,0.257741779088974,0.2557632327079773,0.1070915088057518
BCS2__Cow_11_2,Cow_11,1,2028,V,0,first,24,21,1,0,0.0,169.12516074311785,0.875,0.4645891487598419,0.2660081088542938,0.09838408976793289,0.09484881162643433,0.07616980373859406
BCS2__Cow_11_2,Cow_11,1,2028,V,0,second,25,19,1,0,1.0,171.19605184432032,0.76,0.2717171311378479,0.3337920904159546,0.1600867211818695,0.1552009880542755,0.07920312881469727
BCS3__Cow_14,Cow_14,1,2028,V,1,first,8,3,1,3,3.0,162.50616462144322,0.375,0.07937608659267426,0.2538882791996002,0.2704888582229614,0.2755935788154602,0.1206531897187233
BCS3__Cow_14,Cow_14,1,2028,V,1,second,9,1,0,3,,,,,,,,
BCS3__Cow_14_0011,Cow_14,1,2028,V,1,first,3,2,0,1,,,,,,,,
BCS3__Cow_14_0011,Cow_14,1,2028,V,1,second,4,2,0,1,,,,,,,,
BCS3__Cow_6_103,Cow_6,1,2028,V,1,first,2,1,0,1,,,,,,,,
BCS3__Cow_6_103,Cow_6,1,2028,V,1,second,3,3,1,1,1.0,161.55790750344187,1.0,0.23238398134708405,0.35655757784843445,0.17054656147956848,0.17078141868114471,0.06973046064376831
BCS4__Cow_1,Cow_1,1,2028,V,2,first,9,4,1,3,2.0,173.04281162398252,0.4444444444444444,0.07616614550352097,0.24024975299835205,0.275860995054245,0.275386780500412,0.13233628869056702
BCS4__Cow_1,Cow_1,1,2028,V,2,second,10,5,1,3,3.0,174.1472652819167,0.5,0.06988072395324707,0.23631221055984497,0.2810651361942291,0.28177398443222046,0.13096794486045837
BCS4__Cow_26,Cow_26,1,2028,V,2,first,7,3,1,2,2.0,170.32351963776654,0.42857142857142855,0.09026410430669785,0.24713145196437836,0.26345294713974,0.26303935050964355,0.13611212372779846
BCS4__Cow_26,Cow_26,1,2028,V,2,second,8,4,1,2,2.0,169.86020482669838,0.5,0.08567821979522705,0.2443808615207672,0.26789531111717224,0.26702991127967834,0.13501568138599396
BCS4__Cow_26_5051,Cow_26,1,2028,V,2,first,6,2,0,1,,,,,,,,
BCS4__Cow_26_5051,Cow_26,1,2028,V,2,second,6,3,1,1,1.0,166.41648456959476,0.5,0.28773030638694763,0.3584478199481964,0.14369328320026398,0.14745208621025085,0.06267651170492172
BCS4__Cow_27_9008,Cow_27,1,2028,V,2,first,3,2,0,1,,,,,,,,
BCS4__Cow_27_9008,Cow_27,1,2028,V,2,second,4,2,0,1,,,,,,,,
BCS4__Cow_29_7007,Cow_29,1,2028,V,2,first,2,2,0,0,,,,,,,,
BCS4__Cow_29_7007,Cow_29,1,2028,V,2,second,3,2,0,0,,,,,,,,
BCS4__Cow_33,Cow_33,1,2028,V,2,first,52,16,1,3,3.0,169.794811507377,0.3076923076923077,0.07243102043867111,0.21367420256137848,0.27332496643066406,0.2811533510684967,0.15941645205020905
BCS4__Cow_33,Cow_33,1,2028,V,2,second,53,5,1,3,3.0,169.01401861688544,0.09433962264150944,0.06896772980690002,0.20963668823242188,0.2748588025569916,0.28538939356803894,0.16114741563796997
BCS4__Cow_4,Cow_4,1,2028,V,2,first,2,2,0,3,,,,,,,,
BCS4__Cow_4,Cow_4,1,2028,V,2,second,2,2,0,3,,,,,,,,
BCS4__Cow_41,Cow_41,1,2028,V,2,first,30,3,1,3,3.0,173.58252888296627,0.1,0.06756505370140076,0.2316567450761795,0.28260213136672974,0.286935955286026,0.1312401294708252
BCS4__Cow_41,Cow_41,1,2028,V,2,second,31,0,0,3,,,,,,,,
BCS4__Cow_48,Cow_48,1,2028,V,2,first,6,0,0,1,,,,,,,,
BCS4__Cow_48,Cow_48,1,2028,V,2,second,7,3,1,1,1.0,170.07276567517712,0.42857142857142855,0.10592877119779587,0.2715938985347748,0.25083309412002563,0.24924229085445404,0.12240193784236908
BCS4__Cow_4_1,Cow_4,1,2028,V,2,first,19,19,1,3,3.0,167.79957045946657,1.0,0.07922791689634323,0.22907723486423492,0.2717866003513336,0.272818922996521,0.14708933234214783
BCS4__Cow_4_1,Cow_4,1,2028,V,2,second,20,20,1,3,3.0,162.49650676010418,1.0,0.08422907441854477,0.23361852765083313,0.26770660281181335,0.2677503526210785,0.14669542014598846
BCS4__Cow_6,Cow_6,1,2028,V,2,first,21,3,1,1,1.0,169.33535424534642,0.14285714285714285,0.1388820856809616,0.30490753054618835,0.2272666096687317,0.2265566736459732,0.10238709300756454
BCS4__Cow_6,Cow_6,1,2028,V,2,second,21,4,1,1,1.0,168.0633817100955,0.19047619047619047,0.10446926206350327,0.2675355076789856,0.2534704804420471,0.25391826033592224,0.12060645967721939
BCS5__Cow_12_NOTAG,Cow_12,1,2028,V,3,first,2,2,0,3,,,,,,,,
BCS5__Cow_12_NOTAG,Cow_12,1,2028,V,3,second,2,1,0,3,,,,,,,,
BCS5__Cow_13,Cow_13,1,2028,V,3,first,11,9,1,2,2.0,172.19697143162998,0.8181818181818182,0.08738551288843155,0.24056501686573029,0.2647625803947449,0.2636971175670624,0.1435897797346115
BCS5__Cow_13,Cow_13,1,2028,V,3,second,12,11,1,2,2.0,173.49780915168796,0.9166666666666666,0.09003391861915588,0.2508426010608673,0.2618456184864044,0.2609761655330658,0.136301651597023
BCS5__Cow_13_8001,Cow_13,1,2028,V,3,first,2,1,0,1,,,,,,,,
BCS5__Cow_13_8001,Cow_13,1,2028,V,3,second,2,2,0,1,,,,,,,,
BCS5__Cow_1_27,Cow_1,1,2028,V,3,first,2,1,0,3,,,,,,,,
BCS5__Cow_1_27,Cow_1,1,2028,V,3,second,2,2,0,3,,,,,,,,
BCS5__Cow_27,Cow_27,1,2028,V,3,first,21,11,1,1,1.0,168.83613076599408,0.5238095238095238,0.09879463165998459,0.2647574841976166,0.25342419743537903,0.25867727398872375,0.12434644997119904
BCS5__Cow_27,Cow_27,1,2028,V,3,second,21,10,1,1,3.0,169.79075233536037,0.47619047619047616,0.08391408622264862,0.2621103823184967,0.2660020589828491,0.27138105034828186,0.1165924221277237
BCS5__Cow_29,Cow_29,1,2028,V,3,first,15,12,1,3,3.0,170.6798081627203,0.8,0.07701754570007324,0.22373466193675995,0.27227625250816345,0.274313747882843,0.15265779197216034
BCS5__Cow_29,Cow_29,1,2028,V,3,second,15,13,1,3,3.0,171.21781445127687,0.8666666666666667,0.07295509427785873,0.2241947054862976,0.2770945429801941,0.27854612469673157,0.1472095400094986
BCS5__Cow_37,Cow_37,1,2028,V,3,first,14,13,1,3,3.0,171.7284788800338,0.9285714285714286,0.08270926028490067,0.22517909109592438,0.26808759570121765,0.26914429664611816,0.15487970411777496
BCS5__Cow_37,Cow_37,1,2028,V,3,second,14,13,1,3,3.0,171.82204303655806,0.9285714285714286,0.07826920598745346,0.2242136150598526,0.2726599872112274,0.2733355760574341,0.15152156352996826
BCS5__Cow_37_and_38,Cow_37,1,2028,V,3,first,12,3,1,3,3.0,170.93735033593998,0.25,0.06201004236936569,0.21243290603160858,0.2826600968837738,0.291858971118927,0.15103796124458313
BCS5__Cow_37_and_38,Cow_37,1,2028,V,3,second,12,0,0,3,,,,,,,,
BCS5__Cow_43,Cow_43,1,2028,V,3,first,19,18,1,3,3.0,170.47077476416072,0.9473684210526315,0.07058263570070267,0.2255338579416275,0.27683132886886597,0.2827639579772949,0.14428819715976715
BCS5__Cow_43,Cow_43,1,2028,V,3,second,19,19,1,3,3.0,168.14633581369202,1.0,0.0732455849647522,0.22658370435237885,0.274330735206604,0.27954909205436707,0.1462908536195755
BCS5__Cow_48_1018,Cow_48,1,2028,V,3,first,1,1,0,3,,,,,,,,
BCS5__Cow_48_1018,Cow_48,1,2028,V,3,second,2,2,0,3,,,,,,,,
BCS5__Cow_54,Cow_54,1,2028,V,3,first,3,3,1,2,3.0,170.27827530308326,1.0,0.07804311811923981,0.22397856414318085,0.27227583527565,0.2731560170650482,0.1525464802980423
BCS5__Cow_54,Cow_54,1,2028,V,3,second,4,3,1,2,2.0,170.27605091057677,0.75,0.07871730625629425,0.2470647096633911,0.2740064263343811,0.27097493410110474,0.1292366087436676
BCS5__Cow_6_5051,Cow_6,1,2028,V,3,first,2,2,0,3,,,,,,,,
BCS5__Cow_6_5051,Cow_6,1,2028,V,3,second,3,1,0,3,,,,,,,,
BCS6__Cow_11_07,Cow_11,1,2028,V,4,first,20,12,1,4,4.0,172.86655597325085,0.6,0.12188444286584854,0.1245620995759964,0.17543840408325195,0.1940646469593048,0.3840503990650177
BCS6__Cow_11_07,Cow_11,1,2028,V,4,second,21,15,1,4,4.0,172.87282894786617,0.7142857142857143,0.13657911121845245,0.10992152243852615,0.15262041985988617,0.16925784945487976,0.43162110447883606
BCS6__Cow_12_2014,Cow_12,1,2028,V,4,first,24,19,1,0,0.0,172.3808842485783,0.7916666666666666,0.7292289137840271,0.07555539906024933,0.030637260526418686,0.028317313641309738,0.13626106083393097
BCS6__Cow_12_2014,Cow_12,1,2028,V,4,second,25,20,1,0,0.0,173.46500543816205,0.8,0.5617073774337769,0.15284442901611328,0.07148407399654388,0.06581608206033707,0.14814810454845428
BCS6__Cow_13_66,Cow_13,1,2028,V,4,first,23,5,1,4,4.0,172.0171087398665,0.21739130434782608,0.2367429882287979,0.08714991807937622,0.0998324528336525,0.10279805213212967,0.4734766185283661
BCS6__Cow_13_66,Cow_13,1,2028,V,4,second,23,15,1,4,4.0,169.6996595059602,0.6521739130434783,0.1793815642595291,0.0820401981472969,0.10904525965452194,0.11895272135734558,0.5105802416801453
BCS6__Cow_26_6,Cow_26,1,2028,V,4,first,30,1,0,4,,,,,,,,
BCS6__Cow_26_6,Cow_26,1,2028,V,4,second,31,8,1,4,4.0,172.82806196978373,0.25806451612903225,0.15719348192214966,0.08478911966085434,0.1173253208398819,0.13042382895946503,0.5102682113647461
BCS6__Cow_29_NOTAG,Cow_29,1,2028,V,4,first,23,16,1,4,4.0,169.1091775327788,0.6956521739130435,0.158122718334198,0.07745169848203659,0.10818982869386673,0.1206333115696907,0.5356025099754333
BCS6__Cow_29_NOTAG,Cow_29,1,2028,V,4,second,23,18,1,4,4.0,170.85017686852498,0.782608695652174,0.1728074848651886,0.07702913880348206,0.10498428344726562,0.1157650351524353,0.5294139981269836
BCS6__Cow_35,Cow_35,1,2028,V,4,first,22,14,1,4,4.0,172.93680770114165,0.6363636363636364,0.13218429684638977,0.1769290268421173,0.20885372161865234,0.20787817239761353,0.27415478229522705
BCS6__Cow_35,Cow_35,1,2028,V,4,second,23,10,1,4,4.0,173.128046766217,0.43478260869565216,0.11600251495838165,0.18896640837192535,0.22562143206596375,0.22708244621753693,0.24232718348503113
BCS6__Cow_4_103,Cow_4,1,2028,V,4,first,30,22,1,4,4.0,170.59748584169137,0.7333333333333333,0.16587825119495392,0.08520818501710892,0.1179443746805191,0.1288335919380188,0.5021356344223022
BCS6__Cow_4_103,Cow_4,1,2028,V,4,second,31,25,1,4,4.0,173.1729468654868,0.8064516129032258,0.1866207718849182,0.08361587673425674,0.10970033705234528,0.11734196543693542,0.5027210712432861
BCS2__Cow_5_1,Cow_5,2,2028,V,0,first,23,8,1,4,4.0,171.41654572431042,0.34782608695652173,0.12361755222082138,0.00030653554131276906,0.012868974357843399,0.012300858274102211,0.8509061336517334
BCS2__Cow_5_1,Cow_5,2,2028,V,0,second,23,2,0,4,,,,,,,,
BCS3__Cow_20_0029,Cow_20,2,2028,V,1,first,2,2,0,3,,,,,,,,
BCS3__Cow_20_0029,Cow_20,2,2028,V,1,second,2,2,0,3,,,,,,,,
BCS3__Cow_22,Cow_22,2,2028,V,1,first,39,10,1,1,1.0,169.71626312395244,0.2564102564102564,0.3069244921207428,0.6225538849830627,0.06134253367781639,0.008524048142135143,0.0006550527177751064
BCS3__Cow_22,Cow_22,2,2028,V,1,second,40,10,1,1,1.0,172.8720273076455,0.25,0.34901273250579834,0.5715653300285339,0.0682966560125351,0.010187349282205105,0.0009379705879837275
BCS3__Cow_22_1,Cow_22,2,2028,V,1,first,3,2,0,1,,,,,,,,
BCS3__Cow_22_1,Cow_22,2,2028,V,1,second,4,4,1,1,1.0,171.09428579453942,1.0,0.33795469999313354,0.6014676094055176,0.05346233397722244,0.006617525592446327,0.0004978662473149598
BCS4__Cow_10,Cow_10,2,2028,V,2,first,36,9,1,3,3.0,172.21630985676052,0.25,0.0275447778403759,0.13584713637828827,0.3790847063064575,0.41497671604156494,0.04254668951034546
BCS4__Cow_10,Cow_10,2,2028,V,2,second,36,32,1,3,3.0,167.3531618530045,0.8888888888888888,0.019018972292542458,0.10300665348768234,0.3561742305755615,0.4736722707748413,0.04812786355614662
BCS4__Cow_10_2038,Cow_10,2,2028,V,2,first,2,2,0,1,,,,,,,,
BCS4__Cow_10_2038,Cow_10,2,2028,V,2,second,2,2,0,1,,,,,,,,
BCS4__Cow_22_6005,Cow_22,2,2028,V,2,first,2,2,0,2,,,,,,,,
BCS4__Cow_22_6005,Cow_22,2,2028,V,2,second,3,2,0,2,,,,,,,,
BCS4__Cow_30,Cow_30,2,2028,V,2,first,7,4,1,1,1.0,170.3642225349182,0.5714285714285714,0.042432066053152084,0.519032895565033,0.2609768807888031,0.16626226902008057,0.011295931413769722
BCS4__Cow_30,Cow_30,2,2028,V,2,second,7,0,0,1,,,,,,,,
BCS4__Cow_42,Cow_42,2,2028,V,2,first,13,6,1,4,3.0,170.1643043577007,0.46153846153846156,0.027140986174345016,0.015651674941182137,0.21302804350852966,0.38818222284317017,0.35599708557128906
BCS4__Cow_42,Cow_42,2,2028,V,2,second,14,5,1,4,4.0,168.7018330479923,0.35714285714285715,0.10430631786584854,0.03726166859269142,0.26900553703308105,0.28530266880989075,0.30412381887435913
BCS4__Cow_47_1,Cow_47,2,2028,V,2,first,3,3,1,1,1.0,165.6616691349082,1.0,0.02056899107992649,0.7580455541610718,0.14979813992977142,0.06958441436290741,0.0020028993021696806
BCS4__Cow_47_1,Cow_47,2,2028,V,2,second,4,4,1,1,1.0,167.72901295451248,1.0,0.019606968387961388,0.3698198199272156,0.324727863073349,0.27204298973083496,0.013802340254187584
BCS4__Cow_49,Cow_49,2,2028,V,2,first,4,3,1,1,1.0,160.51190280932127,0.75,0.022112609818577766,0.7807976603507996,0.13581235706806183,0.05952848121523857,0.0017489127349108458
BCS4__Cow_49,Cow_49,2,2028,V,2,second,5,4,1,1,1.0,171.35377573323314,0.8,0.018645966425538063,0.40056270360946655,0.319627583026886,0.2503214478492737,0.010842353105545044
BCS4__Cow_55,Cow_55,2,2028,V,2,first,2,2,0,2,,,,,,,,
BCS4__Cow_55,Cow_55,2,2028,V,2,second,3,2,0,2,,,,,,,,
BCS4__Cow_8,Cow_8,2,2028,V,2,first,19,16,1,3,3.0,169.33989342131102,0.8421052631578947,0.015756670385599136,0.10528597235679626,0.3574087619781494,0.47994449734687805,0.04160407930612564
BCS4__Cow_8,Cow_8,2,2028,V,2,second,20,10,1,3,3.0,170.37019965622022,0.5,0.012456697411835194,0.0874151661992073,0.34755027294158936,0.5117979645729065,0.04077988117933273
BCS4__Cow_9,Cow_9,2,2028,V,2,first,13,10,1,2,2.0,165.60707693826612,0.7692307692307693,0.010415555909276009,0.27440735697746277,0.3602922558784485,0.3434883952140808,0.011396401561796665
BCS4__Cow_9,Cow_9,2,2028,V,2,second,13,9,1,2,3.0,163.28626852803404,0.6923076923076923,0.011520101688802242,0.2252255231142044,0.369010865688324,0.37871450185775757,0.015528980642557144
BCS5__Cow_10_0029,Cow_10,2,2028,V,3,first,3,2,0,3,,,,,,,,
BCS5__Cow_10_0029,Cow_10,2,2028,V,3,second,4,3,1,3,3.0,171.90375742110592,0.75,0.008824767544865608,0.014303314499557018,0.20661939680576324,0.5735664963722229,0.1966860145330429
BCS5__Cow_24,Cow_24,2,2028,V,3,first,12,6,1,3,3.0,171.30001837958278,0.5,0.01460647489875555,0.07768168300390244,0.33368808031082153,0.5204758048057556,0.05354798585176468
BCS5__Cow_24,Cow_24,2,2028,V,3,second,13,6,1,3,3.0,171.616904682423,0.46153846153846156,0.013491961173713207,0.07781987637281418,0.33462801575660706,0.5241416096687317,0.049918483942747116
BCS5__Cow_24_7022,Cow_24,2,2028,V,3,first,2,2,0,1,,,,,,,,
BCS5__Cow_24_7022,Cow_24,2,2028,V,3,second,2,1,0,1,,,,,,,,
BCS5__Cow_28,Cow_28,2,2028,V,3,first,15,14,1,3,3.0,170.49482846285264,0.9333333333333333,0.014440543949604034,0.12431201338768005,0.35674184560775757,0.4684630334377289,0.03604264184832573
BCS5__Cow_28,Cow_28,2,2028,V,3,second,15,14,1,3,3.0,169.84204428054258,0.9333333333333333,0.013475747779011726,0.10281915217638016,0.3466604948043823,0.49614188075065613,0.040902771055698395
BCS5__Cow_28_4024,Cow_28,2,2028,V,3,first,3,2,0,1,,,,,,,,
BCS5__Cow_28_4024,Cow_28,2,2028,V,3,second,3,1,0,1,,,,,,,,
BCS5__Cow_3,Cow_3,2,2028,V,3,first,9,7,1,0,0.0,170.79992864517618,0.7777777777777778,0.9871864318847656,0.010543634183704853,0.0021259335335344076,9.807004244066775e-05,4.593207631842233e-05
BCS5__Cow_3,Cow_3,2,2028,V,3,second,10,3,1,0,0.0,172.37723937450326,0.3,0.9835595488548279,0.01373729482293129,0.0025394747499376535,0.00011635009286692366,4.7342749894596636e-05
BCS5__Cow_30_30,Cow_30,2,2028,V,3,first,3,2,0,3,,,,,,,,
BCS5__Cow_30_30,Cow_30,2,2028,V,3,second,4,4,1,3,3.0,172.5049835085633,1.0,0.025607166811823845,0.03682006150484085,0.24811910092830658,0.486123263835907,0.2033304125070572
BCS5__Cow_34,Cow_34,2,2028,V,3,first,20,7,1,0,0.0,171.20187503860788,0.35,0.8560558557510376,0.047955259680747986,0.06199789047241211,0.0166950523853302,0.01729588396847248
BCS5__Cow_34,Cow_34,2,2028,V,3,second,20,2,0,0,,,,,,,,
BCS5__Cow_34_1,Cow_34,2,2028,V,3,first,9,4,1,2,2.0,164.49300765045263,0.4444444444444444,0.15331894159317017,0.0904194563627243,0.3435532748699188,0.28284555673599243,0.12986281514167786
BCS5__Cow_34_1,Cow_34,2,2028,V,3,second,9,0,0,2,,,,,,,,
BCS5__Cow_50,Cow_50,2,2028,V,3,first,19,19,1,3,3.0,173.00417166918672,1.0,0.0249970480799675,0.2283397614955902,0.3549429774284363,0.3613026440143585,0.030417611822485924
BCS5__Cow_50,Cow_50,2,2028,V,3,second,20,20,1,3,3.0,173.47441765066134,1.0,0.025717854499816895,0.23483291268348694,0.35322123765945435,0.35593512654304504,0.030292876064777374
BCS5__Cow_50_49,Cow_50,2,2028,V,3,first,1,1,0,3,,,,,,,,
BCS5__Cow_50_49,Cow_50,2,2028,V,3,second,2,2,0,3,,,,,,,,
BCS5__Cow_8_NOTAG,Cow_8,2,2028,V,3,first,3,2,0,3,,,,,,,,
BCS5__Cow_8_NOTAG,Cow_8,2,2028,V,3,second,4,2,0,3,,,,,,,,
BCS6__Cow_18,Cow_18,2,2028,V,4,first,23,14,1,4,4.0,168.67690559642762,0.6086956521739131,0.469306617975235,0.0018658877816051245,0.028088923543691635,0.018139179795980453,0.4825993776321411
BCS6__Cow_18,Cow_18,2,2028,V,4,second,23,19,1,4,4.0,171.81580331821024,0.8260869565217391,0.27064424753189087,0.0008531276253052056,0.019912179559469223,0.01585504598915577,0.6927354335784912
BCS6__Cow_18_32,Cow_18,2,2028,V,4,first,28,22,1,4,4.0,172.5739879869971,0.7857142857142857,0.011878354474902153,8.406634879065678e-05,0.006366052199155092,0.010757071897387505,0.9709144830703735
BCS6__Cow_18_32,Cow_18,2,2028,V,4,second,29,24,1,4,4.0,173.69566006487963,0.8275862068965517,0.0054067932069301605,4.4649110350292176e-05,0.004465762991458178,0.009183363057672977,0.9808993339538574
BCS6__Cow_24_08,Cow_24,2,2028,V,4,first,15,6,1,4,4.0,173.43962274306995,0.4,0.40935632586479187,0.0008995085372589529,0.01782834529876709,0.012578110210597515,0.5593377351760864
BCS6__Cow_24_08,Cow_24,2,2028,V,4,second,16,16,1,4,4.0,173.7365540074403,1.0,0.3396588861942291,0.0009734345367178321,0.01938287541270256,0.014847989194095135,0.6251368522644043
BCS6__Cow_28_3083,Cow_28,2,2028,V,4,first,23,15,1,4,4.0,172.54620092302903,0.6521739130434783,0.026310911402106285,9.355194197269157e-05,0.006376635283231735,0.008932128548622131,0.958286702632904
BCS6__Cow_28_3083,Cow_28,2,2028,V,4,second,23,3,1,4,4.0,173.9377670211239,0.13043478260869565,0.005085625220090151,1.1086784979852382e-05,0.0019090680871158838,0.003569545689970255,0.9894245862960815
BCS6__Cow_3_25,Cow_3,2,2028,V,4,first,23,2,0,4,,,,,,,,
BCS6__Cow_3_25,Cow_3,2,2028,V,4,second,23,20,1,4,4.0,173.52042940500343,0.8695652173913043,0.014727341011166573,5.762308865087107e-05,0.0048234593123197556,0.007530135568231344,0.9728614687919617
BCS6__Cow_47_68,Cow_47,2,2028,V,4,first,15,15,1,4,4.0,170.71022282165904,1.0,0.026308462023735046,3.272547110100277e-05,0.0034256691578775644,0.004548866301774979,0.965684175491333
BCS6__Cow_47_68,Cow_47,2,2028,V,4,second,16,16,1,4,4.0,171.90265154411452,1.0,0.00712475273758173,9.090931598620955e-06,0.0017212026286870241,0.0028742451686412096,0.9882707595825195
BCS6__Cow_9_1044,Cow_9,2,2028,V,4,first,23,19,1,4,4.0,167.41661613531923,0.8260869565217391,0.005724466871470213,5.4302152420859784e-05,0.005279833916574717,0.010733140632510185,0.9782082438468933
BCS6__Cow_9_1044,Cow_9,2,2028,V,4,second,23,17,1,4,4.0,167.85517199648052,0.7391304347826086,0.0018473080126568675,1.5825939044589177e-05,0.002652500756084919,0.007082441356033087,0.9884019494056702
BCS2__Cow_21_8029,Cow_21,0,2026,V_single,0,first,30,15,1,0,0.0,164.0653610753726,0.5,0.5423629283905029,0.3513597249984741,0.043837640434503555,0.054135702550411224,0.008304017595946789
BCS2__Cow_21_8029,Cow_21,0,2026,V_single,0,second,31,2,0,0,,,,,,,,
BCS3__Cow_16,Cow_16,0,2026,V_single,1,first,22,7,1,3,3.0,165.77273861474427,0.3181818181818182,0.0035540196113288403,0.05454178899526596,0.451088011264801,0.45502105355262756,0.03579509258270264
BCS3__Cow_16,Cow_16,0,2026,V_single,1,second,22,13,1,3,3.0,163.54724035520573,0.5909090909090909,0.002981423167511821,0.04899153858423233,0.45210206508636475,0.4624902904033661,0.033434778451919556
BCS3__Cow_16_1004,Cow_16,0,2026,V_single,1,first,2,1,0,1,,,,,,,,
BCS3__Cow_16_1004,Cow_16,0,2026,V_single,1,second,2,2,0,1,,,,,,,,
BCS3__Cow_25_66,Cow_25,0,2026,V_single,1,first,2,2,0,1,,,,,,,,
BCS3__Cow_25_66,Cow_25,0,2026,V_single,1,second,3,1,0,1,,,,,,,,
BCS3__Cow_2_1015,Cow_2,0,2026,V_single,1,first,2,2,0,2,,,,,,,,
BCS3__Cow_2_1015,Cow_2,0,2026,V_single,1,second,3,2,0,2,,,,,,,,
BCS3__Cow_46,Cow_46,0,2026,V_single,1,first,30,16,1,1,1.0,166.20161861967796,0.5333333333333333,0.012557758949697018,0.9406757950782776,0.027844827622175217,0.018597610294818878,0.0003239911748096347
BCS3__Cow_46,Cow_46,0,2026,V_single,1,second,30,1,0,1,,,,,,,,
BCS3__Cow_46_1,Cow_46,0,2026,V_single,1,first,19,9,1,1,1.0,162.44824920426407,0.47368421052631576,0.01681453362107277,0.9643458127975464,0.0105973482131958,0.00816130731254816,8.096339297480881e-05
BCS3__Cow_46_1,Cow_46,0,2026,V_single,1,second,20,0,0,1,,,,,,,,
BCS3__Cow_46_2,Cow_46,0,2026,V_single,1,first,3,2,0,1,,,,,,,,
BCS3__Cow_46_2,Cow_46,0,2026,V_single,1,second,3,1,0,1,,,,,,,,
BCS3__Cow_53,Cow_53,0,2026,V_single,1,first,3,3,1,1,1.0,168.2141197338734,1.0,0.022371120750904083,0.923416256904602,0.03116411715745926,0.022506417706608772,0.0005421367823146284
BCS3__Cow_53,Cow_53,0,2026,V_single,1,second,4,0,0,1,,,,,,,,
BCS4__Cow_15_68,Cow_15,0,2026,V_single,2,first,1,1,0,2,,,,,,,,
BCS4__Cow_15_68,Cow_15,0,2026,V_single,2,second,2,2,0,2,,,,,,,,
BCS4__Cow_17,Cow_17,0,2026,V_single,2,first,13,4,1,3,3.0,171.7298640420105,0.3076923076923077,0.0018233919981867075,0.03180156275629997,0.45585787296295166,0.4826504588127136,0.02786669321358204
BCS4__Cow_17,Cow_17,0,2026,V_single,2,second,13,6,1,3,3.0,172.66973605171208,0.46153846153846156,0.0017917503137141466,0.031317830085754395,0.45167526602745056,0.48652783036231995,0.028687335550785065
BCS4__Cow_19,Cow_19,0,2026,V_single,2,first,32,27,1,1,1.0,171.24997480800033,0.84375,0.02786608226597309,0.7729633450508118,0.11366811394691467,0.08019337058067322,0.0053090243600308895
BCS4__Cow_19,Cow_19,0,2026,V_single,2,second,33,30,1,1,1.0,169.91049239817312,0.9090909090909091,0.024907775223255157,0.6104844808578491,0.20761136710643768,0.1444423794746399,0.012553983367979527
BCS4__Cow_19_0037,Cow_19,0,2026,V_single,2,first,3,3,1,2,2.0,165.8417344296178,1.0,0.005807548761367798,0.11598579585552216,0.4650549292564392,0.3859996795654297,0.027152089402079582
BCS4__Cow_19_0037,Cow_19,0,2026,V_single,2,second,3,2,0,2,,,,,,,,
BCS4__Cow_2,Cow_2,0,2026,V_single,2,first,7,5,1,3,3.0,174.4267503507631,0.7142857142857143,0.002123064361512661,0.024519694969058037,0.43345898389816284,0.5076145529747009,0.03228369355201721
BCS4__Cow_2,Cow_2,0,2026,V_single,2,second,8,8,1,3,3.0,172.83144698751408,1.0,0.0029887829441577196,0.03139963001012802,0.4383735954761505,0.49366167187690735,0.033576346933841705
BCS4__Cow_23,Cow_23,0,2026,V_single,2,first,21,10,1,2,2.0,169.2197307476981,0.47619047619047616,0.011272653937339783,0.30210596323013306,0.39758530259132385,0.271433025598526,0.01760309375822544
BCS4__Cow_23,Cow_23,0,2026,V_single,2,second,21,8,1,2,2.0,169.55395232177875,0.38095238095238093,0.010166271589696407,0.2625093460083008,0.41730573773384094,0.29083549976348877,0.019183188676834106
BCS4__Cow_31,Cow_31,0,2026,V_single,2,first,6,6,1,1,1.0,169.24219404261424,1.0,0.23235468566417694,0.6812846064567566,0.03948412090539932,0.04552922025322914,0.001347439712844789
BCS4__Cow_31,Cow_31,0,2026,V_single,2,second,7,6,1,1,0.0,169.1895308412586,0.8571428571428571,0.5763621926307678,0.4101018011569977,0.0053857723250985146,0.008061430417001247,8.880136738298461e-05
BCS4__Cow_32_0035,Cow_32,0,2026,V_single,2,first,4,4,1,1,1.0,161.37090607601982,1.0,0.017975740134716034,0.8264390826225281,0.09278316050767899,0.06029600650072098,0.00250602955929935
BCS4__Cow_32_0035,Cow_32,0,2026,V_single,2,second,4,4,1,1,1.0,168.98920759259374,1.0,0.012595489621162415,0.8982219696044922,0.053782641887664795,0.0345134511590004,0.0008865532581694424
BCS4__Cow_44_1,Cow_44,0,2026,V_single,2,first,23,7,1,3,3.0,170.64047862721952,0.30434782608695654,0.00200453819707036,0.024471506476402283,0.4375012516975403,0.5031645894050598,0.032858096063137054
BCS4__Cow_44_1,Cow_44,0,2026,V_single,2,second,23,15,1,3,3.0,169.04432685258152,0.6521739130434783,0.003338633570820093,0.04182912036776543,0.4574146866798401,0.4651660919189453,0.03225141763687134
BCS4__Cow_51,Cow_51,0,2026,V_single,2,first,2,2,0,1,,,,,,,,
BCS4__Cow_51,Cow_51,0,2026,V_single,2,second,2,2,0,1,,,,,,,,
BCS4__Cow_51_0035,Cow_51,0,2026,V_single,2,first,2,2,0,1,,,,,,,,
BCS4__Cow_51_0035,Cow_51,0,2026,V_single,2,second,3,2,0,1,,,,,,,,
BCS4__Cow_7,Cow_7,0,2026,V_single,2,first,9,6,1,1,1.0,172.4528014098345,0.6666666666666666,0.02214745618402958,0.9256736040115356,0.029885025694966316,0.02174469269812107,0.0005491669871844351
BCS4__Cow_7,Cow_7,0,2026,V_single,2,second,9,9,1,1,1.0,171.64724716991688,1.0,0.023903505876660347,0.9290459752082825,0.02681647799909115,0.019792426377534866,0.0004416594747453928
BCS5__Cow_15,Cow_15,0,2026,V_single,3,first,14,13,1,2,2.0,170.03247497541147,0.9285714285714286,0.010258262977004051,0.1809210181236267,0.4360254406929016,0.3440161943435669,0.028779055923223495
BCS5__Cow_15,Cow_15,0,2026,V_single,3,second,15,12,1,2,2.0,169.04112874262378,0.8,0.011278342455625534,0.22702480852603912,0.4223753809928894,0.31439530849456787,0.02492615021765232
BCS5__Cow_17_17,Cow_17,0,2026,V_single,3,first,4,3,1,3,3.0,167.7666642351508,0.75,0.004732517525553703,0.0377606637775898,0.40151044726371765,0.504386842250824,0.05160951986908913
BCS5__Cow_17_17,Cow_17,0,2026,V_single,3,second,4,3,1,3,3.0,172.05257321065835,0.75,0.004261570516973734,0.022122114896774292,0.3719480335712433,0.5348427295684814,0.06682555377483368
BCS5__Cow_21,Cow_21,0,2026,V_single,3,first,13,9,1,3,2.0,171.32780419866927,0.6923076923076923,0.0017910831375047565,0.04548254236578941,0.46933162212371826,0.4606223404407501,0.02277243696153164
BCS5__Cow_21,Cow_21,0,2026,V_single,3,second,13,9,1,3,2.0,170.68283480431631,0.6923076923076923,0.0023130150511860847,0.05357571318745613,0.4719657599925995,0.4480428695678711,0.02410273812711239
BCS5__Cow_23_1067,Cow_23,0,2026,V_single,3,first,2,2,0,3,,,,,,,,
BCS5__Cow_23_1067,Cow_23,0,2026,V_single,3,second,3,3,1,3,3.0,170.52493351953348,1.0,0.0021535977721214294,0.01741747185587883,0.39794182777404785,0.5412348508834839,0.041252244263887405
BCS5__Cow_25,Cow_25,0,2026,V_single,3,first,33,11,1,1,1.0,168.21915999669343,0.3333333333333333,0.015791146084666252,0.730004608631134,0.15393951535224915,0.09582147747278214,0.004443272482603788
BCS5__Cow_25,Cow_25,0,2026,V_single,3,second,33,18,1,1,1.0,167.78498670253768,0.5454545454545454,0.01609330251812935,0.6952924728393555,0.17418619990348816,0.10920876264572144,0.005219208542257547
BCS5__Cow_31_15,Cow_31,0,2026,V_single,3,first,2,2,0,2,,,,,,,,
BCS5__Cow_31_15,Cow_31,0,2026,V_single,3,second,2,1,0,2,,,,,,,,
BCS5__Cow_31_2024,Cow_31,0,2026,V_single,3,first,2,2,0,2,,,,,,,,
BCS5__Cow_31_2024,Cow_31,0,2026,V_single,3,second,3,3,1,2,2.0,169.94558330610357,1.0,0.0039086719043552876,0.10789508372545242,0.49214497208595276,0.37889161705970764,0.01715965010225773
BCS5__Cow_32,Cow_32,0,2026,V_single,3,first,7,3,1,3,3.0,172.47895182836993,0.42857142857142855,0.022569797933101654,0.07219281047582626,0.41082704067230225,0.45637941360473633,0.03803083673119545
BCS5__Cow_32,Cow_32,0,2026,V_single,3,second,8,2,0,3,,,,,,,,
BCS5__Cow_44_3008,Cow_44,0,2026,V_single,3,first,5,2,0,2,,,,,,,,
BCS5__Cow_44_3008,Cow_44,0,2026,V_single,3,second,5,1,0,2,,,,,,,,
BCS5__Cow_45,Cow_45,0,2026,V_single,3,first,12,11,1,3,3.0,169.75955555667923,0.9166666666666666,0.002207464072853327,0.02769702486693859,0.4482598900794983,0.4912120997905731,0.030623583123087883
BCS5__Cow_45,Cow_45,0,2026,V_single,3,second,13,13,1,3,3.0,170.28695525445863,1.0,0.0027827059384435415,0.033847447484731674,0.461722195148468,0.4730333983898163,0.02861429937183857
BCS5__Cow_53_30,Cow_53,0,2026,V_single,3,first,6,0,0,3,,,,,,,,
BCS5__Cow_53_30,Cow_53,0,2026,V_single,3,second,7,4,1,3,3.0,170.97664565595858,0.5714285714285714,0.0060654617846012115,0.06255927681922913,0.43902212381362915,0.4566049873828888,0.035748157650232315
BCS5__Cow_7_6022,Cow_7,0,2026,V_single,3,first,2,1,0,2,,,,,,,,
BCS5__Cow_7_6022,Cow_7,0,2026,V_single,3,second,2,2,0,2,,,,,,,,
BCS6__Cow_16_06,Cow_16,0,2026,V_single,4,first,38,28,1,4,4.0,172.85413511564454,0.7368421052631579,0.0021956441923975945,0.00019471252744551748,0.020319703966379166,0.05567150190472603,0.9216183423995972
BCS6__Cow_16_06,Cow_16,0,2026,V_single,4,second,38,34,1,4,4.0,172.7047234430375,0.8947368421052632,0.0028051515109837055,0.0002902935666497797,0.024768006056547165,0.06439255177974701,0.9077439308166504
BCS6__Cow_19_29,Cow_19,0,2026,V_single,4,first,30,26,1,4,4.0,171.93427721120312,0.8666666666666667,0.0009684551041573286,0.00010885835945373401,0.021883342415094376,0.06757596135139465,0.9094633460044861
BCS6__Cow_19_29,Cow_19,0,2026,V_single,4,second,31,26,1,4,4.0,173.26976138784778,0.8387096774193549,0.0017658030847087502,0.000159959148732014,0.019408024847507477,0.05447434261441231,0.9241917729377747
BCS6__Cow_2_6006,Cow_2,0,2026,V_single,4,first,15,15,1,4,4.0,172.7417965819457,1.0,0.0013601244427263737,5.796888581244275e-05,0.008802056312561035,0.02512446604669094,0.964655339717865
BCS6__Cow_2_6006,Cow_2,0,2026,V_single,4,second,16,16,1,4,4.0,171.70556108359614,1.0,0.0012652603909373283,4.2343363020336255e-05,0.006943307816982269,0.019802501425147057,0.971946656703949
BCS6__Cow_32_34,Cow_32,0,2026,V_single,4,first,30,4,1,4,4.0,174.5194799413863,0.13333333333333333,0.0029209465719759464,0.00022859855380374938,0.018461596220731735,0.04775107651948929,0.9306376576423645
BCS6__Cow_32_34,Cow_32,0,2026,V_single,4,second,31,3,1,4,4.0,173.50613798901162,0.0967741935483871,0.003502245992422104,0.00020810813293792307,0.01426645927131176,0.03532292693853378,0.9467001557350159
BCS6__Cow_36,Cow_36,0,2026,V_single,4,first,22,18,1,3,3.0,171.97030707515705,0.8181818181818182,0.010326902382075787,0.03757360577583313,0.40784117579460144,0.4868025481700897,0.05745578557252884
BCS6__Cow_36,Cow_36,0,2026,V_single,4,second,23,19,1,3,3.0,172.6305618731255,0.8260869565217391,0.00955780129879713,0.03174932673573494,0.3982047140598297,0.4959273934364319,0.06456071138381958
BCS6__Cow_36_1,Cow_36,0,2026,V_single,4,first,25,25,1,4,4.0,172.04149234605404,1.0,0.01989205740392208,0.001584585290402174,0.10349053144454956,0.17439383268356323,0.7006389498710632
BCS6__Cow_36_1,Cow_36,0,2026,V_single,4,second,25,21,1,4,4.0,172.4849707664876,0.84,0.01822240650653839,0.0022837878204882145,0.1249355673789978,0.20688152313232422,0.6476767063140869
BCS6__Cow_45_9025,Cow_45,0,2026,V_single,4,first,23,23,1,4,4.0,167.66243736780427,1.0,0.0043712398037314415,0.001367025077342987,0.0813952311873436,0.1845463663339615,0.7283201813697815
BCS6__Cow_45_9025,Cow_45,0,2026,V_single,4,second,23,8,1,4,4.0,171.78827310706663,0.34782608695652173,0.0035303786862641573,0.0007130044396035373,0.05554201453924179,0.13092978298664093,0.8092848658561707
BCS6__Cow_52_29,Cow_52,0,2026,V_single,4,first,30,24,1,4,4.0,173.87935522312824,0.8,0.007090610917657614,0.002471367595717311,0.0968271866440773,0.2018318474292755,0.6917788982391357
BCS6__Cow_52_29,Cow_52,0,2026,V_single,4,second,31,31,1,4,4.0,172.58243313145888,1.0,0.009061059914529324,0.0025422030594199896,0.08597683906555176,0.17268046736717224,0.7297394275665283
BCS6__Cow_7_9008,Cow_7,0,2026,V_single,4,first,30,13,1,4,4.0,168.7758933629712,0.43333333333333335,0.0014164000749588013,0.0004397838201839477,0.06096044182777405,0.1676318347454071,0.7695515155792236
BCS6__Cow_7_9008,Cow_7,0,2026,V_single,4,second,31,6,1,4,4.0,169.86008953251417,0.1935483870967742,0.0017142562428489327,0.0003309530147816986,0.03948575258255005,0.10857287049293518,0.8498961329460144
BCS2__Cow_11,Cow_11,1,2026,V_single,0,first,252,34,1,2,2.0,172.5556313138602,0.1349206349206349,0.1399810016155243,0.24124698340892792,0.2557086944580078,0.1691649705171585,0.19389835000038147
BCS2__Cow_11,Cow_11,1,2026,V_single,0,second,252,42,1,2,2.0,172.6013977091373,0.16666666666666666,0.13554899394512177,0.2397037148475647,0.2576197683811188,0.17079555988311768,0.1963319480419159
BCS2__Cow_11_1,Cow_11,1,2026,V_single,0,first,26,0,0,1,,,,,,,,
BCS2__Cow_11_1,Cow_11,1,2026,V_single,0,second,26,6,1,1,1.0,170.79467556249435,0.23076923076923078,0.1616934984922409,0.2557801604270935,0.24732714891433716,0.15813882648944855,0.17706041038036346
BCS2__Cow_11_2,Cow_11,1,2026,V_single,0,first,24,21,1,1,0.0,169.12516074311785,0.875,0.6321595311164856,0.12421923130750656,0.0789579302072525,0.04734416678547859,0.11731913685798645
BCS2__Cow_11_2,Cow_11,1,2026,V_single,0,second,25,19,1,1,1.0,171.19605184432032,0.76,0.19438950717449188,0.25633296370506287,0.2287115901708603,0.15062806010246277,0.169937863945961
BCS3__Cow_14,Cow_14,1,2026,V_single,1,first,8,3,1,2,2.0,162.50616462144322,0.375,0.13992705941200256,0.2322622388601303,0.2516879737377167,0.16910842061042786,0.2070142924785614
BCS3__Cow_14,Cow_14,1,2026,V_single,1,second,9,1,0,2,,,,,,,,
BCS3__Cow_14_0011,Cow_14,1,2026,V_single,1,first,3,2,0,1,,,,,,,,
BCS3__Cow_14_0011,Cow_14,1,2026,V_single,1,second,4,2,0,1,,,,,,,,
BCS3__Cow_6_103,Cow_6,1,2026,V_single,1,first,2,1,0,1,,,,,,,,
BCS3__Cow_6_103,Cow_6,1,2026,V_single,1,second,3,3,1,1,1.0,161.55790750344187,1.0,0.21663609147071838,0.26846233010292053,0.21743440628051758,0.13846272230148315,0.15900446474552155
BCS4__Cow_1,Cow_1,1,2026,V_single,2,first,9,4,1,2,2.0,173.04281162398252,0.4444444444444444,0.12184008210897446,0.22628545761108398,0.2617630958557129,0.17390058934688568,0.21621079742908478
BCS4__Cow_1,Cow_1,1,2026,V_single,2,second,10,5,1,2,2.0,174.1472652819167,0.5,0.12035482376813889,0.2275986671447754,0.26370492577552795,0.1731633096933365,0.2151782512664795
BCS4__Cow_26,Cow_26,1,2026,V_single,2,first,7,3,1,2,2.0,170.32351963776654,0.42857142857142855,0.12522713840007782,0.2331712394952774,0.2614995241165161,0.16897521913051605,0.2111269235610962
BCS4__Cow_26,Cow_26,1,2026,V_single,2,second,8,4,1,2,2.0,169.86020482669838,0.5,0.12294244766235352,0.2329416275024414,0.2630959749221802,0.16974346339702606,0.21127651631832123
BCS4__Cow_26_5051,Cow_26,1,2026,V_single,2,first,6,2,0,1,,,,,,,,
BCS4__Cow_26_5051,Cow_26,1,2026,V_single,2,second,6,3,1,1,1.0,166.41648456959476,0.5,0.23809169232845306,0.2691854238510132,0.20903906226158142,0.12557151913642883,0.15811234712600708
BCS4__Cow_27_9008,Cow_27,1,2026,V_single,2,first,3,2,0,1,,,,,,,,
BCS4__Cow_27_9008,Cow_27,1,2026,V_single,2,second,4,2,0,1,,,,,,,,
BCS4__Cow_29_7007,Cow_29,1,2026,V_single,2,first,2,2,0,0,,,,,,,,
BCS4__Cow_29_7007,Cow_29,1,2026,V_single,2,second,3,2,0,0,,,,,,,,
BCS4__Cow_33,Cow_33,1,2026,V_single,2,first,52,16,1,2,2.0,169.794811507377,0.3076923076923077,0.1135135143995285,0.2273889034986496,0.2675495743751526,0.17161676287651062,0.21993125975131989
BCS4__Cow_33,Cow_33,1,2026,V_single,2,second,53,5,1,2,2.0,169.01401861688544,0.09433962264150944,0.11319652199745178,0.22828346490859985,0.26860538125038147,0.1709895133972168,0.21892514824867249
BCS4__Cow_4,Cow_4,1,2026,V_single,2,first,2,2,0,2,,,,,,,,
BCS4__Cow_4,Cow_4,1,2026,V_single,2,second,2,2,0,2,,,,,,,,
BCS4__Cow_41,Cow_41,1,2026,V_single,2,first,30,3,1,2,2.0,173.58252888296627,0.1,0.10855648666620255,0.23334398865699768,0.2760138511657715,0.16798901557922363,0.21409663558006287
BCS4__Cow_41,Cow_41,1,2026,V_single,2,second,31,0,0,2,,,,,,,,
BCS4__Cow_48,Cow_48,1,2026,V_single,2,first,6,0,0,2,,,,,,,,
BCS4__Cow_48,Cow_48,1,2026,V_single,2,second,7,3,1,2,2.0,170.07276567517712,0.42857142857142855,0.1315704584121704,0.23811285197734833,0.2595086693763733,0.1679181158542633,0.20288994908332825
BCS4__Cow_4_1,Cow_4,1,2026,V_single,2,first,19,19,1,2,2.0,167.79957045946657,1.0,0.11897452920675278,0.23233437538146973,0.2655394673347473,0.16629962623119354,0.21685200929641724
BCS4__Cow_4_1,Cow_4,1,2026,V_single,2,second,20,20,1,2,2.0,162.49650676010418,1.0,0.11825176328420639,0.23310677707195282,0.2657008469104767,0.16867108643054962,0.2142695188522339
BCS4__Cow_6,Cow_6,1,2026,V_single,2,first,21,3,1,2,2.0,169.33535424534642,0.14285714285714285,0.1551543027162552,0.23751437664031982,0.24443119764328003,0.1674254983663559,0.19547463953495026
BCS4__Cow_6,Cow_6,1,2026,V_single,2,second,21,4,1,2,2.0,168.0633817100955,0.19047619047619047,0.14565017819404602,0.23726686835289001,0.2512999475002289,0.16755758225917816,0.19822540879249573
BCS5__Cow_12_NOTAG,Cow_12,1,2026,V_single,3,first,2,2,0,2,,,,,,,,
BCS5__Cow_12_NOTAG,Cow_12,1,2026,V_single,3,second,2,1,0,2,,,,,,,,
BCS5__Cow_13,Cow_13,1,2026,V_single,3,first,11,9,1,2,2.0,172.19697143162998,0.8181818181818182,0.12109574675559998,0.23118838667869568,0.2627277672290802,0.16954916715621948,0.21543894708156586
BCS5__Cow_13,Cow_13,1,2026,V_single,3,second,12,11,1,2,2.0,173.49780915168796,0.9166666666666666,0.12724356353282928,0.23241709172725677,0.2590622305870056,0.16898725926876068,0.21228991448879242
BCS5__Cow_13_8001,Cow_13,1,2026,V_single,3,first,2,1,0,2,,,,,,,,
BCS5__Cow_13_8001,Cow_13,1,2026,V_single,3,second,2,2,0,2,,,,,,,,
BCS5__Cow_1_27,Cow_1,1,2026,V_single,3,first,2,1,0,2,,,,,,,,
BCS5__Cow_1_27,Cow_1,1,2026,V_single,3,second,2,2,0,2,,,,,,,,
BCS5__Cow_27,Cow_27,1,2026,V_single,3,first,21,11,1,2,2.0,168.83613076599408,0.5238095238095238,0.13218779861927032,0.23791304230690002,0.26008740067481995,0.16835017502307892,0.2014615535736084
BCS5__Cow_27,Cow_27,1,2026,V_single,3,second,21,10,1,2,2.0,169.79075233536037,0.47619047619047616,0.1350260078907013,0.23981860280036926,0.2589818835258484,0.16753213107585907,0.1986413449048996
BCS5__Cow_29,Cow_29,1,2026,V_single,3,first,15,12,1,2,2.0,170.6798081627203,0.8,0.1266973614692688,0.2363983392715454,0.2633223831653595,0.16437602043151855,0.20920589566230774
BCS5__Cow_29,Cow_29,1,2026,V_single,3,second,15,13,1,2,2.0,171.21781445127687,0.8666666666666667,0.12035176903009415,0.23818956315517426,0.2688596546649933,0.16309429705142975,0.20950475335121155
BCS5__Cow_37,Cow_37,1,2026,V_single,3,first,14,13,1,2,2.0,171.7284788800338,0.9285714285714286,0.12176206707954407,0.23558945953845978,0.26531773805618286,0.16728362441062927,0.21004709601402283
BCS5__Cow_37,Cow_37,1,2026,V_single,3,second,14,13,1,2,2.0,171.82204303655806,0.9285714285714286,0.11967915296554565,0.23807485401630402,0.2685035169124603,0.16646866500377655,0.20727381110191345
BCS5__Cow_37_and_38,Cow_37,1,2026,V_single,3,first,12,3,1,2,2.0,170.93735033593998,0.25,0.11988677084445953,0.22497938573360443,0.26154473423957825,0.17346377670764923,0.22012536227703094
BCS5__Cow_37_and_38,Cow_37,1,2026,V_single,3,second,12,0,0,2,,,,,,,,
BCS5__Cow_43,Cow_43,1,2026,V_single,3,first,19,18,1,2,2.0,170.47077476416072,0.9473684210526315,0.12598519027233124,0.2388385832309723,0.2638889253139496,0.16844326257705688,0.2028440684080124
BCS5__Cow_43,Cow_43,1,2026,V_single,3,second,19,19,1,2,2.0,168.14633581369202,1.0,0.12734903395175934,0.2358427494764328,0.26206696033477783,0.16852447390556335,0.20621681213378906
BCS5__Cow_48_1018,Cow_48,1,2026,V_single,3,first,1,1,0,2,,,,,,,,
BCS5__Cow_48_1018,Cow_48,1,2026,V_single,3,second,2,2,0,2,,,,,,,,
BCS5__Cow_54,Cow_54,1,2026,V_single,3,first,3,3,1,2,2.0,170.27827530308326,1.0,0.11926189064979553,0.23481708765029907,0.26622745394706726,0.16734416782855988,0.21234942972660065
BCS5__Cow_54,Cow_54,1,2026,V_single,3,second,4,3,1,2,2.0,170.27605091057677,0.75,0.11230888217687607,0.2388240396976471,0.274467408657074,0.16402162611484528,0.21037805080413818
BCS5__Cow_6_5051,Cow_6,1,2026,V_single,3,first,2,2,0,2,,,,,,,,
BCS5__Cow_6_5051,Cow_6,1,2026,V_single,3,second,3,1,0,2,,,,,,,,
BCS6__Cow_11_07,Cow_11,1,2026,V_single,4,first,20,12,1,2,4.0,172.86655597325085,0.6,0.1495930552482605,0.18046650290489197,0.2163628786802292,0.15863335132598877,0.29494422674179077
BCS6__Cow_11_07,Cow_11,1,2026,V_single,4,second,21,15,1,2,4.0,172.87282894786617,0.7142857142857143,0.15766629576683044,0.17859001457691193,0.21223485469818115,0.15430481731891632,0.29720401763916016
BCS6__Cow_12_2014,Cow_12,1,2026,V_single,4,first,24,19,1,2,0.0,172.3808842485783,0.7916666666666666,0.6980608701705933,0.09864812344312668,0.060943666845560074,0.030912568792700768,0.11143477261066437
BCS6__Cow_12_2014,Cow_12,1,2026,V_single,4,second,25,20,1,2,0.0,173.46500543816205,0.8,0.6181426644325256,0.12064876407384872,0.08009914308786392,0.042581286281347275,0.13852812349796295
BCS6__Cow_13_66,Cow_13,1,2026,V_single,4,first,23,5,1,4,4.0,172.0171087398665,0.21739130434782608,0.18712882697582245,0.18147441744804382,0.20089983940124512,0.15532641112804413,0.27517053484916687
BCS6__Cow_13_66,Cow_13,1,2026,V_single,4,second,23,15,1,4,4.0,169.6996595059602,0.6521739130434783,0.18589700758457184,0.17860735952854156,0.20016345381736755,0.15530750155448914,0.28002461791038513
BCS6__Cow_26_6,Cow_26,1,2026,V_single,4,first,30,1,0,4,,,,,,,,
BCS6__Cow_26_6,Cow_26,1,2026,V_single,4,second,31,8,1,4,4.0,172.82806196978373,0.25806451612903225,0.15781129896640778,0.18234892189502716,0.2138557881116867,0.16256330907344818,0.2834206819534302
BCS6__Cow_29_NOTAG,Cow_29,1,2026,V_single,4,first,23,16,1,4,4.0,169.1091775327788,0.6956521739130435,0.1469389945268631,0.18192332983016968,0.21900948882102966,0.1576533019542694,0.29447484016418457
BCS6__Cow_29_NOTAG,Cow_29,1,2026,V_single,4,second,23,18,1,4,4.0,170.85017686852498,0.782608695652174,0.1646544188261032,0.17837180197238922,0.20921476185321808,0.15342994034290314,0.29432913661003113
BCS6__Cow_35,Cow_35,1,2026,V_single,4,first,22,14,1,2,4.0,172.93680770114165,0.6363636363636364,0.2145068198442459,0.18028093874454498,0.19502802193164825,0.12148331850767136,0.2887009084224701
BCS6__Cow_35,Cow_35,1,2026,V_single,4,second,23,10,1,2,2.0,173.128046766217,0.43478260869565216,0.10903697460889816,0.2271905094385147,0.27107489109039307,0.16983217000961304,0.22286540269851685
BCS6__Cow_4_103,Cow_4,1,2026,V_single,4,first,30,22,1,4,4.0,170.59748584169137,0.7333333333333333,0.17282360792160034,0.1801525205373764,0.20624585449695587,0.15676574409008026,0.2840122878551483
BCS6__Cow_4_103,Cow_4,1,2026,V_single,4,second,31,25,1,4,4.0,173.1729468654868,0.8064516129032258,0.17917077243328094,0.18005859851837158,0.20384973287582397,0.15665318071842194,0.28026774525642395
BCS2__Cow_5_1,Cow_5,2,2026,V_single,0,first,23,8,1,4,4.0,171.41654572431042,0.34782608695652173,0.005343838594853878,0.0005100052221678197,0.0084181297570467,0.023683862760663033,0.9620442390441895
BCS2__Cow_5_1,Cow_5,2,2026,V_single,0,second,23,2,0,4,,,,,,,,
BCS3__Cow_20_0029,Cow_20,2,2026,V_single,1,first,2,2,0,3,,,,,,,,
BCS3__Cow_20_0029,Cow_20,2,2026,V_single,1,second,2,2,0,3,,,,,,,,
BCS3__Cow_22,Cow_22,2,2026,V_single,1,first,39,10,1,1,1.0,169.71626312395244,0.2564102564102564,0.3805163502693176,0.466891348361969,0.11579055339097977,0.027377286925911903,0.009424487128853798
BCS3__Cow_22,Cow_22,2,2026,V_single,1,second,40,10,1,1,1.0,172.8720273076455,0.25,0.3797854483127594,0.4584629237651825,0.12131944298744202,0.02994651533663273,0.010485577397048473
BCS3__Cow_22_1,Cow_22,2,2026,V_single,1,first,3,2,0,0,,,,,,,,
BCS3__Cow_22_1,Cow_22,2,2026,V_single,1,second,4,4,1,0,1.0,171.09428579453942,1.0,0.4225386381149292,0.4419398009777069,0.10382556170225143,0.023127872496843338,0.00856812484562397
BCS4__Cow_10,Cow_10,2,2026,V_single,2,first,36,9,1,3,3.0,172.21630985676052,0.25,0.02281309850513935,0.08633042871952057,0.2692108750343323,0.4655022919178009,0.15614327788352966
BCS4__Cow_10,Cow_10,2,2026,V_single,2,second,36,32,1,3,3.0,167.3531618530045,0.8888888888888888,0.021618686616420746,0.08177222311496735,0.2644510269165039,0.4700908064842224,0.1620672196149826
BCS4__Cow_10_2038,Cow_10,2,2026,V_single,2,first,2,2,0,1,,,,,,,,
BCS4__Cow_10_2038,Cow_10,2,2026,V_single,2,second,2,2,0,1,,,,,,,,
BCS4__Cow_22_6005,Cow_22,2,2026,V_single,2,first,2,2,0,3,,,,,,,,
BCS4__Cow_22_6005,Cow_22,2,2026,V_single,2,second,3,2,0,3,,,,,,,,
BCS4__Cow_30,Cow_30,2,2026,V_single,2,first,7,4,1,3,3.0,170.3642225349182,0.5714285714285714,0.029569074511528015,0.13534994423389435,0.29092612862586975,0.42175358533859253,0.12240122258663177
BCS4__Cow_30,Cow_30,2,2026,V_single,2,second,7,0,0,3,,,,,,,,
BCS4__Cow_42,Cow_42,2,2026,V_single,2,first,13,6,1,4,4.0,170.1643043577007,0.46153846153846156,0.015696192160248756,0.019629094749689102,0.136707603931427,0.390740305185318,0.4372268319129944
BCS4__Cow_42,Cow_42,2,2026,V_single,2,second,14,5,1,4,3.0,168.7018330479923,0.35714285714285715,0.021958593279123306,0.030263638123869896,0.16483266651630402,0.405943900346756,0.3770011067390442
BCS4__Cow_47_1,Cow_47,2,2026,V_single,2,first,3,3,1,3,1.0,165.6616691349082,1.0,0.02996516413986683,0.38147667050361633,0.28890344500541687,0.26013949513435364,0.03951524943113327
BCS4__Cow_47_1,Cow_47,2,2026,V_single,2,second,4,4,1,3,3.0,167.72901295451248,1.0,0.02342848852276802,0.204595685005188,0.31279972195625305,0.3873145878314972,0.07186146080493927
BCS4__Cow_49,Cow_49,2,2026,V_single,2,first,4,3,1,3,3.0,160.51190280932127,0.75,0.02969440631568432,0.24837014079093933,0.3055725395679474,0.3467392921447754,0.06962365657091141
BCS4__Cow_49,Cow_49,2,2026,V_single,2,second,5,4,1,3,3.0,171.35377573323314,0.8,0.022572334855794907,0.17254407703876495,0.30903229117393494,0.4117726683616638,0.08407861739397049
BCS4__Cow_55,Cow_55,2,2026,V_single,2,first,2,2,0,3,,,,,,,,
BCS4__Cow_55,Cow_55,2,2026,V_single,2,second,3,2,0,3,,,,,,,,
BCS4__Cow_8,Cow_8,2,2026,V_single,2,first,19,16,1,3,3.0,169.33989342131102,0.8421052631578947,0.018548497930169106,0.07835906744003296,0.26669737696647644,0.4820057451725006,0.15438924729824066
BCS4__Cow_8,Cow_8,2,2026,V_single,2,second,20,10,1,3,3.0,170.37019965622022,0.5,0.01846664771437645,0.06717536598443985,0.25266703963279724,0.48575156927108765,0.17593935132026672
BCS4__Cow_9,Cow_9,2,2026,V_single,2,first,13,10,1,3,3.0,165.60707693826612,0.7692307692307693,0.020204048603773117,0.21081723272800446,0.31925758719444275,0.3862116038799286,0.06350957602262497
BCS4__Cow_9,Cow_9,2,2026,V_single,2,second,13,9,1,3,3.0,163.28626852803404,0.6923076923076923,0.018331576138734818,0.2497129738330841,0.3217650055885315,0.36063364148139954,0.049556829035282135
BCS5__Cow_10_0029,Cow_10,2,2026,V_single,3,first,3,2,0,3,,,,,,,,
BCS5__Cow_10_0029,Cow_10,2,2026,V_single,3,second,4,3,1,3,3.0,171.90375742110592,0.75,0.013093054294586182,0.06281740963459015,0.25334692001342773,0.5097410082817078,0.16100159287452698
BCS5__Cow_24,Cow_24,2,2026,V_single,3,first,12,6,1,3,3.0,171.30001837958278,0.5,0.022777913138270378,0.0692749097943306,0.2442508339881897,0.46503105759620667,0.19866520166397095
BCS5__Cow_24,Cow_24,2,2026,V_single,3,second,13,6,1,3,3.0,171.616904682423,0.46153846153846156,0.020742380991578102,0.07178759574890137,0.25101998448371887,0.4724210798740387,0.1840289980173111
BCS5__Cow_24_7022,Cow_24,2,2026,V_single,3,first,2,2,0,3,,,,,,,,
BCS5__Cow_24_7022,Cow_24,2,2026,V_single,3,second,2,1,0,3,,,,,,,,
BCS5__Cow_28,Cow_28,2,2026,V_single,3,first,15,14,1,3,3.0,170.49482846285264,0.9333333333333333,0.016514815390110016,0.08557361364364624,0.2786015272140503,0.48440030217170715,0.13490965962409973
BCS5__Cow_28,Cow_28,2,2026,V_single,3,second,15,14,1,3,3.0,169.84204428054258,0.9333333333333333,0.017437346279621124,0.07913993299007416,0.2696571350097656,0.48364466428756714,0.15012086927890778
BCS5__Cow_28_4024,Cow_28,2,2026,V_single,3,first,3,2,0,3,,,,,,,,
BCS5__Cow_28_4024,Cow_28,2,2026,V_single,3,second,3,1,0,3,,,,,,,,
BCS5__Cow_3,Cow_3,2,2026,V_single,3,first,9,7,1,0,0.0,170.79992864517618,0.7777777777777778,0.6872957348823547,0.21490299701690674,0.07523393630981445,0.014348350465297699,0.008218991570174694
BCS5__Cow_3,Cow_3,2,2026,V_single,3,second,10,3,1,0,0.0,172.37723937450326,0.3,0.7787410020828247,0.1369771957397461,0.06371566653251648,0.011753951199352741,0.00881220679730177
BCS5__Cow_30_30,Cow_30,2,2026,V_single,3,first,3,2,0,3,,,,,,,,
BCS5__Cow_30_30,Cow_30,2,2026,V_single,3,second,4,4,1,3,3.0,172.5049835085633,1.0,0.02037965878844261,0.10021128505468369,0.26944804191589355,0.46020203828811646,0.1497589349746704
BCS5__Cow_34,Cow_34,2,2026,V_single,3,first,20,7,1,0,0.0,171.20187503860788,0.35,0.31322529911994934,0.14754581451416016,0.2511104345321655,0.16080553829669952,0.12731295824050903
BCS5__Cow_34,Cow_34,2,2026,V_single,3,second,20,2,0,0,,,,,,,,
BCS5__Cow_34_1,Cow_34,2,2026,V_single,3,first,9,4,1,3,3.0,164.49300765045263,0.4444444444444444,0.04768237844109535,0.0630791112780571,0.22066763043403625,0.37280043959617615,0.295770525932312
BCS5__Cow_34_1,Cow_34,2,2026,V_single,3,second,9,0,0,3,,,,,,,,
BCS5__Cow_50,Cow_50,2,2026,V_single,3,first,19,19,1,3,3.0,173.00417166918672,1.0,0.036381639540195465,0.1692785769701004,0.2938472330570221,0.39000576734542847,0.11048678308725357
BCS5__Cow_50,Cow_50,2,2026,V_single,3,second,20,20,1,3,3.0,173.47441765066134,1.0,0.038508713245391846,0.16141930222511292,0.28947684168815613,0.39088743925094604,0.11970768868923187
BCS5__Cow_50_49,Cow_50,2,2026,V_single,3,first,1,1,0,3,,,,,,,,
BCS5__Cow_50_49,Cow_50,2,2026,V_single,3,second,2,2,0,3,,,,,,,,
BCS5__Cow_8_NOTAG,Cow_8,2,2026,V_single,3,first,3,2,0,3,,,,,,,,
BCS5__Cow_8_NOTAG,Cow_8,2,2026,V_single,3,second,4,2,0,3,,,,,,,,
BCS6__Cow_18,Cow_18,2,2026,V_single,4,first,23,14,1,4,4.0,168.67690559642762,0.6086956521739131,0.019607964903116226,0.0019380247686058283,0.02002735063433647,0.03790881112217903,0.9205178022384644
BCS6__Cow_18,Cow_18,2,2026,V_single,4,second,23,19,1,4,4.0,171.81580331821024,0.8260869565217391,0.018078120425343513,0.001980739878490567,0.02018497698009014,0.04037775844335556,0.919378399848938
BCS6__Cow_18_32,Cow_18,2,2026,V_single,4,first,28,22,1,4,4.0,172.5739879869971,0.7857142857142857,0.003339938586577773,0.0006374232470989227,0.010141253471374512,0.04027093946933746,0.9456104636192322
BCS6__Cow_18_32,Cow_18,2,2026,V_single,4,second,29,24,1,4,4.0,173.69566006487963,0.8275862068965517,0.0029736387077718973,0.00046738225501030684,0.007922831922769547,0.030758360400795937,0.9578778147697449
BCS6__Cow_24_08,Cow_24,2,2026,V_single,4,first,15,6,1,4,4.0,173.43962274306995,0.4,0.013858217746019363,0.0016771027585491538,0.01594455912709236,0.035275574773550034,0.9332444667816162
BCS6__Cow_24_08,Cow_24,2,2026,V_single,4,second,16,16,1,4,4.0,173.7365540074403,1.0,0.018060356378555298,0.0020666837226599455,0.018294023349881172,0.036944951862096786,0.9246340394020081
BCS6__Cow_28_3083,Cow_28,2,2026,V_single,4,first,23,15,1,4,4.0,172.54620092302903,0.6521739130434783,0.004067818634212017,0.0006955378921702504,0.010214203968644142,0.037005797028541565,0.9480167627334595
BCS6__Cow_28_3083,Cow_28,2,2026,V_single,4,second,23,3,1,4,4.0,173.9377670211239,0.13043478260869565,0.0020539830438792706,0.00020275769929867238,0.004221358336508274,0.016155630350112915,0.9773663282394409
BCS6__Cow_3_25,Cow_3,2,2026,V_single,4,first,23,2,0,4,,,,,,,,
BCS6__Cow_3_25,Cow_3,2,2026,V_single,4,second,23,20,1,4,4.0,173.52042940500343,0.8695652173913043,0.004732133354991674,0.0005951377679593861,0.008193964138627052,0.02556728757917881,0.9609114527702332
BCS6__Cow_47_68,Cow_47,2,2026,V_single,4,first,15,15,1,4,4.0,170.71022282165904,1.0,0.002759532770141959,0.00023994232469704002,0.004613537807017565,0.015503944829106331,0.976883053779602
BCS6__Cow_47_68,Cow_47,2,2026,V_single,4,second,16,16,1,4,4.0,171.90265154411452,1.0,0.0022293166257441044,0.00018567957158666104,0.003908195998519659,0.01385458093136549,0.9798222184181213
BCS6__Cow_9_1044,Cow_9,2,2026,V_single,4,first,23,19,1,4,4.0,167.41661613531923,0.8260869565217391,0.0030378696974366903,0.0005753996083512902,0.009614357724785805,0.0391690768301487,0.947603166103363
BCS6__Cow_9_1044,Cow_9,2,2026,V_single,4,second,23,17,1,4,4.0,167.85517199648052,0.7391304347826086,0.0022316083777695894,0.0003368434263393283,0.006559061352163553,0.027839455753564835,0.9630330204963684
BCS2__Cow_21_8029,Cow_21,0,2027,V_single,0,first,30,15,1,0,0.0,164.0653610753726,0.5,0.7960551381111145,0.020143825560808182,0.040289975702762604,0.07700666040182114,0.0665043517947197
BCS2__Cow_21_8029,Cow_21,0,2027,V_single,0,second,31,2,0,0,,,,,,,,
BCS3__Cow_16,Cow_16,0,2027,V_single,1,first,22,7,1,2,2.0,165.77273861474427,0.3181818181818182,0.0007067352416925132,0.020264413207769394,0.5310856699943542,0.4324009120464325,0.01554221473634243
BCS3__Cow_16,Cow_16,0,2027,V_single,1,second,22,13,1,2,2.0,163.54724035520573,0.5909090909090909,0.00048725487431511283,0.016180697828531265,0.530961811542511,0.4387538433074951,0.013616363517940044
BCS3__Cow_16_1004,Cow_16,0,2027,V_single,1,first,2,1,0,1,,,,,,,,
BCS3__Cow_16_1004,Cow_16,0,2027,V_single,1,second,2,2,0,1,,,,,,,,
BCS3__Cow_25_66,Cow_25,0,2027,V_single,1,first,2,2,0,2,,,,,,,,
BCS3__Cow_25_66,Cow_25,0,2027,V_single,1,second,3,1,0,2,,,,,,,,
BCS3__Cow_2_1015,Cow_2,0,2027,V_single,1,first,2,2,0,2,,,,,,,,
BCS3__Cow_2_1015,Cow_2,0,2027,V_single,1,second,3,2,0,2,,,,,,,,
BCS3__Cow_46,Cow_46,0,2027,V_single,1,first,30,16,1,1,1.0,166.20161861967796,0.5333333333333333,0.018392285332083702,0.8447221517562866,0.0852462649345398,0.05096973478794098,0.0006695107440464199
BCS3__Cow_46,Cow_46,0,2027,V_single,1,second,30,1,0,1,,,,,,,,
BCS3__Cow_46_1,Cow_46,0,2027,V_single,1,first,19,9,1,1,1.0,162.44824920426407,0.47368421052631576,0.03394321724772453,0.927327036857605,0.021959345787763596,0.01656847447156906,0.00020184993627481163
BCS3__Cow_46_1,Cow_46,0,2027,V_single,1,second,20,0,0,1,,,,,,,,
BCS3__Cow_46_2,Cow_46,0,2027,V_single,1,first,3,2,0,1,,,,,,,,
BCS3__Cow_46_2,Cow_46,0,2027,V_single,1,second,3,1,0,1,,,,,,,,
BCS3__Cow_53,Cow_53,0,2027,V_single,1,first,3,3,1,1,1.0,168.2141197338734,1.0,0.07961800694465637,0.8754369020462036,0.023507894948124886,0.02107015997171402,0.0003670639416668564
BCS3__Cow_53,Cow_53,0,2027,V_single,1,second,4,0,0,1,,,,,,,,
BCS4__Cow_15_68,Cow_15,0,2027,V_single,2,first,1,1,0,2,,,,,,,,
BCS4__Cow_15_68,Cow_15,0,2027,V_single,2,second,2,2,0,2,,,,,,,,
BCS4__Cow_17,Cow_17,0,2027,V_single,2,first,13,4,1,2,2.0,171.7298640420105,0.3076923076923077,0.00021798649686388671,0.007998820394277573,0.5100067853927612,0.4704928994178772,0.011283539235591888
BCS4__Cow_17,Cow_17,0,2027,V_single,2,second,13,6,1,2,2.0,172.66973605171208,0.46153846153846156,0.00019891549891326576,0.007732348516583443,0.5108046531677246,0.47039997577667236,0.010864075273275375
BCS4__Cow_19,Cow_19,0,2027,V_single,2,first,32,27,1,1,1.0,171.24997480800033,0.84375,0.023648425936698914,0.7425495982170105,0.14375130832195282,0.08663129806518555,0.0034193897154182196
BCS4__Cow_19,Cow_19,0,2027,V_single,2,second,33,30,1,1,1.0,169.91049239817312,0.9090909090909091,0.014074144884943962,0.4482065737247467,0.3392254412174225,0.18917541205883026,0.009318461641669273
BCS4__Cow_19_0037,Cow_19,0,2027,V_single,2,first,3,3,1,2,2.0,165.8417344296178,1.0,0.0002520885900594294,0.014024810865521431,0.5577232241630554,0.41916778683662415,0.008832056075334549
BCS4__Cow_19_0037,Cow_19,0,2027,V_single,2,second,3,2,0,2,,,,,,,,
BCS4__Cow_2,Cow_2,0,2027,V_single,2,first,7,5,1,3,3.0,174.4267503507631,0.7142857142857143,0.000429455132689327,0.00685171689838171,0.4521520733833313,0.5187517404556274,0.021814998239278793
BCS4__Cow_2,Cow_2,0,2027,V_single,2,second,8,8,1,3,3.0,172.83144698751408,1.0,0.0007145036361180246,0.0105900252237916,0.47320428490638733,0.4929421842098236,0.022548960521817207
BCS4__Cow_23,Cow_23,0,2027,V_single,2,first,21,10,1,2,2.0,169.2197307476981,0.47619047619047616,0.0030841513071209192,0.10350434482097626,0.5615650415420532,0.3180104196071625,0.01383611187338829
BCS4__Cow_23,Cow_23,0,2027,V_single,2,second,21,8,1,2,2.0,169.55395232177875,0.38095238095238093,0.003266366431489587,0.11386529356241226,0.5608577728271484,0.30929937958717346,0.01271124742925167
BCS4__Cow_31,Cow_31,0,2027,V_single,2,first,6,6,1,0,0.0,169.24219404261424,1.0,0.9176355004310608,0.0762602835893631,0.0016381045570597053,0.004208523314446211,0.0002576442784629762
BCS4__Cow_31,Cow_31,0,2027,V_single,2,second,7,6,1,0,0.0,169.1895308412586,0.8571428571428571,0.9633945822715759,0.0335465706884861,0.0007239160477183759,0.002183598233386874,0.00015140676987357438
BCS4__Cow_32_0035,Cow_32,0,2027,V_single,2,first,4,4,1,1,1.0,161.37090607601982,1.0,0.007844381034374237,0.5463771820068359,0.2966597080230713,0.14680072665214539,0.0023179787676781416
BCS4__Cow_32_0035,Cow_32,0,2027,V_single,2,second,4,4,1,1,1.0,168.98920759259374,1.0,0.005496990401297808,0.5569090843200684,0.29978904128074646,0.13602995872497559,0.0017749079270288348
BCS4__Cow_44_1,Cow_44,0,2027,V_single,2,first,23,7,1,2,3.0,170.64047862721952,0.30434782608695654,0.00015729715232737362,0.005164648871868849,0.49129265546798706,0.492706835269928,0.010678485035896301
BCS4__Cow_44_1,Cow_44,0,2027,V_single,2,second,23,15,1,2,2.0,169.04432685258152,0.6521739130434783,0.0006735245115123689,0.017430376261472702,0.5475122928619385,0.42287132143974304,0.011512425728142262
BCS4__Cow_51,Cow_51,0,2027,V_single,2,first,2,2,0,1,,,,,,,,
BCS4__Cow_51,Cow_51,0,2027,V_single,2,second,2,2,0,1,,,,,,,,
BCS4__Cow_51_0035,Cow_51,0,2027,V_single,2,first,2,2,0,2,,,,,,,,
BCS4__Cow_51_0035,Cow_51,0,2027,V_single,2,second,3,2,0,2,,,,,,,,
BCS4__Cow_7,Cow_7,0,2027,V_single,2,first,9,6,1,1,1.0,172.4528014098345,0.6666666666666666,0.030000312253832817,0.9117316007614136,0.03411984071135521,0.023735884577035904,0.0004123967082705349
BCS4__Cow_7,Cow_7,0,2027,V_single,2,second,9,9,1,1,1.0,171.64724716991688,1.0,0.030982032418251038,0.8951219916343689,0.04338373988866806,0.029970739036798477,0.0005414715851657093
BCS5__Cow_15,Cow_15,0,2027,V_single,3,first,14,13,1,2,2.0,170.03247497541147,0.9285714285714286,0.005365693010389805,0.14928244054317474,0.5312882661819458,0.2992355227470398,0.014828115701675415
BCS5__Cow_15,Cow_15,0,2027,V_single,3,second,15,12,1,2,2.0,169.04112874262378,0.8,0.006147220730781555,0.1569332778453827,0.5225800275802612,0.29890695214271545,0.01543249748647213
BCS5__Cow_17_17,Cow_17,0,2027,V_single,3,first,4,3,1,3,3.0,167.7666642351508,0.75,0.00023232617240864784,0.002577891107648611,0.3681691288948059,0.5901916027069092,0.038829024881124496
BCS5__Cow_17_17,Cow_17,0,2027,V_single,3,second,4,3,1,3,3.0,172.05257321065835,0.75,0.00026642277953214943,0.0020982350688427687,0.3453720510005951,0.6011561751365662,0.05110707879066467
BCS5__Cow_21,Cow_21,0,2027,V_single,3,first,13,9,1,2,2.0,171.32780419866927,0.6923076923076923,0.0001831559929996729,0.009131040424108505,0.5275091528892517,0.4535585939884186,0.009618098847568035
BCS5__Cow_21,Cow_21,0,2027,V_single,3,second,13,9,1,2,2.0,170.68283480431631,0.6923076923076923,0.0003093999403063208,0.012976170517504215,0.5344665050506592,0.44102203845977783,0.011225875467061996
BCS5__Cow_23_1067,Cow_23,0,2027,V_single,3,first,2,2,0,3,,,,,,,,
BCS5__Cow_23_1067,Cow_23,0,2027,V_single,3,second,3,3,1,3,3.0,170.52493351953348,1.0,0.00011527120659593493,0.0013627881417050958,0.353556364774704,0.6120105385780334,0.032955020666122437
BCS5__Cow_25,Cow_25,0,2027,V_single,3,first,33,11,1,2,2.0,168.21915999669343,0.3333333333333333,0.008776764385402203,0.35992997884750366,0.41417306661605835,0.20841099321842194,0.008709290064871311
BCS5__Cow_25,Cow_25,0,2027,V_single,3,second,33,18,1,2,2.0,167.78498670253768,0.5454545454545454,0.009019283577799797,0.3459382653236389,0.420897513628006,0.21470986306667328,0.009435035288333893
BCS5__Cow_31_15,Cow_31,0,2027,V_single,3,first,2,2,0,3,,,,,,,,
BCS5__Cow_31_15,Cow_31,0,2027,V_single,3,second,2,1,0,3,,,,,,,,
BCS5__Cow_31_2024,Cow_31,0,2027,V_single,3,first,2,2,0,2,,,,,,,,
BCS5__Cow_31_2024,Cow_31,0,2027,V_single,3,second,3,3,1,2,2.0,169.94558330610357,1.0,0.00011639242438832298,0.008797666989266872,0.561244547367096,0.42389392852783203,0.005947442725300789
BCS5__Cow_32,Cow_32,0,2027,V_single,3,first,7,3,1,3,3.0,172.47895182836993,0.42857142857142855,0.05547129362821579,0.02091502584517002,0.3600941598415375,0.4618630111217499,0.1016564816236496
BCS5__Cow_32,Cow_32,0,2027,V_single,3,second,8,2,0,3,,,,,,,,
BCS5__Cow_44_3008,Cow_44,0,2027,V_single,3,first,5,2,0,3,,,,,,,,
BCS5__Cow_44_3008,Cow_44,0,2027,V_single,3,second,5,1,0,3,,,,,,,,
BCS5__Cow_45,Cow_45,0,2027,V_single,3,first,12,11,1,2,3.0,169.75955555667923,0.9166666666666666,0.0001863203797256574,0.005352430045604706,0.4846051335334778,0.49784785509109497,0.012008215300738811
BCS5__Cow_45,Cow_45,0,2027,V_single,3,second,13,13,1,2,2.0,170.28695525445863,1.0,0.000246414914727211,0.007255163509398699,0.5101953744888306,0.471526563167572,0.010776467621326447
BCS5__Cow_53_30,Cow_53,0,2027,V_single,3,first,6,0,0,3,,,,,,,,
BCS5__Cow_53_30,Cow_53,0,2027,V_single,3,second,7,4,1,3,3.0,170.97664565595858,0.5714285714285714,0.0003222567029297352,0.003123694797977805,0.37011849880218506,0.5841482281684875,0.042287275195121765
BCS5__Cow_7_6022,Cow_7,0,2027,V_single,3,first,2,1,0,2,,,,,,,,
BCS5__Cow_7_6022,Cow_7,0,2027,V_single,3,second,2,2,0,2,,,,,,,,
BCS6__Cow_16_06,Cow_16,0,2027,V_single,4,first,38,28,1,4,4.0,172.85413511564454,0.7368421052631579,0.0011196809355169535,8.898734449758194e-06,0.007174758706241846,0.03657487407326698,0.9551217555999756
BCS6__Cow_16_06,Cow_16,0,2027,V_single,4,second,38,34,1,4,4.0,172.7047234430375,0.8947368421052632,0.000921043916605413,9.479542313783895e-06,0.008667686022818089,0.04436154291033745,0.9460402727127075
BCS6__Cow_19_29,Cow_19,0,2027,V_single,4,first,30,26,1,4,4.0,171.93427721120312,0.8666666666666667,0.0006582711939699948,5.946204510109965e-06,0.00767731387168169,0.0415920689702034,0.950066328048706
BCS6__Cow_19_29,Cow_19,0,2027,V_single,4,second,31,26,1,4,4.0,173.26976138784778,0.8387096774193549,0.0007544672698713839,5.565973424381809e-06,0.006325609982013702,0.0343879759311676,0.9585263729095459
BCS6__Cow_2_6006,Cow_2,0,2027,V_single,4,first,15,15,1,4,4.0,172.7417965819457,1.0,0.0010329963406547904,2.3337079255725257e-06,0.0022070244885981083,0.012762751430273056,0.9839949607849121
BCS6__Cow_2_6006,Cow_2,0,2027,V_single,4,second,16,16,1,4,4.0,171.70556108359614,1.0,0.0011746129021048546,2.0532211237878073e-06,0.0017878299113363028,0.010339605621993542,0.9866958856582642
BCS6__Cow_32_34,Cow_32,0,2027,V_single,4,first,30,4,1,4,4.0,174.5194799413863,0.13333333333333333,0.0018988578813150525,5.901711119804531e-06,0.0031062131747603416,0.01583840698003769,0.9791505336761475
BCS6__Cow_32_34,Cow_32,0,2027,V_single,4,second,31,3,1,4,4.0,173.50613798901162,0.0967741935483871,0.0016246889717876911,5.201962721912423e-06,0.002996153198182583,0.01567135378718376,0.9797026515007019
BCS6__Cow_36,Cow_36,0,2027,V_single,4,first,22,18,1,3,3.0,171.97030707515705,0.8181818181818182,0.023110460489988327,0.007582205813378096,0.32543760538101196,0.4505256712436676,0.19334398210048676
BCS6__Cow_36,Cow_36,0,2027,V_single,4,second,23,19,1,3,3.0,172.6305618731255,0.8260869565217391,0.013295934535562992,0.005497544538229704,0.31284183263778687,0.4663214385509491,0.20204319059848785
BCS6__Cow_36_1,Cow_36,0,2027,V_single,4,first,25,25,1,4,4.0,172.04149234605404,1.0,0.05348754674196243,0.0003132196725346148,0.03822343796491623,0.09487949311733246,0.813096284866333
BCS6__Cow_36_1,Cow_36,0,2027,V_single,4,second,25,21,1,4,4.0,172.4849707664876,0.84,0.01907340995967388,0.0002356861950829625,0.04439953342080116,0.11505496501922607,0.8212364315986633
BCS6__Cow_45_9025,Cow_45,0,2027,V_single,4,first,23,23,1,4,4.0,167.66243736780427,1.0,0.0008466258295811713,6.012843641656218e-06,0.006367828696966171,0.034555524587631226,0.9582239985466003
BCS6__Cow_45_9025,Cow_45,0,2027,V_single,4,second,23,8,1,4,4.0,171.78827310706663,0.34782608695652173,0.0005578288109973073,2.3286711439141072e-06,0.0038217054679989815,0.023155424743890762,0.9724626541137695
BCS6__Cow_52_29,Cow_52,0,2027,V_single,4,first,30,24,1,4,4.0,173.87935522312824,0.8,0.0010223331628367305,8.299695764435455e-06,0.007244376465678215,0.03760252147912979,0.9541225433349609
BCS6__Cow_52_29,Cow_52,0,2027,V_single,4,second,31,31,1,4,4.0,172.58243313145888,1.0,0.0010511429281905293,7.132446626201272e-06,0.006135280709713697,0.032160282135009766,0.9606461524963379
BCS6__Cow_7_9008,Cow_7,0,2027,V_single,4,first,30,13,1,4,4.0,168.7758933629712,0.43333333333333335,0.0005455822101794183,1.1933419955312274e-05,0.01647719368338585,0.08440601080656052,0.8985592722892761
BCS6__Cow_7_9008,Cow_7,0,2027,V_single,4,second,31,6,1,4,4.0,169.86008953251417,0.1935483870967742,0.000903868000023067,1.0107719390362035e-05,0.009438425302505493,0.047813914716243744,0.9418337345123291
BCS2__Cow_11,Cow_11,1,2027,V_single,0,first,252,34,1,2,1.0,172.5556313138602,0.1349206349206349,0.0027519487775862217,0.4168699383735657,0.3212534785270691,0.250798761844635,0.008325883187353611
BCS2__Cow_11,Cow_11,1,2027,V_single,0,second,252,42,1,2,1.0,172.6013977091373,0.16666666666666666,0.0025519339833408594,0.39322030544281006,0.33430275321006775,0.26119276881217957,0.008732236921787262
BCS2__Cow_11_1,Cow_11,1,2027,V_single,0,first,26,0,0,2,,,,,,,,
BCS2__Cow_11_1,Cow_11,1,2027,V_single,0,second,26,6,1,2,2.0,170.79467556249435,0.23076923076923078,0.0017786972457543015,0.22411514818668365,0.41140347719192505,0.3465568423271179,0.016145864501595497
BCS2__Cow_11_2,Cow_11,1,2027,V_single,0,first,24,21,1,2,4.0,169.12516074311785,0.875,0.10051542520523071,0.019134800881147385,0.019576160237193108,0.018467184156179428,0.8423063158988953
BCS2__Cow_11_2,Cow_11,1,2027,V_single,0,second,25,19,1,2,2.0,171.19605184432032,0.76,0.003668982069939375,0.19095830619335175,0.397403359413147,0.3752186894416809,0.0327506847679615
BCS3__Cow_14,Cow_14,1,2027,V_single,1,first,8,3,1,3,3.0,162.50616462144322,0.375,0.0003473100659903139,0.05668681114912033,0.403574675321579,0.4602188467979431,0.0791722983121872
BCS3__Cow_14,Cow_14,1,2027,V_single,1,second,9,1,0,3,,,,,,,,
BCS3__Cow_14_0011,Cow_14,1,2027,V_single,1,first,3,2,0,2,,,,,,,,
BCS3__Cow_14_0011,Cow_14,1,2027,V_single,1,second,4,2,0,2,,,,,,,,
BCS3__Cow_6_103,Cow_6,1,2027,V_single,1,first,2,1,0,2,,,,,,,,
BCS3__Cow_6_103,Cow_6,1,2027,V_single,1,second,3,3,1,2,2.0,161.55790750344187,1.0,0.003682174254208803,0.2552608549594879,0.3879625201225281,0.3329066336154938,0.020187759771943092
BCS4__Cow_1,Cow_1,1,2027,V_single,2,first,9,4,1,3,3.0,173.04281162398252,0.4444444444444444,0.0019495022716000676,0.12624438107013702,0.4046223759651184,0.41857534646987915,0.048608407378196716
BCS4__Cow_1,Cow_1,1,2027,V_single,2,second,10,5,1,3,3.0,174.1472652819167,0.5,0.001633529202081263,0.11325818300247192,0.4046080410480499,0.428730845451355,0.05176929011940956
BCS4__Cow_26,Cow_26,1,2027,V_single,2,first,7,3,1,3,3.0,170.32351963776654,0.42857142857142855,0.001664896379224956,0.10436717420816422,0.39801841974258423,0.43288347125053406,0.0630660355091095
BCS4__Cow_26,Cow_26,1,2027,V_single,2,second,8,4,1,3,3.0,169.86020482669838,0.5,0.0016298119444400072,0.10394638776779175,0.3988097012042999,0.4331407845020294,0.06247328594326973
BCS4__Cow_26_5051,Cow_26,1,2027,V_single,2,first,6,2,0,3,,,,,,,,
BCS4__Cow_26_5051,Cow_26,1,2027,V_single,2,second,6,3,1,3,3.0,166.41648456959476,0.5,0.00021092573297210038,0.07108420133590698,0.421522319316864,0.47495442628860474,0.03222813084721565
BCS4__Cow_27_9008,Cow_27,1,2027,V_single,2,first,3,2,0,3,,,,,,,,
BCS4__Cow_27_9008,Cow_27,1,2027,V_single,2,second,4,2,0,3,,,,,,,,
BCS4__Cow_29_7007,Cow_29,1,2027,V_single,2,first,2,2,0,1,,,,,,,,
BCS4__Cow_29_7007,Cow_29,1,2027,V_single,2,second,3,2,0,1,,,,,,,,
BCS4__Cow_33,Cow_33,1,2027,V_single,2,first,52,16,1,3,3.0,169.794811507377,0.3076923076923077,0.0013037807075306773,0.09020861238241196,0.4009675979614258,0.4367412030696869,0.07077880203723907
BCS4__Cow_33,Cow_33,1,2027,V_single,2,second,53,5,1,3,3.0,169.01401861688544,0.09433962264150944,0.001237795571796596,0.08889008313417435,0.4017888605594635,0.43834245204925537,0.06974079459905624
BCS4__Cow_4,Cow_4,1,2027,V_single,2,first,2,2,0,3,,,,,,,,
BCS4__Cow_4,Cow_4,1,2027,V_single,2,second,2,2,0,3,,,,,,,,
BCS4__Cow_41,Cow_41,1,2027,V_single,2,first,30,3,1,3,3.0,173.58252888296627,0.1,0.0010940447682514787,0.10556536167860031,0.4105987846851349,0.44193124771118164,0.04081057384610176
BCS4__Cow_41,Cow_41,1,2027,V_single,2,second,31,0,0,3,,,,,,,,
BCS4__Cow_48,Cow_48,1,2027,V_single,2,first,6,0,0,3,,,,,,,,
BCS4__Cow_48,Cow_48,1,2027,V_single,2,second,7,3,1,3,3.0,170.07276567517712,0.42857142857142855,0.001955427462235093,0.11373762041330338,0.39798304438591003,0.4290706217288971,0.05725330114364624
BCS4__Cow_4_1,Cow_4,1,2027,V_single,2,first,19,19,1,3,3.0,167.79957045946657,1.0,0.0015354534843936563,0.09818705916404724,0.398822158575058,0.43334805965423584,0.06810732930898666
BCS4__Cow_4_1,Cow_4,1,2027,V_single,2,second,20,20,1,3,3.0,162.49650676010418,1.0,0.0016977674094960093,0.10228269547224045,0.3978695869445801,0.43197160959243774,0.06617829948663712
BCS4__Cow_6,Cow_6,1,2027,V_single,2,first,21,3,1,3,3.0,169.33535424534642,0.14285714285714285,0.001261989469639957,0.14124786853790283,0.41095292568206787,0.4157801866531372,0.030757077038288116
BCS4__Cow_6,Cow_6,1,2027,V_single,2,second,21,4,1,3,3.0,168.0633817100955,0.19047619047619047,0.0011446335120126605,0.12718814611434937,0.41230258345603943,0.4260367751121521,0.03332783654332161
BCS5__Cow_12_NOTAG,Cow_12,1,2027,V_single,3,first,2,2,0,3,,,,,,,,
BCS5__Cow_12_NOTAG,Cow_12,1,2027,V_single,3,second,2,1,0,3,,,,,,,,
BCS5__Cow_13,Cow_13,1,2027,V_single,3,first,11,9,1,3,3.0,172.19697143162998,0.8181818181818182,0.0019391542300581932,0.10794440656900406,0.3961069583892822,0.4274347424507141,0.06657470017671585
BCS5__Cow_13,Cow_13,1,2027,V_single,3,second,12,11,1,3,3.0,173.49780915168796,0.9166666666666666,0.002650204813107848,0.1199253499507904,0.39140570163726807,0.41789329051971436,0.06812538206577301
BCS5__Cow_13_8001,Cow_13,1,2027,V_single,3,first,2,1,0,3,,,,,,,,
BCS5__Cow_13_8001,Cow_13,1,2027,V_single,3,second,2,2,0,3,,,,,,,,
BCS5__Cow_1_27,Cow_1,1,2027,V_single,3,first,2,1,0,3,,,,,,,,
BCS5__Cow_1_27,Cow_1,1,2027,V_single,3,second,2,2,0,3,,,,,,,,
BCS5__Cow_27,Cow_27,1,2027,V_single,3,first,21,11,1,3,3.0,168.83613076599408,0.5238095238095238,0.00026086330763064325,0.05806872621178627,0.41392025351524353,0.4720897972583771,0.05566035583615303
BCS5__Cow_27,Cow_27,1,2027,V_single,3,second,21,10,1,3,3.0,169.79075233536037,0.47619047619047616,0.00026118263485841453,0.061890859156847,0.4168608784675598,0.47238418459892273,0.048602938652038574
BCS5__Cow_29,Cow_29,1,2027,V_single,3,first,15,12,1,3,3.0,170.6798081627203,0.8,0.0010419744066894054,0.09006285667419434,0.4057849645614624,0.4424189329147339,0.060691241174936295
BCS5__Cow_29,Cow_29,1,2027,V_single,3,second,15,13,1,3,3.0,171.21781445127687,0.8666666666666667,0.0010917477775365114,0.09488040953874588,0.40703117847442627,0.4422677755355835,0.05472893267869949
BCS5__Cow_37,Cow_37,1,2027,V_single,3,first,14,13,1,3,3.0,171.7284788800338,0.9285714285714286,0.001247073640115559,0.09024311602115631,0.40204569697380066,0.43611496686935425,0.07034917920827866
BCS5__Cow_37,Cow_37,1,2027,V_single,3,second,14,13,1,3,3.0,171.82204303655806,0.9285714285714286,0.0014087450690567493,0.09927389770746231,0.4029918313026428,0.4356772303581238,0.06064826622605324
BCS5__Cow_37_and_38,Cow_37,1,2027,V_single,3,first,12,3,1,3,3.0,170.93735033593998,0.25,0.0014265197096392512,0.08857148140668869,0.39633244276046753,0.43173161149024963,0.08193796128034592
BCS5__Cow_37_and_38,Cow_37,1,2027,V_single,3,second,12,0,0,3,,,,,,,,
BCS5__Cow_43,Cow_43,1,2027,V_single,3,first,19,18,1,3,3.0,170.47077476416072,0.9473684210526315,0.00017992487119045109,0.04722864180803299,0.41194531321525574,0.4741364121437073,0.06650970131158829
BCS5__Cow_43,Cow_43,1,2027,V_single,3,second,19,19,1,3,3.0,168.14633581369202,1.0,0.0002742704236879945,0.05522644519805908,0.41111695766448975,0.4667965769767761,0.06658576428890228
BCS5__Cow_48_1018,Cow_48,1,2027,V_single,3,first,1,1,0,3,,,,,,,,
BCS5__Cow_48_1018,Cow_48,1,2027,V_single,3,second,2,2,0,3,,,,,,,,
BCS5__Cow_54,Cow_54,1,2027,V_single,3,first,3,3,1,3,3.0,170.27827530308326,1.0,0.0013304020976647735,0.09690990298986435,0.4026007354259491,0.43683093786239624,0.06232794001698494
BCS5__Cow_54,Cow_54,1,2027,V_single,3,second,4,3,1,3,3.0,170.27605091057677,0.75,0.00119365518912673,0.10137920826673508,0.407559335231781,0.44058629870414734,0.04928154870867729
BCS5__Cow_6_5051,Cow_6,1,2027,V_single,3,first,2,2,0,3,,,,,,,,
BCS5__Cow_6_5051,Cow_6,1,2027,V_single,3,second,3,1,0,3,,,,,,,,
BCS6__Cow_11_07,Cow_11,1,2027,V_single,4,first,20,12,1,3,4.0,172.86655597325085,0.6,0.0012132333358749747,0.0024475345853716135,0.01135124173015356,0.00904435757547617,0.9759436845779419
BCS6__Cow_11_07,Cow_11,1,2027,V_single,4,second,21,15,1,3,4.0,172.87282894786617,0.7142857142857143,0.0013395278947427869,0.0021532196551561356,0.009440530091524124,0.007269615773111582,0.9797971844673157
BCS6__Cow_12_2014,Cow_12,1,2027,V_single,4,first,24,19,1,3,4.0,172.3808842485783,0.7916666666666666,0.008995190262794495,0.0019263217691332102,0.004243031609803438,0.0031964753288775682,0.9816389083862305
BCS6__Cow_12_2014,Cow_12,1,2027,V_single,4,second,25,20,1,3,4.0,173.46500543816205,0.8,0.026859046891331673,0.0038811645936220884,0.006436621304601431,0.005281818099319935,0.9575413465499878
BCS6__Cow_13_66,Cow_13,1,2027,V_single,4,first,23,5,1,4,4.0,172.0171087398665,0.21739130434782608,0.0007834003190509975,0.0024125550407916307,0.012532410211861134,0.010293190367519855,0.9739785194396973
BCS6__Cow_13_66,Cow_13,1,2027,V_single,4,second,23,15,1,4,4.0,169.6996595059602,0.6521739130434783,0.0005122777656652033,0.0013188980519771576,0.007574610412120819,0.006007224787026644,0.9845869541168213
BCS6__Cow_26_6,Cow_26,1,2027,V_single,4,first,30,1,0,4,,,,,,,,
BCS6__Cow_26_6,Cow_26,1,2027,V_single,4,second,31,8,1,4,4.0,172.82806196978373,0.25806451612903225,0.000334089039824903,0.0017536794766783714,0.012821124866604805,0.011090908199548721,0.9740003347396851
BCS6__Cow_29_NOTAG,Cow_29,1,2027,V_single,4,first,23,16,1,4,4.0,169.1091775327788,0.6956521739130435,0.0006564431241713464,0.002078584861010313,0.011976605281233788,0.009836488403379917,0.9754519462585449
BCS6__Cow_29_NOTAG,Cow_29,1,2027,V_single,4,second,23,18,1,4,4.0,170.85017686852498,0.782608695652174,0.0012320477981120348,0.0024276196490973234,0.011087785474956036,0.008816193789243698,0.9764362573623657
BCS6__Cow_35,Cow_35,1,2027,V_single,4,first,22,14,1,3,4.0,172.93680770114165,0.6363636363636364,0.0027951255906373262,0.004937509540468454,0.018324624747037888,0.014812909997999668,0.9591299295425415
BCS6__Cow_35,Cow_35,1,2027,V_single,4,second,23,10,1,3,3.0,173.128046766217,0.43478260869565216,0.0009846255416050553,0.08149272203445435,0.40368565917015076,0.44387176632881165,0.06996528804302216
BCS6__Cow_4_103,Cow_4,1,2027,V_single,4,first,30,22,1,4,4.0,170.59748584169137,0.7333333333333333,0.0014032289618626237,0.0027536568231880665,0.011966302990913391,0.009657412767410278,0.9742193222045898
BCS6__Cow_4_103,Cow_4,1,2027,V_single,4,second,31,25,1,4,4.0,173.1729468654868,0.8064516129032258,0.003479121020063758,0.0039839232340455055,0.012802950106561184,0.00983524415642023,0.9698987603187561
BCS2__Cow_5_1,Cow_5,2,2027,V_single,0,first,23,8,1,4,4.0,171.41654572431042,0.34782608695652173,0.02650531195104122,0.06885377317667007,0.1926095187664032,0.3401763439178467,0.37185510993003845
BCS2__Cow_5_1,Cow_5,2,2027,V_single,0,second,23,2,0,4,,,,,,,,
BCS3__Cow_20_0029,Cow_20,2,2027,V_single,1,first,2,2,0,3,,,,,,,,
BCS3__Cow_20_0029,Cow_20,2,2027,V_single,1,second,2,2,0,3,,,,,,,,
BCS3__Cow_22,Cow_22,2,2027,V_single,1,first,39,10,1,1,1.0,169.71626312395244,0.2564102564102564,0.3490113615989685,0.5861952900886536,0.04928302764892578,0.013105969876050949,0.0024043347220867872
BCS3__Cow_22,Cow_22,2,2027,V_single,1,second,40,10,1,1,1.0,172.8720273076455,0.25,0.3839552104473114,0.5503626465797424,0.05000503733754158,0.013100814074277878,0.0025762305594980717
BCS3__Cow_22_1,Cow_22,2,2027,V_single,1,first,3,2,0,1,,,,,,,,
BCS3__Cow_22_1,Cow_22,2,2027,V_single,1,second,4,4,1,1,1.0,171.09428579453942,1.0,0.40527355670928955,0.558422863483429,0.02962314337491989,0.005831095855683088,0.0008492771885357797
BCS4__Cow_10,Cow_10,2,2027,V_single,2,first,36,9,1,3,3.0,172.21630985676052,0.25,0.011926190927624702,0.12459126859903336,0.22496189177036285,0.5009354948997498,0.1375851184129715
BCS4__Cow_10,Cow_10,2,2027,V_single,2,second,36,32,1,3,3.0,167.3531618530045,0.8888888888888888,0.01018030196428299,0.11712375283241272,0.2201777547597885,0.5160863399505615,0.13643181324005127
BCS4__Cow_10_2038,Cow_10,2,2027,V_single,2,first,2,2,0,1,,,,,,,,
BCS4__Cow_10_2038,Cow_10,2,2027,V_single,2,second,2,2,0,1,,,,,,,,
BCS4__Cow_22_6005,Cow_22,2,2027,V_single,2,first,2,2,0,3,,,,,,,,
BCS4__Cow_22_6005,Cow_22,2,2027,V_single,2,second,3,2,0,3,,,,,,,,
BCS4__Cow_30,Cow_30,2,2027,V_single,2,first,7,4,1,3,3.0,170.3642225349182,0.5714285714285714,0.008165499195456505,0.19062405824661255,0.23124659061431885,0.49732738733291626,0.07263638079166412
BCS4__Cow_30,Cow_30,2,2027,V_single,2,second,7,0,0,3,,,,,,,,
BCS4__Cow_42,Cow_42,2,2027,V_single,2,first,13,6,1,3,3.0,170.1643043577007,0.46153846153846156,0.010652379132807255,0.05388505384325981,0.18144945800304413,0.4588353633880615,0.29517775774002075
BCS4__Cow_42,Cow_42,2,2027,V_single,2,second,14,5,1,3,3.0,168.7018330479923,0.35714285714285715,0.013292376883327961,0.07084968686103821,0.2005281299352646,0.45866596698760986,0.25666388869285583
BCS4__Cow_47_1,Cow_47,2,2027,V_single,2,first,3,3,1,3,1.0,165.6616691349082,1.0,0.007859334349632263,0.5164960026741028,0.18399280309677124,0.2724611163139343,0.019190803170204163
BCS4__Cow_47_1,Cow_47,2,2027,V_single,2,second,4,4,1,3,3.0,167.72901295451248,1.0,0.006104494910687208,0.27552321553230286,0.2228250801563263,0.45352813601493835,0.042019035667181015
BCS4__Cow_49,Cow_49,2,2027,V_single,2,first,4,3,1,1,1.0,160.51190280932127,0.75,0.0060792225413024426,0.4485050141811371,0.1955980658531189,0.3277718424797058,0.02204582467675209
BCS4__Cow_49,Cow_49,2,2027,V_single,2,second,5,4,1,1,3.0,171.35377573323314,0.8,0.006395313423126936,0.23336955904960632,0.22606629133224487,0.4823441505432129,0.05182470381259918
BCS4__Cow_55,Cow_55,2,2027,V_single,2,first,2,2,0,3,,,,,,,,
BCS4__Cow_55,Cow_55,2,2027,V_single,2,second,3,2,0,3,,,,,,,,
BCS4__Cow_8,Cow_8,2,2027,V_single,2,first,19,16,1,3,3.0,169.33989342131102,0.8421052631578947,0.009568434208631516,0.10582330077886581,0.2165515422821045,0.521385133266449,0.14667154848575592
BCS4__Cow_8,Cow_8,2,2027,V_single,2,second,20,10,1,3,3.0,170.37019965622022,0.5,0.008949462324380875,0.10600022971630096,0.21545018255710602,0.5275385975837708,0.1420615017414093
BCS4__Cow_9,Cow_9,2,2027,V_single,2,first,13,10,1,3,3.0,165.60707693826612,0.7692307692307693,0.00698882108554244,0.2723207473754883,0.22454434633255005,0.4500892162322998,0.04605691134929657
BCS4__Cow_9,Cow_9,2,2027,V_single,2,second,13,9,1,3,3.0,163.28626852803404,0.6923076923076923,0.006293550133705139,0.2809000015258789,0.2224142700433731,0.44844645261764526,0.04194571450352669
BCS5__Cow_10_0029,Cow_10,2,2027,V_single,3,first,3,2,0,4,,,,,,,,
BCS5__Cow_10_0029,Cow_10,2,2027,V_single,3,second,4,3,1,4,3.0,171.90375742110592,0.75,0.01215049996972084,0.05482716113328934,0.1788378357887268,0.4463789165019989,0.3078056275844574
BCS5__Cow_24,Cow_24,2,2027,V_single,3,first,12,6,1,3,3.0,171.30001837958278,0.5,0.012229282408952713,0.1418708860874176,0.22921079397201538,0.4941306412220001,0.12255837768316269
BCS5__Cow_24,Cow_24,2,2027,V_single,3,second,13,6,1,3,3.0,171.616904682423,0.46153846153846156,0.01075807586312294,0.15685461461544037,0.2306358963251114,0.498094767332077,0.10365667194128036
BCS5__Cow_24_7022,Cow_24,2,2027,V_single,3,first,2,2,0,3,,,,,,,,
BCS5__Cow_24_7022,Cow_24,2,2027,V_single,3,second,2,1,0,3,,,,,,,,
BCS5__Cow_28,Cow_28,2,2027,V_single,3,first,15,14,1,3,3.0,170.49482846285264,0.9333333333333333,0.007401932962238789,0.11738335341215134,0.21902413666248322,0.5411787033081055,0.11501190066337585
BCS5__Cow_28,Cow_28,2,2027,V_single,3,second,15,14,1,3,3.0,169.84204428054258,0.9333333333333333,0.007334278896450996,0.12357781827449799,0.22089557349681854,0.5396466851234436,0.10854558646678925
BCS5__Cow_28_4024,Cow_28,2,2027,V_single,3,first,3,2,0,1,,,,,,,,
BCS5__Cow_28_4024,Cow_28,2,2027,V_single,3,second,3,1,0,1,,,,,,,,
BCS5__Cow_3,Cow_3,2,2027,V_single,3,first,9,7,1,0,0.0,170.79992864517618,0.7777777777777778,0.9492937326431274,0.04041862487792969,0.008213501423597336,0.0012658232590183616,0.000808357261121273
BCS5__Cow_3,Cow_3,2,2027,V_single,3,second,10,3,1,0,0.0,172.37723937450326,0.3,0.9519481658935547,0.03871634230017662,0.007512102369219065,0.0011108695762231946,0.0007125822594389319
BCS5__Cow_30_30,Cow_30,2,2027,V_single,3,first,3,2,0,3,,,,,,,,
BCS5__Cow_30_30,Cow_30,2,2027,V_single,3,second,4,4,1,3,3.0,172.5049835085633,1.0,0.013600748963654041,0.08312768489122391,0.20614339411258698,0.4685976803302765,0.22853052616119385
BCS5__Cow_34,Cow_34,2,2027,V_single,3,first,20,7,1,1,1.0,171.20187503860788,0.35,0.12028085440397263,0.29078274965286255,0.24980288743972778,0.2183670848608017,0.12076640874147415
BCS5__Cow_34,Cow_34,2,2027,V_single,3,second,20,2,0,1,,,,,,,,
BCS5__Cow_34_1,Cow_34,2,2027,V_single,3,first,9,4,1,3,3.0,164.49300765045263,0.4444444444444444,0.02261384204030037,0.14794808626174927,0.24585828185081482,0.42359459400177,0.1599852293729782
BCS5__Cow_34_1,Cow_34,2,2027,V_single,3,second,9,0,0,3,,,,,,,,
BCS5__Cow_50,Cow_50,2,2027,V_single,3,first,19,19,1,1,1.0,173.00417166918672,1.0,0.020287897437810898,0.41294559836387634,0.2192162275314331,0.30351418256759644,0.04403612017631531
BCS5__Cow_50,Cow_50,2,2027,V_single,3,second,20,20,1,1,1.0,173.47441765066134,1.0,0.021887555718421936,0.4107905328273773,0.22048319876194,0.3010734021663666,0.04576528072357178
BCS5__Cow_50_49,Cow_50,2,2027,V_single,3,first,1,1,0,3,,,,,,,,
BCS5__Cow_50_49,Cow_50,2,2027,V_single,3,second,2,2,0,3,,,,,,,,
BCS5__Cow_8_NOTAG,Cow_8,2,2027,V_single,3,first,3,2,0,4,,,,,,,,
BCS5__Cow_8_NOTAG,Cow_8,2,2027,V_single,3,second,4,2,0,4,,,,,,,,
BCS6__Cow_18,Cow_18,2,2027,V_single,4,first,23,14,1,4,3.0,168.67690559642762,0.6086956521739131,0.028720129281282425,0.08646510541439056,0.2098638415336609,0.35183000564575195,0.32312095165252686
BCS6__Cow_18,Cow_18,2,2027,V_single,4,second,23,19,1,4,4.0,171.81580331821024,0.8260869565217391,0.024490488693118095,0.05664735659956932,0.17870420217514038,0.325651615858078,0.41450634598731995
BCS6__Cow_18_32,Cow_18,2,2027,V_single,4,first,28,22,1,4,4.0,172.5739879869971,0.7857142857142857,0.008943733759224415,0.004396180622279644,0.04423778876662254,0.09241154044866562,0.8500108122825623
BCS6__Cow_18_32,Cow_18,2,2027,V_single,4,second,29,24,1,4,4.0,173.69566006487963,0.8275862068965517,0.01007800456136465,0.004025759641081095,0.04061335325241089,0.07964730262756348,0.8656355738639832
BCS6__Cow_24_08,Cow_24,2,2027,V_single,4,first,15,6,1,4,4.0,173.43962274306995,0.4,0.028677793219685555,0.010797944851219654,0.06873015314340591,0.10362517833709717,0.7881689071655273
BCS6__Cow_24_08,Cow_24,2,2027,V_single,4,second,16,16,1,4,4.0,173.7365540074403,1.0,0.0308203287422657,0.010166269727051258,0.06572990864515305,0.09549156576395035,0.7977918982505798
BCS6__Cow_28_3083,Cow_28,2,2027,V_single,4,first,23,15,1,4,4.0,172.54620092302903,0.6521739130434783,0.01442468911409378,0.005188784096390009,0.045939575880765915,0.08117987960577011,0.8532671928405762
BCS6__Cow_28_3083,Cow_28,2,2027,V_single,4,second,23,3,1,4,4.0,173.9377670211239,0.13043478260869565,0.012056639418005943,0.0023637462873011827,0.027768300846219063,0.045089464634656906,0.9127218127250671
BCS6__Cow_3_25,Cow_3,2,2027,V_single,4,first,23,2,0,4,,,,,,,,
BCS6__Cow_3_25,Cow_3,2,2027,V_single,4,second,23,20,1,4,4.0,173.52042940500343,0.8695652173913043,0.016068939119577408,0.004663217347115278,0.04184245318174362,0.06931431591510773,0.8681111335754395
BCS6__Cow_47_68,Cow_47,2,2027,V_single,4,first,15,15,1,4,4.0,170.71022282165904,1.0,0.011424297466874123,0.0020510470494627953,0.02545878291130066,0.04085923731327057,0.9202067255973816
BCS6__Cow_47_68,Cow_47,2,2027,V_single,4,second,16,16,1,4,4.0,171.90265154411452,1.0,0.009008830413222313,0.0013766116462647915,0.020127050578594208,0.03292645886540413,0.9365611672401428
BCS6__Cow_9_1044,Cow_9,2,2027,V_single,4,first,23,19,1,4,4.0,167.41661613531923,0.8260869565217391,0.00818614661693573,0.004601801745593548,0.0463470034301281,0.10151489078998566,0.839350163936615
BCS6__Cow_9_1044,Cow_9,2,2027,V_single,4,second,23,17,1,4,4.0,167.85517199648052,0.7391304347826086,0.008744148537516594,0.0025966160465031862,0.030858537182211876,0.05877792835235596,0.8990227580070496
BCS2__Cow_21_8029,Cow_21,0,2028,V_single,0,first,30,15,1,4,4.0,164.0653610753726,0.5,0.30195385217666626,0.05481698364019394,0.08191950619220734,0.19008685648441315,0.3712228536605835
BCS2__Cow_21_8029,Cow_21,0,2028,V_single,0,second,31,2,0,4,,,,,,,,
BCS3__Cow_16,Cow_16,0,2028,V_single,1,first,22,7,1,3,3.0,165.77273861474427,0.3181818181818182,0.02092280425131321,0.02236836776137352,0.0719388797879219,0.7880828976631165,0.09668711572885513
BCS3__Cow_16,Cow_16,0,2028,V_single,1,second,22,13,1,3,3.0,163.54724035520573,0.5909090909090909,0.018655475229024887,0.019831862300634384,0.06758744269609451,0.800498902797699,0.09342627972364426
BCS3__Cow_16_1004,Cow_16,0,2028,V_single,1,first,2,1,0,3,,,,,,,,
BCS3__Cow_16_1004,Cow_16,0,2028,V_single,1,second,2,2,0,3,,,,,,,,
BCS3__Cow_25_66,Cow_25,0,2028,V_single,1,first,2,2,0,3,,,,,,,,
BCS3__Cow_25_66,Cow_25,0,2028,V_single,1,second,3,1,0,3,,,,,,,,
BCS3__Cow_2_1015,Cow_2,0,2028,V_single,1,first,2,2,0,3,,,,,,,,
BCS3__Cow_2_1015,Cow_2,0,2028,V_single,1,second,3,2,0,3,,,,,,,,
BCS3__Cow_46,Cow_46,0,2028,V_single,1,first,30,16,1,3,3.0,166.20161861967796,0.5333333333333333,0.07623439282178879,0.12900924682617188,0.1311318725347519,0.5909871459007263,0.07263735681772232
BCS3__Cow_46,Cow_46,0,2028,V_single,1,second,30,1,0,3,,,,,,,,
BCS3__Cow_46_1,Cow_46,0,2028,V_single,1,first,19,9,1,1,1.0,162.44824920426407,0.47368421052631576,0.19715483486652374,0.37856873869895935,0.09717836230993271,0.29357048869132996,0.03352761268615723
BCS3__Cow_46_1,Cow_46,0,2028,V_single,1,second,20,0,0,1,,,,,,,,
BCS3__Cow_46_2,Cow_46,0,2028,V_single,1,first,3,2,0,3,,,,,,,,
BCS3__Cow_46_2,Cow_46,0,2028,V_single,1,second,3,1,0,3,,,,,,,,
BCS3__Cow_53,Cow_53,0,2028,V_single,1,first,3,3,1,3,3.0,168.2141197338734,1.0,0.11061657965183258,0.1681375354528427,0.1431751251220703,0.49648767709732056,0.08158311992883682
BCS3__Cow_53,Cow_53,0,2028,V_single,1,second,4,0,0,3,,,,,,,,
BCS4__Cow_15_68,Cow_15,0,2028,V_single,2,first,1,1,0,3,,,,,,,,
BCS4__Cow_15_68,Cow_15,0,2028,V_single,2,second,2,2,0,3,,,,,,,,
BCS4__Cow_17,Cow_17,0,2028,V_single,2,first,13,4,1,3,3.0,171.7298640420105,0.3076923076923077,0.013150691986083984,0.013015788979828358,0.05484696105122566,0.8365033864974976,0.08248314261436462
BCS4__Cow_17,Cow_17,0,2028,V_single,2,second,13,6,1,3,3.0,172.66973605171208,0.46153846153846156,0.01312706433236599,0.013046378269791603,0.05498673766851425,0.8357497453689575,0.0830901488661766
BCS4__Cow_19,Cow_19,0,2028,V_single,2,first,32,27,1,1,1.0,171.24997480800033,0.84375,0.2338092178106308,0.4220917820930481,0.09269007295370102,0.2134580761194229,0.0379507839679718
BCS4__Cow_19,Cow_19,0,2028,V_single,2,second,33,30,1,1,3.0,169.91049239817312,0.9090909090909091,0.15636703372001648,0.2787230312824249,0.12960688769817352,0.375855952501297,0.059447091072797775
BCS4__Cow_19_0037,Cow_19,0,2028,V_single,2,first,3,3,1,3,3.0,165.8417344296178,1.0,0.02071596123278141,0.028168370947241783,0.07320310175418854,0.8040148615837097,0.07389763742685318
BCS4__Cow_19_0037,Cow_19,0,2028,V_single,2,second,3,2,0,3,,,,,,,,
BCS4__Cow_2,Cow_2,0,2028,V_single,2,first,7,5,1,3,3.0,174.4267503507631,0.7142857142857143,0.018125655129551888,0.011170737445354462,0.061346400529146194,0.7521804571151733,0.15717683732509613
BCS4__Cow_2,Cow_2,0,2028,V_single,2,second,8,8,1,3,3.0,172.83144698751408,1.0,0.026200320571660995,0.01766524650156498,0.07465741783380508,0.7219613790512085,0.15951555967330933
BCS4__Cow_23,Cow_23,0,2028,V_single,2,first,21,10,1,3,3.0,169.2197307476981,0.47619047619047616,0.04503370821475983,0.05783296003937721,0.11061014235019684,0.6798011660575867,0.10672194510698318
BCS4__Cow_23,Cow_23,0,2028,V_single,2,second,21,8,1,3,3.0,169.55395232177875,0.38095238095238093,0.0420120544731617,0.05238499119877815,0.1063702404499054,0.692018449306488,0.10721427202224731
BCS4__Cow_31,Cow_31,0,2028,V_single,2,first,6,6,1,0,0.0,169.24219404261424,1.0,0.4420493543148041,0.3800731897354126,0.05005817115306854,0.10096074640750885,0.026858530938625336
BCS4__Cow_31,Cow_31,0,2028,V_single,2,second,7,6,1,0,0.0,169.1895308412586,0.8571428571428571,0.4620613753795624,0.4324014484882355,0.028752220794558525,0.06568832695484161,0.01109667681157589
BCS4__Cow_32_0035,Cow_32,0,2028,V_single,2,first,4,4,1,1,3.0,161.37090607601982,1.0,0.10406993329524994,0.20139843225479126,0.1402292400598526,0.4835892617702484,0.07071317732334137
BCS4__Cow_32_0035,Cow_32,0,2028,V_single,2,second,4,4,1,1,3.0,168.98920759259374,1.0,0.13804177939891815,0.3028776943683624,0.13003040850162506,0.37509164214134216,0.05395849049091339
BCS4__Cow_44_1,Cow_44,0,2028,V_single,2,first,23,7,1,3,3.0,170.64047862721952,0.30434782608695654,0.017595186829566956,0.01848582550883293,0.0650927796959877,0.81169193983078,0.08713427186012268
BCS4__Cow_44_1,Cow_44,0,2028,V_single,2,second,23,15,1,3,3.0,169.04432685258152,0.6521739130434783,0.01753675937652588,0.017467906698584557,0.06471313536167145,0.8073424100875854,0.0929398238658905
BCS4__Cow_51,Cow_51,0,2028,V_single,2,first,2,2,0,3,,,,,,,,
BCS4__Cow_51,Cow_51,0,2028,V_single,2,second,2,2,0,3,,,,,,,,
BCS4__Cow_51_0035,Cow_51,0,2028,V_single,2,first,2,2,0,3,,,,,,,,
BCS4__Cow_51_0035,Cow_51,0,2028,V_single,2,second,3,2,0,3,,,,,,,,
BCS4__Cow_7,Cow_7,0,2028,V_single,2,first,9,6,1,3,3.0,172.4528014098345,0.6666666666666666,0.1578049212694168,0.2824576199054718,0.13153517246246338,0.36887672543525696,0.05932557210326195
BCS4__Cow_7,Cow_7,0,2028,V_single,2,second,9,9,1,3,3.0,171.64724716991688,1.0,0.14404508471488953,0.25593024492263794,0.13476276397705078,0.40387892723083496,0.06138301640748978
BCS5__Cow_15,Cow_15,0,2028,V_single,3,first,14,13,1,3,3.0,170.03247497541147,0.9285714285714286,0.07183229923248291,0.10233490914106369,0.13767006993293762,0.587864875793457,0.10029784590005875
BCS5__Cow_15,Cow_15,0,2028,V_single,3,second,15,12,1,3,3.0,169.04112874262378,0.8,0.07989223301410675,0.11660230904817581,0.14094452559947968,0.5663593411445618,0.09620155394077301
BCS5__Cow_17_17,Cow_17,0,2028,V_single,3,first,4,3,1,3,3.0,167.7666642351508,0.75,0.009710279293358326,0.0065683708526194096,0.043032169342041016,0.8173784613609314,0.12331073731184006
BCS5__Cow_17_17,Cow_17,0,2028,V_single,3,second,4,3,1,3,3.0,172.05257321065835,0.75,0.009344951249659061,0.005797278601676226,0.04153262451291084,0.8101276159286499,0.1331975758075714
BCS5__Cow_21,Cow_21,0,2028,V_single,3,first,13,9,1,3,3.0,171.32780419866927,0.6923076923076923,0.017087360844016075,0.017971530556678772,0.06453045457601547,0.8096966743469238,0.0907140001654625
BCS5__Cow_21,Cow_21,0,2028,V_single,3,second,13,9,1,3,3.0,170.68283480431631,0.6923076923076923,0.019340578466653824,0.021146269515156746,0.06915314495563507,0.7998253107070923,0.0905347466468811
BCS5__Cow_23_1067,Cow_23,0,2028,V_single,3,first,2,2,0,3,,,,,,,,
BCS5__Cow_23_1067,Cow_23,0,2028,V_single,3,second,3,3,1,3,3.0,170.52493351953348,1.0,0.005548278335481882,0.0033036700915545225,0.030940381810069084,0.8522070646286011,0.10800070315599442
BCS5__Cow_25,Cow_25,0,2028,V_single,3,first,33,11,1,3,3.0,168.21915999669343,0.3333333333333333,0.04288361966609955,0.06233245134353638,0.10752913355827332,0.6961295008659363,0.09112536907196045
BCS5__Cow_25,Cow_25,0,2028,V_single,3,second,33,18,1,3,3.0,167.78498670253768,0.5454545454545454,0.041838761419057846,0.058430034667253494,0.10558580607175827,0.6995400786399841,0.09460532665252686
BCS5__Cow_31_15,Cow_31,0,2028,V_single,3,first,2,2,0,3,,,,,,,,
BCS5__Cow_31_15,Cow_31,0,2028,V_single,3,second,2,1,0,3,,,,,,,,
BCS5__Cow_31_2024,Cow_31,0,2028,V_single,3,first,2,2,0,3,,,,,,,,
BCS5__Cow_31_2024,Cow_31,0,2028,V_single,3,second,3,3,1,3,3.0,169.94558330610357,1.0,0.023890072479844093,0.035053152590990067,0.08041227608919144,0.7902500033378601,0.07039445638656616
BCS5__Cow_32,Cow_32,0,2028,V_single,3,first,7,3,1,3,3.0,172.47895182836993,0.42857142857142855,0.11289986222982407,0.0905444547533989,0.13825999200344086,0.5146467089653015,0.1436489373445511
BCS5__Cow_32,Cow_32,0,2028,V_single,3,second,8,2,0,3,,,,,,,,
BCS5__Cow_44_3008,Cow_44,0,2028,V_single,3,first,5,2,0,3,,,,,,,,
BCS5__Cow_44_3008,Cow_44,0,2028,V_single,3,second,5,1,0,3,,,,,,,,
BCS5__Cow_45,Cow_45,0,2028,V_single,3,first,12,11,1,3,3.0,169.75955555667923,0.9166666666666666,0.01261819712817669,0.01207828614860773,0.05363132432103157,0.8374338746070862,0.08423827588558197
BCS5__Cow_45,Cow_45,0,2028,V_single,3,second,13,13,1,3,3.0,170.28695525445863,1.0,0.013371138833463192,0.013810940086841583,0.05544815957546234,0.8396427035331726,0.07772711664438248
BCS5__Cow_53_30,Cow_53,0,2028,V_single,3,first,6,0,0,3,,,,,,,,
BCS5__Cow_53_30,Cow_53,0,2028,V_single,3,second,7,4,1,3,3.0,170.97664565595858,0.5714285714285714,0.00738925114274025,0.004526948556303978,0.03660273179411888,0.8278656005859375,0.12361542880535126
BCS5__Cow_7_6022,Cow_7,0,2028,V_single,3,first,2,1,0,3,,,,,,,,
BCS5__Cow_7_6022,Cow_7,0,2028,V_single,3,second,2,2,0,3,,,,,,,,
BCS6__Cow_16_06,Cow_16,0,2028,V_single,4,first,38,28,1,4,4.0,172.85413511564454,0.7368421052631579,0.005730716045945883,0.0002474348293617368,0.009408237412571907,0.1359148919582367,0.8486986756324768
BCS6__Cow_16_06,Cow_16,0,2028,V_single,4,second,38,34,1,4,4.0,172.7047234430375,0.8947368421052632,0.005971696227788925,0.00025083046057261527,0.009205203503370285,0.12302301079034805,0.8615492582321167
BCS6__Cow_19_29,Cow_19,0,2028,V_single,4,first,30,26,1,4,4.0,171.93427721120312,0.8666666666666667,0.0036337163764983416,0.00015572649135719985,0.008196797221899033,0.1816055029630661,0.8064082860946655
BCS6__Cow_19_29,Cow_19,0,2028,V_single,4,second,31,26,1,4,4.0,173.26976138784778,0.8387096774193549,0.004586176481097937,0.00016740287537686527,0.007525668945163488,0.11685244739055634,0.8708683252334595
BCS6__Cow_2_6006,Cow_2,0,2028,V_single,4,first,15,15,1,4,4.0,172.7417965819457,1.0,0.0040661427192389965,0.00010302666487405077,0.005059394985437393,0.06465600430965424,0.9261155128479004
BCS6__Cow_2_6006,Cow_2,0,2028,V_single,4,second,16,16,1,4,4.0,171.70556108359614,1.0,0.004327058792114258,0.00010512140579521656,0.004832108970731497,0.054757438600063324,0.9359782934188843
BCS6__Cow_32_34,Cow_32,0,2028,V_single,4,first,30,4,1,4,4.0,174.5194799413863,0.13333333333333333,0.006909435614943504,0.00027711151051335037,0.008947987109422684,0.09708195179700851,0.8867835402488708
BCS6__Cow_32_34,Cow_32,0,2028,V_single,4,second,31,3,1,4,4.0,173.50613798901162,0.0967741935483871,0.0069758957251906395,0.00026733882259577513,0.008352650329470634,0.08497264236211777,0.8994314074516296
BCS6__Cow_36,Cow_36,0,2028,V_single,4,first,22,18,1,3,3.0,171.97030707515705,0.8181818181818182,0.0537826344370842,0.03129227086901665,0.10141507536172867,0.5984772443771362,0.21503271162509918
BCS6__Cow_36,Cow_36,0,2028,V_single,4,second,23,19,1,3,3.0,172.6305618731255,0.8260869565217391,0.05228538438677788,0.03032173402607441,0.1004159078001976,0.5990257263183594,0.217951238155365
BCS6__Cow_36_1,Cow_36,0,2028,V_single,4,first,25,25,1,4,4.0,172.04149234605404,1.0,0.08071589469909668,0.010450578294694424,0.06063459441065788,0.22525030374526978,0.6229485869407654
BCS6__Cow_36_1,Cow_36,0,2028,V_single,4,second,25,21,1,4,4.0,172.4849707664876,0.84,0.0706297978758812,0.008742098696529865,0.055894725024700165,0.21813993155956268,0.6465933918952942
BCS6__Cow_45_9025,Cow_45,0,2028,V_single,4,first,23,23,1,4,4.0,167.66243736780427,1.0,0.005134641192853451,0.00019359322322998196,0.007991286925971508,0.1158895418047905,0.8707908987998962
BCS6__Cow_45_9025,Cow_45,0,2028,V_single,4,second,23,8,1,4,4.0,171.78827310706663,0.34782608695652173,0.003948901314288378,0.00010009646211983636,0.005053133238106966,0.06910980492830276,0.9217881560325623
BCS6__Cow_52_29,Cow_52,0,2028,V_single,4,first,30,24,1,4,4.0,173.87935522312824,0.8,0.005618496332317591,0.00022946506214793772,0.008835658431053162,0.12318938970565796,0.8621270060539246
BCS6__Cow_52_29,Cow_52,0,2028,V_single,4,second,31,31,1,4,4.0,172.58243313145888,1.0,0.005480775143951178,0.00019341992447152734,0.007476738654077053,0.09278149902820587,0.8940675854682922
BCS6__Cow_7_9008,Cow_7,0,2028,V_single,4,first,30,13,1,4,4.0,168.7758933629712,0.43333333333333335,0.003367673372849822,0.00013879695325158536,0.00781633984297514,0.18198949098587036,0.8066876530647278
BCS6__Cow_7_9008,Cow_7,0,2028,V_single,4,second,31,6,1,4,4.0,169.86008953251417,0.1935483870967742,0.0061150467954576015,0.00028083313372917473,0.009921385906636715,0.13611668348312378,0.8475660681724548
BCS2__Cow_11,Cow_11,1,2028,V_single,0,first,252,34,1,1,1.0,172.5556313138602,0.1349206349206349,0.0845048800110817,0.36681970953941345,0.3357970714569092,0.16684530675411224,0.04603305831551552
BCS2__Cow_11,Cow_11,1,2028,V_single,0,second,252,42,1,1,1.0,172.6013977091373,0.16666666666666666,0.07301913946866989,0.3600112497806549,0.34851372241973877,0.17197009921073914,0.046485818922519684
BCS2__Cow_11_1,Cow_11,1,2028,V_single,0,first,26,0,0,1,,,,,,,,
BCS2__Cow_11_1,Cow_11,1,2028,V_single,0,second,26,6,1,1,1.0,170.79467556249435,0.23076923076923078,0.07811496406793594,0.3517071306705475,0.3428018391132355,0.17526397109031677,0.05211207643151283
BCS2__Cow_11_2,Cow_11,1,2028,V_single,0,first,24,21,1,1,0.0,169.12516074311785,0.875,0.9108446836471558,0.03522796183824539,0.011067782528698444,0.005957467015832663,0.036902036517858505
BCS2__Cow_11_2,Cow_11,1,2028,V_single,0,second,25,19,1,1,1.0,171.19605184432032,0.76,0.1194998249411583,0.3692132830619812,0.2940663695335388,0.16489054262638092,0.05232994258403778
BCS3__Cow_14,Cow_14,1,2028,V_single,1,first,8,3,1,2,2.0,162.50616462144322,0.375,0.057769134640693665,0.2821401357650757,0.34889936447143555,0.21260318160057068,0.09858816862106323
BCS3__Cow_14,Cow_14,1,2028,V_single,1,second,9,1,0,2,,,,,,,,
BCS3__Cow_14_0011,Cow_14,1,2028,V_single,1,first,3,2,0,1,,,,,,,,
BCS3__Cow_14_0011,Cow_14,1,2028,V_single,1,second,4,2,0,1,,,,,,,,
BCS3__Cow_6_103,Cow_6,1,2028,V_single,1,first,2,1,0,1,,,,,,,,
BCS3__Cow_6_103,Cow_6,1,2028,V_single,1,second,3,3,1,1,1.0,161.55790750344187,1.0,0.3483574092388153,0.40961313247680664,0.15422482788562775,0.06986065953969955,0.017944054678082466
BCS4__Cow_1,Cow_1,1,2028,V_single,2,first,9,4,1,2,2.0,173.04281162398252,0.4444444444444444,0.04102970287203789,0.2519424855709076,0.37474149465560913,0.22489501535892487,0.10739132761955261
BCS4__Cow_1,Cow_1,1,2028,V_single,2,second,10,5,1,2,2.0,174.1472652819167,0.5,0.039673157036304474,0.2539578974246979,0.3785766363143921,0.224446639418602,0.10334570705890656
BCS4__Cow_26,Cow_26,1,2028,V_single,2,first,7,3,1,2,2.0,170.32351963776654,0.42857142857142855,0.06110742315649986,0.29703736305236816,0.3523903489112854,0.20507872104644775,0.08438614755868912
BCS4__Cow_26,Cow_26,1,2028,V_single,2,second,8,4,1,2,2.0,169.86020482669838,0.5,0.055534493178129196,0.290582537651062,0.3606623411178589,0.20808357000350952,0.08513709157705307
BCS4__Cow_26_5051,Cow_26,1,2028,V_single,2,first,6,2,0,1,,,,,,,,
BCS4__Cow_26_5051,Cow_26,1,2028,V_single,2,second,6,3,1,1,1.0,166.41648456959476,0.5,0.2040984034538269,0.4245040714740753,0.22493474185466766,0.11374565958976746,0.03271707147359848
BCS4__Cow_27_9008,Cow_27,1,2028,V_single,2,first,3,2,0,1,,,,,,,,
BCS4__Cow_27_9008,Cow_27,1,2028,V_single,2,second,4,2,0,1,,,,,,,,
BCS4__Cow_29_7007,Cow_29,1,2028,V_single,2,first,2,2,0,0,,,,,,,,
BCS4__Cow_29_7007,Cow_29,1,2028,V_single,2,second,3,2,0,0,,,,,,,,
BCS4__Cow_33,Cow_33,1,2028,V_single,2,first,52,16,1,2,2.0,169.794811507377,0.3076923076923077,0.037484604865312576,0.24009469151496887,0.374538391828537,0.23133786022663116,0.11654441803693771
BCS4__Cow_33,Cow_33,1,2028,V_single,2,second,53,5,1,2,2.0,169.01401861688544,0.09433962264150944,0.037561796605587006,0.23768483102321625,0.3729184865951538,0.23234227299690247,0.11949263513088226
BCS4__Cow_4,Cow_4,1,2028,V_single,2,first,2,2,0,2,,,,,,,,
BCS4__Cow_4,Cow_4,1,2028,V_single,2,second,2,2,0,2,,,,,,,,
BCS4__Cow_41,Cow_41,1,2028,V_single,2,first,30,3,1,2,2.0,173.58252888296627,0.1,0.025295911356806755,0.21920163929462433,0.39315366744995117,0.24040095508098602,0.12194778770208359
BCS4__Cow_41,Cow_41,1,2028,V_single,2,second,31,0,0,2,,,,,,,,
BCS4__Cow_48,Cow_48,1,2028,V_single,2,first,6,0,0,2,,,,,,,,
BCS4__Cow_48,Cow_48,1,2028,V_single,2,second,7,3,1,2,2.0,170.07276567517712,0.42857142857142855,0.07016217708587646,0.32612794637680054,0.3422732353210449,0.19174350798130035,0.0696932002902031
BCS4__Cow_4_1,Cow_4,1,2028,V_single,2,first,19,19,1,2,2.0,167.79957045946657,1.0,0.05077327787876129,0.2708771824836731,0.3560507595539093,0.217050239443779,0.10524851083755493
BCS4__Cow_4_1,Cow_4,1,2028,V_single,2,second,20,20,1,2,2.0,162.49650676010418,1.0,0.04967091605067253,0.27299320697784424,0.35914361476898193,0.21697291731834412,0.10121934860944748
BCS4__Cow_6,Cow_6,1,2028,V_single,2,first,21,3,1,2,1.0,169.33535424534642,0.14285714285714285,0.11319766193628311,0.35867902636528015,0.2992932200431824,0.17104151844978333,0.05778859555721283
BCS4__Cow_6,Cow_6,1,2028,V_single,2,second,21,4,1,2,2.0,168.0633817100955,0.19047619047619047,0.07674441486597061,0.32012978196144104,0.3352018892765045,0.19473733007907867,0.07318660616874695
BCS5__Cow_12_NOTAG,Cow_12,1,2028,V_single,3,first,2,2,0,2,,,,,,,,
BCS5__Cow_12_NOTAG,Cow_12,1,2028,V_single,3,second,2,1,0,2,,,,,,,,
BCS5__Cow_13,Cow_13,1,2028,V_single,3,first,11,9,1,2,2.0,172.19697143162998,0.8181818181818182,0.05189700424671173,0.2811952829360962,0.36194372177124023,0.2117469161748886,0.09321705996990204
BCS5__Cow_13,Cow_13,1,2028,V_single,3,second,12,11,1,2,2.0,173.49780915168796,0.9166666666666666,0.06277264654636383,0.30420175194740295,0.35027337074279785,0.2019139975309372,0.08083824068307877
BCS5__Cow_13_8001,Cow_13,1,2028,V_single,3,first,2,1,0,2,,,,,,,,
BCS5__Cow_13_8001,Cow_13,1,2028,V_single,3,second,2,2,0,2,,,,,,,,
BCS5__Cow_1_27,Cow_1,1,2028,V_single,3,first,2,1,0,2,,,,,,,,
BCS5__Cow_1_27,Cow_1,1,2028,V_single,3,second,2,2,0,2,,,,,,,,
BCS5__Cow_27,Cow_27,1,2028,V_single,3,first,21,11,1,2,2.0,168.83613076599408,0.5238095238095238,0.046153757721185684,0.28282642364501953,0.37072309851646423,0.21359683573246002,0.08669987320899963
BCS5__Cow_27,Cow_27,1,2028,V_single,3,second,21,10,1,2,2.0,169.79075233536037,0.47619047619047616,0.049216337502002716,0.2928693890571594,0.36864519119262695,0.20892848074436188,0.08034057915210724
BCS5__Cow_29,Cow_29,1,2028,V_single,3,first,15,12,1,2,2.0,170.6798081627203,0.8,0.044850196689367294,0.2563546299934387,0.3614741265773773,0.2254325896501541,0.11188846081495285
BCS5__Cow_29,Cow_29,1,2028,V_single,3,second,15,13,1,2,2.0,171.21781445127687,0.8666666666666667,0.040616851300001144,0.2537384033203125,0.36972206830978394,0.22661013901233673,0.10931257903575897
BCS5__Cow_37,Cow_37,1,2028,V_single,3,first,14,13,1,2,2.0,171.7284788800338,0.9285714285714286,0.04952974617481232,0.2517867982387543,0.3498256206512451,0.22666487097740173,0.12219301611185074
BCS5__Cow_37,Cow_37,1,2028,V_single,3,second,14,13,1,2,2.0,171.82204303655806,0.9285714285714286,0.04626869037747383,0.26178979873657227,0.363311767578125,0.2227989137172699,0.10583078116178513
BCS5__Cow_37_and_38,Cow_37,1,2028,V_single,3,first,12,3,1,2,2.0,170.93735033593998,0.25,0.04629974067211151,0.2554219365119934,0.3637182116508484,0.22444941103458405,0.11011076718568802
BCS5__Cow_37_and_38,Cow_37,1,2028,V_single,3,second,12,0,0,2,,,,,,,,
BCS5__Cow_43,Cow_43,1,2028,V_single,3,first,19,18,1,2,2.0,170.47077476416072,0.9473684210526315,0.042164478451013565,0.26409122347831726,0.3662584722042084,0.224603071808815,0.10288271307945251
BCS5__Cow_43,Cow_43,1,2028,V_single,3,second,19,19,1,2,2.0,168.14633581369202,1.0,0.04873596876859665,0.2621936798095703,0.3530912697315216,0.2239437699317932,0.11203532665967941
BCS5__Cow_48_1018,Cow_48,1,2028,V_single,3,first,1,1,0,2,,,,,,,,
BCS5__Cow_48_1018,Cow_48,1,2028,V_single,3,second,2,2,0,2,,,,,,,,
BCS5__Cow_54,Cow_54,1,2028,V_single,3,first,3,3,1,2,2.0,170.27827530308326,1.0,0.05362306162714958,0.273399293422699,0.3551276624202728,0.21606409549713135,0.1017858237028122
BCS5__Cow_54,Cow_54,1,2028,V_single,3,second,4,3,1,2,2.0,170.27605091057677,0.75,0.047233473509550095,0.27794569730758667,0.36976298689842224,0.21332599222660065,0.09173189848661423
BCS5__Cow_6_5051,Cow_6,1,2028,V_single,3,first,2,2,0,2,,,,,,,,
BCS5__Cow_6_5051,Cow_6,1,2028,V_single,3,second,3,1,0,2,,,,,,,,
BCS6__Cow_11_07,Cow_11,1,2028,V_single,4,first,20,12,1,2,4.0,172.86655597325085,0.6,0.04015191271901131,0.02320493571460247,0.045234862715005875,0.036262147128582,0.8551461100578308
BCS6__Cow_11_07,Cow_11,1,2028,V_single,4,second,21,15,1,2,4.0,172.87282894786617,0.7142857142857143,0.04227464273571968,0.020850520581007004,0.03986968472599983,0.03110611066222191,0.8658990263938904
BCS6__Cow_12_2014,Cow_12,1,2028,V_single,4,first,24,19,1,2,0.0,172.3808842485783,0.7916666666666666,0.9458704590797424,0.015429818071424961,0.004088463727384806,0.0021670882124453783,0.03244423866271973
BCS6__Cow_12_2014,Cow_12,1,2028,V_single,4,second,25,20,1,2,0.0,173.46500543816205,0.8,0.9460799694061279,0.018210120499134064,0.004796978086233139,0.00249062804505229,0.028422383591532707
BCS6__Cow_13_66,Cow_13,1,2028,V_single,4,first,23,5,1,4,4.0,172.0171087398665,0.21739130434782608,0.11963695287704468,0.031386058777570724,0.04348106309771538,0.029246613383293152,0.7762492895126343
BCS6__Cow_13_66,Cow_13,1,2028,V_single,4,second,23,15,1,4,4.0,169.6996595059602,0.6521739130434783,0.06996016204357147,0.02357449382543564,0.03843848779797554,0.027626732364296913,0.8404001593589783
BCS6__Cow_26_6,Cow_26,1,2028,V_single,4,first,30,1,0,4,,,,,,,,
BCS6__Cow_26_6,Cow_26,1,2028,V_single,4,second,31,8,1,4,4.0,172.82806196978373,0.25806451612903225,0.03899957984685898,0.023245597258210182,0.04510420188307762,0.03596344217658043,0.856687068939209
BCS6__Cow_29_NOTAG,Cow_29,1,2028,V_single,4,first,23,16,1,4,4.0,169.1091775327788,0.6956521739130435,0.038652174174785614,0.024689355865120888,0.048130203038454056,0.03934614732861519,0.8491820693016052
BCS6__Cow_29_NOTAG,Cow_29,1,2028,V_single,4,second,23,18,1,4,4.0,170.85017686852498,0.782608695652174,0.04636682942509651,0.023848561570048332,0.04437307268381119,0.03486860543489456,0.8505429029464722
BCS6__Cow_35,Cow_35,1,2028,V_single,4,first,22,14,1,2,4.0,172.93680770114165,0.6363636363636364,0.07177410274744034,0.04298080503940582,0.06929782778024673,0.04882566258311272,0.7671216130256653
BCS6__Cow_35,Cow_35,1,2028,V_single,4,second,23,10,1,2,2.0,173.128046766217,0.43478260869565216,0.03004475124180317,0.21333390474319458,0.37234798073768616,0.24356210231781006,0.14071127772331238
BCS6__Cow_4_103,Cow_4,1,2028,V_single,4,first,30,22,1,4,4.0,170.59748584169137,0.7333333333333333,0.07654707133769989,0.028880642727017403,0.046041399240493774,0.03344001993536949,0.8150907754898071
BCS6__Cow_4_103,Cow_4,1,2028,V_single,4,second,31,25,1,4,4.0,173.1729468654868,0.8064516129032258,0.14307594299316406,0.03613850101828575,0.04851328209042549,0.031381431967020035,0.7408908009529114
BCS2__Cow_5_1,Cow_5,2,2028,V_single,0,first,23,8,1,4,4.0,171.41654572431042,0.34782608695652173,0.014759525656700134,0.00021592425764538348,0.019865838810801506,0.02395629696547985,0.9412024617195129
BCS2__Cow_5_1,Cow_5,2,2028,V_single,0,second,23,2,0,4,,,,,,,,
BCS3__Cow_20_0029,Cow_20,2,2028,V_single,1,first,2,2,0,3,,,,,,,,
BCS3__Cow_20_0029,Cow_20,2,2028,V_single,1,second,2,2,0,3,,,,,,,,
BCS3__Cow_22,Cow_22,2,2028,V_single,1,first,39,10,1,1,1.0,169.71626312395244,0.2564102564102564,0.3334342837333679,0.6146330833435059,0.04966551437973976,0.0020985975861549377,0.00016860767209436744
BCS3__Cow_22,Cow_22,2,2028,V_single,1,second,40,10,1,1,1.0,172.8720273076455,0.25,0.40894076228141785,0.5334401726722717,0.05489064380526543,0.002483517862856388,0.0002448853338137269
BCS3__Cow_22_1,Cow_22,2,2028,V_single,1,first,3,2,0,1,,,,,,,,
BCS3__Cow_22_1,Cow_22,2,2028,V_single,1,second,4,4,1,1,1.0,171.09428579453942,1.0,0.31302180886268616,0.6483224630355835,0.037383437156677246,0.0011967081809416413,7.56420340621844e-05
BCS4__Cow_10,Cow_10,2,2028,V_single,2,first,36,9,1,3,3.0,172.21630985676052,0.25,0.015700608491897583,0.05935956910252571,0.36882734298706055,0.47862377762794495,0.0774887204170227
BCS4__Cow_10,Cow_10,2,2028,V_single,2,second,36,32,1,3,3.0,167.3531618530045,0.8888888888888888,0.012188109569251537,0.04788380116224289,0.32167869806289673,0.5272765755653381,0.09097284078598022
BCS4__Cow_10_2038,Cow_10,2,2028,V_single,2,first,2,2,0,1,,,,,,,,
BCS4__Cow_10_2038,Cow_10,2,2028,V_single,2,second,2,2,0,1,,,,,,,,
BCS4__Cow_22_6005,Cow_22,2,2028,V_single,2,first,2,2,0,3,,,,,,,,
BCS4__Cow_22_6005,Cow_22,2,2028,V_single,2,second,3,2,0,3,,,,,,,,
BCS4__Cow_30,Cow_30,2,2028,V_single,2,first,7,4,1,3,3.0,170.3642225349182,0.5714285714285714,0.00583050400018692,0.11180201172828674,0.36263495683670044,0.4932228624820709,0.026509691029787064
BCS4__Cow_30,Cow_30,2,2028,V_single,2,second,7,0,0,3,,,,,,,,
BCS4__Cow_42,Cow_42,2,2028,V_single,2,first,13,6,1,3,3.0,170.1643043577007,0.46153846153846156,0.01094997301697731,0.011539649218320847,0.19457775354385376,0.4514627158641815,0.331469863653183
BCS4__Cow_42,Cow_42,2,2028,V_single,2,second,14,5,1,3,3.0,168.7018330479923,0.35714285714285715,0.020697690546512604,0.024070467799901962,0.25998353958129883,0.4462938606739044,0.24895444512367249
BCS4__Cow_47_1,Cow_47,2,2028,V_single,2,first,3,3,1,3,1.0,165.6616691349082,1.0,0.006137486081570387,0.4322446882724762,0.3258153796195984,0.2291964590549469,0.006606014911085367
BCS4__Cow_47_1,Cow_47,2,2028,V_single,2,second,4,4,1,3,3.0,167.72901295451248,1.0,0.004659146070480347,0.17081646621227264,0.35284483432769775,0.45418909192085266,0.017490476369857788
BCS4__Cow_49,Cow_49,2,2028,V_single,2,first,4,3,1,1,1.0,160.51190280932127,0.75,0.007551128044724464,0.4180147051811218,0.3303234577178955,0.2359647899866104,0.008145984262228012
BCS4__Cow_49,Cow_49,2,2028,V_single,2,second,5,4,1,1,3.0,171.35377573323314,0.8,0.0056914337910711765,0.21586383879184723,0.3710663914680481,0.3923870027065277,0.014991349540650845
BCS4__Cow_55,Cow_55,2,2028,V_single,2,first,2,2,0,3,,,,,,,,
BCS4__Cow_55,Cow_55,2,2028,V_single,2,second,3,2,0,3,,,,,,,,
BCS4__Cow_8,Cow_8,2,2028,V_single,2,first,19,16,1,3,3.0,169.33989342131102,0.8421052631578947,0.008496214635670185,0.03938943147659302,0.3041456341743469,0.5631943345069885,0.08477433770895004
BCS4__Cow_8,Cow_8,2,2028,V_single,2,second,20,10,1,3,3.0,170.37019965622022,0.5,0.0075436667539179325,0.04056626185774803,0.3042164146900177,0.5710992813110352,0.07657432556152344
BCS4__Cow_9,Cow_9,2,2028,V_single,2,first,13,10,1,2,2.0,165.60707693826612,0.7692307692307693,0.006686365231871605,0.21351675689220428,0.39649498462677,0.3688623011112213,0.014439657330513
BCS4__Cow_9,Cow_9,2,2028,V_single,2,second,13,9,1,2,2.0,163.28626852803404,0.6923076923076923,0.005129143130034208,0.23395146429538727,0.3926096558570862,0.3572888672351837,0.01102092768996954
BCS5__Cow_10_0029,Cow_10,2,2028,V_single,3,first,3,2,0,3,,,,,,,,
BCS5__Cow_10_0029,Cow_10,2,2028,V_single,3,second,4,3,1,3,3.0,171.90375742110592,0.75,0.006330074276775122,0.027048617601394653,0.23656010627746582,0.6117624640464783,0.11829870194196701
BCS5__Cow_24,Cow_24,2,2028,V_single,3,first,12,6,1,3,3.0,171.30001837958278,0.5,0.015508899465203285,0.06524799764156342,0.3351939022541046,0.49986889958381653,0.08418034762144089
BCS5__Cow_24,Cow_24,2,2028,V_single,3,second,13,6,1,3,3.0,171.616904682423,0.46153846153846156,0.012149513699114323,0.0673544630408287,0.3270886540412903,0.5212131142616272,0.07219430804252625
BCS5__Cow_24_7022,Cow_24,2,2028,V_single,3,first,2,2,0,3,,,,,,,,
BCS5__Cow_24_7022,Cow_24,2,2028,V_single,3,second,2,1,0,3,,,,,,,,
BCS5__Cow_28,Cow_28,2,2028,V_single,3,first,15,14,1,3,3.0,170.49482846285264,0.9333333333333333,0.004778376780450344,0.04619380459189415,0.298199325799942,0.5989230871200562,0.05190538242459297
BCS5__Cow_28,Cow_28,2,2028,V_single,3,second,15,14,1,3,3.0,169.84204428054258,0.9333333333333333,0.005174940451979637,0.04309210926294327,0.2923540472984314,0.5998992919921875,0.05947960168123245
BCS5__Cow_28_4024,Cow_28,2,2028,V_single,3,first,3,2,0,2,,,,,,,,
BCS5__Cow_28_4024,Cow_28,2,2028,V_single,3,second,3,1,0,2,,,,,,,,
BCS5__Cow_3,Cow_3,2,2028,V_single,3,first,9,7,1,0,0.0,170.79992864517618,0.7777777777777778,0.8971510529518127,0.09235595166683197,0.010300906375050545,0.00016477606550324708,2.7370328098186292e-05
BCS5__Cow_3,Cow_3,2,2028,V_single,3,second,10,3,1,0,0.0,172.37723937450326,0.3,0.9376813769340515,0.05468520522117615,0.0074922810308635235,0.00011627361527644098,2.4848874090821482e-05
BCS5__Cow_30_30,Cow_30,2,2028,V_single,3,first,3,2,0,3,,,,,,,,
BCS5__Cow_30_30,Cow_30,2,2028,V_single,3,second,4,4,1,3,3.0,172.5049835085633,1.0,0.010057955048978329,0.05227033793926239,0.273632675409317,0.5682550072669983,0.0957840234041214
BCS5__Cow_34,Cow_34,2,2028,V_single,3,first,20,7,1,0,0.0,171.20187503860788,0.35,0.6562921404838562,0.20090632140636444,0.12341746687889099,0.014367708936333656,0.005016307812184095
BCS5__Cow_34,Cow_34,2,2028,V_single,3,second,20,2,0,0,,,,,,,,
BCS5__Cow_34_1,Cow_34,2,2028,V_single,3,first,9,4,1,2,2.0,164.49300765045263,0.4444444444444444,0.05280425027012825,0.08005629479885101,0.42250049114227295,0.341668963432312,0.10296999663114548
BCS5__Cow_34_1,Cow_34,2,2028,V_single,3,second,9,0,0,2,,,,,,,,
BCS5__Cow_50,Cow_50,2,2028,V_single,3,first,19,19,1,1,2.0,173.00417166918672,1.0,0.014600924216210842,0.2877632677555084,0.38529691100120544,0.29406261444091797,0.018276257440447807
BCS5__Cow_50,Cow_50,2,2028,V_single,3,second,20,20,1,1,2.0,173.47441765066134,1.0,0.01647271029651165,0.2635267376899719,0.3882991373538971,0.30951258540153503,0.022188812494277954
BCS5__Cow_50_49,Cow_50,2,2028,V_single,3,first,1,1,0,3,,,,,,,,
BCS5__Cow_50_49,Cow_50,2,2028,V_single,3,second,2,2,0,3,,,,,,,,
BCS5__Cow_8_NOTAG,Cow_8,2,2028,V_single,3,first,3,2,0,3,,,,,,,,
BCS5__Cow_8_NOTAG,Cow_8,2,2028,V_single,3,second,4,2,0,3,,,,,,,,
BCS6__Cow_18,Cow_18,2,2028,V_single,4,first,23,14,1,4,4.0,168.67690559642762,0.6086956521739131,0.04762064665555954,0.0008610955555923283,0.04343089833855629,0.041193887591362,0.8668935298919678
BCS6__Cow_18,Cow_18,2,2028,V_single,4,second,23,19,1,4,4.0,171.81580331821024,0.8260869565217391,0.02854873239994049,0.00047516764607280493,0.0296971183270216,0.03176301717758179,0.9095159769058228
BCS6__Cow_18_32,Cow_18,2,2028,V_single,4,first,28,22,1,4,4.0,172.5739879869971,0.7857142857142857,0.0028418449219316244,8.883488771971315e-05,0.008632536046206951,0.019087575376033783,0.9693491458892822
BCS6__Cow_18_32,Cow_18,2,2028,V_single,4,second,29,24,1,4,4.0,173.69566006487963,0.8275862068965517,0.002272137440741062,5.672290353686549e-05,0.006716398522257805,0.014959766529500484,0.9759949445724487
BCS6__Cow_24_08,Cow_24,2,2028,V_single,4,first,15,6,1,4,4.0,173.43962274306995,0.4,0.058414243161678314,0.0006903642206452787,0.027533311396837234,0.026546936482191086,0.8868151307106018
BCS6__Cow_24_08,Cow_24,2,2028,V_single,4,second,16,16,1,4,4.0,173.7365540074403,1.0,0.05451339855790138,0.0006634657620452344,0.027158597484230995,0.02673889510333538,0.8909255862236023
BCS6__Cow_28_3083,Cow_28,2,2028,V_single,4,first,23,15,1,4,4.0,172.54620092302903,0.6521739130434783,0.004297149367630482,0.00010140546510228887,0.00951786246150732,0.017861206084489822,0.9682223796844482
BCS6__Cow_28_3083,Cow_28,2,2028,V_single,4,second,23,3,1,4,4.0,173.9377670211239,0.13043478260869565,0.0015382845886051655,1.4235369235393591e-05,0.003185420064255595,0.006390412338078022,0.9888716340065002
BCS6__Cow_3_25,Cow_3,2,2028,V_single,4,first,23,2,0,4,,,,,,,,
BCS6__Cow_3_25,Cow_3,2,2028,V_single,4,second,23,20,1,4,4.0,173.52042940500343,0.8695652173913043,0.008624385111033916,9.478110587224364e-05,0.00906944926828146,0.01268843188881874,0.9695228934288025
BCS6__Cow_47_68,Cow_47,2,2028,V_single,4,first,15,15,1,4,4.0,170.71022282165904,1.0,0.0015343507984653115,1.235288436873816e-05,0.0030531466472893953,0.005919096991419792,0.9894809722900391
BCS6__Cow_47_68,Cow_47,2,2028,V_single,4,second,16,16,1,4,4.0,171.90265154411452,1.0,0.0009843638399615884,5.55686301595415e-06,0.0019434861605986953,0.003943193703889847,0.9931233525276184
BCS6__Cow_9_1044,Cow_9,2,2028,V_single,4,first,23,19,1,4,4.0,167.41661613531923,0.8260869565217391,0.002017457038164139,6.373915675794706e-05,0.007434776984155178,0.01836458593606949,0.9721193909645081
BCS6__Cow_9_1044,Cow_9,2,2028,V_single,4,second,23,17,1,4,4.0,167.85517199648052,0.7391304347826086,0.0013005172368139029,2.5345423637190834e-05,0.004376151133328676,0.010743658989667892,0.9835543036460876
BCS2__Cow_21_8029,Cow_21,0,2026,V_mean,0,first,30,15,1,0,0.0,164.0653610753726,0.5,0.9653708338737488,7.276909173015156e-07,4.608563904184848e-05,8.592024823883548e-05,0.03449654579162598
BCS2__Cow_21_8029,Cow_21,0,2026,V_mean,0,second,31,2,0,0,,,,,,,,
BCS3__Cow_16,Cow_16,0,2026,V_mean,1,first,22,7,1,3,3.0,165.77273861474427,0.3181818181818182,0.0014607583871111274,0.00724462466314435,0.38810548186302185,0.5910212993621826,0.012167842127382755
BCS3__Cow_16,Cow_16,0,2026,V_mean,1,second,22,13,1,3,3.0,163.54724035520573,0.5909090909090909,0.001289535779505968,0.006248825695365667,0.3846955895423889,0.5962327122688293,0.011533340439200401
BCS3__Cow_16_1004,Cow_16,0,2026,V_mean,1,first,2,1,0,1,,,,,,,,
BCS3__Cow_16_1004,Cow_16,0,2026,V_mean,1,second,2,2,0,1,,,,,,,,
BCS3__Cow_25_66,Cow_25,0,2026,V_mean,1,first,2,2,0,2,,,,,,,,
BCS3__Cow_25_66,Cow_25,0,2026,V_mean,1,second,3,1,0,2,,,,,,,,
BCS3__Cow_2_1015,Cow_2,0,2026,V_mean,1,first,2,2,0,3,,,,,,,,
BCS3__Cow_2_1015,Cow_2,0,2026,V_mean,1,second,3,2,0,3,,,,,,,,
BCS3__Cow_46,Cow_46,0,2026,V_mean,1,first,30,16,1,1,1.0,166.20161861967796,0.5333333333333333,0.06670138239860535,0.6139183044433594,0.17227977514266968,0.14589236676692963,0.0012081334134563804
BCS3__Cow_46,Cow_46,0,2026,V_mean,1,second,30,1,0,1,,,,,,,,
BCS3__Cow_46_1,Cow_46,0,2026,V_mean,1,first,19,9,1,1,1.0,162.44824920426407,0.47368421052631576,0.10330052673816681,0.8275377750396729,0.035346463322639465,0.033689793199300766,0.0001254352682735771
BCS3__Cow_46_1,Cow_46,0,2026,V_mean,1,second,20,0,0,1,,,,,,,,
BCS3__Cow_46_2,Cow_46,0,2026,V_mean,1,first,3,2,0,1,,,,,,,,
BCS3__Cow_46_2,Cow_46,0,2026,V_mean,1,second,3,1,0,1,,,,,,,,
BCS3__Cow_53,Cow_53,0,2026,V_mean,1,first,3,3,1,1,1.0,168.2141197338734,1.0,0.17712409794330597,0.6324020028114319,0.09690821170806885,0.09234506636857986,0.0012205931125208735
BCS3__Cow_53,Cow_53,0,2026,V_mean,1,second,4,0,0,1,,,,,,,,
BCS4__Cow_15_68,Cow_15,0,2026,V_mean,2,first,1,1,0,3,,,,,,,,
BCS4__Cow_15_68,Cow_15,0,2026,V_mean,2,second,2,2,0,3,,,,,,,,
BCS4__Cow_17,Cow_17,0,2026,V_mean,2,first,13,4,1,3,3.0,171.7298640420105,0.3076923076923077,0.0005176647682674229,0.00412029167637229,0.39268428087234497,0.597718358039856,0.004959397949278355
BCS4__Cow_17,Cow_17,0,2026,V_mean,2,second,13,6,1,3,3.0,172.66973605171208,0.46153846153846156,0.0005505222361534834,0.004077289253473282,0.3891649842262268,0.6008484363555908,0.0053587621077895164
BCS4__Cow_19,Cow_19,0,2026,V_mean,2,first,32,27,1,2,1.0,171.24997480800033,0.84375,0.026182986795902252,0.3703599274158478,0.32840287685394287,0.26262372732162476,0.012430497445166111
BCS4__Cow_19,Cow_19,0,2026,V_mean,2,second,33,30,1,2,2.0,169.91049239817312,0.9090909090909091,0.023555736988782883,0.24174290895462036,0.3911595642566681,0.32476383447647095,0.0187778789550066
BCS4__Cow_19_0037,Cow_19,0,2026,V_mean,2,first,3,3,1,3,3.0,165.8417344296178,1.0,0.0007390916580334306,0.00895418506115675,0.42513397336006165,0.5600287318229675,0.005144018214195967
BCS4__Cow_19_0037,Cow_19,0,2026,V_mean,2,second,3,2,0,3,,,,,,,,
BCS4__Cow_2,Cow_2,0,2026,V_mean,2,first,7,5,1,3,3.0,174.4267503507631,0.7142857142857143,0.0010252880165353417,0.0025354388635605574,0.3639237582683563,0.6214089393615723,0.011106551624834538
BCS4__Cow_2,Cow_2,0,2026,V_mean,2,second,8,8,1,3,3.0,172.83144698751408,1.0,0.0012129482347518206,0.003685959381982684,0.38534998893737793,0.6004979610443115,0.00925315823405981
BCS4__Cow_23,Cow_23,0,2026,V_mean,2,first,21,10,1,2,2.0,169.2197307476981,0.47619047619047616,0.004540776368230581,0.06583146005868912,0.4860319495201111,0.4350118339061737,0.008584030903875828
BCS4__Cow_23,Cow_23,0,2026,V_mean,2,second,21,8,1,2,2.0,169.55395232177875,0.38095238095238093,0.004784068092703819,0.06423816829919815,0.48618078231811523,0.4359321594238281,0.008864883333444595
BCS4__Cow_31,Cow_31,0,2026,V_mean,2,first,6,6,1,0,0.0,169.24219404261424,1.0,0.8109138607978821,0.08805803954601288,0.04295309633016586,0.055573221296072006,0.0025018013548105955
BCS4__Cow_31,Cow_31,0,2026,V_mean,2,second,7,6,1,0,0.0,169.1895308412586,0.8571428571428571,0.9829130172729492,0.0110661955550313,0.0022577831987291574,0.003618609858676791,0.0001443976943846792
BCS4__Cow_32_0035,Cow_32,0,2026,V_mean,2,first,4,4,1,1,2.0,161.37090607601982,1.0,0.019369050860404968,0.3488366901874542,0.35017216205596924,0.2775018811225891,0.004120165482163429
BCS4__Cow_32_0035,Cow_32,0,2026,V_mean,2,second,4,4,1,1,1.0,168.98920759259374,1.0,0.017512405291199684,0.5567235350608826,0.23842011392116547,0.18499912321567535,0.0023447666317224503
BCS4__Cow_44_1,Cow_44,0,2026,V_mean,2,first,23,7,1,3,3.0,170.64047862721952,0.30434782608695654,0.0005601260927505791,0.0036678637843579054,0.3997615873813629,0.5913710594177246,0.004639326129108667
BCS4__Cow_44_1,Cow_44,0,2026,V_mean,2,second,23,15,1,3,3.0,169.04432685258152,0.6521739130434783,0.001272555673494935,0.004186456091701984,0.40005484223365784,0.5851841568946838,0.009301930665969849
BCS4__Cow_51,Cow_51,0,2026,V_mean,2,first,2,2,0,3,,,,,,,,
BCS4__Cow_51,Cow_51,0,2026,V_mean,2,second,2,2,0,3,,,,,,,,
BCS4__Cow_51_0035,Cow_51,0,2026,V_mean,2,first,2,2,0,2,,,,,,,,
BCS4__Cow_51_0035,Cow_51,0,2026,V_mean,2,second,3,2,0,2,,,,,,,,
BCS4__Cow_7,Cow_7,0,2026,V_mean,2,first,9,6,1,1,1.0,172.4528014098345,0.6666666666666666,0.028865255415439606,0.8953700065612793,0.04173814132809639,0.033815983682870865,0.00021053811360616237
BCS4__Cow_7,Cow_7,0,2026,V_mean,2,second,9,9,1,1,1.0,171.64724716991688,1.0,0.03320448100566864,0.895182728767395,0.03908129781484604,0.03236763924360275,0.00016380353190470487
BCS5__Cow_15,Cow_15,0,2026,V_mean,3,first,14,13,1,3,3.0,170.03247497541147,0.9285714285714286,0.0031891600228846073,0.026127155870199203,0.44304051995277405,0.5147649645805359,0.012878206558525562
BCS5__Cow_15,Cow_15,0,2026,V_mean,3,second,15,12,1,3,3.0,169.04112874262378,0.8,0.004175782669335604,0.03263971209526062,0.44503283500671387,0.5029410123825073,0.015210680663585663
BCS5__Cow_17_17,Cow_17,0,2026,V_mean,3,first,4,3,1,3,3.0,167.7666642351508,0.75,0.0008132183575071394,0.0037524632643908262,0.3491702675819397,0.6362509727478027,0.01001306064426899
BCS5__Cow_17_17,Cow_17,0,2026,V_mean,3,second,4,3,1,3,3.0,172.05257321065835,0.75,0.0008116353419609368,0.0034300219267606735,0.343508780002594,0.6415970325469971,0.010652524419128895
BCS5__Cow_21,Cow_21,0,2026,V_mean,3,first,13,9,1,3,3.0,171.32780419866927,0.6923076923076923,0.0009813871001824737,0.01041106041520834,0.4218025505542755,0.5601270198822021,0.006678006146103144
BCS5__Cow_21,Cow_21,0,2026,V_mean,3,second,13,9,1,3,3.0,170.68283480431631,0.6923076923076923,0.0007204140420071781,0.008923507295548916,0.4251806139945984,0.5600911378860474,0.005084400065243244
BCS5__Cow_23_1067,Cow_23,0,2026,V_mean,3,first,2,2,0,3,,,,,,,,
BCS5__Cow_23_1067,Cow_23,0,2026,V_mean,3,second,3,3,1,3,3.0,170.52493351953348,1.0,0.0005256639560684562,0.0026879070792347193,0.34474965929985046,0.644895076751709,0.007141646463423967
BCS5__Cow_25,Cow_25,0,2026,V_mean,3,first,33,11,1,1,1.0,168.21915999669343,0.3333333333333333,0.012535067275166512,0.41581422090530396,0.3287537097930908,0.23914490640163422,0.003752149874344468
BCS5__Cow_25,Cow_25,0,2026,V_mean,3,second,33,18,1,1,1.0,167.78498670253768,0.5454545454545454,0.011362222023308277,0.38902607560157776,0.3457069396972656,0.2502540349960327,0.0036507784388959408
BCS5__Cow_31_15,Cow_31,0,2026,V_mean,3,first,2,2,0,3,,,,,,,,
BCS5__Cow_31_15,Cow_31,0,2026,V_mean,3,second,2,1,0,3,,,,,,,,
BCS5__Cow_31_2024,Cow_31,0,2026,V_mean,3,first,2,2,0,3,,,,,,,,
BCS5__Cow_31_2024,Cow_31,0,2026,V_mean,3,second,3,3,1,3,3.0,169.94558330610357,1.0,0.001989586278796196,0.029426222667098045,0.4691488742828369,0.49242594838142395,0.00700927060097456
BCS5__Cow_32,Cow_32,0,2026,V_mean,3,first,7,3,1,3,3.0,172.47895182836993,0.42857142857142855,0.020847881212830544,0.004993278533220291,0.45700761675834656,0.48798683285713196,0.029164379462599754
BCS5__Cow_32,Cow_32,0,2026,V_mean,3,second,8,2,0,3,,,,,,,,
BCS5__Cow_44_3008,Cow_44,0,2026,V_mean,3,first,5,2,0,3,,,,,,,,
BCS5__Cow_44_3008,Cow_44,0,2026,V_mean,3,second,5,1,0,3,,,,,,,,
BCS5__Cow_45,Cow_45,0,2026,V_mean,3,first,12,11,1,3,3.0,169.75955555667923,0.9166666666666666,0.0005944544682279229,0.002805810421705246,0.39329537749290466,0.5980530381202698,0.005251310765743256
BCS5__Cow_45,Cow_45,0,2026,V_mean,3,second,13,13,1,3,3.0,170.28695525445863,1.0,0.0005162031156942248,0.002931185532361269,0.39737552404403687,0.5947349071502686,0.004442145116627216
BCS5__Cow_53_30,Cow_53,0,2026,V_mean,3,first,6,0,0,3,,,,,,,,
BCS5__Cow_53_30,Cow_53,0,2026,V_mean,3,second,7,4,1,3,3.0,170.97664565595858,0.5714285714285714,0.0010940138017758727,0.0036254492588341236,0.33579790592193604,0.6427883505821228,0.01669425517320633
BCS5__Cow_7_6022,Cow_7,0,2026,V_mean,3,first,2,1,0,3,,,,,,,,
BCS5__Cow_7_6022,Cow_7,0,2026,V_mean,3,second,2,2,0,3,,,,,,,,
BCS6__Cow_16_06,Cow_16,0,2026,V_mean,4,first,38,28,1,4,4.0,172.85413511564454,0.7368421052631579,0.0003076002758461982,5.647639511607849e-08,0.0006492553511634469,0.0015513470862060785,0.997491717338562
BCS6__Cow_16_06,Cow_16,0,2026,V_mean,4,second,38,34,1,4,4.0,172.7047234430375,0.8947368421052632,0.00029183714650571346,5.498971944462028e-08,0.0006515901768580079,0.0015805332222953439,0.9974760413169861
BCS6__Cow_19_29,Cow_19,0,2026,V_mean,4,first,30,26,1,4,4.0,171.93427721120312,0.8666666666666667,0.00016208691522479057,4.646819817821779e-08,0.0012371388729661703,0.0037704724818468094,0.9948301911354065
BCS6__Cow_19_29,Cow_19,0,2026,V_mean,4,second,31,26,1,4,4.0,173.26976138784778,0.8387096774193549,0.00012028542550979182,2.2079083450421422e-08,0.0008445516577921808,0.002621791325509548,0.9964132905006409
BCS6__Cow_2_6006,Cow_2,0,2026,V_mean,4,first,15,15,1,4,4.0,172.7417965819457,1.0,0.00012429628986865282,4.180643387030614e-09,0.00016957172192633152,0.00040767836617305875,0.9992985725402832
BCS6__Cow_2_6006,Cow_2,0,2026,V_mean,4,second,16,16,1,4,4.0,171.70556108359614,1.0,0.00013313928502611816,4.03410194138587e-09,0.0001595883659319952,0.00037496222648769617,0.9993321299552917
BCS6__Cow_32_34,Cow_32,0,2026,V_mean,4,first,30,4,1,4,4.0,174.5194799413863,0.13333333333333333,0.0003873943642247468,8.268404627642667e-08,0.0007290617213584483,0.0016663626302033663,0.997217059135437
BCS6__Cow_32_34,Cow_32,0,2026,V_mean,4,second,31,3,1,4,4.0,173.50613798901162,0.0967741935483871,0.0005338363698683679,1.487537275579598e-07,0.0008539863047190011,0.0018585645593702793,0.9967533946037292
BCS6__Cow_36,Cow_36,0,2026,V_mean,4,first,22,18,1,4,4.0,171.97030707515705,0.8181818181818182,0.03728465363383293,7.945955893262635e-09,0.000321394472848624,0.000472393847303465,0.9619214534759521
BCS6__Cow_36,Cow_36,0,2026,V_mean,4,second,23,19,1,4,4.0,172.6305618731255,0.8260869565217391,0.05956185236573219,2.7929381758440286e-06,0.017477847635746002,0.022006969898939133,0.9009506106376648
BCS6__Cow_36_1,Cow_36,0,2026,V_mean,4,first,25,25,1,4,4.0,172.04149234605404,1.0,0.045114368200302124,1.1311978596495464e-05,0.03826327249407768,0.04530247300863266,0.8713085651397705
BCS6__Cow_36_1,Cow_36,0,2026,V_mean,4,second,25,21,1,4,4.0,172.4849707664876,0.84,0.03494466096162796,8.874882837517362e-07,0.006392250768840313,0.008163678459823132,0.9504985809326172
BCS6__Cow_45_9025,Cow_45,0,2026,V_mean,4,first,23,23,1,4,4.0,167.66243736780427,1.0,0.00018927091150544584,3.586609409467201e-08,0.0006769818137399852,0.0018355196807533503,0.9972983002662659
BCS6__Cow_45_9025,Cow_45,0,2026,V_mean,4,second,23,8,1,4,4.0,171.78827310706663,0.34782608695652173,0.00013412612315732986,9.449261817451315e-09,0.00029705464839935303,0.0007716667023487389,0.9987971782684326
BCS6__Cow_52_29,Cow_52,0,2026,V_mean,4,first,30,24,1,4,4.0,173.87935522312824,0.8,0.0003169839328620583,5.961573634749584e-08,0.0006300973473116755,0.0014824130339547992,0.9975703358650208
BCS6__Cow_52_29,Cow_52,0,2026,V_mean,4,second,31,31,1,4,4.0,172.58243313145888,1.0,0.0002818896609824151,3.1340746886598936e-08,0.0004194915236439556,0.0009544775239191949,0.9983440637588501
BCS6__Cow_7_9008,Cow_7,0,2026,V_mean,4,first,30,13,1,4,4.0,168.7758933629712,0.43333333333333335,0.00015773427730891854,7.831690851389794e-08,0.0022307713516056538,0.007606301922351122,0.9900050759315491
BCS6__Cow_7_9008,Cow_7,0,2026,V_mean,4,second,31,6,1,4,4.0,169.86008953251417,0.1935483870967742,0.0002459583629388362,6.047346801096865e-08,0.0009658396593295038,0.002597206737846136,0.9961909055709839
BCS2__Cow_11,Cow_11,1,2026,V_mean,0,first,252,34,1,1,1.0,172.5556313138602,0.1349206349206349,0.24600425362586975,0.2548374831676483,0.2051447033882141,0.1329708695411682,0.1610427349805832
BCS2__Cow_11,Cow_11,1,2026,V_mean,0,second,252,42,1,1,1.0,172.6013977091373,0.16666666666666666,0.24601343274116516,0.25550535321235657,0.2051432728767395,0.13290958106517792,0.16042840480804443
BCS2__Cow_11_1,Cow_11,1,2026,V_mean,0,first,26,0,0,0,,,,,,,,
BCS2__Cow_11_1,Cow_11,1,2026,V_mean,0,second,26,6,1,0,0.0,170.79467556249435,0.23076923076923078,0.3657959997653961,0.25526997447013855,0.16743558645248413,0.0913105234503746,0.12018784135580063
BCS2__Cow_11_2,Cow_11,1,2026,V_mean,0,first,24,21,1,0,0.0,169.12516074311785,0.875,0.5932381749153137,0.16503871977329254,0.0963130071759224,0.05419270321726799,0.09121736139059067
BCS2__Cow_11_2,Cow_11,1,2026,V_mean,0,second,25,19,1,0,0.0,171.19605184432032,0.76,0.510504424571991,0.20713616907596588,0.11971589922904968,0.06644605100154877,0.09619743376970291
BCS3__Cow_14,Cow_14,1,2026,V_mean,1,first,8,3,1,2,2.0,162.50616462144322,0.375,0.16878736019134521,0.22801358997821808,0.23137909173965454,0.16907504200935364,0.2027449607849121
BCS3__Cow_14,Cow_14,1,2026,V_mean,1,second,9,1,0,2,,,,,,,,
BCS3__Cow_14_0011,Cow_14,1,2026,V_mean,1,first,3,2,0,0,,,,,,,,
BCS3__Cow_14_0011,Cow_14,1,2026,V_mean,1,second,4,2,0,0,,,,,,,,
BCS3__Cow_6_103,Cow_6,1,2026,V_mean,1,first,2,1,0,0,,,,,,,,
BCS3__Cow_6_103,Cow_6,1,2026,V_mean,1,second,3,3,1,0,0.0,161.55790750344187,1.0,0.501982569694519,0.22164350748062134,0.12051574885845184,0.06629358232021332,0.08956461399793625
BCS4__Cow_1,Cow_1,1,2026,V_mean,2,first,9,4,1,2,2.0,173.04281162398252,0.4444444444444444,0.15865115821361542,0.21726807951927185,0.23624736070632935,0.17326366901397705,0.21456974744796753
BCS4__Cow_1,Cow_1,1,2026,V_mean,2,second,10,5,1,2,2.0,174.1472652819167,0.5,0.15702718496322632,0.21771718561649323,0.23785041272640228,0.17265751957893372,0.21474769711494446
BCS4__Cow_26,Cow_26,1,2026,V_mean,2,first,7,3,1,2,2.0,170.32351963776654,0.42857142857142855,0.17050892114639282,0.2272566854953766,0.22861409187316895,0.16914905607700348,0.20447124540805817
BCS4__Cow_26,Cow_26,1,2026,V_mean,2,second,8,4,1,2,2.0,169.86020482669838,0.5,0.170329287648201,0.22772946953773499,0.2289806753396988,0.16905300319194794,0.2039075791835785
BCS4__Cow_26_5051,Cow_26,1,2026,V_mean,2,first,6,2,0,0,,,,,,,,
BCS4__Cow_26_5051,Cow_26,1,2026,V_mean,2,second,6,3,1,0,0.0,166.41648456959476,0.5,0.5972021818161011,0.19205646216869354,0.09441515803337097,0.04739878326654434,0.0689273551106453
BCS4__Cow_27_9008,Cow_27,1,2026,V_mean,2,first,3,2,0,0,,,,,,,,
BCS4__Cow_27_9008,Cow_27,1,2026,V_mean,2,second,4,2,0,0,,,,,,,,
BCS4__Cow_29_7007,Cow_29,1,2026,V_mean,2,first,2,2,0,0,,,,,,,,
BCS4__Cow_29_7007,Cow_29,1,2026,V_mean,2,second,3,2,0,0,,,,,,,,
BCS4__Cow_33,Cow_33,1,2026,V_mean,2,first,52,16,1,2,2.0,169.794811507377,0.3076923076923077,0.1576317548751831,0.21828624606132507,0.23576010763645172,0.17320603132247925,0.21511588990688324
BCS4__Cow_33,Cow_33,1,2026,V_mean,2,second,53,5,1,2,2.0,169.01401861688544,0.09433962264150944,0.15313167870044708,0.2182261198759079,0.23899799585342407,0.17232705652713776,0.21731717884540558
BCS4__Cow_4,Cow_4,1,2026,V_mean,2,first,2,2,0,2,,,,,,,,
BCS4__Cow_4,Cow_4,1,2026,V_mean,2,second,2,2,0,2,,,,,,,,
BCS4__Cow_41,Cow_41,1,2026,V_mean,2,first,30,3,1,2,2.0,173.58252888296627,0.1,0.15810278058052063,0.22285141050815582,0.23886732757091522,0.16961027681827545,0.21056820452213287
BCS4__Cow_41,Cow_41,1,2026,V_mean,2,second,31,0,0,2,,,,,,,,
BCS4__Cow_48,Cow_48,1,2026,V_mean,2,first,6,0,0,1,,,,,,,,
BCS4__Cow_48,Cow_48,1,2026,V_mean,2,second,7,3,1,1,1.0,170.07276567517712,0.42857142857142855,0.24743302166461945,0.26254767179489136,0.19968612492084503,0.13236559927463531,0.15796753764152527
BCS4__Cow_4_1,Cow_4,1,2026,V_mean,2,first,19,19,1,1,1.0,167.79957045946657,1.0,0.17466005682945251,0.2370360940694809,0.22891876101493835,0.1616813838481903,0.19770367443561554
BCS4__Cow_4_1,Cow_4,1,2026,V_mean,2,second,20,20,1,1,1.0,162.49650676010418,1.0,0.18228521943092346,0.24126498401165009,0.22531133890151978,0.15829339623451233,0.19284504652023315
BCS4__Cow_6,Cow_6,1,2026,V_mean,2,first,21,3,1,1,1.0,169.33535424534642,0.14285714285714285,0.20226942002773285,0.23739753663539886,0.21458542346954346,0.15960821509361267,0.18613940477371216
BCS4__Cow_6,Cow_6,1,2026,V_mean,2,second,21,4,1,1,1.0,168.0633817100955,0.19047619047619047,0.18601322174072266,0.22920560836791992,0.22181645035743713,0.1671823263168335,0.19578248262405396
BCS5__Cow_12_NOTAG,Cow_12,1,2026,V_mean,3,first,2,2,0,2,,,,,,,,
BCS5__Cow_12_NOTAG,Cow_12,1,2026,V_mean,3,second,2,1,0,2,,,,,,,,
BCS5__Cow_13,Cow_13,1,2026,V_mean,3,first,11,9,1,1,2.0,172.19697143162998,0.8181818181818182,0.1689695119857788,0.22890540957450867,0.22930946946144104,0.1681976616382599,0.20461788773536682
BCS5__Cow_13,Cow_13,1,2026,V_mean,3,second,12,11,1,1,1.0,173.49780915168796,0.9166666666666666,0.17554323375225067,0.23337700963020325,0.22687357664108276,0.16488252580165863,0.19932369887828827
BCS5__Cow_13_8001,Cow_13,1,2026,V_mean,3,first,2,1,0,0,,,,,,,,
BCS5__Cow_13_8001,Cow_13,1,2026,V_mean,3,second,2,2,0,0,,,,,,,,
BCS5__Cow_1_27,Cow_1,1,2026,V_mean,3,first,2,1,0,2,,,,,,,,
BCS5__Cow_1_27,Cow_1,1,2026,V_mean,3,second,2,2,0,2,,,,,,,,
BCS5__Cow_27,Cow_27,1,2026,V_mean,3,first,21,11,1,1,1.0,168.83613076599408,0.5238095238095238,0.1810387820005417,0.23004142940044403,0.2244402915239334,0.16515733301639557,0.1993221491575241
BCS5__Cow_27,Cow_27,1,2026,V_mean,3,second,21,10,1,1,2.0,169.79075233536037,0.47619047619047616,0.17314021289348602,0.22732605040073395,0.2284756600856781,0.16917362809181213,0.2018844187259674
BCS5__Cow_29,Cow_29,1,2026,V_mean,3,first,15,12,1,2,2.0,170.6798081627203,0.8,0.16247308254241943,0.2228882759809494,0.23218630254268646,0.17077188193798065,0.21168044209480286
BCS5__Cow_29,Cow_29,1,2026,V_mean,3,second,15,13,1,2,2.0,171.21781445127687,0.8666666666666667,0.15934009850025177,0.22273634374141693,0.23444581031799316,0.17156557738780975,0.21191219985485077
BCS5__Cow_37,Cow_37,1,2026,V_mean,3,first,14,13,1,2,2.0,171.7284788800338,0.9285714285714286,0.1631784737110138,0.22192101180553436,0.2313670665025711,0.1730325073003769,0.21050097048282623
BCS5__Cow_37,Cow_37,1,2026,V_mean,3,second,14,13,1,2,2.0,171.82204303655806,0.9285714285714286,0.16096381843090057,0.2217695116996765,0.23292289674282074,0.17364616692066193,0.21069757640361786
BCS5__Cow_37_and_38,Cow_37,1,2026,V_mean,3,first,12,3,1,2,2.0,170.93735033593998,0.25,0.15431569516658783,0.22384600341320038,0.24058160185813904,0.1681293547153473,0.21312730014324188
BCS5__Cow_37_and_38,Cow_37,1,2026,V_mean,3,second,12,0,0,2,,,,,,,,
BCS5__Cow_43,Cow_43,1,2026,V_mean,3,first,19,18,1,2,2.0,170.47077476416072,0.9473684210526315,0.16374875605106354,0.22629064321517944,0.23238758742809296,0.17088454961776733,0.20668847858905792
BCS5__Cow_43,Cow_43,1,2026,V_mean,3,second,19,19,1,2,2.0,168.14633581369202,1.0,0.16291822493076324,0.22309832274913788,0.23227012157440186,0.17251500487327576,0.20919831097126007
BCS5__Cow_48_1018,Cow_48,1,2026,V_mean,3,first,1,1,0,2,,,,,,,,
BCS5__Cow_48_1018,Cow_48,1,2026,V_mean,3,second,2,2,0,2,,,,,,,,
BCS5__Cow_54,Cow_54,1,2026,V_mean,3,first,3,3,1,1,2.0,170.27827530308326,1.0,0.16206477582454681,0.22484533488750458,0.2326662838459015,0.17043863236904144,0.20998495817184448
BCS5__Cow_54,Cow_54,1,2026,V_mean,3,second,4,3,1,1,1.0,170.27605091057677,0.75,0.18087252974510193,0.24324586987495422,0.2274807244539261,0.15711049735546112,0.19129031896591187
BCS5__Cow_6_5051,Cow_6,1,2026,V_mean,3,first,2,2,0,2,,,,,,,,
BCS5__Cow_6_5051,Cow_6,1,2026,V_mean,3,second,3,1,0,2,,,,,,,,
BCS6__Cow_11_07,Cow_11,1,2026,V_mean,4,first,20,12,1,4,4.0,172.86655597325085,0.6,0.1608814150094986,0.19398675858974457,0.22309522330760956,0.1769210249185562,0.24511563777923584
BCS6__Cow_11_07,Cow_11,1,2026,V_mean,4,second,21,15,1,4,4.0,172.87282894786617,0.7142857142857143,0.1608218550682068,0.18945172429084778,0.22089150547981262,0.1768037974834442,0.252031147480011
BCS6__Cow_12_2014,Cow_12,1,2026,V_mean,4,first,24,19,1,0,0.0,172.3808842485783,0.7916666666666666,0.6383132338523865,0.12140435725450516,0.07855264842510223,0.04478437826037407,0.11694537848234177
BCS6__Cow_12_2014,Cow_12,1,2026,V_mean,4,second,25,20,1,0,0.0,173.46500543816205,0.8,0.5892702341079712,0.14771896600723267,0.09362620860338211,0.0529743991792202,0.11641017347574234
BCS6__Cow_13_66,Cow_13,1,2026,V_mean,4,first,23,5,1,4,0.0,172.0171087398665,0.21739130434782608,0.2432146966457367,0.19952623546123505,0.19445903599262238,0.14125515520572662,0.22154493629932404
BCS6__Cow_13_66,Cow_13,1,2026,V_mean,4,second,23,15,1,4,4.0,169.6996595059602,0.6521739130434783,0.2024988979101181,0.19302161037921906,0.20712515711784363,0.15963125228881836,0.23772312700748444
BCS6__Cow_26_6,Cow_26,1,2026,V_mean,4,first,30,1,0,4,,,,,,,,
BCS6__Cow_26_6,Cow_26,1,2026,V_mean,4,second,31,8,1,4,4.0,172.82806196978373,0.25806451612903225,0.1730371117591858,0.19223058223724365,0.21673554182052612,0.17092467844486237,0.24707207083702087
BCS6__Cow_29_NOTAG,Cow_29,1,2026,V_mean,4,first,23,16,1,4,4.0,169.1091775327788,0.6956521739130435,0.1596953421831131,0.18165987730026245,0.2166650891304016,0.1697995662689209,0.27218011021614075
BCS6__Cow_29_NOTAG,Cow_29,1,2026,V_mean,4,second,23,18,1,4,4.0,170.85017686852498,0.782608695652174,0.1665833294391632,0.18359504640102386,0.2147834300994873,0.16918806731700897,0.26585012674331665
BCS6__Cow_35,Cow_35,1,2026,V_mean,4,first,22,14,1,4,4.0,172.93680770114165,0.6363636363636364,0.17886857688426971,0.1972537636756897,0.21947938203811646,0.15172863006591797,0.25266966223716736
BCS6__Cow_35,Cow_35,1,2026,V_mean,4,second,23,10,1,4,4.0,173.128046766217,0.43478260869565216,0.17495197057724,0.20022396743297577,0.22248631715774536,0.15480715036392212,0.24753059446811676
BCS6__Cow_4_103,Cow_4,1,2026,V_mean,4,first,30,22,1,4,4.0,170.59748584169137,0.7333333333333333,0.17295941710472107,0.1852906048297882,0.21407759189605713,0.1724380999803543,0.25523433089256287
BCS6__Cow_4_103,Cow_4,1,2026,V_mean,4,second,31,25,1,4,4.0,173.1729468654868,0.8064516129032258,0.18762783706188202,0.1886935830116272,0.21027213335037231,0.1654013842344284,0.24800504744052887
BCS2__Cow_5_1,Cow_5,2,2026,V_mean,0,first,23,8,1,4,4.0,171.41654572431042,0.34782608695652173,0.0016486935783177614,5.489097748068161e-05,0.0028772775549441576,0.007629231084138155,0.9877898693084717
BCS2__Cow_5_1,Cow_5,2,2026,V_mean,0,second,23,2,0,4,,,,,,,,
BCS3__Cow_20_0029,Cow_20,2,2026,V_mean,1,first,2,2,0,3,,,,,,,,
BCS3__Cow_20_0029,Cow_20,2,2026,V_mean,1,second,2,2,0,3,,,,,,,,
BCS3__Cow_22,Cow_22,2,2026,V_mean,1,first,39,10,1,1,1.0,169.71626312395244,0.2564102564102564,0.1494535356760025,0.7176943421363831,0.11024739593267441,0.020436445251107216,0.002168264938518405
BCS3__Cow_22,Cow_22,2,2026,V_mean,1,second,40,10,1,1,1.0,172.8720273076455,0.25,0.18417029082775116,0.676180899143219,0.11628802120685577,0.020885299891233444,0.0024754845071583986
BCS3__Cow_22_1,Cow_22,2,2026,V_mean,1,first,3,2,0,1,,,,,,,,
BCS3__Cow_22_1,Cow_22,2,2026,V_mean,1,second,4,4,1,1,1.0,171.09428579453942,1.0,0.12130478024482727,0.7490049004554749,0.10703656822443008,0.02068820782005787,0.0019655872602015734
BCS4__Cow_10,Cow_10,2,2026,V_mean,2,first,36,9,1,3,3.0,172.21630985676052,0.25,0.011874843388795853,0.05011637508869171,0.31519457697868347,0.5723737478256226,0.05044039338827133
BCS4__Cow_10,Cow_10,2,2026,V_mean,2,second,36,32,1,3,3.0,167.3531618530045,0.8888888888888888,0.011429870501160622,0.061147306114435196,0.3280603289604187,0.5569360256195068,0.042426444590091705
BCS4__Cow_10_2038,Cow_10,2,2026,V_mean,2,first,2,2,0,1,,,,,,,,
BCS4__Cow_10_2038,Cow_10,2,2026,V_mean,2,second,2,2,0,1,,,,,,,,
BCS4__Cow_22_6005,Cow_22,2,2026,V_mean,2,first,2,2,0,3,,,,,,,,
BCS4__Cow_22_6005,Cow_22,2,2026,V_mean,2,second,3,2,0,3,,,,,,,,
BCS4__Cow_30,Cow_30,2,2026,V_mean,2,first,7,4,1,3,3.0,170.3642225349182,0.5714285714285714,0.013099691830575466,0.1284036636352539,0.3635464310646057,0.4683055877685547,0.02664455771446228
BCS4__Cow_30,Cow_30,2,2026,V_mean,2,second,7,0,0,3,,,,,,,,
BCS4__Cow_42,Cow_42,2,2026,V_mean,2,first,13,6,1,3,3.0,170.1643043577007,0.46153846153846156,0.010421986691653728,0.012811573222279549,0.2003895342350006,0.5528145432472229,0.22356237471103668
BCS4__Cow_42,Cow_42,2,2026,V_mean,2,second,14,5,1,3,3.0,168.7018330479923,0.35714285714285715,0.014250013045966625,0.022830050438642502,0.24182537198066711,0.5548489689826965,0.16624559462070465
BCS4__Cow_47_1,Cow_47,2,2026,V_mean,2,first,3,3,1,3,2.0,165.6616691349082,1.0,0.00961766205728054,0.2795967161655426,0.3730316162109375,0.3287557363510132,0.008998308330774307
BCS4__Cow_47_1,Cow_47,2,2026,V_mean,2,second,4,4,1,3,3.0,167.72901295451248,1.0,0.007462793495506048,0.14266054332256317,0.37841466069221497,0.457124263048172,0.014337748289108276
BCS4__Cow_49,Cow_49,2,2026,V_mean,2,first,4,3,1,3,2.0,160.51190280932127,0.75,0.008420814760029316,0.27032655477523804,0.3746751546859741,0.33798748254776,0.008590023964643478
BCS4__Cow_49,Cow_49,2,2026,V_mean,2,second,5,4,1,3,3.0,171.35377573323314,0.8,0.008162309415638447,0.15630647540092468,0.378207266330719,0.4428408741950989,0.014483089558780193
BCS4__Cow_55,Cow_55,2,2026,V_mean,2,first,2,2,0,3,,,,,,,,
BCS4__Cow_55,Cow_55,2,2026,V_mean,2,second,3,2,0,3,,,,,,,,
BCS4__Cow_8,Cow_8,2,2026,V_mean,2,first,19,16,1,3,3.0,169.33989342131102,0.8421052631578947,0.007700313813984394,0.04579084739089012,0.3197476863861084,0.5906916260719299,0.03606949374079704
BCS4__Cow_8,Cow_8,2,2026,V_mean,2,second,20,10,1,3,3.0,170.37019965622022,0.5,0.008007574826478958,0.04244527593255043,0.3130702078342438,0.5966311693191528,0.03984573110938072
BCS4__Cow_9,Cow_9,2,2026,V_mean,2,first,13,10,1,3,3.0,165.60707693826612,0.7692307692307693,0.005834917072206736,0.12190873175859451,0.38166141510009766,0.47806093096733093,0.01253394316881895
BCS4__Cow_9,Cow_9,2,2026,V_mean,2,second,13,9,1,3,3.0,163.28626852803404,0.6923076923076923,0.0060405670665204525,0.10793871432542801,0.3760386109352112,0.4956733286380768,0.014308757148683071
BCS5__Cow_10_0029,Cow_10,2,2026,V_mean,3,first,3,2,0,3,,,,,,,,
BCS5__Cow_10_0029,Cow_10,2,2026,V_mean,3,second,4,3,1,3,3.0,171.90375742110592,0.75,0.008728209882974625,0.04125223308801651,0.2998356819152832,0.6026725172996521,0.047511398792266846
BCS5__Cow_24,Cow_24,2,2026,V_mean,3,first,12,6,1,3,3.0,171.30001837958278,0.5,0.011205056682229042,0.05380500853061676,0.31803184747695923,0.5694372653961182,0.047520872205495834
BCS5__Cow_24,Cow_24,2,2026,V_mean,3,second,13,6,1,3,3.0,171.616904682423,0.46153846153846156,0.010377347469329834,0.05126050487160683,0.31667786836624146,0.5758821368217468,0.04580216482281685
BCS5__Cow_24_7022,Cow_24,2,2026,V_mean,3,first,2,2,0,3,,,,,,,,
BCS5__Cow_24_7022,Cow_24,2,2026,V_mean,3,second,2,1,0,3,,,,,,,,
BCS5__Cow_28,Cow_28,2,2026,V_mean,3,first,15,14,1,3,3.0,170.49482846285264,0.9333333333333333,0.0060912142507731915,0.051014743745326996,0.3324081003665924,0.584083080291748,0.02640286460518837
BCS5__Cow_28,Cow_28,2,2026,V_mean,3,second,15,14,1,3,3.0,169.84204428054258,0.9333333333333333,0.005915777757763863,0.040628138929605484,0.31786367297172546,0.6046726703643799,0.030919793993234634
BCS5__Cow_28_4024,Cow_28,2,2026,V_mean,3,first,3,2,0,3,,,,,,,,
BCS5__Cow_28_4024,Cow_28,2,2026,V_mean,3,second,3,1,0,3,,,,,,,,
BCS5__Cow_3,Cow_3,2,2026,V_mean,3,first,9,7,1,0,0.0,170.79992864517618,0.7777777777777778,0.6174980401992798,0.20862989127635956,0.13560210168361664,0.02735123224556446,0.01091880165040493
BCS5__Cow_3,Cow_3,2,2026,V_mean,3,second,10,3,1,0,0.0,172.37723937450326,0.3,0.5249889492988586,0.2875061333179474,0.14699913561344147,0.03062729723751545,0.009878488257527351
BCS5__Cow_30_30,Cow_30,2,2026,V_mean,3,first,3,2,0,3,,,,,,,,
BCS5__Cow_30_30,Cow_30,2,2026,V_mean,3,second,4,4,1,3,3.0,172.5049835085633,1.0,0.009971150197088718,0.06582646071910858,0.32479384541511536,0.5613267421722412,0.0380818247795105
BCS5__Cow_34,Cow_34,2,2026,V_mean,3,first,20,7,1,0,0.0,171.20187503860788,0.35,0.45697540044784546,0.13006703555583954,0.2538931667804718,0.10416043549776077,0.05490399897098541
BCS5__Cow_34,Cow_34,2,2026,V_mean,3,second,20,2,0,0,,,,,,,,
BCS5__Cow_34_1,Cow_34,2,2026,V_mean,3,first,9,4,1,3,3.0,164.49300765045263,0.4444444444444444,0.03464413061738014,0.0665193647146225,0.3462611436843872,0.4633949100971222,0.08918041735887527
BCS5__Cow_34_1,Cow_34,2,2026,V_mean,3,second,9,0,0,3,,,,,,,,
BCS5__Cow_50,Cow_50,2,2026,V_mean,3,first,19,19,1,3,3.0,173.00417166918672,1.0,0.010640908032655716,0.07857274264097214,0.3441677689552307,0.5342084765434265,0.03241011127829552
BCS5__Cow_50,Cow_50,2,2026,V_mean,3,second,20,20,1,3,3.0,173.47441765066134,1.0,0.01120977196842432,0.07932204753160477,0.3430697023868561,0.5324991941452026,0.033899322152137756
BCS5__Cow_50_49,Cow_50,2,2026,V_mean,3,first,1,1,0,3,,,,,,,,
BCS5__Cow_50_49,Cow_50,2,2026,V_mean,3,second,2,2,0,3,,,,,,,,
BCS5__Cow_8_NOTAG,Cow_8,2,2026,V_mean,3,first,3,2,0,3,,,,,,,,
BCS5__Cow_8_NOTAG,Cow_8,2,2026,V_mean,3,second,4,2,0,3,,,,,,,,
BCS6__Cow_18,Cow_18,2,2026,V_mean,4,first,23,14,1,3,4.0,168.67690559642762,0.6086956521739131,0.03098464570939541,0.022871561348438263,0.2073380947113037,0.3455790579319,0.393226683139801
BCS6__Cow_18,Cow_18,2,2026,V_mean,4,second,23,19,1,3,4.0,171.81580331821024,0.8260869565217391,0.03946421667933464,0.016001682728528976,0.1406819224357605,0.2236078530550003,0.5802443623542786
BCS6__Cow_18_32,Cow_18,2,2026,V_mean,4,first,28,22,1,4,4.0,172.5739879869971,0.7857142857142857,0.004153456073254347,0.0006160988705232739,0.015600389800965786,0.04968884214758873,0.9299411177635193
BCS6__Cow_18_32,Cow_18,2,2026,V_mean,4,second,29,24,1,4,4.0,173.69566006487963,0.8275862068965517,0.004636405035853386,0.0007264099549502134,0.017700273543596268,0.05566566810011864,0.9212712645530701
BCS6__Cow_24_08,Cow_24,2,2026,V_mean,4,first,15,6,1,4,4.0,173.43962274306995,0.4,0.06763772666454315,0.0060187834315001965,0.05560227110981941,0.06337182968854904,0.8073694109916687
BCS6__Cow_24_08,Cow_24,2,2026,V_mean,4,second,16,16,1,4,4.0,173.7365540074403,1.0,0.056874826550483704,0.008034300990402699,0.06788370758295059,0.08731091022491455,0.7798962593078613
BCS6__Cow_28_3083,Cow_28,2,2026,V_mean,4,first,23,15,1,4,4.0,172.54620092302903,0.6521739130434783,0.003666921518743038,0.00039734059828333557,0.010800379328429699,0.032837457954883575,0.9522979855537415
BCS6__Cow_28_3083,Cow_28,2,2026,V_mean,4,second,23,3,1,4,4.0,173.9377670211239,0.13043478260869565,0.002048119669780135,0.00010261632269248366,0.003708565142005682,0.010319623164832592,0.9838211536407471
BCS6__Cow_3_25,Cow_3,2,2026,V_mean,4,first,23,2,0,4,,,,,,,,
BCS6__Cow_3_25,Cow_3,2,2026,V_mean,4,second,23,20,1,4,4.0,173.52042940500343,0.8695652173913043,0.006339872721582651,0.0005726881790906191,0.01060551404953003,0.024316919967532158,0.9581649899482727
BCS6__Cow_47_68,Cow_47,2,2026,V_mean,4,first,15,15,1,4,4.0,170.71022282165904,1.0,0.00255372142419219,0.0001283820456592366,0.004104244988411665,0.010622464120388031,0.9825912117958069
BCS6__Cow_47_68,Cow_47,2,2026,V_mean,4,second,16,16,1,4,4.0,171.90265154411452,1.0,0.0020598024129867554,9.205099195241928e-05,0.0033268057741224766,0.008783621713519096,0.985737681388855
BCS6__Cow_9_1044,Cow_9,2,2026,V_mean,4,first,23,19,1,4,4.0,167.41661613531923,0.8260869565217391,0.0037533112335950136,0.0005537034594453871,0.015319284982979298,0.05053653195500374,0.929837167263031
BCS6__Cow_9_1044,Cow_9,2,2026,V_mean,4,second,23,17,1,4,4.0,167.85517199648052,0.7391304347826086,0.0026809754781425,0.00021799534442834556,0.006911373697221279,0.020945269614458084,0.9692444205284119
BCS2__Cow_21_8029,Cow_21,0,2027,V_mean,0,first,30,15,1,4,4.0,164.0653610753726,0.5,0.04362831264734268,1.0130175724043511e-05,0.0028164389077574015,0.006398046854883432,0.9471471905708313
BCS2__Cow_21_8029,Cow_21,0,2027,V_mean,0,second,31,2,0,4,,,,,,,,
BCS3__Cow_16,Cow_16,0,2027,V_mean,1,first,22,7,1,3,3.0,165.77273861474427,0.3181818181818182,9.111542749451473e-05,0.004715870600193739,0.4040457010269165,0.5843935608863831,0.006753749679774046
BCS3__Cow_16,Cow_16,0,2027,V_mean,1,second,22,13,1,3,3.0,163.54724035520573,0.5909090909090909,5.7842436945065856e-05,0.003408455988392234,0.3944847583770752,0.5964015126228333,0.005647482816129923
BCS3__Cow_16_1004,Cow_16,0,2027,V_mean,1,first,2,1,0,2,,,,,,,,
BCS3__Cow_16_1004,Cow_16,0,2027,V_mean,1,second,2,2,0,2,,,,,,,,
BCS3__Cow_25_66,Cow_25,0,2027,V_mean,1,first,2,2,0,2,,,,,,,,
BCS3__Cow_25_66,Cow_25,0,2027,V_mean,1,second,3,1,0,2,,,,,,,,
BCS3__Cow_2_1015,Cow_2,0,2027,V_mean,1,first,2,2,0,3,,,,,,,,
BCS3__Cow_2_1015,Cow_2,0,2027,V_mean,1,second,3,2,0,3,,,,,,,,
BCS3__Cow_46,Cow_46,0,2027,V_mean,1,first,30,16,1,2,2.0,166.20161861967796,0.5333333333333333,0.0018471836810931563,0.09122346341609955,0.5392094850540161,0.3606800436973572,0.00703982450067997
BCS3__Cow_46,Cow_46,0,2027,V_mean,1,second,30,1,0,2,,,,,,,,
BCS3__Cow_46_1,Cow_46,0,2027,V_mean,1,first,19,9,1,1,1.0,162.44824920426407,0.47368421052631576,0.014159662649035454,0.7868456840515137,0.11868602782487869,0.0792471319437027,0.0010615175124257803
BCS3__Cow_46_1,Cow_46,0,2027,V_mean,1,second,20,0,0,1,,,,,,,,
BCS3__Cow_46_2,Cow_46,0,2027,V_mean,1,first,3,2,0,1,,,,,,,,
BCS3__Cow_46_2,Cow_46,0,2027,V_mean,1,second,3,1,0,1,,,,,,,,
BCS3__Cow_53,Cow_53,0,2027,V_mean,1,first,3,3,1,2,2.0,168.2141197338734,1.0,0.007582636550068855,0.20508810877799988,0.4703786075115204,0.3070566952228546,0.009894023649394512
BCS3__Cow_53,Cow_53,0,2027,V_mean,1,second,4,0,0,2,,,,,,,,
BCS4__Cow_15_68,Cow_15,0,2027,V_mean,2,first,1,1,0,3,,,,,,,,
BCS4__Cow_15_68,Cow_15,0,2027,V_mean,2,second,2,2,0,3,,,,,,,,
BCS4__Cow_17,Cow_17,0,2027,V_mean,2,first,13,4,1,3,3.0,171.7298640420105,0.3076923076923077,2.254838909721002e-05,0.001556629198603332,0.3656289279460907,0.6287627220153809,0.004029168747365475
BCS4__Cow_17,Cow_17,0,2027,V_mean,2,second,13,6,1,3,3.0,172.66973605171208,0.46153846153846156,2.9699396691285074e-05,0.0019110598368570209,0.3740277588367462,0.61965012550354,0.0043813507072627544
BCS4__Cow_19,Cow_19,0,2027,V_mean,2,first,32,27,1,2,1.0,171.24997480800033,0.84375,0.01058850809931755,0.5013768076896667,0.29256024956703186,0.19020701944828033,0.00526739377528429
BCS4__Cow_19,Cow_19,0,2027,V_mean,2,second,33,30,1,2,2.0,169.91049239817312,0.9090909090909091,0.006250464823096991,0.2659374475479126,0.435397744178772,0.2837376296520233,0.008676639758050442
BCS4__Cow_19_0037,Cow_19,0,2027,V_mean,2,first,3,3,1,3,3.0,165.8417344296178,1.0,2.382874663453549e-05,0.002146377693861723,0.3854178786277771,0.6087693572044373,0.0036425974685698748
BCS4__Cow_19_0037,Cow_19,0,2027,V_mean,2,second,3,2,0,3,,,,,,,,
BCS4__Cow_2,Cow_2,0,2027,V_mean,2,first,7,5,1,3,3.0,174.4267503507631,0.7142857142857143,6.02346881350968e-05,0.0016431668773293495,0.3388785719871521,0.6499719619750977,0.00944608822464943
BCS4__Cow_2,Cow_2,0,2027,V_mean,2,second,8,8,1,3,3.0,172.83144698751408,1.0,7.293451926670969e-05,0.001777558121830225,0.3382808268070221,0.6492031216621399,0.010665577836334705
BCS4__Cow_23,Cow_23,0,2027,V_mean,2,first,21,10,1,3,3.0,169.2197307476981,0.47619047619047616,0.00037926246295683086,0.018389388918876648,0.46390649676322937,0.5077981352806091,0.009526754729449749
BCS4__Cow_23,Cow_23,0,2027,V_mean,2,second,21,8,1,3,3.0,169.55395232177875,0.38095238095238093,0.00041814224096015096,0.01923266239464283,0.46591609716415405,0.5044860243797302,0.009947109036147594
BCS4__Cow_31,Cow_31,0,2027,V_mean,2,first,6,6,1,0,0.0,169.24219404261424,1.0,0.6482270956039429,0.2777070701122284,0.028861695900559425,0.041342802345752716,0.0038613569922745228
BCS4__Cow_31,Cow_31,0,2027,V_mean,2,second,7,6,1,0,0.0,169.1895308412586,0.8571428571428571,0.8311295509338379,0.10854266583919525,0.021428393200039864,0.032998669892549515,0.005900710821151733
BCS4__Cow_32_0035,Cow_32,0,2027,V_mean,2,first,4,4,1,2,2.0,161.37090607601982,1.0,0.0007567740976810455,0.03343552350997925,0.49322181940078735,0.46200031042099,0.010585644282400608
BCS4__Cow_32_0035,Cow_32,0,2027,V_mean,2,second,4,4,1,2,2.0,168.98920759259374,1.0,0.0011741158086806536,0.07359089702367783,0.5317671298980713,0.38617587089538574,0.007291989400982857
BCS4__Cow_44_1,Cow_44,0,2027,V_mean,2,first,23,7,1,3,3.0,170.64047862721952,0.30434782608695654,1.4061528418096714e-05,0.0009314955677837133,0.3461091220378876,0.6492839455604553,0.0036614215932786465
BCS4__Cow_44_1,Cow_44,0,2027,V_mean,2,second,23,15,1,3,3.0,169.04432685258152,0.6521739130434783,7.4308569310233e-05,0.0030310729052871466,0.3851504623889923,0.6050954461097717,0.00664864294230938
BCS4__Cow_51,Cow_51,0,2027,V_mean,2,first,2,2,0,3,,,,,,,,
BCS4__Cow_51,Cow_51,0,2027,V_mean,2,second,2,2,0,3,,,,,,,,
BCS4__Cow_51_0035,Cow_51,0,2027,V_mean,2,first,2,2,0,3,,,,,,,,
BCS4__Cow_51_0035,Cow_51,0,2027,V_mean,2,second,3,2,0,3,,,,,,,,
BCS4__Cow_7,Cow_7,0,2027,V_mean,2,first,9,6,1,2,2.0,172.4528014098345,0.6666666666666666,0.00676428247243166,0.30262690782546997,0.4244093894958496,0.25990030169487,0.006299093831330538
BCS4__Cow_7,Cow_7,0,2027,V_mean,2,second,9,9,1,2,2.0,171.64724716991688,1.0,0.007077307440340519,0.3255985379219055,0.41107162833213806,0.25061002373695374,0.005642516538500786
BCS5__Cow_15,Cow_15,0,2027,V_mean,3,first,14,13,1,2,2.0,170.03247497541147,0.9285714285714286,0.001182164647616446,0.040718864649534225,0.4881303608417511,0.45714282989501953,0.012825812213122845
BCS5__Cow_15,Cow_15,0,2027,V_mean,3,second,15,12,1,2,2.0,169.04112874262378,0.8,0.0011348181869834661,0.039786580950021744,0.48619475960731506,0.45985352993011475,0.013030319474637508
BCS5__Cow_17_17,Cow_17,0,2027,V_mean,3,first,4,3,1,3,3.0,167.7666642351508,0.75,1.2261331903573591e-05,0.00039708783151581883,0.27371934056282043,0.7176750302314758,0.008196300826966763
BCS5__Cow_17_17,Cow_17,0,2027,V_mean,3,second,4,3,1,3,3.0,172.05257321065835,0.75,1.5113108929654118e-05,0.0003643343225121498,0.2642461657524109,0.7241332530975342,0.011241085827350616
BCS5__Cow_21,Cow_21,0,2027,V_mean,3,first,13,9,1,3,3.0,171.32780419866927,0.6923076923076923,3.556726369424723e-05,0.0031548875849694014,0.4049401581287384,0.5879506468772888,0.003918766044080257
BCS5__Cow_21,Cow_21,0,2027,V_mean,3,second,13,9,1,3,3.0,170.68283480431631,0.6923076923076923,2.4462382498313673e-05,0.002450208878144622,0.39664995670318604,0.5975436568260193,0.003331702435389161
BCS5__Cow_23_1067,Cow_23,0,2027,V_mean,3,first,2,2,0,3,,,,,,,,
BCS5__Cow_23_1067,Cow_23,0,2027,V_mean,3,second,3,3,1,3,3.0,170.52493351953348,1.0,1.0492603905731812e-05,0.0002493515785317868,0.2550356686115265,0.7343361973762512,0.010368344374001026
BCS5__Cow_25,Cow_25,0,2027,V_mean,3,first,33,11,1,2,2.0,168.21915999669343,0.3333333333333333,0.0007163247209973633,0.03249945491552353,0.48211467266082764,0.47333842515945435,0.011331150308251381
BCS5__Cow_25,Cow_25,0,2027,V_mean,3,second,33,18,1,2,2.0,167.78498670253768,0.5454545454545454,0.0006589433760382235,0.03190820291638374,0.4851912260055542,0.47171539068222046,0.010526265949010849
BCS5__Cow_31_15,Cow_31,0,2027,V_mean,3,first,2,2,0,3,,,,,,,,
BCS5__Cow_31_15,Cow_31,0,2027,V_mean,3,second,2,1,0,3,,,,,,,,
BCS5__Cow_31_2024,Cow_31,0,2027,V_mean,3,first,2,2,0,3,,,,,,,,
BCS5__Cow_31_2024,Cow_31,0,2027,V_mean,3,second,3,3,1,3,3.0,169.94558330610357,1.0,3.847278276225552e-05,0.0034153671003878117,0.4020554721355438,0.5902697443962097,0.004220970440655947
BCS5__Cow_32,Cow_32,0,2027,V_mean,3,first,7,3,1,3,3.0,172.47895182836993,0.42857142857142855,0.001860550488345325,0.003598104929551482,0.32907912135124207,0.585257351398468,0.08020493388175964
BCS5__Cow_32,Cow_32,0,2027,V_mean,3,second,8,2,0,3,,,,,,,,
BCS5__Cow_44_3008,Cow_44,0,2027,V_mean,3,first,5,2,0,3,,,,,,,,
BCS5__Cow_44_3008,Cow_44,0,2027,V_mean,3,second,5,1,0,3,,,,,,,,
BCS5__Cow_45,Cow_45,0,2027,V_mean,3,first,12,11,1,3,3.0,169.75955555667923,0.9166666666666666,2.728705294430256e-05,0.0014134180964902043,0.3576454520225525,0.6360794305801392,0.004834451712667942
BCS5__Cow_45,Cow_45,0,2027,V_mean,3,second,13,13,1,3,3.0,170.28695525445863,1.0,1.9626615539891645e-05,0.0011192570673301816,0.35026824474334717,0.6443076133728027,0.004285302013158798
BCS5__Cow_53_30,Cow_53,0,2027,V_mean,3,first,6,0,0,3,,,,,,,,
BCS5__Cow_53_30,Cow_53,0,2027,V_mean,3,second,7,4,1,3,3.0,170.97664565595858,0.5714285714285714,2.596952981548384e-05,0.0005899891839362681,0.27760177850723267,0.7088948488235474,0.01288737915456295
BCS5__Cow_7_6022,Cow_7,0,2027,V_mean,3,first,2,1,0,3,,,,,,,,
BCS5__Cow_7_6022,Cow_7,0,2027,V_mean,3,second,2,2,0,3,,,,,,,,
BCS6__Cow_16_06,Cow_16,0,2027,V_mean,4,first,38,28,1,4,4.0,172.85413511564454,0.7368421052631579,8.483306737616658e-05,1.3600656245671416e-07,0.002710811560973525,0.017782073467969894,0.9794220924377441
BCS6__Cow_16_06,Cow_16,0,2027,V_mean,4,second,38,34,1,4,4.0,172.7047234430375,0.8947368421052632,7.786553760524839e-05,1.4633417322329478e-07,0.003065205179154873,0.02022448182106018,0.9766322374343872
BCS6__Cow_19_29,Cow_19,0,2027,V_mean,4,first,30,26,1,4,4.0,171.93427721120312,0.8666666666666667,3.9565624319948256e-05,2.0935114264375443e-07,0.0070934658870100975,0.049242135137319565,0.9436246752738953
BCS6__Cow_19_29,Cow_19,0,2027,V_mean,4,second,31,26,1,4,4.0,173.26976138784778,0.8387096774193549,3.092631959589198e-05,1.376621412418899e-07,0.006018972489982843,0.04371302202343941,0.9502369165420532
BCS6__Cow_2_6006,Cow_2,0,2027,V_mean,4,first,15,15,1,4,4.0,172.7417965819457,1.0,5.828498615301214e-05,1.1780021402785223e-08,0.00046000408474355936,0.003450753167271614,0.9960309863090515
BCS6__Cow_2_6006,Cow_2,0,2027,V_mean,4,second,16,16,1,4,4.0,171.70556108359614,1.0,6.217761256266385e-05,1.081245937228914e-08,0.00041028831037692726,0.003047296078875661,0.9964802861213684
BCS6__Cow_32_34,Cow_32,0,2027,V_mean,4,first,30,4,1,4,4.0,174.5194799413863,0.13333333333333333,0.00014326746168080717,1.2083609135515871e-07,0.0016115291509777308,0.0099403765052557,0.9883047342300415
BCS6__Cow_32_34,Cow_32,0,2027,V_mean,4,second,31,3,1,4,4.0,173.50613798901162,0.0967741935483871,0.00013829904492013156,1.9777718307523173e-07,0.0023483296390622854,0.01448140200227499,0.9830318689346313
BCS6__Cow_36,Cow_36,0,2027,V_mean,4,first,22,18,1,4,4.0,171.97030707515705,0.8181818181818182,0.003611841471865773,2.9350243835324363e-07,0.0007811948889866471,0.0026711830869317055,0.9929354786872864
BCS6__Cow_36,Cow_36,0,2027,V_mean,4,second,23,19,1,4,4.0,172.6305618731255,0.8260869565217391,0.005375411827117205,4.2408297304064035e-05,0.02923482656478882,0.08645515143871307,0.8788922429084778
BCS6__Cow_36_1,Cow_36,0,2027,V_mean,4,first,25,25,1,4,4.0,172.04149234605404,1.0,0.004962757229804993,8.195057307602838e-05,0.05511528253555298,0.1446593850851059,0.7951805591583252
BCS6__Cow_36_1,Cow_36,0,2027,V_mean,4,second,25,21,1,4,4.0,172.4849707664876,0.84,0.0032820291817188263,1.1142030416522175e-05,0.015895508229732513,0.04878414794802666,0.9320270419120789
BCS6__Cow_45_9025,Cow_45,0,2027,V_mean,4,first,23,23,1,4,4.0,167.66243736780427,1.0,6.666532135568559e-05,9.534982581271834e-08,0.002467409009113908,0.016963737085461617,0.9805020689964294
BCS6__Cow_45_9025,Cow_45,0,2027,V_mean,4,second,23,8,1,4,4.0,171.78827310706663,0.34782608695652173,4.466241807676852e-05,1.204973454349556e-08,0.0005900887190364301,0.004612607881426811,0.9947525262832642
BCS6__Cow_52_29,Cow_52,0,2027,V_mean,4,first,30,24,1,4,4.0,173.87935522312824,0.8,8.131200593197718e-05,8.22190600047179e-08,0.001772499643266201,0.011989708989858627,0.9861562252044678
BCS6__Cow_52_29,Cow_52,0,2027,V_mean,4,second,31,31,1,4,4.0,172.58243313145888,1.0,7.838269812054932e-05,6.046247591484644e-08,0.0013676482485607266,0.009423773735761642,0.9891300201416016
BCS6__Cow_7_9008,Cow_7,0,2027,V_mean,4,first,30,13,1,4,4.0,168.7758933629712,0.43333333333333335,3.0060158678679727e-05,3.4940629234370135e-07,0.013509680517017841,0.09536918997764587,0.8910907506942749
BCS6__Cow_7_9008,Cow_7,0,2027,V_mean,4,second,31,6,1,4,4.0,169.86008953251417,0.1935483870967742,4.278683991287835e-05,1.759565577685862e-07,0.005626375321298838,0.03924966976046562,0.9550809860229492
BCS2__Cow_11,Cow_11,1,2027,V_mean,0,first,252,34,1,1,1.0,172.5556313138602,0.1349206349206349,0.033147092908620834,0.8190916776657104,0.08697371184825897,0.055713288486003876,0.005074165761470795
BCS2__Cow_11,Cow_11,1,2027,V_mean,0,second,252,42,1,1,1.0,172.6013977091373,0.16666666666666666,0.032342009246349335,0.8195637464523315,0.08729816228151321,0.055768538266420364,0.005027534440159798
BCS2__Cow_11_1,Cow_11,1,2027,V_mean,0,first,26,0,0,1,,,,,,,,
BCS2__Cow_11_1,Cow_11,1,2027,V_mean,0,second,26,6,1,1,1.0,170.79467556249435,0.23076923076923078,0.030581243336200714,0.7663720846176147,0.11713232845067978,0.07788959890604019,0.00802471861243248
BCS2__Cow_11_2,Cow_11,1,2027,V_mean,0,first,24,21,1,1,0.0,169.12516074311785,0.875,0.7604228258132935,0.16769550740718842,0.024714495986700058,0.026596549898386,0.0205706637352705
BCS2__Cow_11_2,Cow_11,1,2027,V_mean,0,second,25,19,1,1,1.0,171.19605184432032,0.76,0.2379874736070633,0.5918307900428772,0.08114493638277054,0.07031355798244476,0.018723227083683014
BCS3__Cow_14,Cow_14,1,2027,V_mean,1,first,8,3,1,1,1.0,162.50616462144322,0.375,0.014133311808109283,0.5089058876037598,0.2729019224643707,0.18065907061100006,0.023399831727147102
BCS3__Cow_14,Cow_14,1,2027,V_mean,1,second,9,1,0,1,,,,,,,,
BCS3__Cow_14_0011,Cow_14,1,2027,V_mean,1,first,3,2,0,1,,,,,,,,
BCS3__Cow_14_0011,Cow_14,1,2027,V_mean,1,second,4,2,0,1,,,,,,,,
BCS3__Cow_6_103,Cow_6,1,2027,V_mean,1,first,2,1,0,1,,,,,,,,
BCS3__Cow_6_103,Cow_6,1,2027,V_mean,1,second,3,3,1,1,1.0,161.55790750344187,1.0,0.06571158766746521,0.8318283557891846,0.057972878217697144,0.0403955839574337,0.004091625101864338
BCS4__Cow_1,Cow_1,1,2027,V_mean,2,first,9,4,1,1,1.0,173.04281162398252,0.4444444444444444,0.01690550521016121,0.44023457169532776,0.30279430747032166,0.20599499344825745,0.03407060727477074
BCS4__Cow_1,Cow_1,1,2027,V_mean,2,second,10,5,1,1,1.0,174.1472652819167,0.5,0.015259949490427971,0.43540772795677185,0.3079027533531189,0.20874136686325073,0.0326882041990757
BCS4__Cow_26,Cow_26,1,2027,V_mean,2,first,7,3,1,1,1.0,170.32351963776654,0.42857142857142855,0.01668374426662922,0.3908693492412567,0.3239487111568451,0.22692818939685822,0.041569966822862625
BCS4__Cow_26,Cow_26,1,2027,V_mean,2,second,8,4,1,1,1.0,169.86020482669838,0.5,0.01700480468571186,0.3985558748245239,0.31998178362846375,0.22375354170799255,0.04070405662059784
BCS4__Cow_26_5051,Cow_26,1,2027,V_mean,2,first,6,2,0,1,,,,,,,,
BCS4__Cow_26_5051,Cow_26,1,2027,V_mean,2,second,6,3,1,1,1.0,166.41648456959476,0.5,0.06344862282276154,0.8713942170143127,0.03769969940185547,0.025452468544244766,0.002004988258704543
BCS4__Cow_27_9008,Cow_27,1,2027,V_mean,2,first,3,2,0,1,,,,,,,,
BCS4__Cow_27_9008,Cow_27,1,2027,V_mean,2,second,4,2,0,1,,,,,,,,
BCS4__Cow_29_7007,Cow_29,1,2027,V_mean,2,first,2,2,0,1,,,,,,,,
BCS4__Cow_29_7007,Cow_29,1,2027,V_mean,2,second,3,2,0,1,,,,,,,,
BCS4__Cow_33,Cow_33,1,2027,V_mean,2,first,52,16,1,1,1.0,169.794811507377,0.3076923076923077,0.013994162902235985,0.40499576926231384,0.32500237226486206,0.22030939161777496,0.03569832444190979
BCS4__Cow_33,Cow_33,1,2027,V_mean,2,second,53,5,1,1,1.0,169.01401861688544,0.09433962264150944,0.01213161088526249,0.3569662868976593,0.350654274225235,0.24056454002857208,0.039683226495981216
BCS4__Cow_4,Cow_4,1,2027,V_mean,2,first,2,2,0,1,,,,,,,,
BCS4__Cow_4,Cow_4,1,2027,V_mean,2,second,2,2,0,1,,,,,,,,
BCS4__Cow_41,Cow_41,1,2027,V_mean,2,first,30,3,1,1,1.0,173.58252888296627,0.1,0.013474129140377045,0.4709340035915375,0.2940855026245117,0.19498051702976227,0.026525890454649925
BCS4__Cow_41,Cow_41,1,2027,V_mean,2,second,31,0,0,1,,,,,,,,
BCS4__Cow_48,Cow_48,1,2027,V_mean,2,first,6,0,0,1,,,,,,,,
BCS4__Cow_48,Cow_48,1,2027,V_mean,2,second,7,3,1,1,1.0,170.07276567517712,0.42857142857142855,0.02416693978011608,0.6203364729881287,0.20051617920398712,0.1360892951488495,0.01889115758240223
BCS4__Cow_4_1,Cow_4,1,2027,V_mean,2,first,19,19,1,1,1.0,167.79957045946657,1.0,0.015540676191449165,0.42064788937568665,0.31481677293777466,0.2130012959241867,0.03599337115883827
BCS4__Cow_4_1,Cow_4,1,2027,V_mean,2,second,20,20,1,1,1.0,162.49650676010418,1.0,0.016894200816750526,0.4287830591201782,0.3081198036670685,0.20999592542648315,0.03620697930455208
BCS4__Cow_6,Cow_6,1,2027,V_mean,2,first,21,3,1,1,1.0,169.33535424534642,0.14285714285714285,0.031459059566259384,0.720495879650116,0.14157143235206604,0.09443587809801102,0.012037800624966621
BCS4__Cow_6,Cow_6,1,2027,V_mean,2,second,21,4,1,1,1.0,168.0633817100955,0.19047619047619047,0.02813037298619747,0.6662028431892395,0.17264877259731293,0.11707580089569092,0.01594221219420433
BCS5__Cow_12_NOTAG,Cow_12,1,2027,V_mean,3,first,2,2,0,2,,,,,,,,
BCS5__Cow_12_NOTAG,Cow_12,1,2027,V_mean,3,second,2,1,0,2,,,,,,,,
BCS5__Cow_13,Cow_13,1,2027,V_mean,3,first,11,9,1,1,1.0,172.19697143162998,0.8181818181818182,0.01504471991211176,0.3650895357131958,0.3401351571083069,0.235918790102005,0.04381182789802551
BCS5__Cow_13,Cow_13,1,2027,V_mean,3,second,12,11,1,1,1.0,173.49780915168796,0.9166666666666666,0.016482580453157425,0.405796617269516,0.3195793330669403,0.21904680132865906,0.03909461945295334
BCS5__Cow_13_8001,Cow_13,1,2027,V_mean,3,first,2,1,0,1,,,,,,,,
BCS5__Cow_13_8001,Cow_13,1,2027,V_mean,3,second,2,2,0,1,,,,,,,,
BCS5__Cow_1_27,Cow_1,1,2027,V_mean,3,first,2,1,0,1,,,,,,,,
BCS5__Cow_1_27,Cow_1,1,2027,V_mean,3,second,2,2,0,1,,,,,,,,
BCS5__Cow_27,Cow_27,1,2027,V_mean,3,first,21,11,1,1,1.0,168.83613076599408,0.5238095238095238,0.020772190764546394,0.616479754447937,0.20617793500423431,0.1385963261127472,0.01797378994524479
BCS5__Cow_27,Cow_27,1,2027,V_mean,3,second,21,10,1,1,1.0,169.79075233536037,0.47619047619047616,0.020382551476359367,0.6442422866821289,0.1917138695716858,0.12829303741455078,0.01536825392395258
BCS5__Cow_29,Cow_29,1,2027,V_mean,3,first,15,12,1,2,2.0,170.6798081627203,0.8,0.012324577197432518,0.3044166564941406,0.36952143907546997,0.26400166749954224,0.049735721200704575
BCS5__Cow_29,Cow_29,1,2027,V_mean,3,second,15,13,1,2,2.0,171.21781445127687,0.8666666666666667,0.011273100972175598,0.30738094449043274,0.371940553188324,0.2629045844078064,0.04650086909532547
BCS5__Cow_37,Cow_37,1,2027,V_mean,3,first,14,13,1,1,1.0,171.7284788800338,0.9285714285714286,0.014806393533945084,0.3600471615791321,0.34237581491470337,0.2385096549987793,0.04426092654466629
BCS5__Cow_37,Cow_37,1,2027,V_mean,3,second,14,13,1,1,2.0,171.82204303655806,0.9285714285714286,0.01297922432422638,0.33626964688301086,0.35699746012687683,0.2485324740409851,0.04522116854786873
BCS5__Cow_37_and_38,Cow_37,1,2027,V_mean,3,first,12,3,1,2,2.0,170.93735033593998,0.25,0.009357874281704426,0.33604520559310913,0.36834466457366943,0.24840620160102844,0.037846025079488754
BCS5__Cow_37_and_38,Cow_37,1,2027,V_mean,3,second,12,0,0,2,,,,,,,,
BCS5__Cow_43,Cow_43,1,2027,V_mean,3,first,19,18,1,1,1.0,170.47077476416072,0.9473684210526315,0.011450832709670067,0.45358189940452576,0.3071385324001312,0.20086151361465454,0.026967287063598633
BCS5__Cow_43,Cow_43,1,2027,V_mean,3,second,19,19,1,1,1.0,168.14633581369202,1.0,0.012340397574007511,0.4611019194126129,0.30157193541526794,0.19774596393108368,0.027239764109253883
BCS5__Cow_48_1018,Cow_48,1,2027,V_mean,3,first,1,1,0,2,,,,,,,,
BCS5__Cow_48_1018,Cow_48,1,2027,V_mean,3,second,2,2,0,2,,,,,,,,
BCS5__Cow_54,Cow_54,1,2027,V_mean,3,first,3,3,1,1,1.0,170.27827530308326,1.0,0.014064633287489414,0.4073505103588104,0.3248783349990845,0.21771138906478882,0.03599506989121437
BCS5__Cow_54,Cow_54,1,2027,V_mean,3,second,4,3,1,1,1.0,170.27605091057677,0.75,0.014081350527703762,0.48120570182800293,0.2899053990840912,0.18825535476207733,0.026552163064479828
BCS5__Cow_6_5051,Cow_6,1,2027,V_mean,3,first,2,2,0,2,,,,,,,,
BCS5__Cow_6_5051,Cow_6,1,2027,V_mean,3,second,3,1,0,2,,,,,,,,
BCS6__Cow_11_07,Cow_11,1,2027,V_mean,4,first,20,12,1,4,4.0,172.86655597325085,0.6,0.035102542489767075,0.04710550606250763,0.11387619376182556,0.07557166367769241,0.7283441424369812
BCS6__Cow_11_07,Cow_11,1,2027,V_mean,4,second,21,15,1,4,4.0,172.87282894786617,0.7142857142857143,0.03371134772896767,0.02995293214917183,0.07356444001197815,0.04715970158576965,0.8156116008758545
BCS6__Cow_12_2014,Cow_12,1,2027,V_mean,4,first,24,19,1,0,0.0,172.3808842485783,0.7916666666666666,0.9822717905044556,0.005890966858714819,0.0010667298920452595,0.0013584000989794731,0.009412078186869621
BCS6__Cow_12_2014,Cow_12,1,2027,V_mean,4,second,25,20,1,0,0.0,173.46500543816205,0.8,0.9530525207519531,0.021400604397058487,0.0037963101640343666,0.0042609646916389465,0.017489662393927574
BCS6__Cow_13_66,Cow_13,1,2027,V_mean,4,first,23,5,1,4,0.0,172.0171087398665,0.21739130434782608,0.5629099607467651,0.032635901123285294,0.021092038601636887,0.018690401688218117,0.3646717071533203
BCS6__Cow_13_66,Cow_13,1,2027,V_mean,4,second,23,15,1,4,4.0,169.6996595059602,0.6521739130434783,0.14593911170959473,0.017164727672934532,0.02465924434363842,0.017128970474004745,0.795107901096344
BCS6__Cow_26_6,Cow_26,1,2027,V_mean,4,first,30,1,0,4,,,,,,,,
BCS6__Cow_26_6,Cow_26,1,2027,V_mean,4,second,31,8,1,4,4.0,172.82806196978373,0.25806451612903225,0.03274727612733841,0.011725466698408127,0.029266757890582085,0.01749621145427227,0.9087643027305603
BCS6__Cow_29_NOTAG,Cow_29,1,2027,V_mean,4,first,23,16,1,4,4.0,169.1091775327788,0.6956521739130435,0.022831877693533897,0.00934622623026371,0.02625849097967148,0.015022951178252697,0.9265404343605042
BCS6__Cow_29_NOTAG,Cow_29,1,2027,V_mean,4,second,23,18,1,4,4.0,170.85017686852498,0.782608695652174,0.04373003542423248,0.011035768315196037,0.02581202983856201,0.01564921997487545,0.9037729501724243
BCS6__Cow_35,Cow_35,1,2027,V_mean,4,first,22,14,1,4,4.0,172.93680770114165,0.6363636363636364,0.08899194747209549,0.10890466719865799,0.16042080521583557,0.1097373217344284,0.5319452881813049
BCS6__Cow_35,Cow_35,1,2027,V_mean,4,second,23,10,1,4,4.0,173.128046766217,0.43478260869565216,0.06754789501428604,0.13912425935268402,0.2104240506887436,0.1424628645181656,0.44044092297554016
BCS6__Cow_4_103,Cow_4,1,2027,V_mean,4,first,30,22,1,4,4.0,170.59748584169137,0.7333333333333333,0.1157522201538086,0.017797023057937622,0.02800815738737583,0.019207889214158058,0.8192347884178162
BCS6__Cow_4_103,Cow_4,1,2027,V_mean,4,second,31,25,1,4,4.0,173.1729468654868,0.8064516129032258,0.46970438957214355,0.022892722859978676,0.019273431971669197,0.01644159108400345,0.47168785333633423
BCS2__Cow_5_1,Cow_5,2,2027,V_mean,0,first,23,8,1,4,4.0,171.41654572431042,0.34782608695652173,0.007138063665479422,1.0819652743521146e-05,0.0013174789492040873,0.001398622989654541,0.9901350140571594
BCS2__Cow_5_1,Cow_5,2,2027,V_mean,0,second,23,2,0,4,,,,,,,,
BCS3__Cow_20_0029,Cow_20,2,2027,V_mean,1,first,2,2,0,3,,,,,,,,
BCS3__Cow_20_0029,Cow_20,2,2027,V_mean,1,second,2,2,0,3,,,,,,,,
BCS3__Cow_22,Cow_22,2,2027,V_mean,1,first,39,10,1,0,1.0,169.71626312395244,0.2564102564102564,0.485137939453125,0.4909208416938782,0.020799977704882622,0.0030126208439469337,0.0001286469487240538
BCS3__Cow_22,Cow_22,2,2027,V_mean,1,second,40,10,1,0,0.0,172.8720273076455,0.25,0.5607151389122009,0.41728273034095764,0.019208604469895363,0.0026676582638174295,0.00012595747830346227
BCS3__Cow_22_1,Cow_22,2,2027,V_mean,1,first,3,2,0,1,,,,,,,,
BCS3__Cow_22_1,Cow_22,2,2027,V_mean,1,second,4,4,1,1,1.0,171.09428579453942,1.0,0.37742751836776733,0.5975987911224365,0.02157827466726303,0.0032775234431028366,0.0001179287864943035
BCS4__Cow_10,Cow_10,2,2027,V_mean,2,first,36,9,1,3,3.0,172.21630985676052,0.25,0.0030072249937802553,0.02308923378586769,0.3315179944038391,0.5770429372787476,0.06534264236688614
BCS4__Cow_10,Cow_10,2,2027,V_mean,2,second,36,32,1,3,3.0,167.3531618530045,0.8888888888888888,0.0027596887666732073,0.02502094954252243,0.3319031000137329,0.5814411044120789,0.05887513980269432
BCS4__Cow_10_2038,Cow_10,2,2027,V_mean,2,first,2,2,0,1,,,,,,,,
BCS4__Cow_10_2038,Cow_10,2,2027,V_mean,2,second,2,2,0,1,,,,,,,,
BCS4__Cow_22_6005,Cow_22,2,2027,V_mean,2,first,2,2,0,3,,,,,,,,
BCS4__Cow_22_6005,Cow_22,2,2027,V_mean,2,second,3,2,0,3,,,,,,,,
BCS4__Cow_30,Cow_30,2,2027,V_mean,2,first,7,4,1,3,3.0,170.3642225349182,0.5714285714285714,0.002455863868817687,0.064608134329319,0.3519015908241272,0.5604869723320007,0.02054743655025959
BCS4__Cow_30,Cow_30,2,2027,V_mean,2,second,7,0,0,3,,,,,,,,
BCS4__Cow_42,Cow_42,2,2027,V_mean,2,first,13,6,1,3,3.0,170.1643043577007,0.46153846153846156,0.0038743065670132637,0.0067762830294668674,0.22831469774246216,0.4530685544013977,0.3079661726951599
BCS4__Cow_42,Cow_42,2,2027,V_mean,2,second,14,5,1,3,3.0,168.7018330479923,0.35714285714285715,0.0067956456914544106,0.010825464501976967,0.2452724128961563,0.4244031608104706,0.31270331144332886
BCS4__Cow_47_1,Cow_47,2,2027,V_mean,2,first,3,3,1,3,3.0,165.6616691349082,1.0,0.0026397681795060635,0.3145850896835327,0.3284118175506592,0.3502585291862488,0.004104707855731249
BCS4__Cow_47_1,Cow_47,2,2027,V_mean,2,second,4,4,1,3,3.0,167.72901295451248,1.0,0.0017978795804083347,0.102090023458004,0.3524723947048187,0.5338099002838135,0.009829764254391193
BCS4__Cow_49,Cow_49,2,2027,V_mean,2,first,4,3,1,3,3.0,160.51190280932127,0.75,0.002815030515193939,0.2755943238735199,0.3373969495296478,0.37886521220207214,0.0053284731693565845
BCS4__Cow_49,Cow_49,2,2027,V_mean,2,second,5,4,1,3,3.0,171.35377573323314,0.8,0.0020861506927758455,0.1366710513830185,0.3569577634334564,0.4957093596458435,0.008575710467994213
BCS4__Cow_55,Cow_55,2,2027,V_mean,2,first,2,2,0,3,,,,,,,,
BCS4__Cow_55,Cow_55,2,2027,V_mean,2,second,3,2,0,3,,,,,,,,
BCS4__Cow_8,Cow_8,2,2027,V_mean,2,first,19,16,1,3,3.0,169.33989342131102,0.8421052631578947,0.0023697521537542343,0.026912612840533257,0.3322570025920868,0.5909532308578491,0.0475073866546154
BCS4__Cow_8,Cow_8,2,2027,V_mean,2,second,20,10,1,3,3.0,170.37019965622022,0.5,0.0022430873941630125,0.023066740483045578,0.32583820819854736,0.5959261059761047,0.052925873547792435
BCS4__Cow_9,Cow_9,2,2027,V_mean,2,first,13,10,1,3,3.0,165.60707693826612,0.7692307692307693,0.0014351868303492665,0.07504652440547943,0.35441750288009644,0.5587155818939209,0.010385152883827686
BCS4__Cow_9,Cow_9,2,2027,V_mean,2,second,13,9,1,3,3.0,163.28626852803404,0.6923076923076923,0.0014285718789324164,0.06399579346179962,0.3526298403739929,0.5696557760238647,0.01229002233594656
BCS5__Cow_10_0029,Cow_10,2,2027,V_mean,3,first,3,2,0,3,,,,,,,,
BCS5__Cow_10_0029,Cow_10,2,2027,V_mean,3,second,4,3,1,3,3.0,171.90375742110592,0.75,0.0015656943432986736,0.007615500129759312,0.25499486923217773,0.5903143882751465,0.14550957083702087
BCS5__Cow_24,Cow_24,2,2027,V_mean,3,first,12,6,1,3,3.0,171.30001837958278,0.5,0.0036993331741541624,0.02810068428516388,0.33271268010139465,0.5633966326713562,0.07209067791700363
BCS5__Cow_24,Cow_24,2,2027,V_mean,3,second,13,6,1,3,3.0,171.616904682423,0.46153846153846156,0.0030291741713881493,0.02472943626344204,0.3283376097679138,0.5750424265861511,0.06886139512062073
BCS5__Cow_24_7022,Cow_24,2,2027,V_mean,3,first,2,2,0,3,,,,,,,,
BCS5__Cow_24_7022,Cow_24,2,2027,V_mean,3,second,2,1,0,3,,,,,,,,
BCS5__Cow_28,Cow_28,2,2027,V_mean,3,first,15,14,1,3,3.0,170.49482846285264,0.9333333333333333,0.001075003994628787,0.03260675445199013,0.3300812244415283,0.6172254681587219,0.019011536613106728
BCS5__Cow_28,Cow_28,2,2027,V_mean,3,second,15,14,1,3,3.0,169.84204428054258,0.9333333333333333,0.0009240835206583142,0.025956397876143456,0.32187241315841675,0.6304735541343689,0.020773552358150482
BCS5__Cow_28_4024,Cow_28,2,2027,V_mean,3,first,3,2,0,3,,,,,,,,
BCS5__Cow_28_4024,Cow_28,2,2027,V_mean,3,second,3,1,0,3,,,,,,,,
BCS5__Cow_3,Cow_3,2,2027,V_mean,3,first,9,7,1,0,0.0,170.79992864517618,0.7777777777777778,0.9960183501243591,0.0033654896542429924,0.0005540692945942283,4.345749403000809e-05,1.8624128642841242e-05
BCS5__Cow_3,Cow_3,2,2027,V_mean,3,second,10,3,1,0,0.0,172.37723937450326,0.3,0.9937799572944641,0.0053395358845591545,0.0007954550092108548,6.408160697901621e-05,2.0807585315196775e-05
BCS5__Cow_30_30,Cow_30,2,2027,V_mean,3,first,3,2,0,3,,,,,,,,
BCS5__Cow_30_30,Cow_30,2,2027,V_mean,3,second,4,4,1,3,3.0,172.5049835085633,1.0,0.00448056124150753,0.016705617308616638,0.2829419672489166,0.5219034552574158,0.17396840453147888
BCS5__Cow_34,Cow_34,2,2027,V_mean,3,first,20,7,1,0,0.0,171.20187503860788,0.35,0.8912879824638367,0.0328751802444458,0.04885927960276604,0.01250753365457058,0.01447006594389677
BCS5__Cow_34,Cow_34,2,2027,V_mean,3,second,20,2,0,0,,,,,,,,
BCS5__Cow_34_1,Cow_34,2,2027,V_mean,3,first,9,4,1,2,2.0,164.49300765045263,0.4444444444444444,0.12604881823062897,0.11316590011119843,0.40995079278945923,0.24300189316272736,0.10783255100250244
BCS5__Cow_34_1,Cow_34,2,2027,V_mean,3,second,9,0,0,2,,,,,,,,
BCS5__Cow_50,Cow_50,2,2027,V_mean,3,first,19,19,1,3,3.0,173.00417166918672,1.0,0.002838985063135624,0.07816080003976822,0.35973668098449707,0.5418460965156555,0.017417389899492264
BCS5__Cow_50,Cow_50,2,2027,V_mean,3,second,20,20,1,3,3.0,173.47441765066134,1.0,0.003018437186256051,0.07818375527858734,0.3599368631839752,0.540422260761261,0.018438708037137985
BCS5__Cow_50_49,Cow_50,2,2027,V_mean,3,first,1,1,0,3,,,,,,,,
BCS5__Cow_50_49,Cow_50,2,2027,V_mean,3,second,2,2,0,3,,,,,,,,
BCS5__Cow_8_NOTAG,Cow_8,2,2027,V_mean,3,first,3,2,0,3,,,,,,,,
BCS5__Cow_8_NOTAG,Cow_8,2,2027,V_mean,3,second,4,2,0,3,,,,,,,,
BCS6__Cow_18,Cow_18,2,2027,V_mean,4,first,23,14,1,4,4.0,168.67690559642762,0.6086956521739131,0.020143063738942146,0.0023315553553402424,0.06472913920879364,0.06797811388969421,0.844818115234375
BCS6__Cow_18,Cow_18,2,2027,V_mean,4,second,23,19,1,4,4.0,171.81580331821024,0.8260869565217391,0.016443323343992233,0.0011065880535170436,0.034509144723415375,0.03894810378551483,0.9089928865432739
BCS6__Cow_18_32,Cow_18,2,2027,V_mean,4,first,28,22,1,4,4.0,172.5739879869971,0.7857142857142857,0.001984944101423025,4.076664481544867e-06,0.0007922160439193249,0.0010839923052117229,0.9961347579956055
BCS6__Cow_18_32,Cow_18,2,2027,V_mean,4,second,29,24,1,4,4.0,173.69566006487963,0.8275862068965517,0.002204235875979066,6.711738933518063e-06,0.0011335391318425536,0.001561350072734058,0.9950940608978271
BCS6__Cow_24_08,Cow_24,2,2027,V_mean,4,first,15,6,1,4,4.0,173.43962274306995,0.4,0.11933604627847672,3.203003143426031e-05,0.0017331757117062807,0.0011742166243493557,0.8777245879173279
BCS6__Cow_24_08,Cow_24,2,2027,V_mean,4,second,16,16,1,4,4.0,173.7365540074403,1.0,0.09826064109802246,4.5533710363088176e-05,0.0022158073261380196,0.0016016376903280616,0.8978763222694397
BCS6__Cow_28_3083,Cow_28,2,2027,V_mean,4,first,23,15,1,4,4.0,172.54620092302903,0.6521739130434783,0.003545546205714345,4.578444077196764e-06,0.0008109247428365052,0.000959565571974963,0.9946793913841248
BCS6__Cow_28_3083,Cow_28,2,2027,V_mean,4,second,23,3,1,4,4.0,173.9377670211239,0.13043478260869565,0.002311337273567915,7.977938025760523e-07,0.0002697154995985329,0.00030685318051837385,0.9971113204956055
BCS6__Cow_3_25,Cow_3,2,2027,V_mean,4,first,23,2,0,4,,,,,,,,
BCS6__Cow_3_25,Cow_3,2,2027,V_mean,4,second,23,20,1,4,4.0,173.52042940500343,0.8695652173913043,0.005793994292616844,3.9092528822948225e-06,0.0006548927049152553,0.0007003860082477331,0.9928467869758606
BCS6__Cow_47_68,Cow_47,2,2027,V_mean,4,first,15,15,1,4,4.0,170.71022282165904,1.0,0.001633831881918013,5.035162189415132e-07,0.00021146549261175096,0.00025010405806824565,0.9979040622711182
BCS6__Cow_47_68,Cow_47,2,2027,V_mean,4,second,16,16,1,4,4.0,171.90265154411452,1.0,0.0013071360299363732,2.8005868557556823e-07,0.00014746427768841386,0.0001748780341586098,0.9983702301979065
BCS6__Cow_9_1044,Cow_9,2,2027,V_mean,4,first,23,19,1,4,4.0,167.41661613531923,0.8260869565217391,0.001801404869183898,3.412620117160259e-06,0.0007200377876870334,0.0009921471355482936,0.9964829683303833
BCS6__Cow_9_1044,Cow_9,2,2027,V_mean,4,second,23,17,1,4,4.0,167.85517199648052,0.7391304347826086,0.0012338244123384356,1.3326205134944757e-06,0.00040784760494716465,0.0005670614773407578,0.9977898597717285
BCS2__Cow_21_8029,Cow_21,0,2028,V_mean,0,first,30,15,1,4,4.0,164.0653610753726,0.5,0.30709463357925415,1.9070971291057504e-07,0.00014333667058963329,4.907619586447254e-05,0.692712664604187
BCS2__Cow_21_8029,Cow_21,0,2028,V_mean,0,second,31,2,0,4,,,,,,,,
BCS3__Cow_16,Cow_16,0,2028,V_mean,1,first,22,7,1,2,2.0,165.77273861474427,0.3181818181818182,0.0001894303277367726,0.005132183898240328,0.5334691405296326,0.4544393718242645,0.006769914645701647
BCS3__Cow_16,Cow_16,0,2028,V_mean,1,second,22,13,1,2,2.0,163.54724035520573,0.5909090909090909,0.00011051646288251504,0.003434389363974333,0.5305632948875427,0.46021509170532227,0.005676692351698875
BCS3__Cow_16_1004,Cow_16,0,2028,V_mean,1,first,2,1,0,1,,,,,,,,
BCS3__Cow_16_1004,Cow_16,0,2028,V_mean,1,second,2,2,0,1,,,,,,,,
BCS3__Cow_25_66,Cow_25,0,2028,V_mean,1,first,2,2,0,2,,,,,,,,
BCS3__Cow_25_66,Cow_25,0,2028,V_mean,1,second,3,1,0,2,,,,,,,,
BCS3__Cow_2_1015,Cow_2,0,2028,V_mean,1,first,2,2,0,2,,,,,,,,
BCS3__Cow_2_1015,Cow_2,0,2028,V_mean,1,second,3,2,0,2,,,,,,,,
BCS3__Cow_46,Cow_46,0,2028,V_mean,1,first,30,16,1,1,1.0,166.20161861967796,0.5333333333333333,0.011255563236773014,0.4933873414993286,0.3106979429721832,0.18293172121047974,0.0017274226993322372
BCS3__Cow_46,Cow_46,0,2028,V_mean,1,second,30,1,0,1,,,,,,,,
BCS3__Cow_46_1,Cow_46,0,2028,V_mean,1,first,19,9,1,1,1.0,162.44824920426407,0.47368421052631576,0.04490569233894348,0.923326313495636,0.016429152339696884,0.0152328135445714,0.00010600868699839339
BCS3__Cow_46_1,Cow_46,0,2028,V_mean,1,second,20,0,0,1,,,,,,,,
BCS3__Cow_46_2,Cow_46,0,2028,V_mean,1,first,3,2,0,1,,,,,,,,
BCS3__Cow_46_2,Cow_46,0,2028,V_mean,1,second,3,1,0,1,,,,,,,,
BCS3__Cow_53,Cow_53,0,2028,V_mean,1,first,3,3,1,1,1.0,168.2141197338734,1.0,0.040839191526174545,0.6616238355636597,0.16762807965278625,0.1280701607465744,0.0018387370510026813
BCS3__Cow_53,Cow_53,0,2028,V_mean,1,second,4,0,0,1,,,,,,,,
BCS4__Cow_15_68,Cow_15,0,2028,V_mean,2,first,1,1,0,2,,,,,,,,
BCS4__Cow_15_68,Cow_15,0,2028,V_mean,2,second,2,2,0,2,,,,,,,,
BCS4__Cow_17,Cow_17,0,2028,V_mean,2,first,13,4,1,2,2.0,171.7298640420105,0.3076923076923077,5.9653280914062634e-05,0.0018325234996154904,0.5107771754264832,0.4826371669769287,0.004693472757935524
BCS4__Cow_17,Cow_17,0,2028,V_mean,2,second,13,6,1,2,2.0,172.66973605171208,0.46153846153846156,6.37486155028455e-05,0.001945914700627327,0.512427568435669,0.48087552189826965,0.004687244538217783
BCS4__Cow_19,Cow_19,0,2028,V_mean,2,first,32,27,1,1,1.0,171.24997480800033,0.84375,0.013633791357278824,0.5908515453338623,0.22171904146671295,0.17231005430221558,0.0014855640474706888
BCS4__Cow_19,Cow_19,0,2028,V_mean,2,second,33,30,1,1,1.0,169.91049239817312,0.9090909090909091,0.010090505704283714,0.45305541157722473,0.31213557720184326,0.22232863306999207,0.0023898340296000242
BCS4__Cow_19_0037,Cow_19,0,2028,V_mean,2,first,3,3,1,2,2.0,165.8417344296178,1.0,3.1195522751659155e-05,0.0014290893450379372,0.5262490510940552,0.46918249130249023,0.0031082171481102705
BCS4__Cow_19_0037,Cow_19,0,2028,V_mean,2,second,3,2,0,2,,,,,,,,
BCS4__Cow_2,Cow_2,0,2028,V_mean,2,first,7,5,1,3,3.0,174.4267503507631,0.7142857142857143,0.00024524933542124927,0.0010784819023683667,0.412940114736557,0.5652334690093994,0.020502714440226555
BCS4__Cow_2,Cow_2,0,2028,V_mean,2,second,8,8,1,3,3.0,172.83144698751408,1.0,0.00020638389105442911,0.000877983111422509,0.4077930450439453,0.5703273415565491,0.020795190706849098
BCS4__Cow_23,Cow_23,0,2028,V_mean,2,first,21,10,1,2,2.0,169.2197307476981,0.47619047619047616,0.0009134825668297708,0.029124803841114044,0.5777782797813416,0.3845468759536743,0.007636553142219782
BCS4__Cow_23,Cow_23,0,2028,V_mean,2,second,21,8,1,2,2.0,169.55395232177875,0.38095238095238093,0.0009096809080801904,0.02961491048336029,0.5807409286499023,0.3813815116882324,0.007352870889008045
BCS4__Cow_31,Cow_31,0,2028,V_mean,2,first,6,6,1,0,0.0,169.24219404261424,1.0,0.9655330181121826,0.029740745201706886,0.001780619379132986,0.0024875279050320387,0.0004581249668262899
BCS4__Cow_31,Cow_31,0,2028,V_mean,2,second,7,6,1,0,0.0,169.1895308412586,0.8571428571428571,0.9884849190711975,0.009571668691933155,0.0006776340305805206,0.0009689693106338382,0.0002968372718896717
BCS4__Cow_32_0035,Cow_32,0,2028,V_mean,2,first,4,4,1,2,2.0,161.37090607601982,1.0,0.0044509670697152615,0.15764355659484863,0.5356166958808899,0.298486590385437,0.003802247578278184
BCS4__Cow_32_0035,Cow_32,0,2028,V_mean,2,second,4,4,1,2,1.0,168.98920759259374,1.0,0.007316438015550375,0.390602171421051,0.37695828080177307,0.22299537062644958,0.0021277579944580793
BCS4__Cow_44_1,Cow_44,0,2028,V_mean,2,first,23,7,1,2,2.0,170.64047862721952,0.30434782608695654,0.00012289993173908442,0.0026705837808549404,0.49849605560302734,0.4930723309516907,0.005638116504997015
BCS4__Cow_44_1,Cow_44,0,2028,V_mean,2,second,23,15,1,2,2.0,169.04432685258152,0.6521739130434783,0.00023174202942755073,0.004601629916578531,0.5128239393234253,0.4758753478527069,0.006467356346547604
BCS4__Cow_51,Cow_51,0,2028,V_mean,2,first,2,2,0,2,,,,,,,,
BCS4__Cow_51,Cow_51,0,2028,V_mean,2,second,2,2,0,2,,,,,,,,
BCS4__Cow_51_0035,Cow_51,0,2028,V_mean,2,first,2,2,0,3,,,,,,,,
BCS4__Cow_51_0035,Cow_51,0,2028,V_mean,2,second,3,2,0,3,,,,,,,,
BCS4__Cow_7,Cow_7,0,2028,V_mean,2,first,9,6,1,1,1.0,172.4528014098345,0.6666666666666666,0.020499160513281822,0.7778059840202332,0.12061554193496704,0.08015559613704681,0.000923695566598326
BCS4__Cow_7,Cow_7,0,2028,V_mean,2,second,9,9,1,1,1.0,171.64724716991688,1.0,0.024013850837945938,0.8605313897132874,0.06722407788038254,0.047747425734996796,0.0004832424456253648
BCS5__Cow_15,Cow_15,0,2028,V_mean,3,first,14,13,1,2,2.0,170.03247497541147,0.9285714285714286,0.0014433655887842178,0.049827322363853455,0.576956570148468,0.36558791995048523,0.006184765137732029
BCS5__Cow_15,Cow_15,0,2028,V_mean,3,second,15,12,1,2,2.0,169.04112874262378,0.8,0.0016799946315586567,0.055744171142578125,0.5724969506263733,0.36305317282676697,0.007025747559964657
BCS5__Cow_17_17,Cow_17,0,2028,V_mean,3,first,4,3,1,3,3.0,167.7666642351508,0.75,4.9273468903265893e-05,0.00028688833117485046,0.3870563209056854,0.5975056886672974,0.015101796016097069
BCS5__Cow_17_17,Cow_17,0,2028,V_mean,3,second,4,3,1,3,3.0,172.05257321065835,0.75,3.164077861583792e-05,0.00013650194159708917,0.3737894892692566,0.6082018613815308,0.017840459942817688
BCS5__Cow_21,Cow_21,0,2028,V_mean,3,first,13,9,1,2,2.0,171.32780419866927,0.6923076923076923,8.093682117760181e-05,0.003639863571152091,0.551345705986023,0.4406956136226654,0.004237792454659939
BCS5__Cow_21,Cow_21,0,2028,V_mean,3,second,13,9,1,2,2.0,170.68283480431631,0.6923076923076923,5.7845281844493e-05,0.0027423694264143705,0.5458853244781494,0.44753095507621765,0.003783518448472023
BCS5__Cow_23_1067,Cow_23,0,2028,V_mean,3,first,2,2,0,3,,,,,,,,
BCS5__Cow_23_1067,Cow_23,0,2028,V_mean,3,second,3,3,1,3,3.0,170.52493351953348,1.0,5.365755714592524e-05,0.00021219618793111295,0.3784065544605255,0.6010978817939758,0.020229730755090714
BCS5__Cow_25,Cow_25,0,2028,V_mean,3,first,33,11,1,2,2.0,168.21915999669343,0.3333333333333333,0.006716872099786997,0.24064375460147858,0.4713990390300751,0.27389368414878845,0.007346566766500473
BCS5__Cow_25,Cow_25,0,2028,V_mean,3,second,33,18,1,2,2.0,167.78498670253768,0.5454545454545454,0.005580646451562643,0.21507099270820618,0.4921170771121979,0.28052008152008057,0.006711153779178858
BCS5__Cow_31_15,Cow_31,0,2028,V_mean,3,first,2,2,0,3,,,,,,,,
BCS5__Cow_31_15,Cow_31,0,2028,V_mean,3,second,2,1,0,3,,,,,,,,
BCS5__Cow_31_2024,Cow_31,0,2028,V_mean,3,first,2,2,0,2,,,,,,,,
BCS5__Cow_31_2024,Cow_31,0,2028,V_mean,3,second,3,3,1,2,2.0,169.94558330610357,1.0,9.153809514828026e-05,0.004217156209051609,0.5491508841514587,0.4424683153629303,0.004072078503668308
BCS5__Cow_32,Cow_32,0,2028,V_mean,3,first,7,3,1,2,2.0,172.47895182836993,0.42857142857142855,0.17534859478473663,0.018953733146190643,0.3728252053260803,0.3361321985721588,0.09674026817083359
BCS5__Cow_32,Cow_32,0,2028,V_mean,3,second,8,2,0,2,,,,,,,,
BCS5__Cow_44_3008,Cow_44,0,2028,V_mean,3,first,5,2,0,3,,,,,,,,
BCS5__Cow_44_3008,Cow_44,0,2028,V_mean,3,second,5,1,0,3,,,,,,,,
BCS5__Cow_45,Cow_45,0,2028,V_mean,3,first,12,11,1,3,3.0,169.75955555667923,0.9166666666666666,7.834367715986446e-05,0.0015871443320065737,0.4830685555934906,0.5098786354064941,0.00538728479295969
BCS5__Cow_45,Cow_45,0,2028,V_mean,3,second,13,13,1,3,3.0,170.28695525445863,1.0,6.894448597449809e-05,0.0014973173383623362,0.4846441447734833,0.5087974071502686,0.0049922168254852295
BCS5__Cow_53_30,Cow_53,0,2028,V_mean,3,first,6,0,0,3,,,,,,,,
BCS5__Cow_53_30,Cow_53,0,2028,V_mean,3,second,7,4,1,3,3.0,170.97664565595858,0.5714285714285714,0.00018856300448533148,0.0007192909251898527,0.39281192421913147,0.5784929394721985,0.027787314727902412
BCS5__Cow_7_6022,Cow_7,0,2028,V_mean,3,first,2,1,0,2,,,,,,,,
BCS5__Cow_7_6022,Cow_7,0,2028,V_mean,3,second,2,2,0,2,,,,,,,,
BCS6__Cow_16_06,Cow_16,0,2028,V_mean,4,first,38,28,1,4,4.0,172.85413511564454,0.7368421052631579,0.0003029031213372946,3.4306348872803483e-09,0.0005696570151485503,0.00018736108904704452,0.9989400506019592
BCS6__Cow_16_06,Cow_16,0,2028,V_mean,4,second,38,34,1,4,4.0,172.7047234430375,0.8947368421052632,0.00020981859415769577,1.9093313596840744e-09,0.0005005565471947193,0.00016398496518377215,0.9991255402565002
BCS6__Cow_19_29,Cow_19,0,2028,V_mean,4,first,30,26,1,4,4.0,171.93427721120312,0.8666666666666667,7.297081901924685e-05,2.4856656732907823e-09,0.001688844058662653,0.0007527794223278761,0.9974852800369263
BCS6__Cow_19_29,Cow_19,0,2028,V_mean,4,second,31,26,1,4,4.0,173.26976138784778,0.8387096774193549,3.93034060834907e-05,6.99588220687275e-10,0.001094826147891581,0.0004676981479860842,0.9983981251716614
BCS6__Cow_2_6006,Cow_2,0,2028,V_mean,4,first,15,15,1,4,4.0,172.7417965819457,1.0,0.00022916257148608565,1.9228106606927753e-10,8.053597412072122e-05,1.8483638996258378e-05,0.9996718168258667
BCS6__Cow_2_6006,Cow_2,0,2028,V_mean,4,second,16,16,1,4,4.0,171.70556108359614,1.0,0.00023139693075791,1.77072301266179e-10,7.480566273443401e-05,1.6917263565119356e-05,0.9996768236160278
BCS6__Cow_32_34,Cow_32,0,2028,V_mean,4,first,30,4,1,4,4.0,174.5194799413863,0.13333333333333333,0.000443481927504763,5.2850097631562676e-09,0.000562480534426868,0.00018328677106183022,0.9988107681274414
BCS6__Cow_32_34,Cow_32,0,2028,V_mean,4,second,31,3,1,4,4.0,173.50613798901162,0.0967741935483871,0.00038258449058048427,7.170422033908608e-09,0.0007894098525866866,0.0002744167286437005,0.9985535740852356
BCS6__Cow_36,Cow_36,0,2028,V_mean,4,first,22,18,1,4,4.0,171.97030707515705,0.8181818181818182,0.01341127511113882,1.4084204025266445e-08,0.0001501088700024411,4.290842480259016e-05,0.9863955974578857
BCS6__Cow_36,Cow_36,0,2028,V_mean,4,second,23,19,1,4,4.0,172.6305618731255,0.8260869565217391,0.01252638641744852,1.3432500054477714e-06,0.005016580689698458,0.0022203982807695866,0.98023521900177
BCS6__Cow_36_1,Cow_36,0,2028,V_mean,4,first,25,25,1,4,4.0,172.04149234605404,1.0,0.019970083609223366,2.1815514628542587e-05,0.037114325910806656,0.015802007168531418,0.9270917773246765
BCS6__Cow_36_1,Cow_36,0,2028,V_mean,4,second,25,21,1,4,4.0,172.4849707664876,0.84,0.013477949425578117,1.1822446595033398e-06,0.00476246140897274,0.0016831249231472611,0.9800752401351929
BCS6__Cow_45_9025,Cow_45,0,2028,V_mean,4,first,23,23,1,4,4.0,167.66243736780427,1.0,0.0004176972433924675,9.477220785925056e-09,0.000979423988610506,0.00033907024771906435,0.9982638955116272
BCS6__Cow_45_9025,Cow_45,0,2028,V_mean,4,second,23,8,1,4,4.0,171.78827310706663,0.34782608695652173,0.0001184179272968322,2.848671021293825e-10,0.00020046444842591882,5.3190025937510654e-05,0.999627947807312
BCS6__Cow_52_29,Cow_52,0,2028,V_mean,4,first,30,24,1,4,4.0,173.87935522312824,0.8,0.0005547879263758659,1.4275101101191012e-08,0.000993177993223071,0.0003405812312848866,0.998111367225647
BCS6__Cow_52_29,Cow_52,0,2028,V_mean,4,second,31,31,1,4,4.0,172.58243313145888,1.0,0.00032764903153292835,7.288364578528217e-09,0.0009282560204155743,0.00032259325962513685,0.9984215497970581
BCS6__Cow_7_9008,Cow_7,0,2028,V_mean,4,first,30,13,1,4,4.0,168.7758933629712,0.43333333333333335,0.00012544584751594812,7.52743467558048e-09,0.0025135439354926348,0.0011299453908577561,0.9962310194969177
BCS6__Cow_7_9008,Cow_7,0,2028,V_mean,4,second,31,6,1,4,4.0,169.86008953251417,0.1935483870967742,0.00014309334801509976,3.0185334232157857e-09,0.0009989244863390923,0.0003968222881667316,0.9984612464904785
BCS2__Cow_11,Cow_11,1,2028,V_mean,0,first,252,34,1,1,1.0,172.5556313138602,0.1349206349206349,0.163240447640419,0.36978012323379517,0.20261819660663605,0.19456437230110168,0.0697968453168869
BCS2__Cow_11,Cow_11,1,2028,V_mean,0,second,252,42,1,1,1.0,172.6013977091373,0.16666666666666666,0.15787659585475922,0.368230402469635,0.20558586716651917,0.1982184797525406,0.07008866220712662
BCS2__Cow_11_1,Cow_11,1,2028,V_mean,0,first,26,0,0,1,,,,,,,,
BCS2__Cow_11_1,Cow_11,1,2028,V_mean,0,second,26,6,1,1,1.0,170.79467556249435,0.23076923076923078,0.10379979759454727,0.29012027382850647,0.25276312232017517,0.24819526076316833,0.10512151569128036
BCS2__Cow_11_2,Cow_11,1,2028,V_mean,0,first,24,21,1,0,0.0,169.12516074311785,0.875,0.7228482961654663,0.12854808568954468,0.040822021663188934,0.03669646754860878,0.07108508050441742
BCS2__Cow_11_2,Cow_11,1,2028,V_mean,0,second,25,19,1,0,0.0,171.19605184432032,0.76,0.39327773451805115,0.2828918695449829,0.12173036485910416,0.11257276684045792,0.0895272046327591
BCS3__Cow_14,Cow_14,1,2028,V_mean,1,first,8,3,1,3,3.0,162.50616462144322,0.375,0.07874210923910141,0.25604236125946045,0.26984110474586487,0.2722350060939789,0.1231393814086914
BCS3__Cow_14,Cow_14,1,2028,V_mean,1,second,9,1,0,3,,,,,,,,
BCS3__Cow_14_0011,Cow_14,1,2028,V_mean,1,first,3,2,0,1,,,,,,,,
BCS3__Cow_14_0011,Cow_14,1,2028,V_mean,1,second,4,2,0,1,,,,,,,,
BCS3__Cow_6_103,Cow_6,1,2028,V_mean,1,first,2,1,0,1,,,,,,,,
BCS3__Cow_6_103,Cow_6,1,2028,V_mean,1,second,3,3,1,1,1.0,161.55790750344187,1.0,0.23318611085414886,0.36591580510139465,0.16739274561405182,0.1647525578737259,0.06875282526016235
BCS4__Cow_1,Cow_1,1,2028,V_mean,2,first,9,4,1,3,2.0,173.04281162398252,0.4444444444444444,0.07992846518754959,0.24525968730449677,0.270571231842041,0.2698923945426941,0.13434816896915436
BCS4__Cow_1,Cow_1,1,2028,V_mean,2,second,10,5,1,3,3.0,174.1472652819167,0.5,0.07400259375572205,0.2422986626625061,0.2748715877532959,0.276509165763855,0.13231796026229858
BCS4__Cow_26,Cow_26,1,2028,V_mean,2,first,7,3,1,2,2.0,170.32351963776654,0.42857142857142855,0.09019193798303604,0.2506353557109833,0.26239144802093506,0.25842565298080444,0.1383555829524994
BCS4__Cow_26,Cow_26,1,2028,V_mean,2,second,8,4,1,2,2.0,169.86020482669838,0.5,0.08569871634244919,0.24836377799510956,0.26633045077323914,0.2630643844604492,0.13654270768165588
BCS4__Cow_26_5051,Cow_26,1,2028,V_mean,2,first,6,2,0,1,,,,,,,,
BCS4__Cow_26_5051,Cow_26,1,2028,V_mean,2,second,6,3,1,1,1.0,166.41648456959476,0.5,0.3062799274921417,0.36201053857803345,0.13469676673412323,0.13504965603351593,0.06196312606334686
BCS4__Cow_27_9008,Cow_27,1,2028,V_mean,2,first,3,2,0,1,,,,,,,,
BCS4__Cow_27_9008,Cow_27,1,2028,V_mean,2,second,4,2,0,1,,,,,,,,
BCS4__Cow_29_7007,Cow_29,1,2028,V_mean,2,first,2,2,0,0,,,,,,,,
BCS4__Cow_29_7007,Cow_29,1,2028,V_mean,2,second,3,2,0,0,,,,,,,,
BCS4__Cow_33,Cow_33,1,2028,V_mean,2,first,52,16,1,3,3.0,169.794811507377,0.3076923076923077,0.07586674392223358,0.21821162104606628,0.26734989881515503,0.27748194336891174,0.16108974814414978
BCS4__Cow_33,Cow_33,1,2028,V_mean,2,second,53,5,1,3,3.0,169.01401861688544,0.09433962264150944,0.07193658500909805,0.213817298412323,0.26841971278190613,0.2831394374370575,0.1626870334148407
BCS4__Cow_4,Cow_4,1,2028,V_mean,2,first,2,2,0,3,,,,,,,,
BCS4__Cow_4,Cow_4,1,2028,V_mean,2,second,2,2,0,3,,,,,,,,
BCS4__Cow_41,Cow_41,1,2028,V_mean,2,first,30,3,1,3,3.0,173.58252888296627,0.1,0.06955891102552414,0.23567253351211548,0.27723321318626404,0.28460219502449036,0.1329331398010254
BCS4__Cow_41,Cow_41,1,2028,V_mean,2,second,31,0,0,3,,,,,,,,
BCS4__Cow_48,Cow_48,1,2028,V_mean,2,first,6,0,0,1,,,,,,,,
BCS4__Cow_48,Cow_48,1,2028,V_mean,2,second,7,3,1,1,1.0,170.07276567517712,0.42857142857142855,0.10535740107297897,0.28062063455581665,0.24962526559829712,0.24443376064300537,0.1199629008769989
BCS4__Cow_4_1,Cow_4,1,2028,V_mean,2,first,19,19,1,3,3.0,167.79957045946657,1.0,0.07882452011108398,0.23442885279655457,0.2689364552497864,0.2710902988910675,0.14671987295150757
BCS4__Cow_4_1,Cow_4,1,2028,V_mean,2,second,20,20,1,3,2.0,162.49650676010418,1.0,0.08322737365961075,0.23886890709400177,0.26611268520355225,0.2657228112220764,0.14606823027133942
BCS4__Cow_6,Cow_6,1,2028,V_mean,2,first,21,3,1,1,1.0,169.33535424534642,0.14285714285714285,0.1365753412246704,0.3082125186920166,0.22838406264781952,0.22253532707691193,0.10429278016090393
BCS4__Cow_6,Cow_6,1,2028,V_mean,2,second,21,4,1,1,1.0,168.0633817100955,0.19047619047619047,0.10186603665351868,0.2687619924545288,0.2543516457080841,0.2514733076095581,0.1235470101237297
BCS5__Cow_12_NOTAG,Cow_12,1,2028,V_mean,3,first,2,2,0,3,,,,,,,,
BCS5__Cow_12_NOTAG,Cow_12,1,2028,V_mean,3,second,2,1,0,3,,,,,,,,
BCS5__Cow_13,Cow_13,1,2028,V_mean,3,first,11,9,1,2,2.0,172.19697143162998,0.8181818181818182,0.08835908770561218,0.24345822632312775,0.26246607303619385,0.2584015130996704,0.147315114736557
BCS5__Cow_13,Cow_13,1,2028,V_mean,3,second,12,11,1,2,2.0,173.49780915168796,0.9166666666666666,0.0916685163974762,0.2549384534358978,0.2597769498825073,0.25452640652656555,0.1390897035598755
BCS5__Cow_13_8001,Cow_13,1,2028,V_mean,3,first,2,1,0,1,,,,,,,,
BCS5__Cow_13_8001,Cow_13,1,2028,V_mean,3,second,2,2,0,1,,,,,,,,
BCS5__Cow_1_27,Cow_1,1,2028,V_mean,3,first,2,1,0,3,,,,,,,,
BCS5__Cow_1_27,Cow_1,1,2028,V_mean,3,second,2,2,0,3,,,,,,,,
BCS5__Cow_27,Cow_27,1,2028,V_mean,3,first,21,11,1,1,1.0,168.83613076599408,0.5238095238095238,0.09994567185640335,0.2657183110713959,0.2524830996990204,0.25066646933555603,0.13118645548820496
BCS5__Cow_27,Cow_27,1,2028,V_mean,3,second,21,10,1,1,3.0,169.79075233536037,0.47619047619047616,0.08317869901657104,0.26427415013313293,0.2655256986618042,0.2667738199234009,0.12024760246276855
BCS5__Cow_29,Cow_29,1,2028,V_mean,3,first,15,12,1,3,3.0,170.6798081627203,0.8,0.07810267060995102,0.22761516273021698,0.2681039571762085,0.27099475264549255,0.15518350899219513
BCS5__Cow_29,Cow_29,1,2028,V_mean,3,second,15,13,1,3,3.0,171.21781445127687,0.8666666666666667,0.07368047535419464,0.22903203964233398,0.27284613251686096,0.2767810821533203,0.1476602703332901
BCS5__Cow_37,Cow_37,1,2028,V_mean,3,first,14,13,1,3,3.0,171.7284788800338,0.9285714285714286,0.0833311378955841,0.22925791144371033,0.26474371552467346,0.2663657069206238,0.1563015878200531
BCS5__Cow_37,Cow_37,1,2028,V_mean,3,second,14,13,1,3,3.0,171.82204303655806,0.9285714285714286,0.07887620478868484,0.22897927463054657,0.268780916929245,0.2713678479194641,0.15199574828147888
BCS5__Cow_37_and_38,Cow_37,1,2028,V_mean,3,first,12,3,1,3,3.0,170.93735033593998,0.25,0.06517057120800018,0.21864324808120728,0.27566400170326233,0.28898343443870544,0.15153875946998596
BCS5__Cow_37_and_38,Cow_37,1,2028,V_mean,3,second,12,0,0,3,,,,,,,,
BCS5__Cow_43,Cow_43,1,2028,V_mean,3,first,19,18,1,3,3.0,170.47077476416072,0.9473684210526315,0.070746049284935,0.22895538806915283,0.27247413992881775,0.2805367112159729,0.14728772640228271
BCS5__Cow_43,Cow_43,1,2028,V_mean,3,second,19,19,1,3,3.0,168.14633581369202,1.0,0.07332725822925568,0.22992445528507233,0.27056196331977844,0.27700456976890564,0.14918175339698792
BCS5__Cow_48_1018,Cow_48,1,2028,V_mean,3,first,1,1,0,3,,,,,,,,
BCS5__Cow_48_1018,Cow_48,1,2028,V_mean,3,second,2,2,0,3,,,,,,,,
BCS5__Cow_54,Cow_54,1,2028,V_mean,3,first,3,3,1,2,3.0,170.27827530308326,1.0,0.07830721139907837,0.22959744930267334,0.2688177525997162,0.2710675895214081,0.15220998227596283
BCS5__Cow_54,Cow_54,1,2028,V_mean,3,second,4,3,1,2,2.0,170.27605091057677,0.75,0.0780310407280922,0.2539500892162323,0.27268311381340027,0.26833149790763855,0.12700435519218445
BCS5__Cow_6_5051,Cow_6,1,2028,V_mean,3,first,2,2,0,3,,,,,,,,
BCS5__Cow_6_5051,Cow_6,1,2028,V_mean,3,second,3,1,0,3,,,,,,,,
BCS6__Cow_11_07,Cow_11,1,2028,V_mean,4,first,20,12,1,4,4.0,172.86655597325085,0.6,0.15512599050998688,0.0936746597290039,0.1314450353384018,0.13861651718616486,0.4811376929283142
BCS6__Cow_11_07,Cow_11,1,2028,V_mean,4,second,21,15,1,4,4.0,172.87282894786617,0.7142857142857143,0.16889430582523346,0.08151808381080627,0.1144442930817604,0.11975648999214172,0.5153868198394775
BCS6__Cow_12_2014,Cow_12,1,2028,V_mean,4,first,24,19,1,0,0.0,172.3808842485783,0.7916666666666666,0.83855801820755,0.029096845537424088,0.011328297667205334,0.009994657710194588,0.1110222116112709
BCS6__Cow_12_2014,Cow_12,1,2028,V_mean,4,second,25,20,1,0,0.0,173.46500543816205,0.8,0.8069555759429932,0.04917772859334946,0.018573690205812454,0.01612917147576809,0.10916384309530258
BCS6__Cow_13_66,Cow_13,1,2028,V_mean,4,first,23,5,1,4,4.0,172.0171087398665,0.21739130434782608,0.2911517322063446,0.06895596534013748,0.07833936810493469,0.07530276477336884,0.4862501621246338
BCS6__Cow_13_66,Cow_13,1,2028,V_mean,4,second,23,15,1,4,4.0,169.6996595059602,0.6521739130434783,0.21234512329101562,0.06392645835876465,0.08641853928565979,0.08820776641368866,0.5491020679473877
BCS6__Cow_26_6,Cow_26,1,2028,V_mean,4,first,30,1,0,4,,,,,,,,
BCS6__Cow_26_6,Cow_26,1,2028,V_mean,4,second,31,8,1,4,4.0,172.82806196978373,0.25806451612903225,0.18024826049804688,0.06766749918460846,0.09624601900577545,0.10061962902545929,0.5552185773849487
BCS6__Cow_29_NOTAG,Cow_29,1,2028,V_mean,4,first,23,16,1,4,4.0,169.1091775327788,0.6956521739130435,0.17638199031352997,0.06109265983104706,0.08841270208358765,0.09248141944408417,0.5816313028335571
BCS6__Cow_29_NOTAG,Cow_29,1,2028,V_mean,4,second,23,18,1,4,4.0,170.85017686852498,0.782608695652174,0.19617493450641632,0.06033023074269295,0.0845814049243927,0.08736102283000946,0.5715523958206177
BCS6__Cow_35,Cow_35,1,2028,V_mean,4,first,22,14,1,4,4.0,172.93680770114165,0.6363636363636364,0.24506519734859467,0.1180475503206253,0.12718918919563293,0.11633708328008652,0.39336103200912476
BCS6__Cow_35,Cow_35,1,2028,V_mean,4,second,23,10,1,4,4.0,173.128046766217,0.43478260869565216,0.2155706286430359,0.1360044777393341,0.14926563203334808,0.1382867991924286,0.3608724772930145
BCS6__Cow_4_103,Cow_4,1,2028,V_mean,4,first,30,22,1,4,4.0,170.59748584169137,0.7333333333333333,0.19128647446632385,0.06743396073579788,0.09563234448432922,0.09857287257909775,0.5470743775367737
BCS6__Cow_4_103,Cow_4,1,2028,V_mean,4,second,31,25,1,4,4.0,173.1729468654868,0.8064516129032258,0.22737234830856323,0.06566330790519714,0.08760330826044083,0.086798757314682,0.532562255859375
BCS2__Cow_5_1,Cow_5,2,2028,V_mean,0,first,23,8,1,4,4.0,171.41654572431042,0.34782608695652173,0.14140620827674866,0.00045601834426634014,0.012986622750759125,0.016068439930677414,0.8290827870368958
BCS2__Cow_5_1,Cow_5,2,2028,V_mean,0,second,23,2,0,4,,,,,,,,
BCS3__Cow_20_0029,Cow_20,2,2028,V_mean,1,first,2,2,0,3,,,,,,,,
BCS3__Cow_20_0029,Cow_20,2,2028,V_mean,1,second,2,2,0,3,,,,,,,,
BCS3__Cow_22,Cow_22,2,2028,V_mean,1,first,39,10,1,0,0.0,169.71626312395244,0.2564102564102564,0.582912266254425,0.386182576417923,0.028590863570570946,0.002118681324645877,0.0001955925690708682
BCS3__Cow_22,Cow_22,2,2028,V_mean,1,second,40,10,1,0,0.0,172.8720273076455,0.25,0.6644830107688904,0.30515915155410767,0.02789534069597721,0.0022007485385984182,0.000261765526374802
BCS3__Cow_22_1,Cow_22,2,2028,V_mean,1,first,3,2,0,0,,,,,,,,
BCS3__Cow_22_1,Cow_22,2,2028,V_mean,1,second,4,4,1,0,0.0,171.09428579453942,1.0,0.48966729640960693,0.4813925623893738,0.02699287422001362,0.0018231200519949198,0.00012409906776156276
BCS4__Cow_10,Cow_10,2,2028,V_mean,2,first,36,9,1,3,3.0,172.21630985676052,0.25,0.041778743267059326,0.11425714939832687,0.32472482323646545,0.461276113986969,0.05796312168240547
BCS4__Cow_10,Cow_10,2,2028,V_mean,2,second,36,32,1,3,3.0,167.3531618530045,0.8888888888888888,0.023985322564840317,0.09786705672740936,0.3002950847148895,0.523773193359375,0.054079290479421616
BCS4__Cow_10_2038,Cow_10,2,2028,V_mean,2,first,2,2,0,1,,,,,,,,
BCS4__Cow_10_2038,Cow_10,2,2028,V_mean,2,second,2,2,0,1,,,,,,,,
BCS4__Cow_22_6005,Cow_22,2,2028,V_mean,2,first,2,2,0,3,,,,,,,,
BCS4__Cow_22_6005,Cow_22,2,2028,V_mean,2,second,3,2,0,3,,,,,,,,
BCS4__Cow_30,Cow_30,2,2028,V_mean,2,first,7,4,1,1,1.0,170.3642225349182,0.5714285714285714,0.04298065975308418,0.6238095164299011,0.19809477031230927,0.12846970558166504,0.006645320914685726
BCS4__Cow_30,Cow_30,2,2028,V_mean,2,second,7,0,0,1,,,,,,,,
BCS4__Cow_42,Cow_42,2,2028,V_mean,2,first,13,6,1,3,3.0,170.1643043577007,0.46153846153846156,0.01657537929713726,0.03948850929737091,0.22454482316970825,0.6073694825172424,0.11202175915241241
BCS4__Cow_42,Cow_42,2,2028,V_mean,2,second,14,5,1,3,3.0,168.7018330479923,0.35714285714285715,0.034353360533714294,0.09650405496358871,0.2914814352989197,0.4965037703514099,0.08115735650062561
BCS4__Cow_47_1,Cow_47,2,2028,V_mean,2,first,3,3,1,1,1.0,165.6616691349082,1.0,0.01806637831032276,0.77045738697052,0.13378803431987762,0.07604565471410751,0.001642599469050765
BCS4__Cow_47_1,Cow_47,2,2028,V_mean,2,second,4,4,1,1,1.0,167.72901295451248,1.0,0.015294562093913555,0.3793664276599884,0.2744907736778259,0.32013246417045593,0.010715731419622898
BCS4__Cow_49,Cow_49,2,2028,V_mean,2,first,4,3,1,1,1.0,160.51190280932127,0.75,0.015439800918102264,0.7880290150642395,0.12545835971832275,0.06979978084564209,0.0012730568414554
BCS4__Cow_49,Cow_49,2,2028,V_mean,2,second,5,4,1,1,1.0,171.35377573323314,0.8,0.014934857375919819,0.48940402269363403,0.24773384630680084,0.24179163575172424,0.006135697942227125
BCS4__Cow_55,Cow_55,2,2028,V_mean,2,first,2,2,0,1,,,,,,,,
BCS4__Cow_55,Cow_55,2,2028,V_mean,2,second,3,2,0,1,,,,,,,,
BCS4__Cow_8,Cow_8,2,2028,V_mean,2,first,19,16,1,3,3.0,169.33989342131102,0.8421052631578947,0.018878020346164703,0.10485813766717911,0.2914678752422333,0.5387861132621765,0.04600987955927849
BCS4__Cow_8,Cow_8,2,2028,V_mean,2,second,20,10,1,3,3.0,170.37019965622022,0.5,0.015709135681390762,0.08870354294776917,0.28423991799354553,0.5661254525184631,0.04522194713354111
BCS4__Cow_9,Cow_9,2,2028,V_mean,2,first,13,10,1,3,3.0,165.60707693826612,0.7692307692307693,0.012180746532976627,0.3073909282684326,0.29154112935066223,0.3782527446746826,0.01063446793705225
BCS4__Cow_9,Cow_9,2,2028,V_mean,2,second,13,9,1,3,3.0,163.28626852803404,0.6923076923076923,0.013044199906289577,0.26049506664276123,0.29926350712776184,0.4133504331111908,0.013846732676029205
BCS5__Cow_10_0029,Cow_10,2,2028,V_mean,3,first,3,2,0,3,,,,,,,,
BCS5__Cow_10_0029,Cow_10,2,2028,V_mean,3,second,4,3,1,3,3.0,171.90375742110592,0.75,0.006452708970755339,0.021136755123734474,0.17198137938976288,0.7074095606803894,0.09301958978176117
BCS5__Cow_24,Cow_24,2,2028,V_mean,3,first,12,6,1,3,3.0,171.30001837958278,0.5,0.015241235494613647,0.08096709847450256,0.27160608768463135,0.5808959603309631,0.0512896366417408
BCS5__Cow_24,Cow_24,2,2028,V_mean,3,second,13,6,1,3,3.0,171.616904682423,0.46153846153846156,0.013443682342767715,0.07000546157360077,0.2607805132865906,0.6022500991821289,0.053520310670137405
BCS5__Cow_24_7022,Cow_24,2,2028,V_mean,3,first,2,2,0,1,,,,,,,,
BCS5__Cow_24_7022,Cow_24,2,2028,V_mean,3,second,2,1,0,1,,,,,,,,
BCS5__Cow_28,Cow_28,2,2028,V_mean,3,first,15,14,1,3,3.0,170.49482846285264,0.9333333333333333,0.017842113971710205,0.1503361165523529,0.2949351668357849,0.5016655921936035,0.03522103652358055
BCS5__Cow_28,Cow_28,2,2028,V_mean,3,second,15,14,1,3,3.0,169.84204428054258,0.9333333333333333,0.0160047709941864,0.09986504912376404,0.27695393562316895,0.559334933757782,0.04784131422638893
BCS5__Cow_28_4024,Cow_28,2,2028,V_mean,3,first,3,2,0,1,,,,,,,,
BCS5__Cow_28_4024,Cow_28,2,2028,V_mean,3,second,3,1,0,1,,,,,,,,
BCS5__Cow_3,Cow_3,2,2028,V_mean,3,first,9,7,1,0,0.0,170.79992864517618,0.7777777777777778,0.9931038022041321,0.006090396549552679,0.000779631023760885,1.9123222955386154e-05,7.06896298652282e-06
BCS5__Cow_3,Cow_3,2,2028,V_mean,3,second,10,3,1,0,0.0,172.37723937450326,0.3,0.9919824004173279,0.007109198719263077,0.0008791473810561001,2.174031214963179e-05,7.569679382868344e-06
BCS5__Cow_30_30,Cow_30,2,2028,V_mean,3,first,3,2,0,3,,,,,,,,
BCS5__Cow_30_30,Cow_30,2,2028,V_mean,3,second,4,4,1,3,3.0,172.5049835085633,1.0,0.013727210462093353,0.05999656766653061,0.231986865401268,0.622292160987854,0.07199720293283463
BCS5__Cow_34,Cow_34,2,2028,V_mean,3,first,20,7,1,0,0.0,171.20187503860788,0.35,0.6652498841285706,0.21445722877979279,0.09333046525716782,0.02060277946293354,0.006359610240906477
BCS5__Cow_34,Cow_34,2,2028,V_mean,3,second,20,2,0,0,,,,,,,,
BCS5__Cow_34_1,Cow_34,2,2028,V_mean,3,first,9,4,1,2,2.0,164.49300765045263,0.4444444444444444,0.0766359344124794,0.28497135639190674,0.31436842679977417,0.2921948730945587,0.03182937577366829
BCS5__Cow_34_1,Cow_34,2,2028,V_mean,3,second,9,0,0,2,,,,,,,,
BCS5__Cow_50,Cow_50,2,2028,V_mean,3,first,19,19,1,1,1.0,173.00417166918672,1.0,0.04479779675602913,0.5323410034179688,0.2336762696504593,0.17808176577091217,0.011103188619017601
BCS5__Cow_50,Cow_50,2,2028,V_mean,3,second,20,20,1,1,1.0,173.47441765066134,1.0,0.0470992848277092,0.5309783220291138,0.23346175253391266,0.17689071595668793,0.011569973081350327
BCS5__Cow_50_49,Cow_50,2,2028,V_mean,3,first,1,1,0,3,,,,,,,,
BCS5__Cow_50_49,Cow_50,2,2028,V_mean,3,second,2,2,0,3,,,,,,,,
BCS5__Cow_8_NOTAG,Cow_8,2,2028,V_mean,3,first,3,2,0,3,,,,,,,,
BCS5__Cow_8_NOTAG,Cow_8,2,2028,V_mean,3,second,4,2,0,3,,,,,,,,
BCS6__Cow_18,Cow_18,2,2028,V_mean,4,first,23,14,1,0,0.0,168.67690559642762,0.6086956521739131,0.6079337000846863,0.06742242723703384,0.1538589894771576,0.0835503563284874,0.0872345119714737
BCS6__Cow_18,Cow_18,2,2028,V_mean,4,second,23,19,1,0,0.0,171.81580331821024,0.8260869565217391,0.48159492015838623,0.04441164433956146,0.15850920975208282,0.11386839300394058,0.20161586999893188
BCS6__Cow_18_32,Cow_18,2,2028,V_mean,4,first,28,22,1,4,4.0,172.5739879869971,0.7857142857142857,0.005202079191803932,0.0002088377223117277,0.009285138919949532,0.033244866877794266,0.9520589709281921
BCS6__Cow_18_32,Cow_18,2,2028,V_mean,4,second,29,24,1,4,4.0,173.69566006487963,0.8275862068965517,0.003946735989302397,0.00021309814474079758,0.00996373500674963,0.04248126596212387,0.94339519739151
BCS6__Cow_24_08,Cow_24,2,2028,V_mean,4,first,15,6,1,4,4.0,173.43962274306995,0.4,0.24361515045166016,0.003993892576545477,0.04895965754985809,0.05902637168765068,0.6444048881530762
BCS6__Cow_24_08,Cow_24,2,2028,V_mean,4,second,16,16,1,4,4.0,173.7365540074403,1.0,0.21159285306930542,0.005756615661084652,0.06281762570142746,0.08073838800191879,0.6390944719314575
BCS6__Cow_28_3083,Cow_28,2,2028,V_mean,4,first,23,15,1,4,4.0,172.54620092302903,0.6521739130434783,0.010477441363036633,0.0001442558568669483,0.0067383041605353355,0.016591796651482582,0.9660481810569763
BCS6__Cow_28_3083,Cow_28,2,2028,V_mean,4,second,23,3,1,4,4.0,173.9377670211239,0.13043478260869565,0.0027433454524725676,2.1437424948089756e-05,0.00205824407748878,0.0069313435815274715,0.9882456064224243
BCS6__Cow_3_25,Cow_3,2,2028,V_mean,4,first,23,2,0,4,,,,,,,,
BCS6__Cow_3_25,Cow_3,2,2028,V_mean,4,second,23,20,1,4,4.0,173.52042940500343,0.8695652173913043,0.007594630587846041,0.00011482759146019816,0.006017133127897978,0.01630322076380253,0.9699702262878418
BCS6__Cow_47_68,Cow_47,2,2028,V_mean,4,first,15,15,1,4,4.0,170.71022282165904,1.0,0.009539293125271797,3.574533911887556e-05,0.002789308549836278,0.006525364238768816,0.9811103343963623
BCS6__Cow_47_68,Cow_47,2,2028,V_mean,4,second,16,16,1,4,4.0,171.90265154411452,1.0,0.0027137158904224634,1.1142638868477661e-05,0.0014048033626750112,0.00444954726845026,0.9914208650588989
BCS6__Cow_9_1044,Cow_9,2,2028,V_mean,4,first,23,19,1,4,4.0,167.41661613531923,0.8260869565217391,0.002725031925365329,0.00011124249431304634,0.006521902047097683,0.030175959691405296,0.9604658484458923
BCS6__Cow_9_1044,Cow_9,2,2028,V_mean,4,second,23,17,1,4,4.0,167.85517199648052,0.7391304347826086,0.0013740453869104385,3.4790788049576804e-05,0.0031670245807617903,0.017063656821846962,0.9783604145050049
