bag_id,animal_id,fold_id,seed,variant,true_label5,frame_count,available_good_frames,mean_unique_frames,repeat_agreement_with_reference,modal_consistency,mean_abs_bcs_change,expected_bcs_sd,mean_total_variation,repeated_accuracy
BCS2__Cow_21_8029,Cow_21,0,2026,VAQ,0,1,17,1.0,1.0,1.0,0.0,0.09667248103062494,0.022464482113718987,1.0
BCS2__Cow_21_8029,Cow_21,0,2026,VAQ,0,3,17,3.0,1.0,1.0,0.0,0.05871950796582246,0.01256822794675827,1.0
BCS2__Cow_21_8029,Cow_21,0,2026,VAQ,0,6,17,6.0,1.0,1.0,0.0,0.04134960876876738,0.009340472519397736,1.0
BCS2__Cow_21_8029,Cow_21,0,2026,VAQ,0,12,17,12.0,1.0,1.0,0.0,0.016689274059485115,0.00550475437194109,1.0
BCS3__Cow_16,Cow_16,0,2026,VAQ,1,1,20,1.0,0.84,0.84,0.16,0.012723101166939685,0.010853755287826061,0.0
BCS3__Cow_16,Cow_16,0,2026,VAQ,1,3,20,3.0,0.92,0.92,0.08,0.007083590976827049,0.006333916913717985,0.0
BCS3__Cow_16,Cow_16,0,2026,VAQ,1,6,20,6.0,1.0,1.0,0.0,0.004414033387836834,0.004526827484369278,0.0
BCS3__Cow_16,Cow_16,0,2026,VAQ,1,12,20,12.0,1.0,1.0,0.0,0.0021846558976907084,0.0039176857098937035,0.0
BCS3__Cow_16_1004,Cow_16,0,2026,VAQ,1,1,3,1.0,0.66,0.66,0.34,0.12087379282542556,0.0687878280878067,0.34
BCS3__Cow_16_1004,Cow_16,0,2026,VAQ,1,3,3,3.0,1.0,1.0,0.0,0.0,0.02340262569487095,0.0
BCS3__Cow_16_1004,Cow_16,0,2026,VAQ,1,6,3,2.7,0.86,0.86,0.14,0.05572737559549,0.03989316150546074,0.14
BCS3__Cow_16_1004,Cow_16,0,2026,VAQ,1,12,3,2.96,0.98,0.98,0.02,0.034227258211470366,0.027919497340917587,0.02
BCS3__Cow_25_66,Cow_25,0,2026,VAQ,1,1,3,1.0,1.0,1.0,0.0,0.04935760138131781,0.024282898753881454,0.0
BCS3__Cow_25_66,Cow_25,0,2026,VAQ,1,3,3,3.0,1.0,1.0,0.0,2.1087774631654697e-08,0.014849228784441948,0.0
BCS3__Cow_25_66,Cow_25,0,2026,VAQ,1,6,3,2.76,1.0,1.0,0.0,0.01976999807789049,0.016865603625774384,0.0
BCS3__Cow_25_66,Cow_25,0,2026,VAQ,1,12,3,2.96,1.0,1.0,0.0,0.013029670626911504,0.014410452917218208,0.0
BCS3__Cow_2_1015,Cow_2,0,2026,VAQ,1,1,4,1.0,0.72,0.72,0.28,0.03686209876375007,0.024802055209875107,0.0
BCS3__Cow_2_1015,Cow_2,0,2026,VAQ,1,3,4,3.0,1.0,1.0,0.0,0.01766643254958312,0.0171675905585289,0.0
BCS3__Cow_2_1015,Cow_2,0,2026,VAQ,1,6,4,3.24,1.0,1.0,0.0,0.016388453065633222,0.01452473271638155,0.0
BCS3__Cow_2_1015,Cow_2,0,2026,VAQ,1,12,4,3.8,1.0,1.0,0.0,0.012267185549793178,0.015101210214197636,0.0
BCS3__Cow_46,Cow_46,0,2026,VAQ,1,1,17,1.0,1.0,1.0,0.0,0.09625915911609054,0.05624830350279808,1.0
BCS3__Cow_46,Cow_46,0,2026,VAQ,1,3,17,3.0,1.0,1.0,0.0,0.08109772720688269,0.05168067291378975,1.0
BCS3__Cow_46,Cow_46,0,2026,VAQ,1,6,17,6.0,1.0,1.0,0.0,0.06407871575230804,0.038439035415649414,1.0
BCS3__Cow_46,Cow_46,0,2026,VAQ,1,12,17,12.0,1.0,1.0,0.0,0.03415515396988286,0.02053697593510151,1.0
BCS3__Cow_46_1,Cow_46,0,2026,VAQ,1,1,9,1.0,1.0,1.0,0.0,0.03933831332769836,0.022755825892090797,1.0
BCS3__Cow_46_1,Cow_46,0,2026,VAQ,1,3,9,3.0,1.0,1.0,0.0,0.023460152672919156,0.01109726820141077,1.0
BCS3__Cow_46_1,Cow_46,0,2026,VAQ,1,6,9,6.0,1.0,1.0,0.0,0.011236647054080015,0.005208346992731094,1.0
BCS3__Cow_46_1,Cow_46,0,2026,VAQ,1,12,9,7.06,1.0,1.0,0.0,0.010445110369629163,0.005646707024425268,1.0
BCS3__Cow_46_2,Cow_46,0,2026,VAQ,1,1,3,1.0,1.0,1.0,0.0,0.22420883825123936,0.2847161889076233,1.0
BCS3__Cow_46_2,Cow_46,0,2026,VAQ,1,3,3,3.0,1.0,1.0,0.0,1.2962394783239991e-09,0.21410872042179108,1.0
BCS3__Cow_46_2,Cow_46,0,2026,VAQ,1,6,3,2.72,1.0,1.0,0.0,0.11437854853733577,0.21167218685150146,1.0
BCS3__Cow_46_2,Cow_46,0,2026,VAQ,1,12,3,2.96,1.0,1.0,0.0,0.09472420692256606,0.20931604504585266,1.0
BCS3__Cow_53,Cow_53,0,2026,VAQ,1,1,3,1.0,1.0,1.0,0.0,0.06915206625333113,0.050911303609609604,1.0
BCS3__Cow_53,Cow_53,0,2026,VAQ,1,3,3,3.0,1.0,1.0,0.0,0.0,0.033112555742263794,1.0
BCS3__Cow_53,Cow_53,0,2026,VAQ,1,6,3,2.68,1.0,1.0,0.0,0.02629667833200257,0.03801613673567772,1.0
BCS3__Cow_53,Cow_53,0,2026,VAQ,1,12,3,3.0,1.0,1.0,0.0,0.017032621977217985,0.030667340382933617,1.0
BCS4__Cow_15_68,Cow_15,0,2026,VAQ,2,1,3,1.0,0.58,0.58,0.42,0.07169961297174465,0.04732619225978851,0.42
BCS4__Cow_15_68,Cow_15,0,2026,VAQ,2,3,3,3.0,0.0,1.0,1.0,2.184378483573682e-07,0.014732101000845432,1.0
BCS4__Cow_15_68,Cow_15,0,2026,VAQ,2,6,3,2.78,0.56,0.56,0.44,0.024707066349562896,0.01899695210158825,0.44
BCS4__Cow_15_68,Cow_15,0,2026,VAQ,2,12,3,2.98,0.46,0.54,0.54,0.008086540687900514,0.015999512746930122,0.54
BCS4__Cow_17,Cow_17,0,2026,VAQ,2,1,10,1.0,1.0,1.0,0.0,0.01307945845543109,0.011880691163241863,0.0
BCS4__Cow_17,Cow_17,0,2026,VAQ,2,3,10,3.0,1.0,1.0,0.0,0.005088687401357504,0.0050382716581225395,0.0
BCS4__Cow_17,Cow_17,0,2026,VAQ,2,6,10,6.0,1.0,1.0,0.0,0.003447740841158703,0.003908985760062933,0.0
BCS4__Cow_17,Cow_17,0,2026,VAQ,2,12,10,7.04,1.0,1.0,0.0,0.002812016964353762,0.0038452530279755592,0.0
BCS4__Cow_19,Cow_19,0,2026,VAQ,2,1,57,1.0,1.0,1.0,0.0,0.06038950494791242,0.03813512250781059,1.0
BCS4__Cow_19,Cow_19,0,2026,VAQ,2,3,57,3.0,1.0,1.0,0.0,0.031779245869410735,0.017499389126896858,1.0
BCS4__Cow_19,Cow_19,0,2026,VAQ,2,6,57,6.0,1.0,1.0,0.0,0.023064689609135963,0.014957116916775703,1.0
BCS4__Cow_19,Cow_19,0,2026,VAQ,2,12,57,12.0,1.0,1.0,0.0,0.01463271047748464,0.008694569580256939,1.0
BCS4__Cow_19_0037,Cow_19,0,2026,VAQ,2,1,5,1.0,1.0,1.0,0.0,0.02567603652424707,0.015924639999866486,0.0
BCS4__Cow_19_0037,Cow_19,0,2026,VAQ,2,3,5,3.0,1.0,1.0,0.0,0.0058253419931558565,0.008635865524411201,0.0
BCS4__Cow_19_0037,Cow_19,0,2026,VAQ,2,6,5,3.6,1.0,1.0,0.0,0.006203808239907429,0.008370070718228817,0.0
BCS4__Cow_19_0037,Cow_19,0,2026,VAQ,2,12,5,4.6,1.0,1.0,0.0,0.0041084905922172356,0.008758995682001114,0.0
BCS4__Cow_2,Cow_2,0,2026,VAQ,2,1,13,1.0,1.0,1.0,0.0,0.016268044321445577,0.013856258243322372,0.0
BCS4__Cow_2,Cow_2,0,2026,VAQ,2,3,13,3.0,1.0,1.0,0.0,0.009208731059285961,0.008133670315146446,0.0
BCS4__Cow_2,Cow_2,0,2026,VAQ,2,6,13,6.0,1.0,1.0,0.0,0.006210118301548102,0.005491479765623808,0.0
BCS4__Cow_2,Cow_2,0,2026,VAQ,2,12,13,12.0,1.0,1.0,0.0,0.001523645902241672,0.0021147101651877165,0.0
BCS4__Cow_23,Cow_23,0,2026,VAQ,2,1,18,1.0,1.0,1.0,0.0,0.014492700863761313,0.008610949851572514,1.0
BCS4__Cow_23,Cow_23,0,2026,VAQ,2,3,18,3.0,1.0,1.0,0.0,0.009142385459108374,0.005062905140221119,1.0
BCS4__Cow_23,Cow_23,0,2026,VAQ,2,6,18,6.0,1.0,1.0,0.0,0.0050578910741533945,0.003101928858086467,1.0
BCS4__Cow_23,Cow_23,0,2026,VAQ,2,12,18,12.0,1.0,1.0,0.0,0.0030010876972837853,0.002079649595543742,1.0
BCS4__Cow_31,Cow_31,0,2026,VAQ,2,1,12,1.0,0.72,0.72,0.84,0.9686858930962228,0.27391546964645386,0.0
BCS4__Cow_31,Cow_31,0,2026,VAQ,2,3,12,3.0,0.94,0.94,0.18,0.5369917451594987,0.12931184470653534,0.0
BCS4__Cow_31,Cow_31,0,2026,VAQ,2,6,12,6.0,1.0,1.0,0.0,0.22638387647101887,0.05886188894510269,0.0
BCS4__Cow_31,Cow_31,0,2026,VAQ,2,12,12,12.0,1.0,1.0,0.0,2.2812304671350694e-08,4.561152344706443e-09,0.0
BCS4__Cow_32_0035,Cow_32,0,2026,VAQ,2,1,8,1.0,0.88,0.88,0.12,0.13272272852617412,0.08330868929624557,0.12
BCS4__Cow_32_0035,Cow_32,0,2026,VAQ,2,3,8,3.0,1.0,1.0,0.0,0.08619829874434719,0.05787566304206848,0.0
BCS4__Cow_32_0035,Cow_32,0,2026,VAQ,2,6,8,6.0,1.0,1.0,0.0,0.03991718295251342,0.029899589717388153,0.0
BCS4__Cow_32_0035,Cow_32,0,2026,VAQ,2,12,8,6.48,1.0,1.0,0.0,0.04250702851880841,0.026813700795173645,0.0
BCS4__Cow_44_1,Cow_44,0,2026,VAQ,2,1,22,1.0,1.0,1.0,0.0,0.01929657916044359,0.012863769195973873,0.0
BCS4__Cow_44_1,Cow_44,0,2026,VAQ,2,3,22,3.0,1.0,1.0,0.0,0.00874553248953188,0.006695954594761133,0.0
BCS4__Cow_44_1,Cow_44,0,2026,VAQ,2,6,22,6.0,1.0,1.0,0.0,0.005438506455866652,0.0049689216539263725,0.0
BCS4__Cow_44_1,Cow_44,0,2026,VAQ,2,12,22,12.0,1.0,1.0,0.0,0.0030300737956640567,0.003468829905614257,0.0
BCS4__Cow_51,Cow_51,0,2026,VAQ,2,1,4,1.0,1.0,1.0,0.0,0.025022038024721402,0.019377069547772408,1.0
BCS4__Cow_51,Cow_51,0,2026,VAQ,2,3,4,3.0,1.0,1.0,0.0,0.007524301879231279,0.01611870713531971,1.0
BCS4__Cow_51,Cow_51,0,2026,VAQ,2,6,4,3.1,1.0,1.0,0.0,0.011710726570042632,0.016181837767362595,1.0
BCS4__Cow_51,Cow_51,0,2026,VAQ,2,12,4,3.84,1.0,1.0,0.0,0.006901354970233668,0.015980619937181473,1.0
BCS4__Cow_51_0035,Cow_51,0,2026,VAQ,2,1,4,1.0,0.4,0.6,0.6,0.021721439570985584,0.017178060486912727,0.4
BCS4__Cow_51_0035,Cow_51,0,2026,VAQ,2,3,4,3.0,0.0,1.0,1.0,0.00664992263674458,0.010987010784447193,0.0
BCS4__Cow_51_0035,Cow_51,0,2026,VAQ,2,6,4,3.4,0.18,0.82,0.82,0.008033900163275286,0.011948442086577415,0.18
BCS4__Cow_51_0035,Cow_51,0,2026,VAQ,2,12,4,3.92,0.1,0.9,0.9,0.006156934548504304,0.011521991342306137,0.1
BCS4__Cow_7,Cow_7,0,2026,VAQ,2,1,15,1.0,1.0,1.0,0.0,0.043305076628687676,0.01845506951212883,0.0
BCS4__Cow_7,Cow_7,0,2026,VAQ,2,3,15,3.0,1.0,1.0,0.0,0.012737541703157745,0.006850267760455608,0.0
BCS4__Cow_7,Cow_7,0,2026,VAQ,2,6,15,6.0,1.0,1.0,0.0,0.006415008786005375,0.003919211681932211,0.0
BCS4__Cow_7,Cow_7,0,2026,VAQ,2,12,15,12.0,1.0,1.0,0.0,0.002652891895379296,0.0017305738292634487,0.0
BCS5__Cow_15,Cow_15,0,2026,VAQ,3,1,25,1.0,0.76,0.76,0.24,0.07972830221378126,0.03303493186831474,0.24
BCS5__Cow_15,Cow_15,0,2026,VAQ,3,3,25,3.0,0.9,0.9,0.1,0.01616874297785687,0.008578801527619362,0.1
BCS5__Cow_15,Cow_15,0,2026,VAQ,3,6,25,6.0,1.0,1.0,0.0,0.011234429218144661,0.005971355829387903,0.0
BCS5__Cow_15,Cow_15,0,2026,VAQ,3,12,25,12.0,1.0,1.0,0.0,0.0061399403742132975,0.003676410997286439,0.0
BCS5__Cow_17_17,Cow_17,0,2026,VAQ,3,1,6,1.0,1.0,1.0,0.0,0.019798739916703344,0.017663881182670593,1.0
BCS5__Cow_17_17,Cow_17,0,2026,VAQ,3,3,6,3.0,1.0,1.0,0.0,0.009119694448976952,0.007609484251588583,1.0
BCS5__Cow_17_17,Cow_17,0,2026,VAQ,3,6,6,6.0,1.0,1.0,0.0,2.282551651202415e-07,0.00043417455162853,1.0
BCS5__Cow_17_17,Cow_17,0,2026,VAQ,3,12,6,5.26,1.0,1.0,0.0,0.005112945148905612,0.004081648774445057,1.0
BCS5__Cow_21,Cow_21,0,2026,VAQ,3,1,18,1.0,0.94,0.94,0.06,0.026437295649195065,0.010524178855121136,0.94
BCS5__Cow_21,Cow_21,0,2026,VAQ,3,3,18,3.0,1.0,1.0,0.0,0.006064084447390234,0.004306724760681391,1.0
BCS5__Cow_21,Cow_21,0,2026,VAQ,3,6,18,6.0,1.0,1.0,0.0,0.003359620053366856,0.0023560868576169014,1.0
BCS5__Cow_21,Cow_21,0,2026,VAQ,3,12,18,12.0,1.0,1.0,0.0,0.001620252034508072,0.0015376545488834381,1.0
BCS5__Cow_23_1067,Cow_23,0,2026,VAQ,3,1,5,1.0,1.0,1.0,0.0,0.02228999957828859,0.02015802636742592,1.0
BCS5__Cow_23_1067,Cow_23,0,2026,VAQ,3,3,5,3.0,1.0,1.0,0.0,0.008472610219085882,0.0091444356366992,1.0
BCS5__Cow_23_1067,Cow_23,0,2026,VAQ,3,6,5,3.74,1.0,1.0,0.0,0.007219130624887341,0.010125108994543552,1.0
BCS5__Cow_23_1067,Cow_23,0,2026,VAQ,3,12,5,4.72,1.0,1.0,0.0,0.005817754730443445,0.007877912372350693,1.0
BCS5__Cow_25,Cow_25,0,2026,VAQ,3,1,29,1.0,0.76,0.76,0.24,0.0966817024963632,0.06023971736431122,0.0
BCS5__Cow_25,Cow_25,0,2026,VAQ,3,3,29,3.0,1.0,1.0,0.0,0.043789436200125036,0.02495853416621685,0.0
BCS5__Cow_25,Cow_25,0,2026,VAQ,3,6,29,6.0,1.0,1.0,0.0,0.026398366739692935,0.014149901457130909,0.0
BCS5__Cow_25,Cow_25,0,2026,VAQ,3,12,29,12.0,1.0,1.0,0.0,0.017077966332461777,0.00912500824779272,0.0
BCS5__Cow_31_15,Cow_31,0,2026,VAQ,3,1,3,1.0,1.0,1.0,0.0,0.013348162701582898,0.010583261027932167,1.0
BCS5__Cow_31_15,Cow_31,0,2026,VAQ,3,3,3,3.0,1.0,1.0,0.0,0.0,0.003460862673819065,1.0
BCS5__Cow_31_15,Cow_31,0,2026,VAQ,3,6,3,2.8,1.0,1.0,0.0,0.0050283221135555105,0.0045969001948833466,1.0
BCS5__Cow_31_15,Cow_31,0,2026,VAQ,3,12,3,2.94,1.0,1.0,0.0,0.0039776356026143935,0.004354961682111025,1.0
BCS5__Cow_31_2024,Cow_31,0,2026,VAQ,3,1,5,1.0,0.82,0.82,0.18,0.04419411323221737,0.030391082167625427,0.82
BCS5__Cow_31_2024,Cow_31,0,2026,VAQ,3,3,5,3.0,1.0,1.0,0.0,0.017312756922404762,0.02397548034787178,1.0
BCS5__Cow_31_2024,Cow_31,0,2026,VAQ,3,6,5,3.62,1.0,1.0,0.0,0.014115992900974315,0.024134522303938866,1.0
BCS5__Cow_31_2024,Cow_31,0,2026,VAQ,3,12,5,4.72,1.0,1.0,0.0,0.010304185616072848,0.024673888459801674,1.0
BCS5__Cow_32,Cow_32,0,2026,VAQ,3,1,5,1.0,1.0,1.0,0.0,0.051757086792925684,0.03247483819723129,1.0
BCS5__Cow_32,Cow_32,0,2026,VAQ,3,3,5,3.0,1.0,1.0,0.0,0.02465453388006221,0.015797968953847885,1.0
BCS5__Cow_32,Cow_32,0,2026,VAQ,3,6,5,3.66,1.0,1.0,0.0,0.018244588528921073,0.01312718540430069,1.0
BCS5__Cow_32,Cow_32,0,2026,VAQ,3,12,5,4.72,1.0,1.0,0.0,0.012475534675859129,0.013493992388248444,1.0
BCS5__Cow_44_3008,Cow_44,0,2026,VAQ,3,1,3,1.0,1.0,1.0,0.0,0.06812959135678404,0.06205611303448677,1.0
BCS5__Cow_44_3008,Cow_44,0,2026,VAQ,3,3,3,3.0,1.0,1.0,0.0,2.0596372548502696e-07,0.025337696075439453,1.0
BCS5__Cow_44_3008,Cow_44,0,2026,VAQ,3,6,3,2.78,1.0,1.0,0.0,0.019524691577017875,0.027314474806189537,1.0
BCS5__Cow_44_3008,Cow_44,0,2026,VAQ,3,12,3,2.96,1.0,1.0,0.0,0.013294120539803249,0.025223324075341225,1.0
BCS5__Cow_45,Cow_45,0,2026,VAQ,3,1,24,1.0,1.0,1.0,0.0,0.013985587614625357,0.009334055706858635,1.0
BCS5__Cow_45,Cow_45,0,2026,VAQ,3,3,24,3.0,1.0,1.0,0.0,0.006067138715929506,0.004781861789524555,1.0
BCS5__Cow_45,Cow_45,0,2026,VAQ,3,6,24,6.0,1.0,1.0,0.0,0.004581554830052544,0.0036678421311080456,1.0
BCS5__Cow_45,Cow_45,0,2026,VAQ,3,12,24,12.0,1.0,1.0,0.0,0.0026328327819771856,0.002321405801922083,1.0
BCS5__Cow_53_30,Cow_53,0,2026,VAQ,3,1,4,1.0,1.0,1.0,0.0,0.01930388951624599,0.019581498578190804,1.0
BCS5__Cow_53_30,Cow_53,0,2026,VAQ,3,3,4,3.0,1.0,1.0,0.0,0.006216029781476237,0.010400036349892616,1.0
BCS5__Cow_53_30,Cow_53,0,2026,VAQ,3,6,4,3.2,1.0,1.0,0.0,0.00777224451591745,0.010091218166053295,1.0
BCS5__Cow_53_30,Cow_53,0,2026,VAQ,3,12,4,3.86,1.0,1.0,0.0,0.004627860980916312,0.010197876952588558,1.0
BCS5__Cow_7_6022,Cow_7,0,2026,VAQ,3,1,3,1.0,1.0,1.0,0.0,0.007293941770961058,0.011445809155702591,1.0
BCS5__Cow_7_6022,Cow_7,0,2026,VAQ,3,3,3,3.0,1.0,1.0,0.0,4.906676014284605e-08,0.006081308238208294,1.0
BCS5__Cow_7_6022,Cow_7,0,2026,VAQ,3,6,3,2.68,1.0,1.0,0.0,0.0031054146215301233,0.006489956751465797,1.0
BCS5__Cow_7_6022,Cow_7,0,2026,VAQ,3,12,3,2.96,1.0,1.0,0.0,0.0022256299361594566,0.005490373354405165,1.0
BCS6__Cow_16_06,Cow_16,0,2026,VAQ,4,1,62,1.0,1.0,1.0,0.0,0.0012121623132749942,0.0006098548765294254,1.0
BCS6__Cow_16_06,Cow_16,0,2026,VAQ,4,3,62,3.0,1.0,1.0,0.0,0.0006555904020484632,0.000317485915729776,1.0
BCS6__Cow_16_06,Cow_16,0,2026,VAQ,4,6,62,6.0,1.0,1.0,0.0,0.0004343420855652117,0.0002556618128437549,1.0
BCS6__Cow_16_06,Cow_16,0,2026,VAQ,4,12,62,12.0,1.0,1.0,0.0,0.0002657143748456952,0.00016873134882189333,1.0
BCS6__Cow_19_29,Cow_19,0,2026,VAQ,4,1,52,1.0,1.0,1.0,0.0,0.008818203406922031,0.006568825803697109,1.0
BCS6__Cow_19_29,Cow_19,0,2026,VAQ,4,3,52,3.0,1.0,1.0,0.0,0.0051198264647576396,0.0033767062705010176,1.0
BCS6__Cow_19_29,Cow_19,0,2026,VAQ,4,6,52,6.0,1.0,1.0,0.0,0.0031652780327830307,0.0022704892326146364,1.0
BCS6__Cow_19_29,Cow_19,0,2026,VAQ,4,12,52,12.0,1.0,1.0,0.0,0.0019994371649005864,0.0013827341608703136,1.0
BCS6__Cow_2_6006,Cow_2,0,2026,VAQ,4,1,31,1.0,1.0,1.0,0.0,0.00044476081892044886,0.0002469677710905671,1.0
BCS6__Cow_2_6006,Cow_2,0,2026,VAQ,4,3,31,3.0,1.0,1.0,0.0,0.0002365761967761532,0.00012545827485155314,1.0
BCS6__Cow_2_6006,Cow_2,0,2026,VAQ,4,6,31,6.0,1.0,1.0,0.0,0.00016192714019333342,8.613086538389325e-05,1.0
BCS6__Cow_2_6006,Cow_2,0,2026,VAQ,4,12,31,12.0,1.0,1.0,0.0,0.00011976013479315664,5.9464407968334854e-05,1.0
BCS6__Cow_32_34,Cow_32,0,2026,VAQ,4,1,7,1.0,1.0,1.0,0.0,0.0014139952811626482,0.00082011753693223,1.0
BCS6__Cow_32_34,Cow_32,0,2026,VAQ,4,3,7,3.0,1.0,1.0,0.0,0.0007134848041098706,0.00046115025179460645,1.0
BCS6__Cow_32_34,Cow_32,0,2026,VAQ,4,6,7,6.0,1.0,1.0,0.0,0.0002515475741331977,0.0002447734004817903,1.0
BCS6__Cow_32_34,Cow_32,0,2026,VAQ,4,12,7,5.84,1.0,1.0,0.0,0.0004336464394923688,0.00038666650652885437,1.0
BCS6__Cow_36,Cow_36,0,2026,VAQ,4,1,37,1.0,0.72,0.72,0.28,0.5842393094667252,0.2745809257030487,0.72
BCS6__Cow_36,Cow_36,0,2026,VAQ,4,3,37,3.0,0.96,0.96,0.04,0.25282680169315774,0.05225111544132233,0.96
BCS6__Cow_36,Cow_36,0,2026,VAQ,4,6,37,6.0,1.0,1.0,0.0,0.03030958663008478,0.010107560083270073,1.0
BCS6__Cow_36,Cow_36,0,2026,VAQ,4,12,37,12.0,1.0,1.0,0.0,0.016532552039564958,0.00892463605850935,1.0
BCS6__Cow_36_1,Cow_36,0,2026,VAQ,4,1,46,1.0,0.68,0.68,0.32,0.5369120953015623,0.3003861904144287,0.68
BCS6__Cow_36_1,Cow_36,0,2026,VAQ,4,3,46,3.0,0.98,0.98,0.02,0.16946582456366602,0.03619486466050148,0.98
BCS6__Cow_36_1,Cow_36,0,2026,VAQ,4,6,46,6.0,1.0,1.0,0.0,0.037308141186216705,0.014402501285076141,1.0
BCS6__Cow_36_1,Cow_36,0,2026,VAQ,4,12,46,12.0,1.0,1.0,0.0,0.02234600042887773,0.010201174765825272,1.0
BCS6__Cow_45_9025,Cow_45,0,2026,VAQ,4,1,31,1.0,1.0,1.0,0.0,0.0020511004154948934,0.0010592542821541429,1.0
BCS6__Cow_45_9025,Cow_45,0,2026,VAQ,4,3,31,3.0,1.0,1.0,0.0,0.001191095925922288,0.0006788435857743025,1.0
BCS6__Cow_45_9025,Cow_45,0,2026,VAQ,4,6,31,6.0,1.0,1.0,0.0,0.000883853935922526,0.0005037884693592787,1.0
BCS6__Cow_45_9025,Cow_45,0,2026,VAQ,4,12,31,12.0,1.0,1.0,0.0,0.00043517476282655803,0.00025191419990733266,1.0
BCS6__Cow_52_29,Cow_52,0,2026,VAQ,4,1,55,1.0,1.0,1.0,0.0,0.0017439974601850487,0.0008797731716185808,1.0
BCS6__Cow_52_29,Cow_52,0,2026,VAQ,4,3,55,3.0,1.0,1.0,0.0,0.0006972622687872199,0.0003438891435507685,1.0
BCS6__Cow_52_29,Cow_52,0,2026,VAQ,4,6,55,6.0,1.0,1.0,0.0,0.0005391083045851048,0.00027936368132941425,1.0
BCS6__Cow_52_29,Cow_52,0,2026,VAQ,4,12,55,12.0,1.0,1.0,0.0,0.0003392854824786399,0.00016680537373758852,1.0
BCS6__Cow_7_9008,Cow_7,0,2026,VAQ,4,1,19,1.0,1.0,1.0,0.0,0.007649420785017696,0.005951783154159784,1.0
BCS6__Cow_7_9008,Cow_7,0,2026,VAQ,4,3,19,3.0,1.0,1.0,0.0,0.003833023777921842,0.00242695608176291,1.0
BCS6__Cow_7_9008,Cow_7,0,2026,VAQ,4,6,19,6.0,1.0,1.0,0.0,0.0025765786162649357,0.0017214295221492648,1.0
BCS6__Cow_7_9008,Cow_7,0,2026,VAQ,4,12,19,12.0,1.0,1.0,0.0,0.0015087070134429206,0.0010069191921502352,1.0
BCS2__Cow_11,Cow_11,1,2026,VAQ,0,1,76,1.0,0.18,0.82,0.82,0.20226151933550773,0.18327099084854126,0.0
BCS2__Cow_11,Cow_11,1,2026,VAQ,0,3,76,3.0,0.4,0.6,0.6,0.12106438609613615,0.1220727413892746,0.0
BCS2__Cow_11,Cow_11,1,2026,VAQ,0,6,76,6.0,0.44,0.56,0.56,0.08742255338695641,0.0881362184882164,0.0
BCS2__Cow_11,Cow_11,1,2026,VAQ,0,12,76,12.0,0.28,0.72,0.72,0.06555483256905055,0.09390947222709656,0.0
BCS2__Cow_11_1,Cow_11,1,2026,VAQ,0,1,6,1.0,1.0,1.0,0.0,0.08381385585391676,0.0749843493103981,0.0
BCS2__Cow_11_1,Cow_11,1,2026,VAQ,0,3,6,3.0,1.0,1.0,0.0,0.038862380835972314,0.056065529584884644,0.0
BCS2__Cow_11_1,Cow_11,1,2026,VAQ,0,6,6,6.0,1.0,1.0,0.0,1.4011877924374898e-07,0.05285273492336273,0.0
BCS2__Cow_11_1,Cow_11,1,2026,VAQ,0,12,6,5.38,1.0,1.0,0.0,0.023756212166755747,0.053442779928445816,0.0
BCS2__Cow_11_2,Cow_11,1,2026,VAQ,0,1,40,1.0,0.3,0.7,0.7,0.35436911836701857,0.6965692639350891,0.3
BCS2__Cow_11_2,Cow_11,1,2026,VAQ,0,3,40,3.0,0.66,0.66,0.34,0.4505843592018081,0.3963630795478821,0.66
BCS2__Cow_11_2,Cow_11,1,2026,VAQ,0,6,40,6.0,0.96,0.96,0.04,0.4033395526405018,0.1396414339542389,0.96
BCS2__Cow_11_2,Cow_11,1,2026,VAQ,0,12,40,12.0,1.0,1.0,0.0,0.20038857288301093,0.0551563985645771,1.0
BCS3__Cow_14,Cow_14,1,2026,VAQ,1,1,4,1.0,1.0,1.0,0.0,0.012952625267213252,0.012144528329372406,0.0
BCS3__Cow_14,Cow_14,1,2026,VAQ,1,3,4,3.0,1.0,1.0,0.0,0.0040852610662651225,0.007316506002098322,0.0
BCS3__Cow_14,Cow_14,1,2026,VAQ,1,6,4,3.14,1.0,1.0,0.0,0.00549580856416964,0.008543435484170914,0.0
BCS3__Cow_14,Cow_14,1,2026,VAQ,1,12,4,3.88,1.0,1.0,0.0,0.0033888864693117013,0.007990115322172642,0.0
BCS3__Cow_14_0011,Cow_14,1,2026,VAQ,1,1,4,1.0,1.0,1.0,0.0,0.14350733311910296,0.10894349217414856,1.0
BCS3__Cow_14_0011,Cow_14,1,2026,VAQ,1,3,4,3.0,1.0,1.0,0.0,0.04533604198046882,0.07167389988899231,1.0
BCS3__Cow_14_0011,Cow_14,1,2026,VAQ,1,6,4,3.48,1.0,1.0,0.0,0.05481952020035385,0.06924308091402054,1.0
BCS3__Cow_14_0011,Cow_14,1,2026,VAQ,1,12,4,3.9,1.0,1.0,0.0,0.04782547951363185,0.06257036328315735,1.0
BCS3__Cow_6_103,Cow_6,1,2026,VAQ,1,1,4,1.0,0.78,0.78,0.22,0.2646777991050344,0.17669902741909027,0.78
BCS3__Cow_6_103,Cow_6,1,2026,VAQ,1,3,4,3.0,0.42,0.58,0.58,0.10396131372563318,0.1707831621170044,0.42
BCS3__Cow_6_103,Cow_6,1,2026,VAQ,1,6,4,3.36,0.7,0.7,0.3,0.11079804531437419,0.16003525257110596,0.7
BCS3__Cow_6_103,Cow_6,1,2026,VAQ,1,12,4,3.94,0.64,0.64,0.36,0.11002144204143323,0.16517072916030884,0.64
BCS4__Cow_1,Cow_1,1,2026,VAQ,2,1,9,1.0,1.0,1.0,0.0,0.017079343626439862,0.010749165900051594,1.0
BCS4__Cow_1,Cow_1,1,2026,VAQ,2,3,9,3.0,1.0,1.0,0.0,0.007147204082145739,0.005754179786890745,1.0
BCS4__Cow_1,Cow_1,1,2026,VAQ,2,6,9,6.0,1.0,1.0,0.0,0.0034420773404754256,0.003504048800095916,1.0
BCS4__Cow_1,Cow_1,1,2026,VAQ,2,12,9,6.56,1.0,1.0,0.0,0.004063462148823368,0.003823421197012067,1.0
BCS4__Cow_26,Cow_26,1,2026,VAQ,2,1,7,1.0,1.0,1.0,0.0,0.009177663419242501,0.00841839611530304,1.0
BCS4__Cow_26,Cow_26,1,2026,VAQ,2,3,7,3.0,1.0,1.0,0.0,0.004011450058942365,0.004535307642072439,1.0
BCS4__Cow_26,Cow_26,1,2026,VAQ,2,6,7,6.0,1.0,1.0,0.0,0.0016696977852249017,0.00247076409868896,1.0
BCS4__Cow_26,Cow_26,1,2026,VAQ,2,12,7,5.86,1.0,1.0,0.0,0.002644375882718722,0.0035435068421065807,1.0
BCS4__Cow_26_5051,Cow_26,1,2026,VAQ,2,1,5,1.0,1.0,1.0,0.0,0.2026289157132029,0.12193284928798676,1.0
BCS4__Cow_26_5051,Cow_26,1,2026,VAQ,2,3,5,3.0,1.0,1.0,0.0,0.039279272915300256,0.0826137363910675,1.0
BCS4__Cow_26_5051,Cow_26,1,2026,VAQ,2,6,5,3.74,1.0,1.0,0.0,0.04564567884247048,0.08149997889995575,1.0
BCS4__Cow_26_5051,Cow_26,1,2026,VAQ,2,12,5,4.56,1.0,1.0,0.0,0.02595549456340437,0.08518491685390472,1.0
BCS4__Cow_27_9008,Cow_27,1,2026,VAQ,2,1,4,1.0,1.0,1.0,0.0,0.16365327391563783,0.09078728407621384,0.0
BCS4__Cow_27_9008,Cow_27,1,2026,VAQ,2,3,4,3.0,1.0,1.0,0.0,0.05897079227960373,0.03766564279794693,0.0
BCS4__Cow_27_9008,Cow_27,1,2026,VAQ,2,6,4,3.3,1.0,1.0,0.0,0.0607262807592127,0.03641308471560478,0.0
BCS4__Cow_27_9008,Cow_27,1,2026,VAQ,2,12,4,3.86,1.0,1.0,0.0,0.04458336886263915,0.026471324265003204,0.0
BCS4__Cow_29_7007,Cow_29,1,2026,VAQ,2,1,4,1.0,1.0,1.0,0.0,0.024229590122845455,0.021279411390423775,0.0
BCS4__Cow_29_7007,Cow_29,1,2026,VAQ,2,3,4,3.0,1.0,1.0,0.0,0.009154028732919447,0.014912685379385948,0.0
BCS4__Cow_29_7007,Cow_29,1,2026,VAQ,2,6,4,3.26,1.0,1.0,0.0,0.01300312747597897,0.017613479867577553,0.0
BCS4__Cow_29_7007,Cow_29,1,2026,VAQ,2,12,4,3.88,1.0,1.0,0.0,0.007331692537033133,0.015835769474506378,0.0
BCS4__Cow_33,Cow_33,1,2026,VAQ,2,1,21,1.0,0.7,0.7,0.3,0.0157858271365409,0.010602486319839954,0.7
BCS4__Cow_33,Cow_33,1,2026,VAQ,2,3,21,3.0,0.86,0.86,0.14,0.007990931839324849,0.0053472137078642845,0.86
BCS4__Cow_33,Cow_33,1,2026,VAQ,2,6,21,6.0,0.98,0.98,0.02,0.0053400967855209425,0.0038217001128941774,0.98
BCS4__Cow_33,Cow_33,1,2026,VAQ,2,12,21,12.0,1.0,1.0,0.0,0.0026110424732412583,0.0028812107630074024,1.0
BCS4__Cow_4,Cow_4,1,2026,VAQ,2,1,4,1.0,1.0,1.0,0.0,0.01891711740464296,0.013246395625174046,1.0
BCS4__Cow_4,Cow_4,1,2026,VAQ,2,3,4,3.0,1.0,1.0,0.0,0.006403584443132869,0.00816243328154087,1.0
BCS4__Cow_4,Cow_4,1,2026,VAQ,2,6,4,3.4,1.0,1.0,0.0,0.008322395820082418,0.007418938912451267,1.0
BCS4__Cow_4,Cow_4,1,2026,VAQ,2,12,4,3.88,1.0,1.0,0.0,0.0055153879504285875,0.007919707335531712,1.0
BCS4__Cow_41,Cow_41,1,2026,VAQ,2,1,3,1.0,1.0,1.0,0.0,0.007851309017427272,0.004414521623402834,1.0
BCS4__Cow_41,Cow_41,1,2026,VAQ,2,3,3,3.0,1.0,1.0,0.0,3.117346787324958e-08,0.004105711821466684,1.0
BCS4__Cow_41,Cow_41,1,2026,VAQ,2,6,3,2.68,1.0,1.0,0.0,0.0028713188477950662,0.0036090470384806395,1.0
BCS4__Cow_41,Cow_41,1,2026,VAQ,2,12,3,2.96,1.0,1.0,0.0,0.0023986922512870936,0.004002829547971487,1.0
BCS4__Cow_48,Cow_48,1,2026,VAQ,2,1,3,1.0,1.0,1.0,0.0,0.014896698101463995,0.007228659000247717,1.0
BCS4__Cow_48,Cow_48,1,2026,VAQ,2,3,3,3.0,1.0,1.0,0.0,1.9635555440145204e-07,0.00345590035431087,1.0
BCS4__Cow_48,Cow_48,1,2026,VAQ,2,6,3,2.74,1.0,1.0,0.0,0.005906606518332365,0.003599554067477584,1.0
BCS4__Cow_48,Cow_48,1,2026,VAQ,2,12,3,3.0,1.0,1.0,0.0,0.004138837996965673,0.003913551568984985,1.0
BCS4__Cow_4_1,Cow_4,1,2026,VAQ,2,1,39,1.0,1.0,1.0,0.0,0.06244035472727954,0.03874126449227333,1.0
BCS4__Cow_4_1,Cow_4,1,2026,VAQ,2,3,39,3.0,1.0,1.0,0.0,0.035690841679272216,0.017233334481716156,1.0
BCS4__Cow_4_1,Cow_4,1,2026,VAQ,2,6,39,6.0,1.0,1.0,0.0,0.0304455554542474,0.016494467854499817,1.0
BCS4__Cow_4_1,Cow_4,1,2026,VAQ,2,12,39,12.0,1.0,1.0,0.0,0.019846221930402825,0.011478581465780735,1.0
BCS4__Cow_6,Cow_6,1,2026,VAQ,2,1,7,1.0,0.82,0.82,0.18,0.13460503122953132,0.0759490504860878,0.82
BCS4__Cow_6,Cow_6,1,2026,VAQ,2,3,7,3.0,1.0,1.0,0.0,0.05997122655680731,0.03921528905630112,1.0
BCS4__Cow_6,Cow_6,1,2026,VAQ,2,6,7,6.0,1.0,1.0,0.0,0.020320310653967964,0.03616747260093689,1.0
BCS4__Cow_6,Cow_6,1,2026,VAQ,2,12,7,5.88,1.0,1.0,0.0,0.04173073343503375,0.03757703676819801,1.0
BCS5__Cow_12_NOTAG,Cow_12,1,2026,VAQ,3,1,3,1.0,1.0,1.0,0.0,0.04268357912768662,0.03828595578670502,1.0
BCS5__Cow_12_NOTAG,Cow_12,1,2026,VAQ,3,3,3,3.0,1.0,1.0,0.0,1.7915350306746054e-08,0.03319033235311508,1.0
BCS5__Cow_12_NOTAG,Cow_12,1,2026,VAQ,3,6,3,2.82,1.0,1.0,0.0,0.013513227795397643,0.032839421182870865,1.0
BCS5__Cow_12_NOTAG,Cow_12,1,2026,VAQ,3,12,3,2.96,1.0,1.0,0.0,0.011127348191741441,0.03235793486237526,1.0
BCS5__Cow_13,Cow_13,1,2026,VAQ,3,1,20,1.0,1.0,1.0,0.0,0.049989673012833476,0.022592894732952118,0.0
BCS5__Cow_13,Cow_13,1,2026,VAQ,3,3,20,3.0,1.0,1.0,0.0,0.03402750379925667,0.013980981893837452,0.0
BCS5__Cow_13,Cow_13,1,2026,VAQ,3,6,20,6.0,1.0,1.0,0.0,0.01803574742383989,0.00855832826346159,0.0
BCS5__Cow_13,Cow_13,1,2026,VAQ,3,12,20,12.0,1.0,1.0,0.0,0.010014838792442601,0.005326598882675171,0.0
BCS5__Cow_13_8001,Cow_13,1,2026,VAQ,3,1,3,1.0,0.68,0.68,0.32,0.24026475563544192,0.18668827414512634,0.0
BCS5__Cow_13_8001,Cow_13,1,2026,VAQ,3,3,3,3.0,1.0,1.0,0.0,4.415327825223702e-08,0.1738259494304657,0.0
BCS5__Cow_13_8001,Cow_13,1,2026,VAQ,3,6,3,2.78,1.0,1.0,0.0,0.08711693116785171,0.14862389862537384,0.0
BCS5__Cow_13_8001,Cow_13,1,2026,VAQ,3,12,3,2.98,1.0,1.0,0.0,0.0583221414763625,0.16839087009429932,0.0
BCS5__Cow_1_27,Cow_1,1,2026,VAQ,3,1,3,1.0,0.64,0.64,0.36,0.20253075095358267,0.11195359379053116,0.36
BCS5__Cow_1_27,Cow_1,1,2026,VAQ,3,3,3,3.0,1.0,1.0,0.0,2.5783888522281404e-07,0.10802953690290451,0.0
BCS5__Cow_1_27,Cow_1,1,2026,VAQ,3,6,3,2.78,0.98,0.98,0.02,0.09072750026250215,0.09715496003627777,0.02
BCS5__Cow_1_27,Cow_1,1,2026,VAQ,3,12,3,2.96,1.0,1.0,0.0,0.06291410150405485,0.09720835089683533,0.0
BCS5__Cow_27,Cow_27,1,2026,VAQ,3,1,21,1.0,1.0,1.0,0.0,0.044453252431812786,0.025014908984303474,0.0
BCS5__Cow_27,Cow_27,1,2026,VAQ,3,3,21,3.0,1.0,1.0,0.0,0.024081227243566584,0.015758929774165154,0.0
BCS5__Cow_27,Cow_27,1,2026,VAQ,3,6,21,6.0,1.0,1.0,0.0,0.015184023476670187,0.009245213121175766,0.0
BCS5__Cow_27,Cow_27,1,2026,VAQ,3,12,21,12.0,1.0,1.0,0.0,0.008937844799989915,0.0056940182112157345,0.0
BCS5__Cow_29,Cow_29,1,2026,VAQ,3,1,25,1.0,1.0,1.0,0.0,0.012838471583513457,0.00818643718957901,0.0
BCS5__Cow_29,Cow_29,1,2026,VAQ,3,3,25,3.0,1.0,1.0,0.0,0.0064904165612862785,0.004869320895522833,0.0
BCS5__Cow_29,Cow_29,1,2026,VAQ,3,6,25,6.0,1.0,1.0,0.0,0.005171338258088828,0.003996501676738262,0.0
BCS5__Cow_29,Cow_29,1,2026,VAQ,3,12,25,12.0,1.0,1.0,0.0,0.0030742358785631504,0.0025154734030365944,0.0
BCS5__Cow_37,Cow_37,1,2026,VAQ,3,1,26,1.0,1.0,1.0,0.0,0.023693454912516454,0.009503206238150597,0.0
BCS5__Cow_37,Cow_37,1,2026,VAQ,3,3,26,3.0,1.0,1.0,0.0,0.01789572027627455,0.008304929360747337,0.0
BCS5__Cow_37,Cow_37,1,2026,VAQ,3,6,26,6.0,1.0,1.0,0.0,0.009968237721026597,0.005039958283305168,0.0
BCS5__Cow_37,Cow_37,1,2026,VAQ,3,12,26,12.0,1.0,1.0,0.0,0.005408321355698893,0.003060076618567109,0.0
BCS5__Cow_37_and_38,Cow_37,1,2026,VAQ,3,1,3,1.0,1.0,1.0,0.0,0.014570512161316686,0.01057316642254591,0.0
BCS5__Cow_37_and_38,Cow_37,1,2026,VAQ,3,3,3,3.0,1.0,1.0,0.0,4.8214842817213395e-09,0.008750539273023605,0.0
BCS5__Cow_37_and_38,Cow_37,1,2026,VAQ,3,6,3,2.7,1.0,1.0,0.0,0.006968217625850875,0.010294496081769466,0.0
BCS5__Cow_37_and_38,Cow_37,1,2026,VAQ,3,12,3,2.96,1.0,1.0,0.0,0.004634154998024872,0.008934329263865948,0.0
BCS5__Cow_43,Cow_43,1,2026,VAQ,3,1,37,1.0,1.0,1.0,0.0,0.01599841122942329,0.013093838468194008,1.0
BCS5__Cow_43,Cow_43,1,2026,VAQ,3,3,37,3.0,1.0,1.0,0.0,0.00869776139283456,0.006380766164511442,1.0
BCS5__Cow_43,Cow_43,1,2026,VAQ,3,6,37,6.0,1.0,1.0,0.0,0.005696613216253636,0.004345076158642769,1.0
BCS5__Cow_43,Cow_43,1,2026,VAQ,3,12,37,12.0,1.0,1.0,0.0,0.003664599446634239,0.0031597197521477938,1.0
BCS5__Cow_48_1018,Cow_48,1,2026,VAQ,3,1,3,1.0,1.0,1.0,0.0,0.03316107749899053,0.028301753103733063,1.0
BCS5__Cow_48_1018,Cow_48,1,2026,VAQ,3,3,3,3.0,1.0,1.0,0.0,2.6247702532454098e-08,0.02437417581677437,1.0
BCS5__Cow_48_1018,Cow_48,1,2026,VAQ,3,6,3,2.82,1.0,1.0,0.0,0.01235593880948606,0.025774450972676277,1.0
BCS5__Cow_48_1018,Cow_48,1,2026,VAQ,3,12,3,2.98,1.0,1.0,0.0,0.010761587258812476,0.024472858756780624,1.0
BCS5__Cow_54,Cow_54,1,2026,VAQ,3,1,6,1.0,1.0,1.0,0.0,0.03686687926922611,0.01990862563252449,0.0
BCS5__Cow_54,Cow_54,1,2026,VAQ,3,3,6,3.0,1.0,1.0,0.0,0.013248198764954457,0.015016424469649792,0.0
BCS5__Cow_54,Cow_54,1,2026,VAQ,3,6,6,6.0,1.0,1.0,0.0,3.284217676005166e-08,0.013847853057086468,0.0
BCS5__Cow_54,Cow_54,1,2026,VAQ,3,12,6,5.4,1.0,1.0,0.0,0.00888319379418012,0.014513412490487099,0.0
BCS5__Cow_6_5051,Cow_6,1,2026,VAQ,3,1,3,1.0,1.0,1.0,0.0,0.017748903537765617,0.014561713673174381,1.0
BCS5__Cow_6_5051,Cow_6,1,2026,VAQ,3,3,3,3.0,1.0,1.0,0.0,1.0137797168144721e-08,0.0016377274878323078,1.0
BCS5__Cow_6_5051,Cow_6,1,2026,VAQ,3,6,3,2.74,1.0,1.0,0.0,0.006210903844253839,0.004581506364047527,1.0
BCS5__Cow_6_5051,Cow_6,1,2026,VAQ,3,12,3,2.96,1.0,1.0,0.0,0.004534442080749014,0.0035010832361876965,1.0
BCS6__Cow_11_07,Cow_11,1,2026,VAQ,4,1,27,1.0,0.72,0.72,0.28,0.5955091360145474,0.2575686275959015,0.72
BCS6__Cow_11_07,Cow_11,1,2026,VAQ,4,3,27,3.0,0.96,0.96,0.04,0.25872907757033636,0.04044539853930473,0.96
BCS6__Cow_11_07,Cow_11,1,2026,VAQ,4,6,27,6.0,1.0,1.0,0.0,0.005226731862575032,0.0024529071524739265,1.0
BCS6__Cow_11_07,Cow_11,1,2026,VAQ,4,12,27,12.0,1.0,1.0,0.0,0.003042313627936016,0.0021698286291211843,1.0
BCS6__Cow_12_2014,Cow_12,1,2026,VAQ,4,1,39,1.0,0.9,0.9,0.2,0.513215493390213,0.15191850066184998,0.9
BCS6__Cow_12_2014,Cow_12,1,2026,VAQ,4,3,39,3.0,1.0,1.0,0.0,0.2375633194265157,0.040677208453416824,1.0
BCS6__Cow_12_2014,Cow_12,1,2026,VAQ,4,6,39,6.0,1.0,1.0,0.0,0.1032760119500328,0.01980455592274666,1.0
BCS6__Cow_12_2014,Cow_12,1,2026,VAQ,4,12,39,12.0,1.0,1.0,0.0,0.0477651196133577,0.010553795844316483,1.0
BCS6__Cow_13_66,Cow_13,1,2026,VAQ,4,1,20,1.0,1.0,1.0,0.0,0.006511092980518586,0.0031917584128677845,1.0
BCS6__Cow_13_66,Cow_13,1,2026,VAQ,4,3,20,3.0,1.0,1.0,0.0,0.0022311272533065752,0.0012457937700673938,1.0
BCS6__Cow_13_66,Cow_13,1,2026,VAQ,4,6,20,6.0,1.0,1.0,0.0,0.0018213921293306304,0.0009948811493813992,1.0
BCS6__Cow_13_66,Cow_13,1,2026,VAQ,4,12,20,12.0,1.0,1.0,0.0,0.0008916258199153994,0.0004878081090282649,1.0
BCS6__Cow_26_6,Cow_26,1,2026,VAQ,4,1,9,1.0,1.0,1.0,0.0,0.002958457240083976,0.0016224368009716272,1.0
BCS6__Cow_26_6,Cow_26,1,2026,VAQ,4,3,9,3.0,1.0,1.0,0.0,0.0014312075807274296,0.0009765948634594679,1.0
BCS6__Cow_26_6,Cow_26,1,2026,VAQ,4,6,9,6.0,1.0,1.0,0.0,0.0006937993054250761,0.0005178908468224108,1.0
BCS6__Cow_26_6,Cow_26,1,2026,VAQ,4,12,9,7.04,1.0,1.0,0.0,0.000834551547244866,0.0004988924483768642,1.0
BCS6__Cow_29_NOTAG,Cow_29,1,2026,VAQ,4,1,34,1.0,1.0,1.0,0.0,0.004942236914634415,0.002244593109935522,1.0
BCS6__Cow_29_NOTAG,Cow_29,1,2026,VAQ,4,3,34,3.0,1.0,1.0,0.0,0.0030267342376761965,0.0014183339662849903,1.0
BCS6__Cow_29_NOTAG,Cow_29,1,2026,VAQ,4,6,34,6.0,1.0,1.0,0.0,0.0020907932334850022,0.0010536006884649396,1.0
BCS6__Cow_29_NOTAG,Cow_29,1,2026,VAQ,4,12,34,12.0,1.0,1.0,0.0,0.0013525954630670223,0.000691528373863548,1.0
BCS6__Cow_35,Cow_35,1,2026,VAQ,4,1,24,1.0,0.48,0.48,0.56,0.7534182976817683,0.5001423358917236,0.48
BCS6__Cow_35,Cow_35,1,2026,VAQ,4,3,24,3.0,0.88,0.88,0.12,0.48835645670723493,0.11656937748193741,0.88
BCS6__Cow_35,Cow_35,1,2026,VAQ,4,6,24,6.0,0.98,0.98,0.02,0.21020013675801263,0.020549627020955086,0.98
BCS6__Cow_35,Cow_35,1,2026,VAQ,4,12,24,12.0,1.0,1.0,0.0,0.0017901277617018122,0.0007415104773826897,1.0
BCS6__Cow_4_103,Cow_4,1,2026,VAQ,4,1,47,1.0,1.0,1.0,0.0,0.006351016573999367,0.0034026792272925377,1.0
BCS6__Cow_4_103,Cow_4,1,2026,VAQ,4,3,47,3.0,1.0,1.0,0.0,0.003203400004255156,0.0017517535015940666,1.0
BCS6__Cow_4_103,Cow_4,1,2026,VAQ,4,6,47,6.0,1.0,1.0,0.0,0.0022531066689076454,0.00127173843793571,1.0
BCS6__Cow_4_103,Cow_4,1,2026,VAQ,4,12,47,12.0,1.0,1.0,0.0,0.0011299553642258623,0.0007111039012670517,1.0
BCS2__Cow_5_1,Cow_5,2,2026,VAQ,0,1,10,1.0,1.0,1.0,0.0,0.10501964095093992,0.03446485847234726,0.0
BCS2__Cow_5_1,Cow_5,2,2026,VAQ,0,3,10,3.0,1.0,1.0,0.0,0.056924229377993116,0.01860080473124981,0.0
BCS2__Cow_5_1,Cow_5,2,2026,VAQ,0,6,10,6.0,1.0,1.0,0.0,0.031916725128927736,0.01354643702507019,0.0
BCS2__Cow_5_1,Cow_5,2,2026,VAQ,0,12,10,7.2,1.0,1.0,0.0,0.036214129869959436,0.015019319020211697,0.0
BCS3__Cow_20_0029,Cow_20,2,2026,VAQ,1,1,4,1.0,0.76,0.76,0.24,0.24186074052854775,0.07858539372682571,0.0
BCS3__Cow_20_0029,Cow_20,2,2026,VAQ,1,3,4,3.0,1.0,1.0,0.0,0.0696845772407255,0.028210971504449844,0.0
BCS3__Cow_20_0029,Cow_20,2,2026,VAQ,1,6,4,3.44,0.94,0.94,0.06,0.08767371249235384,0.0316275916993618,0.0
BCS3__Cow_20_0029,Cow_20,2,2026,VAQ,1,12,4,3.86,0.98,0.98,0.02,0.07252140384846911,0.02957092598080635,0.0
BCS3__Cow_22,Cow_22,2,2026,VAQ,1,1,20,1.0,0.84,0.84,0.16,0.07030416877481752,0.03813432529568672,0.84
BCS3__Cow_22,Cow_22,2,2026,VAQ,1,3,20,3.0,0.98,0.98,0.02,0.04291282134140512,0.025804487988352776,0.98
BCS3__Cow_22,Cow_22,2,2026,VAQ,1,6,20,6.0,1.0,1.0,0.0,0.026244247539737493,0.017029356211423874,1.0
BCS3__Cow_22,Cow_22,2,2026,VAQ,1,12,20,12.0,1.0,1.0,0.0,0.01760303782723618,0.011955528520047665,1.0
BCS3__Cow_22_1,Cow_22,2,2026,VAQ,1,1,6,1.0,0.78,0.78,0.22,0.12432236445360989,0.061484865844249725,0.22
BCS3__Cow_22_1,Cow_22,2,2026,VAQ,1,3,6,3.0,1.0,1.0,0.0,0.035023702400653514,0.024964990094304085,0.0
BCS3__Cow_22_1,Cow_22,2,2026,VAQ,1,6,6,6.0,1.0,1.0,0.0,1.3306008312090883e-07,0.008959537371993065,0.0
BCS3__Cow_22_1,Cow_22,2,2026,VAQ,1,12,6,5.46,0.96,0.96,0.04,0.022376612716577142,0.016367370262742043,0.04
BCS4__Cow_10,Cow_10,2,2026,VAQ,2,1,41,1.0,0.96,0.96,0.08,0.14880764659760548,0.046286944299936295,0.0
BCS4__Cow_10,Cow_10,2,2026,VAQ,2,3,41,3.0,1.0,1.0,0.0,0.055017952908876115,0.027117416262626648,0.0
BCS4__Cow_10,Cow_10,2,2026,VAQ,2,6,41,6.0,1.0,1.0,0.0,0.039476091243695687,0.020331859588623047,0.0
BCS4__Cow_10,Cow_10,2,2026,VAQ,2,12,41,12.0,1.0,1.0,0.0,0.026238827988791118,0.014654743485152721,0.0
BCS4__Cow_10_2038,Cow_10,2,2026,VAQ,2,1,4,1.0,1.0,1.0,0.0,0.06512114039102584,0.05136441811919212,0.0
BCS4__Cow_10_2038,Cow_10,2,2026,VAQ,2,3,4,3.0,1.0,1.0,0.0,0.021179494358796482,0.03308796137571335,0.0
BCS4__Cow_10_2038,Cow_10,2,2026,VAQ,2,6,4,3.32,1.0,1.0,0.0,0.027346811047731474,0.03193389251828194,0.0
BCS4__Cow_10_2038,Cow_10,2,2026,VAQ,2,12,4,3.84,1.0,1.0,0.0,0.019068897422600713,0.031844362616539,0.0
BCS4__Cow_22_6005,Cow_22,2,2026,VAQ,2,1,4,1.0,0.48,0.52,0.52,0.21339925542960744,0.0834377259016037,0.48
BCS4__Cow_22_6005,Cow_22,2,2026,VAQ,2,3,4,3.0,0.78,0.78,0.22,0.0762900256397424,0.03809497505426407,0.78
BCS4__Cow_22_6005,Cow_22,2,2026,VAQ,2,6,4,3.32,0.6,0.6,0.4,0.10389224315894557,0.04382164776325226,0.6
BCS4__Cow_22_6005,Cow_22,2,2026,VAQ,2,12,4,3.88,0.72,0.72,0.28,0.06443087071480454,0.032979514449834824,0.72
BCS4__Cow_30,Cow_30,2,2026,VAQ,2,1,4,1.0,0.78,0.78,0.22,0.1666648853641256,0.07062587141990662,0.22
BCS4__Cow_30,Cow_30,2,2026,VAQ,2,3,4,3.0,1.0,1.0,0.0,0.05587574998394917,0.04831792414188385,0.0
BCS4__Cow_30,Cow_30,2,2026,VAQ,2,6,4,3.22,1.0,1.0,0.0,0.07032484338466428,0.041273728013038635,0.0
BCS4__Cow_30,Cow_30,2,2026,VAQ,2,12,4,3.92,1.0,1.0,0.0,0.05127271670566023,0.03363577276468277,0.0
BCS4__Cow_42,Cow_42,2,2026,VAQ,2,1,11,1.0,1.0,1.0,0.0,0.16420077327928195,0.059586744755506516,0.0
BCS4__Cow_42,Cow_42,2,2026,VAQ,2,3,11,3.0,1.0,1.0,0.0,0.08599579793699519,0.03046807460486889,0.0
BCS4__Cow_42,Cow_42,2,2026,VAQ,2,6,11,6.0,1.0,1.0,0.0,0.04304691368938166,0.016405709087848663,0.0
BCS4__Cow_42,Cow_42,2,2026,VAQ,2,12,11,7.42,1.0,1.0,0.0,0.043936334768224394,0.016362080350518227,0.0
BCS4__Cow_47_1,Cow_47,2,2026,VAQ,2,1,7,1.0,0.46,0.46,0.54,0.28255649269654665,0.1295531839132309,0.46
BCS4__Cow_47_1,Cow_47,2,2026,VAQ,2,3,7,3.0,0.6,0.6,0.4,0.16148650289749197,0.0707908570766449,0.6
BCS4__Cow_47_1,Cow_47,2,2026,VAQ,2,6,7,6.0,0.84,0.84,0.16,0.05059686136803513,0.03699267655611038,0.84
BCS4__Cow_47_1,Cow_47,2,2026,VAQ,2,12,7,6.0,0.82,0.82,0.18,0.07655009955184246,0.03167898580431938,0.82
BCS4__Cow_49,Cow_49,2,2026,VAQ,2,1,7,1.0,0.32,0.52,0.68,0.2522047036319332,0.1262049823999405,0.32
BCS4__Cow_49,Cow_49,2,2026,VAQ,2,3,7,3.0,0.7,0.7,0.3,0.11203705976295232,0.050156548619270325,0.7
BCS4__Cow_49,Cow_49,2,2026,VAQ,2,6,7,6.0,0.52,0.52,0.48,0.04658480537731895,0.04701285436749458,0.52
BCS4__Cow_49,Cow_49,2,2026,VAQ,2,12,7,5.88,0.76,0.76,0.24,0.06619815231769344,0.044824372977018356,0.76
BCS4__Cow_55,Cow_55,2,2026,VAQ,2,1,4,1.0,0.24,0.52,0.76,0.3110679241457993,0.1329062432050705,0.24
BCS4__Cow_55,Cow_55,2,2026,VAQ,2,3,4,3.0,1.0,1.0,0.0,0.09785111446977372,0.06780295073986053,1.0
BCS4__Cow_55,Cow_55,2,2026,VAQ,2,6,4,3.24,0.84,0.84,0.16,0.13122422711898674,0.0778212770819664,0.84
BCS4__Cow_55,Cow_55,2,2026,VAQ,2,12,4,3.86,0.98,0.98,0.02,0.08598975781921554,0.05885683000087738,0.98
BCS4__Cow_8,Cow_8,2,2026,VAQ,2,1,26,1.0,0.94,0.94,0.06,0.09773126516169764,0.0353141725063324,0.06
BCS4__Cow_8,Cow_8,2,2026,VAQ,2,3,26,3.0,1.0,1.0,0.0,0.041921250149881926,0.016562698408961296,0.0
BCS4__Cow_8,Cow_8,2,2026,VAQ,2,6,26,6.0,1.0,1.0,0.0,0.03065841353448235,0.012928263284265995,0.0
BCS4__Cow_8,Cow_8,2,2026,VAQ,2,12,26,12.0,1.0,1.0,0.0,0.02227621380935217,0.009836570359766483,0.0
BCS4__Cow_9,Cow_9,2,2026,VAQ,2,1,19,1.0,0.78,0.78,0.22,0.13414696704984183,0.05336320027709007,0.78
BCS4__Cow_9,Cow_9,2,2026,VAQ,2,3,19,3.0,0.94,0.94,0.06,0.07616320725665697,0.031524356454610825,0.94
BCS4__Cow_9,Cow_9,2,2026,VAQ,2,6,19,6.0,1.0,1.0,0.0,0.046032628255981214,0.018510818481445312,1.0
BCS4__Cow_9,Cow_9,2,2026,VAQ,2,12,19,12.0,1.0,1.0,0.0,0.025031485326276155,0.010477900505065918,1.0
BCS5__Cow_10_0029,Cow_10,2,2026,VAQ,3,1,5,1.0,1.0,1.0,0.0,0.0955604743479468,0.0456453375518322,1.0
BCS5__Cow_10_0029,Cow_10,2,2026,VAQ,3,3,5,3.0,1.0,1.0,0.0,0.04231965334308136,0.01912520080804825,1.0
BCS5__Cow_10_0029,Cow_10,2,2026,VAQ,3,6,5,3.7,1.0,1.0,0.0,0.03908509211119502,0.015463871881365776,1.0
BCS5__Cow_10_0029,Cow_10,2,2026,VAQ,3,12,5,4.5,1.0,1.0,0.0,0.029362764948722468,0.011105434969067574,1.0
BCS5__Cow_24,Cow_24,2,2026,VAQ,3,1,12,1.0,0.96,0.96,0.04,0.06857575401493636,0.018126459792256355,0.96
BCS5__Cow_24,Cow_24,2,2026,VAQ,3,3,12,3.0,1.0,1.0,0.0,0.02543485938236088,0.011366061866283417,1.0
BCS5__Cow_24,Cow_24,2,2026,VAQ,3,6,12,6.0,1.0,1.0,0.0,0.019392615763145677,0.009490897879004478,1.0
BCS5__Cow_24,Cow_24,2,2026,VAQ,3,12,12,12.0,1.0,1.0,0.0,1.5632274878739132e-07,4.779547424504926e-08,1.0
BCS5__Cow_24_7022,Cow_24,2,2026,VAQ,3,1,3,1.0,1.0,1.0,0.0,0.14749871748931606,0.06599599123001099,0.0
BCS5__Cow_24_7022,Cow_24,2,2026,VAQ,3,3,3,3.0,1.0,1.0,0.0,1.4873814136492353e-07,0.04258935526013374,0.0
BCS5__Cow_24_7022,Cow_24,2,2026,VAQ,3,6,3,2.78,1.0,1.0,0.0,0.05902707977357224,0.04512902349233627,0.0
BCS5__Cow_24_7022,Cow_24,2,2026,VAQ,3,12,3,2.96,1.0,1.0,0.0,0.04110100205488225,0.046445365995168686,0.0
BCS5__Cow_28,Cow_28,2,2026,VAQ,3,1,28,1.0,0.9,0.9,0.16,0.1704493451562515,0.04545276612043381,0.9
BCS5__Cow_28,Cow_28,2,2026,VAQ,3,3,28,3.0,0.96,0.96,0.04,0.06391293938883777,0.02794361114501953,0.96
BCS5__Cow_28,Cow_28,2,2026,VAQ,3,6,28,6.0,1.0,1.0,0.0,0.0407371926389082,0.020898332819342613,1.0
BCS5__Cow_28,Cow_28,2,2026,VAQ,3,12,28,12.0,1.0,1.0,0.0,0.02500835894720086,0.014567549340426922,1.0
BCS5__Cow_28_4024,Cow_28,2,2026,VAQ,3,1,3,1.0,1.0,1.0,0.0,0.052113451716621254,0.02162185125052929,0.0
BCS5__Cow_28_4024,Cow_28,2,2026,VAQ,3,3,3,3.0,1.0,1.0,0.0,0.0,0.013829243369400501,0.0
BCS5__Cow_28_4024,Cow_28,2,2026,VAQ,3,6,3,2.76,1.0,1.0,0.0,0.018012363057061276,0.012500789016485214,0.0
BCS5__Cow_28_4024,Cow_28,2,2026,VAQ,3,12,3,3.0,1.0,1.0,0.0,0.015363487349914488,0.013506126590073109,0.0
BCS5__Cow_3,Cow_3,2,2026,VAQ,3,1,10,1.0,1.0,1.0,0.0,0.011694494586195132,0.00794284138828516,0.0
BCS5__Cow_3,Cow_3,2,2026,VAQ,3,3,10,3.0,1.0,1.0,0.0,0.00535026810720491,0.004156025126576424,0.0
BCS5__Cow_3,Cow_3,2,2026,VAQ,3,6,10,6.0,1.0,1.0,0.0,0.002551114784405821,0.0029700419399887323,0.0
BCS5__Cow_3,Cow_3,2,2026,VAQ,3,12,10,7.26,1.0,1.0,0.0,0.002696441119103765,0.002906143432483077,0.0
BCS5__Cow_30_30,Cow_30,2,2026,VAQ,3,1,6,1.0,1.0,1.0,0.0,0.09528901338815095,0.04137936979532242,1.0
BCS5__Cow_30_30,Cow_30,2,2026,VAQ,3,3,6,3.0,1.0,1.0,0.0,0.043242177113966475,0.018743479624390602,1.0
BCS5__Cow_30_30,Cow_30,2,2026,VAQ,3,6,6,6.0,1.0,1.0,0.0,1.8127926255990348e-07,0.013459106907248497,1.0
BCS5__Cow_30_30,Cow_30,2,2026,VAQ,3,12,6,5.24,1.0,1.0,0.0,0.02561350678372012,0.014975867234170437,1.0
BCS5__Cow_34,Cow_34,2,2026,VAQ,3,1,9,1.0,0.54,0.54,0.6,0.26016423453258836,0.08131207525730133,0.32
BCS5__Cow_34,Cow_34,2,2026,VAQ,3,3,9,3.0,0.92,0.92,0.12,0.12087041792147271,0.041959427297115326,0.04
BCS5__Cow_34,Cow_34,2,2026,VAQ,3,6,9,6.0,1.0,1.0,0.0,0.06777118276353776,0.04034380614757538,0.0
BCS5__Cow_34,Cow_34,2,2026,VAQ,3,12,9,6.9,1.0,1.0,0.0,0.07155049541534775,0.03476271033287048,0.0
BCS5__Cow_34_1,Cow_34,2,2026,VAQ,3,1,4,1.0,0.54,0.54,0.46,0.35149299575223475,0.12201428413391113,0.54
BCS5__Cow_34_1,Cow_34,2,2026,VAQ,3,3,4,3.0,0.0,1.0,1.0,0.12517353650436894,0.10159645974636078,0.0
BCS5__Cow_34_1,Cow_34,2,2026,VAQ,3,6,4,3.38,0.06,0.94,0.94,0.15403666564920693,0.09388545900583267,0.06
BCS5__Cow_34_1,Cow_34,2,2026,VAQ,3,12,4,3.82,0.0,1.0,1.0,0.11783762041769319,0.10159757733345032,0.0
BCS5__Cow_50,Cow_50,2,2026,VAQ,3,1,39,1.0,1.0,1.0,0.0,0.024659910763033734,0.011698606424033642,0.0
BCS5__Cow_50,Cow_50,2,2026,VAQ,3,3,39,3.0,1.0,1.0,0.0,0.014912182208007855,0.006931666284799576,0.0
BCS5__Cow_50,Cow_50,2,2026,VAQ,3,6,39,6.0,1.0,1.0,0.0,0.010181251665156026,0.004994929302483797,0.0
BCS5__Cow_50,Cow_50,2,2026,VAQ,3,12,39,12.0,1.0,1.0,0.0,0.007245093023505451,0.0036446871235966682,0.0
BCS5__Cow_50_49,Cow_50,2,2026,VAQ,3,1,3,1.0,0.8,0.8,0.2,0.06487353050234637,0.030165839940309525,0.8
BCS5__Cow_50_49,Cow_50,2,2026,VAQ,3,3,3,3.0,1.0,1.0,0.0,4.079296153289042e-08,0.028342636302113533,1.0
BCS5__Cow_50_49,Cow_50,2,2026,VAQ,3,6,3,2.64,0.88,0.88,0.12,0.028845613613961832,0.02619544416666031,0.88
BCS5__Cow_50_49,Cow_50,2,2026,VAQ,3,12,3,3.0,0.92,0.92,0.08,0.01929180851904115,0.030194943770766258,0.92
BCS5__Cow_8_NOTAG,Cow_8,2,2026,VAQ,3,1,4,1.0,1.0,1.0,0.0,0.14117751455740174,0.060107022523880005,1.0
BCS5__Cow_8_NOTAG,Cow_8,2,2026,VAQ,3,3,4,3.0,1.0,1.0,0.0,0.03433996130938048,0.027674173936247826,1.0
BCS5__Cow_8_NOTAG,Cow_8,2,2026,VAQ,3,6,4,3.44,1.0,1.0,0.0,0.04924092430921539,0.02989916503429413,1.0
BCS5__Cow_8_NOTAG,Cow_8,2,2026,VAQ,3,12,4,3.88,1.0,1.0,0.0,0.03804385191689221,0.027777016162872314,1.0
BCS6__Cow_18,Cow_18,2,2026,VAQ,4,1,33,1.0,0.36,0.5,1.06,0.22838499141949234,0.33089131116867065,0.14
BCS6__Cow_18,Cow_18,2,2026,VAQ,4,3,33,3.0,0.9,0.9,0.16,0.1533746712949478,0.13380451500415802,0.02
BCS6__Cow_18,Cow_18,2,2026,VAQ,4,6,33,6.0,1.0,1.0,0.0,0.12266371972732387,0.07632305473089218,0.0
BCS6__Cow_18,Cow_18,2,2026,VAQ,4,12,33,12.0,1.0,1.0,0.0,0.08814177429888231,0.06198960170149803,0.0
BCS6__Cow_18_32,Cow_18,2,2026,VAQ,4,1,46,1.0,0.92,0.92,0.08,0.33432992352301827,0.07769722491502762,0.92
BCS6__Cow_18_32,Cow_18,2,2026,VAQ,4,3,46,3.0,1.0,1.0,0.0,0.016262440988415897,0.009312767535448074,1.0
BCS6__Cow_18_32,Cow_18,2,2026,VAQ,4,6,46,6.0,1.0,1.0,0.0,0.011578045647798598,0.00812851544469595,1.0
BCS6__Cow_18_32,Cow_18,2,2026,VAQ,4,12,46,12.0,1.0,1.0,0.0,0.008260263327752745,0.007983580231666565,1.0
BCS6__Cow_24_08,Cow_24,2,2026,VAQ,4,1,22,1.0,1.0,1.0,0.0,0.07423419374015243,0.022739000618457794,1.0
BCS6__Cow_24_08,Cow_24,2,2026,VAQ,4,3,22,3.0,1.0,1.0,0.0,0.04141282204247075,0.012176181189715862,1.0
BCS6__Cow_24_08,Cow_24,2,2026,VAQ,4,6,22,6.0,1.0,1.0,0.0,0.0290840754748954,0.010955823585391045,1.0
BCS6__Cow_24_08,Cow_24,2,2026,VAQ,4,12,22,12.0,1.0,1.0,0.0,0.015179047428341402,0.006500277668237686,1.0
BCS6__Cow_28_3083,Cow_28,2,2026,VAQ,4,1,18,1.0,1.0,1.0,0.0,0.03619420047819636,0.016094068065285683,1.0
BCS6__Cow_28_3083,Cow_28,2,2026,VAQ,4,3,18,3.0,1.0,1.0,0.0,0.024336096305843238,0.010449609719216824,1.0
BCS6__Cow_28_3083,Cow_28,2,2026,VAQ,4,6,18,6.0,1.0,1.0,0.0,0.0125861599883139,0.005123589187860489,1.0
BCS6__Cow_28_3083,Cow_28,2,2026,VAQ,4,12,18,12.0,1.0,1.0,0.0,0.008056231654310518,0.003672559279948473,1.0
BCS6__Cow_3_25,Cow_3,2,2026,VAQ,4,1,22,1.0,1.0,1.0,0.0,0.024220662352933055,0.009420556016266346,1.0
BCS6__Cow_3_25,Cow_3,2,2026,VAQ,4,3,22,3.0,1.0,1.0,0.0,0.008420903249002392,0.003931231331080198,1.0
BCS6__Cow_3_25,Cow_3,2,2026,VAQ,4,6,22,6.0,1.0,1.0,0.0,0.005406405187460772,0.002525527495890856,1.0
BCS6__Cow_3_25,Cow_3,2,2026,VAQ,4,12,22,12.0,1.0,1.0,0.0,0.004093728723327094,0.0018420660635456443,1.0
BCS6__Cow_47_68,Cow_47,2,2026,VAQ,4,1,31,1.0,1.0,1.0,0.0,0.03296446489684821,0.010677189566195011,1.0
BCS6__Cow_47_68,Cow_47,2,2026,VAQ,4,3,31,3.0,1.0,1.0,0.0,0.013058059960783536,0.00405592517927289,1.0
BCS6__Cow_47_68,Cow_47,2,2026,VAQ,4,6,31,6.0,1.0,1.0,0.0,0.010955954130568997,0.003187220310792327,1.0
BCS6__Cow_47_68,Cow_47,2,2026,VAQ,4,12,31,12.0,1.0,1.0,0.0,0.006610566903187398,0.0018959526205435395,1.0
BCS6__Cow_9_1044,Cow_9,2,2026,VAQ,4,1,36,1.0,1.0,1.0,0.0,0.03903971467545512,0.019218366593122482,1.0
BCS6__Cow_9_1044,Cow_9,2,2026,VAQ,4,3,36,3.0,1.0,1.0,0.0,0.016967640916509562,0.008432934992015362,1.0
BCS6__Cow_9_1044,Cow_9,2,2026,VAQ,4,6,36,6.0,1.0,1.0,0.0,0.013795100122383164,0.007655003108084202,1.0
BCS6__Cow_9_1044,Cow_9,2,2026,VAQ,4,12,36,12.0,1.0,1.0,0.0,0.008141337101182675,0.0047974856570363045,1.0
BCS2__Cow_21_8029,Cow_21,0,2027,VAQ,0,1,17,1.0,0.68,0.68,1.28,0.2983732704033451,0.07693982869386673,0.32
BCS2__Cow_21_8029,Cow_21,0,2027,VAQ,0,3,17,3.0,0.8,0.8,0.8,0.18304291944843076,0.046458616852760315,0.2
BCS2__Cow_21_8029,Cow_21,0,2027,VAQ,0,6,17,6.0,0.78,0.78,0.88,0.145024737959042,0.03743484616279602,0.22
BCS2__Cow_21_8029,Cow_21,0,2027,VAQ,0,12,17,12.0,1.0,1.0,0.0,0.05766365404415618,0.01929439976811409,0.0
BCS3__Cow_16,Cow_16,0,2027,VAQ,1,1,20,1.0,1.0,1.0,0.0,0.014129291918804042,0.012250930070877075,0.0
BCS3__Cow_16,Cow_16,0,2027,VAQ,1,3,20,3.0,1.0,1.0,0.0,0.007269460394764764,0.005885624326765537,0.0
BCS3__Cow_16,Cow_16,0,2027,VAQ,1,6,20,6.0,1.0,1.0,0.0,0.004624953094201638,0.004290008917450905,0.0
BCS3__Cow_16,Cow_16,0,2027,VAQ,1,12,20,12.0,1.0,1.0,0.0,0.002361469515560262,0.003133038990199566,0.0
BCS3__Cow_16_1004,Cow_16,0,2027,VAQ,1,1,3,1.0,1.0,1.0,0.0,0.08150813297951616,0.048342812806367874,0.0
BCS3__Cow_16_1004,Cow_16,0,2027,VAQ,1,3,3,3.0,1.0,1.0,0.0,9.799424449937003e-08,0.03613944351673126,0.0
BCS3__Cow_16_1004,Cow_16,0,2027,VAQ,1,6,3,2.7,1.0,1.0,0.0,0.04242657676679308,0.03972379490733147,0.0
BCS3__Cow_16_1004,Cow_16,0,2027,VAQ,1,12,3,2.96,1.0,1.0,0.0,0.030943635148466018,0.03302968665957451,0.0
BCS3__Cow_25_66,Cow_25,0,2027,VAQ,1,1,3,1.0,1.0,1.0,0.0,0.03585037154360985,0.025296924635767937,0.0
BCS3__Cow_25_66,Cow_25,0,2027,VAQ,1,3,3,3.0,1.0,1.0,0.0,4.161321302796491e-08,0.021105041727423668,0.0
BCS3__Cow_25_66,Cow_25,0,2027,VAQ,1,6,3,2.76,1.0,1.0,0.0,0.013760949999456207,0.02028336375951767,0.0
BCS3__Cow_25_66,Cow_25,0,2027,VAQ,1,12,3,2.96,1.0,1.0,0.0,0.010999214818993866,0.021256666630506516,0.0
BCS3__Cow_2_1015,Cow_2,0,2027,VAQ,1,1,4,1.0,1.0,1.0,0.0,0.06364810913314028,0.042163558304309845,0.0
BCS3__Cow_2_1015,Cow_2,0,2027,VAQ,1,3,4,3.0,1.0,1.0,0.0,0.026096286041085534,0.01794755458831787,0.0
BCS3__Cow_2_1015,Cow_2,0,2027,VAQ,1,6,4,3.24,1.0,1.0,0.0,0.026387849517527092,0.015827493742108345,0.0
BCS3__Cow_2_1015,Cow_2,0,2027,VAQ,1,12,4,3.8,1.0,1.0,0.0,0.01813026204190924,0.013073218055069447,0.0
BCS3__Cow_46,Cow_46,0,2027,VAQ,1,1,17,1.0,0.92,0.92,0.08,0.16440279091485213,0.09782382845878601,0.92
BCS3__Cow_46,Cow_46,0,2027,VAQ,1,3,17,3.0,1.0,1.0,0.0,0.11478942974022771,0.07480169087648392,1.0
BCS3__Cow_46,Cow_46,0,2027,VAQ,1,6,17,6.0,1.0,1.0,0.0,0.07142975214002034,0.046793609857559204,1.0
BCS3__Cow_46,Cow_46,0,2027,VAQ,1,12,17,12.0,1.0,1.0,0.0,0.034977119990168976,0.022258101031184196,1.0
BCS3__Cow_46_1,Cow_46,0,2027,VAQ,1,1,9,1.0,1.0,1.0,0.0,0.020846349814416847,0.015335768461227417,1.0
BCS3__Cow_46_1,Cow_46,0,2027,VAQ,1,3,9,3.0,1.0,1.0,0.0,0.012030538534911763,0.009587348438799381,1.0
BCS3__Cow_46_1,Cow_46,0,2027,VAQ,1,6,9,6.0,1.0,1.0,0.0,0.006030386383318968,0.007799624931067228,1.0
BCS3__Cow_46_1,Cow_46,0,2027,VAQ,1,12,9,7.06,1.0,1.0,0.0,0.0059358713677931454,0.007473880425095558,1.0
BCS3__Cow_46_2,Cow_46,0,2027,VAQ,1,1,3,1.0,1.0,1.0,0.0,0.23631759901172936,0.3194783926010132,1.0
BCS3__Cow_46_2,Cow_46,0,2027,VAQ,1,3,3,3.0,1.0,1.0,0.0,6.285687750276372e-08,0.24172362685203552,1.0
BCS3__Cow_46_2,Cow_46,0,2027,VAQ,1,6,3,2.72,1.0,1.0,0.0,0.11787749408280275,0.24030180275440216,1.0
BCS3__Cow_46_2,Cow_46,0,2027,VAQ,1,12,3,2.96,1.0,1.0,0.0,0.09952342074599592,0.23658159375190735,1.0
BCS3__Cow_53,Cow_53,0,2027,VAQ,1,1,3,1.0,1.0,1.0,0.0,0.12035638679654344,0.07573208957910538,1.0
BCS3__Cow_53,Cow_53,0,2027,VAQ,1,3,3,3.0,1.0,1.0,0.0,1.5089150281641306e-08,0.024015145376324654,1.0
BCS3__Cow_53,Cow_53,0,2027,VAQ,1,6,3,2.68,1.0,1.0,0.0,0.049730076928402575,0.038806673139333725,1.0
BCS3__Cow_53,Cow_53,0,2027,VAQ,1,12,3,3.0,1.0,1.0,0.0,0.03151476548428483,0.024990079924464226,1.0
BCS4__Cow_15_68,Cow_15,0,2027,VAQ,2,1,3,1.0,1.0,1.0,0.0,0.049851974226355664,0.039501264691352844,1.0
BCS4__Cow_15_68,Cow_15,0,2027,VAQ,2,3,3,3.0,1.0,1.0,0.0,1.0056800651484251e-07,0.015865476801991463,1.0
BCS4__Cow_15_68,Cow_15,0,2027,VAQ,2,6,3,2.78,1.0,1.0,0.0,0.01877711359166755,0.018587827682495117,1.0
BCS4__Cow_15_68,Cow_15,0,2027,VAQ,2,12,3,2.98,1.0,1.0,0.0,0.007530161712144615,0.01670026406645775,1.0
BCS4__Cow_17,Cow_17,0,2027,VAQ,2,1,10,1.0,1.0,1.0,0.0,0.011408385506863754,0.009942303411662579,0.0
BCS4__Cow_17,Cow_17,0,2027,VAQ,2,3,10,3.0,1.0,1.0,0.0,0.005142358129925925,0.0050632464699447155,0.0
BCS4__Cow_17,Cow_17,0,2027,VAQ,2,6,10,6.0,1.0,1.0,0.0,0.0033114674701844016,0.003767038695514202,0.0
BCS4__Cow_17,Cow_17,0,2027,VAQ,2,12,10,7.04,1.0,1.0,0.0,0.002954616535437246,0.004001928027719259,0.0
BCS4__Cow_19,Cow_19,0,2027,VAQ,2,1,57,1.0,0.62,0.62,0.38,0.17393020912516619,0.12874726951122284,0.38
BCS4__Cow_19,Cow_19,0,2027,VAQ,2,3,57,3.0,0.54,0.54,0.46,0.09268955918220521,0.05348522961139679,0.46
BCS4__Cow_19,Cow_19,0,2027,VAQ,2,6,57,6.0,0.82,0.82,0.18,0.07325176310552617,0.056123387068510056,0.18
BCS4__Cow_19,Cow_19,0,2027,VAQ,2,12,57,12.0,0.84,0.84,0.16,0.043043626579867586,0.03195809945464134,0.16
BCS4__Cow_19_0037,Cow_19,0,2027,VAQ,2,1,5,1.0,0.7,0.7,0.3,0.026818260225741485,0.017476584762334824,0.3
BCS4__Cow_19_0037,Cow_19,0,2027,VAQ,2,3,5,3.0,1.0,1.0,0.0,0.008431477090806758,0.006544715259224176,0.0
BCS4__Cow_19_0037,Cow_19,0,2027,VAQ,2,6,5,3.6,0.98,0.98,0.02,0.00759677149575096,0.005739154759794474,0.02
BCS4__Cow_19_0037,Cow_19,0,2027,VAQ,2,12,5,4.6,1.0,1.0,0.0,0.00621925342483645,0.006544748321175575,0.0
BCS4__Cow_2,Cow_2,0,2027,VAQ,2,1,13,1.0,0.96,0.96,0.04,0.02048333530791157,0.012426342815160751,0.04
BCS4__Cow_2,Cow_2,0,2027,VAQ,2,3,13,3.0,1.0,1.0,0.0,0.010838612673710316,0.008012663573026657,0.0
BCS4__Cow_2,Cow_2,0,2027,VAQ,2,6,13,6.0,1.0,1.0,0.0,0.006228473977033686,0.005226384848356247,0.0
BCS4__Cow_2,Cow_2,0,2027,VAQ,2,12,13,12.0,1.0,1.0,0.0,0.001395581523541767,0.001191279268823564,0.0
BCS4__Cow_23,Cow_23,0,2027,VAQ,2,1,18,1.0,1.0,1.0,0.0,0.01279462893680356,0.008731018751859665,1.0
BCS4__Cow_23,Cow_23,0,2027,VAQ,2,3,18,3.0,1.0,1.0,0.0,0.008415113488534886,0.005145530682057142,1.0
BCS4__Cow_23,Cow_23,0,2027,VAQ,2,6,18,6.0,1.0,1.0,0.0,0.004893077654900079,0.0029075925704091787,1.0
BCS4__Cow_23,Cow_23,0,2027,VAQ,2,12,18,12.0,1.0,1.0,0.0,0.003162690793601368,0.001757627702318132,1.0
BCS4__Cow_31,Cow_31,0,2027,VAQ,2,1,12,1.0,0.86,0.86,0.14,0.2072342690882887,0.18464131653308868,0.0
BCS4__Cow_31,Cow_31,0,2027,VAQ,2,3,12,3.0,0.64,0.64,0.36,0.14627662253506626,0.13935229182243347,0.0
BCS4__Cow_31,Cow_31,0,2027,VAQ,2,6,12,6.0,0.64,0.64,0.36,0.10692074777683186,0.09168700873851776,0.0
BCS4__Cow_31,Cow_31,0,2027,VAQ,2,12,12,12.0,1.0,1.0,0.0,1.1594542773358414e-07,3.093584410862604e-08,0.0
BCS4__Cow_32_0035,Cow_32,0,2027,VAQ,2,1,8,1.0,1.0,1.0,0.0,0.16375719520528462,0.09915485978126526,1.0
BCS4__Cow_32_0035,Cow_32,0,2027,VAQ,2,3,8,3.0,1.0,1.0,0.0,0.0784308041771576,0.04158055782318115,1.0
BCS4__Cow_32_0035,Cow_32,0,2027,VAQ,2,6,8,6.0,1.0,1.0,0.0,0.022324614273171152,0.03887929767370224,1.0
BCS4__Cow_32_0035,Cow_32,0,2027,VAQ,2,12,8,6.48,1.0,1.0,0.0,0.0474242069903382,0.03951423987746239,1.0
BCS4__Cow_44_1,Cow_44,0,2027,VAQ,2,1,22,1.0,0.66,0.66,0.34,0.042822882532301,0.038239724934101105,0.34
BCS4__Cow_44_1,Cow_44,0,2027,VAQ,2,3,22,3.0,0.82,0.82,0.18,0.024192349685575792,0.01690305396914482,0.18
BCS4__Cow_44_1,Cow_44,0,2027,VAQ,2,6,22,6.0,0.9,0.9,0.1,0.015995166488021968,0.012240410782396793,0.1
BCS4__Cow_44_1,Cow_44,0,2027,VAQ,2,12,22,12.0,1.0,1.0,0.0,0.008458938919301726,0.00697051826864481,0.0
BCS4__Cow_51,Cow_51,0,2027,VAQ,2,1,4,1.0,1.0,1.0,0.0,0.10643024302552206,0.10192844271659851,1.0
BCS4__Cow_51,Cow_51,0,2027,VAQ,2,3,4,3.0,1.0,1.0,0.0,0.05153816969649264,0.05952022224664688,1.0
BCS4__Cow_51,Cow_51,0,2027,VAQ,2,6,4,3.1,1.0,1.0,0.0,0.0589642192739543,0.06767059862613678,1.0
BCS4__Cow_51,Cow_51,0,2027,VAQ,2,12,4,3.84,1.0,1.0,0.0,0.030987973109542894,0.059795454144477844,1.0
BCS4__Cow_51_0035,Cow_51,0,2027,VAQ,2,1,4,1.0,1.0,1.0,0.0,0.021956383920205522,0.014109327457845211,1.0
BCS4__Cow_51_0035,Cow_51,0,2027,VAQ,2,3,4,3.0,1.0,1.0,0.0,0.007149516521736396,0.009159665554761887,1.0
BCS4__Cow_51_0035,Cow_51,0,2027,VAQ,2,6,4,3.4,1.0,1.0,0.0,0.008063245517192005,0.009829442948102951,1.0
BCS4__Cow_51_0035,Cow_51,0,2027,VAQ,2,12,4,3.92,1.0,1.0,0.0,0.00625497856509596,0.009367597289383411,1.0
BCS4__Cow_7,Cow_7,0,2027,VAQ,2,1,15,1.0,1.0,1.0,0.0,0.12169798072508589,0.07922296971082687,0.0
BCS4__Cow_7,Cow_7,0,2027,VAQ,2,3,15,3.0,1.0,1.0,0.0,0.06547244906468558,0.040290717035532,0.0
BCS4__Cow_7,Cow_7,0,2027,VAQ,2,6,15,6.0,1.0,1.0,0.0,0.04019927987265397,0.023446369916200638,0.0
BCS4__Cow_7,Cow_7,0,2027,VAQ,2,12,15,12.0,1.0,1.0,0.0,0.014657509403462684,0.009050766006112099,0.0
BCS5__Cow_15,Cow_15,0,2027,VAQ,3,1,25,1.0,1.0,1.0,0.0,0.03864986712297384,0.014704632572829723,0.0
BCS5__Cow_15,Cow_15,0,2027,VAQ,3,3,25,3.0,1.0,1.0,0.0,0.013035348799038282,0.007551407907158136,0.0
BCS5__Cow_15,Cow_15,0,2027,VAQ,3,6,25,6.0,1.0,1.0,0.0,0.007599987599839805,0.005230641923844814,0.0
BCS5__Cow_15,Cow_15,0,2027,VAQ,3,12,25,12.0,1.0,1.0,0.0,0.005161177725483046,0.004353776108473539,0.0
BCS5__Cow_17_17,Cow_17,0,2027,VAQ,3,1,6,1.0,1.0,1.0,0.0,0.021433261200703633,0.019281571730971336,1.0
BCS5__Cow_17_17,Cow_17,0,2027,VAQ,3,3,6,3.0,1.0,1.0,0.0,0.009291371167138485,0.007678627502173185,1.0
BCS5__Cow_17_17,Cow_17,0,2027,VAQ,3,6,6,6.0,1.0,1.0,0.0,6.083319235576503e-08,0.0029304546769708395,1.0
BCS5__Cow_17_17,Cow_17,0,2027,VAQ,3,12,6,5.26,1.0,1.0,0.0,0.005382419977427135,0.005229385104030371,1.0
BCS5__Cow_21,Cow_21,0,2027,VAQ,3,1,18,1.0,0.86,0.86,0.14,0.032473502327074355,0.013933905400335789,0.86
BCS5__Cow_21,Cow_21,0,2027,VAQ,3,3,18,3.0,0.76,0.76,0.24,0.008512239253714454,0.005875986069440842,0.76
BCS5__Cow_21,Cow_21,0,2027,VAQ,3,6,18,6.0,0.9,0.9,0.1,0.004742395588772196,0.0036990209482610226,0.9
BCS5__Cow_21,Cow_21,0,2027,VAQ,3,12,18,12.0,1.0,1.0,0.0,0.0023328953573421786,0.0024768952280282974,1.0
BCS5__Cow_23_1067,Cow_23,0,2027,VAQ,3,1,5,1.0,1.0,1.0,0.0,0.024889157255412908,0.01829465851187706,1.0
BCS5__Cow_23_1067,Cow_23,0,2027,VAQ,3,3,5,3.0,1.0,1.0,0.0,0.009424718786356248,0.007767590694129467,1.0
BCS5__Cow_23_1067,Cow_23,0,2027,VAQ,3,6,5,3.74,1.0,1.0,0.0,0.008162962816539152,0.008832678198814392,1.0
BCS5__Cow_23_1067,Cow_23,0,2027,VAQ,3,12,5,4.72,1.0,1.0,0.0,0.006839647781873763,0.006323273293673992,1.0
BCS5__Cow_25,Cow_25,0,2027,VAQ,3,1,29,1.0,0.84,0.84,0.16,0.14439755404752236,0.07462625205516815,0.0
BCS5__Cow_25,Cow_25,0,2027,VAQ,3,3,29,3.0,1.0,1.0,0.0,0.04981852490574554,0.02366861142218113,0.0
BCS5__Cow_25,Cow_25,0,2027,VAQ,3,6,29,6.0,1.0,1.0,0.0,0.032045072943632034,0.016479406505823135,0.0
BCS5__Cow_25,Cow_25,0,2027,VAQ,3,12,29,12.0,1.0,1.0,0.0,0.016146927243275853,0.00892721675336361,0.0
BCS5__Cow_31_15,Cow_31,0,2027,VAQ,3,1,3,1.0,1.0,1.0,0.0,0.015282945381637466,0.013260227628052235,1.0
BCS5__Cow_31_15,Cow_31,0,2027,VAQ,3,3,3,3.0,1.0,1.0,0.0,0.0,0.007926526479423046,1.0
BCS5__Cow_31_15,Cow_31,0,2027,VAQ,3,6,3,2.8,1.0,1.0,0.0,0.0054046934725675445,0.008028849959373474,1.0
BCS5__Cow_31_15,Cow_31,0,2027,VAQ,3,12,3,2.94,1.0,1.0,0.0,0.004663069636309373,0.008270922116935253,1.0
BCS5__Cow_31_2024,Cow_31,0,2027,VAQ,3,1,5,1.0,0.48,0.52,0.52,0.04611072492832277,0.03899484872817993,0.52
BCS5__Cow_31_2024,Cow_31,0,2027,VAQ,3,3,5,3.0,0.16,0.84,0.84,0.020029521105466918,0.03167032077908516,0.84
BCS5__Cow_31_2024,Cow_31,0,2027,VAQ,3,6,5,3.62,0.06,0.94,0.94,0.016746446744635504,0.03184463456273079,0.94
BCS5__Cow_31_2024,Cow_31,0,2027,VAQ,3,12,5,4.72,0.02,0.98,0.98,0.012827279106805664,0.03297460451722145,0.98
BCS5__Cow_32,Cow_32,0,2027,VAQ,3,1,5,1.0,1.0,1.0,0.0,0.04001701408710105,0.0317443422973156,1.0
BCS5__Cow_32,Cow_32,0,2027,VAQ,3,3,5,3.0,1.0,1.0,0.0,0.015409600148781706,0.022536911070346832,1.0
BCS5__Cow_32,Cow_32,0,2027,VAQ,3,6,5,3.66,1.0,1.0,0.0,0.014854735534892059,0.020726775750517845,1.0
BCS5__Cow_32,Cow_32,0,2027,VAQ,3,12,5,4.72,1.0,1.0,0.0,0.009629635029722012,0.021256456151604652,1.0
BCS5__Cow_44_3008,Cow_44,0,2027,VAQ,3,1,3,1.0,0.36,0.64,0.64,0.038350614243150595,0.03430231288075447,0.36
BCS5__Cow_44_3008,Cow_44,0,2027,VAQ,3,3,3,3.0,0.0,1.0,1.0,6.543869429976002e-08,0.02106211706995964,0.0
BCS5__Cow_44_3008,Cow_44,0,2027,VAQ,3,6,3,2.78,0.16,0.84,0.84,0.01289962448025184,0.020397067070007324,0.16
BCS5__Cow_44_3008,Cow_44,0,2027,VAQ,3,12,3,2.96,0.1,0.9,0.9,0.009163212785947498,0.019968533888459206,0.1
BCS5__Cow_45,Cow_45,0,2027,VAQ,3,1,24,1.0,0.96,0.96,0.04,0.022456906768634644,0.013887492008507252,0.96
BCS5__Cow_45,Cow_45,0,2027,VAQ,3,3,24,3.0,1.0,1.0,0.0,0.006601950564620323,0.005253127310425043,1.0
BCS5__Cow_45,Cow_45,0,2027,VAQ,3,6,24,6.0,1.0,1.0,0.0,0.005562902348382299,0.004515536595135927,1.0
BCS5__Cow_45,Cow_45,0,2027,VAQ,3,12,24,12.0,1.0,1.0,0.0,0.0032385172476518645,0.0027108564972877502,1.0
BCS5__Cow_53_30,Cow_53,0,2027,VAQ,3,1,4,1.0,1.0,1.0,0.0,0.027197383292382405,0.026241354644298553,1.0
BCS5__Cow_53_30,Cow_53,0,2027,VAQ,3,3,4,3.0,1.0,1.0,0.0,0.009077778339269683,0.017812130972743034,1.0
BCS5__Cow_53_30,Cow_53,0,2027,VAQ,3,6,4,3.2,1.0,1.0,0.0,0.011274689287372021,0.017107514664530754,1.0
BCS5__Cow_53_30,Cow_53,0,2027,VAQ,3,12,4,3.86,1.0,1.0,0.0,0.006550604594160819,0.017865490168333054,1.0
BCS5__Cow_7_6022,Cow_7,0,2027,VAQ,3,1,3,1.0,0.7,0.7,0.3,0.019632569759522295,0.021781740710139275,0.7
BCS5__Cow_7_6022,Cow_7,0,2027,VAQ,3,3,3,3.0,1.0,1.0,0.0,4.951888669581549e-09,0.01870560832321644,1.0
BCS5__Cow_7_6022,Cow_7,0,2027,VAQ,3,6,3,2.68,1.0,1.0,0.0,0.0077039039393470956,0.017277035862207413,1.0
BCS5__Cow_7_6022,Cow_7,0,2027,VAQ,3,12,3,2.96,1.0,1.0,0.0,0.004878563523704143,0.017367824912071228,1.0
BCS6__Cow_16_06,Cow_16,0,2027,VAQ,4,1,62,1.0,1.0,1.0,0.0,0.015682482782932862,0.010651621036231518,1.0
BCS6__Cow_16_06,Cow_16,0,2027,VAQ,4,3,62,3.0,1.0,1.0,0.0,0.009206821490428296,0.005998809356242418,1.0
BCS6__Cow_16_06,Cow_16,0,2027,VAQ,4,6,62,6.0,1.0,1.0,0.0,0.005862322196316159,0.004408597480505705,1.0
BCS6__Cow_16_06,Cow_16,0,2027,VAQ,4,12,62,12.0,1.0,1.0,0.0,0.00347439696865403,0.0031538638286292553,1.0
BCS6__Cow_19_29,Cow_19,0,2027,VAQ,4,1,52,1.0,1.0,1.0,0.0,0.04135322603712364,0.02882501855492592,1.0
BCS6__Cow_19_29,Cow_19,0,2027,VAQ,4,3,52,3.0,1.0,1.0,0.0,0.026778434280118273,0.020588858053088188,1.0
BCS6__Cow_19_29,Cow_19,0,2027,VAQ,4,6,52,6.0,1.0,1.0,0.0,0.01846500274410216,0.01449622306972742,1.0
BCS6__Cow_19_29,Cow_19,0,2027,VAQ,4,12,52,12.0,1.0,1.0,0.0,0.01276692666530904,0.012471555732190609,1.0
BCS6__Cow_2_6006,Cow_2,0,2027,VAQ,4,1,31,1.0,1.0,1.0,0.0,0.00899577892712433,0.005926341284066439,1.0
BCS6__Cow_2_6006,Cow_2,0,2027,VAQ,4,3,31,3.0,1.0,1.0,0.0,0.0048529755039354435,0.003470074851065874,1.0
BCS6__Cow_2_6006,Cow_2,0,2027,VAQ,4,6,31,6.0,1.0,1.0,0.0,0.0027399631597379154,0.0018470734357833862,1.0
BCS6__Cow_2_6006,Cow_2,0,2027,VAQ,4,12,31,12.0,1.0,1.0,0.0,0.0018553672165390308,0.0013620598474517465,1.0
BCS6__Cow_32_34,Cow_32,0,2027,VAQ,4,1,7,1.0,1.0,1.0,0.0,0.005470193631228655,0.004271696321666241,1.0
BCS6__Cow_32_34,Cow_32,0,2027,VAQ,4,3,7,3.0,1.0,1.0,0.0,0.0024038409794418553,0.003223794512450695,1.0
BCS6__Cow_32_34,Cow_32,0,2027,VAQ,4,6,7,6.0,1.0,1.0,0.0,0.0007599316425740572,0.0030936426483094692,1.0
BCS6__Cow_32_34,Cow_32,0,2027,VAQ,4,12,7,5.84,1.0,1.0,0.0,0.001628991977396873,0.003292748238891363,1.0
BCS6__Cow_36,Cow_36,0,2027,VAQ,4,1,37,1.0,0.72,0.72,0.28,0.5852680924911751,0.2734523415565491,0.72
BCS6__Cow_36,Cow_36,0,2027,VAQ,4,3,37,3.0,0.96,0.96,0.04,0.2539682151178687,0.044171519577503204,0.96
BCS6__Cow_36,Cow_36,0,2027,VAQ,4,6,37,6.0,1.0,1.0,0.0,0.008641485224574419,0.004382449202239513,1.0
BCS6__Cow_36,Cow_36,0,2027,VAQ,4,12,37,12.0,1.0,1.0,0.0,0.004670250775850554,0.004008534364402294,1.0
BCS6__Cow_36_1,Cow_36,0,2027,VAQ,4,1,46,1.0,0.68,0.68,0.62,0.6132135332136702,0.2882477045059204,0.68
BCS6__Cow_36_1,Cow_36,0,2027,VAQ,4,3,46,3.0,0.98,0.98,0.04,0.18653893646509598,0.03842872753739357,0.98
BCS6__Cow_36_1,Cow_36,0,2027,VAQ,4,6,46,6.0,1.0,1.0,0.0,0.02792656777382722,0.01694362796843052,1.0
BCS6__Cow_36_1,Cow_36,0,2027,VAQ,4,12,46,12.0,1.0,1.0,0.0,0.013636859732476138,0.008922611363232136,1.0
BCS6__Cow_45_9025,Cow_45,0,2027,VAQ,4,1,31,1.0,1.0,1.0,0.0,0.013521880423444417,0.008579934015870094,1.0
BCS6__Cow_45_9025,Cow_45,0,2027,VAQ,4,3,31,3.0,1.0,1.0,0.0,0.008524913495790102,0.005757260136306286,1.0
BCS6__Cow_45_9025,Cow_45,0,2027,VAQ,4,6,31,6.0,1.0,1.0,0.0,0.00509835463800945,0.0032986465375870466,1.0
BCS6__Cow_45_9025,Cow_45,0,2027,VAQ,4,12,31,12.0,1.0,1.0,0.0,0.0029317031016051777,0.0018465887987986207,1.0
BCS6__Cow_52_29,Cow_52,0,2027,VAQ,4,1,55,1.0,1.0,1.0,0.0,0.007866975287353048,0.005434447433799505,1.0
BCS6__Cow_52_29,Cow_52,0,2027,VAQ,4,3,55,3.0,1.0,1.0,0.0,0.004041498205935609,0.0034878638107329607,1.0
BCS6__Cow_52_29,Cow_52,0,2027,VAQ,4,6,55,6.0,1.0,1.0,0.0,0.0027703833009539297,0.0027379821985960007,1.0
BCS6__Cow_52_29,Cow_52,0,2027,VAQ,4,12,55,12.0,1.0,1.0,0.0,0.0015698204404086381,0.0022714685183018446,1.0
BCS6__Cow_7_9008,Cow_7,0,2027,VAQ,4,1,19,1.0,1.0,1.0,0.0,0.08131954924476262,0.06524056941270828,1.0
BCS6__Cow_7_9008,Cow_7,0,2027,VAQ,4,3,19,3.0,1.0,1.0,0.0,0.038331787781748984,0.027641182765364647,1.0
BCS6__Cow_7_9008,Cow_7,0,2027,VAQ,4,6,19,6.0,1.0,1.0,0.0,0.024612755225227358,0.0175816398113966,1.0
BCS6__Cow_7_9008,Cow_7,0,2027,VAQ,4,12,19,12.0,1.0,1.0,0.0,0.01578436077440272,0.011220643296837807,1.0
BCS2__Cow_11,Cow_11,1,2027,VAQ,0,1,76,1.0,0.2,0.8,0.8,0.15576784157494902,0.16180270910263062,0.0
BCS2__Cow_11,Cow_11,1,2027,VAQ,0,3,76,3.0,0.6,0.6,0.4,0.1098867998464743,0.10448284447193146,0.0
BCS2__Cow_11,Cow_11,1,2027,VAQ,0,6,76,6.0,0.88,0.88,0.12,0.07519624297895043,0.07375840842723846,0.0
BCS2__Cow_11,Cow_11,1,2027,VAQ,0,12,76,12.0,0.9,0.9,0.1,0.056714464582499985,0.07692492753267288,0.0
BCS2__Cow_11_1,Cow_11,1,2027,VAQ,0,1,6,1.0,1.0,1.0,0.0,0.06694412740789038,0.04896196350455284,0.0
BCS2__Cow_11_1,Cow_11,1,2027,VAQ,0,3,6,3.0,1.0,1.0,0.0,0.028499821399771228,0.03908587619662285,0.0
BCS2__Cow_11_1,Cow_11,1,2027,VAQ,0,6,6,6.0,1.0,1.0,0.0,1.4287110765224393e-07,0.03681519627571106,0.0
BCS2__Cow_11_1,Cow_11,1,2027,VAQ,0,12,6,5.38,1.0,1.0,0.0,0.015710421908336828,0.03677121549844742,0.0
BCS2__Cow_11_2,Cow_11,1,2027,VAQ,0,1,40,1.0,0.3,0.68,1.42,0.6954923346056663,0.6356805562973022,0.0
BCS2__Cow_11_2,Cow_11,1,2027,VAQ,0,3,40,3.0,0.66,0.66,0.68,0.6621502012110196,0.3307268023490906,0.0
BCS2__Cow_11_2,Cow_11,1,2027,VAQ,0,6,40,6.0,0.96,0.96,0.08,0.31507865850940237,0.09264516830444336,0.0
BCS2__Cow_11_2,Cow_11,1,2027,VAQ,0,12,40,12.0,1.0,1.0,0.0,0.13681940228616313,0.04699297994375229,0.0
BCS3__Cow_14,Cow_14,1,2027,VAQ,1,1,4,1.0,1.0,1.0,0.0,0.030454673050123,0.014535517431795597,0.0
BCS3__Cow_14,Cow_14,1,2027,VAQ,1,3,4,3.0,1.0,1.0,0.0,0.011510102773673111,0.011554474011063576,0.0
BCS3__Cow_14,Cow_14,1,2027,VAQ,1,6,4,3.14,1.0,1.0,0.0,0.015873680262272344,0.011928142048418522,0.0
BCS3__Cow_14,Cow_14,1,2027,VAQ,1,12,4,3.88,1.0,1.0,0.0,0.012541914083966155,0.01272679679095745,0.0
BCS3__Cow_14_0011,Cow_14,1,2027,VAQ,1,1,4,1.0,0.22,0.78,0.78,0.07028991969506779,0.0628548115491867,0.78
BCS3__Cow_14_0011,Cow_14,1,2027,VAQ,1,3,4,3.0,0.0,1.0,1.0,0.022794580141809094,0.048243198543787,1.0
BCS3__Cow_14_0011,Cow_14,1,2027,VAQ,1,6,4,3.48,0.14,0.86,0.86,0.028221328602219577,0.04797488823533058,0.86
BCS3__Cow_14_0011,Cow_14,1,2027,VAQ,1,12,4,3.9,0.04,0.96,0.96,0.0182020973174256,0.04853960871696472,0.96
BCS3__Cow_6_103,Cow_6,1,2027,VAQ,1,1,4,1.0,1.0,1.0,0.0,0.17147224239073483,0.08762243390083313,1.0
BCS3__Cow_6_103,Cow_6,1,2027,VAQ,1,3,4,3.0,1.0,1.0,0.0,0.04898603676957567,0.06323351711034775,1.0
BCS3__Cow_6_103,Cow_6,1,2027,VAQ,1,6,4,3.36,1.0,1.0,0.0,0.06389226278238247,0.058245670050382614,1.0
BCS3__Cow_6_103,Cow_6,1,2027,VAQ,1,12,4,3.94,1.0,1.0,0.0,0.06046699535435346,0.061424627900123596,1.0
BCS4__Cow_1,Cow_1,1,2027,VAQ,2,1,9,1.0,1.0,1.0,0.0,0.016039966849753194,0.00884426198899746,1.0
BCS4__Cow_1,Cow_1,1,2027,VAQ,2,3,9,3.0,1.0,1.0,0.0,0.006915231069346954,0.004257371183484793,1.0
BCS4__Cow_1,Cow_1,1,2027,VAQ,2,6,9,6.0,1.0,1.0,0.0,0.004089315432910822,0.0025933615397661924,1.0
BCS4__Cow_1,Cow_1,1,2027,VAQ,2,12,9,6.56,1.0,1.0,0.0,0.004466784109550771,0.0027979302685707808,1.0
BCS4__Cow_26,Cow_26,1,2027,VAQ,2,1,7,1.0,1.0,1.0,0.0,0.01711564625444643,0.008597846142947674,1.0
BCS4__Cow_26,Cow_26,1,2027,VAQ,2,3,7,3.0,1.0,1.0,0.0,0.008320108044563762,0.005642893724143505,1.0
BCS4__Cow_26,Cow_26,1,2027,VAQ,2,6,7,6.0,1.0,1.0,0.0,0.002526376345217844,0.0038244330789893866,1.0
BCS4__Cow_26,Cow_26,1,2027,VAQ,2,12,7,5.86,1.0,1.0,0.0,0.005600933643017914,0.004444324877113104,1.0
BCS4__Cow_26_5051,Cow_26,1,2027,VAQ,2,1,5,1.0,0.66,0.66,0.34,0.1767536011920475,0.16049133241176605,0.34
BCS4__Cow_26_5051,Cow_26,1,2027,VAQ,2,3,5,3.0,0.84,0.84,0.16,0.07279964293563865,0.1338062733411789,0.16
BCS4__Cow_26_5051,Cow_26,1,2027,VAQ,2,6,5,3.74,0.9,0.9,0.1,0.06811045619465837,0.12840384244918823,0.1
BCS4__Cow_26_5051,Cow_26,1,2027,VAQ,2,12,5,4.56,0.96,0.96,0.04,0.04825311890130111,0.13385412096977234,0.04
BCS4__Cow_27_9008,Cow_27,1,2027,VAQ,2,1,4,1.0,0.74,0.74,0.26,0.12142418904073876,0.08410236239433289,0.26
BCS4__Cow_27_9008,Cow_27,1,2027,VAQ,2,3,4,3.0,1.0,1.0,0.0,0.04123279209797285,0.032390668988227844,0.0
BCS4__Cow_27_9008,Cow_27,1,2027,VAQ,2,6,4,3.3,1.0,1.0,0.0,0.04396131365364011,0.04009575769305229,0.0
BCS4__Cow_27_9008,Cow_27,1,2027,VAQ,2,12,4,3.86,1.0,1.0,0.0,0.0334380167421862,0.03758636862039566,0.0
BCS4__Cow_29_7007,Cow_29,1,2027,VAQ,2,1,4,1.0,1.0,1.0,0.0,0.09909590096124575,0.061257872730493546,0.0
BCS4__Cow_29_7007,Cow_29,1,2027,VAQ,2,3,4,3.0,1.0,1.0,0.0,0.03211363973010049,0.047493185847997665,0.0
BCS4__Cow_29_7007,Cow_29,1,2027,VAQ,2,6,4,3.26,1.0,1.0,0.0,0.04495388593741668,0.05460657179355621,0.0
BCS4__Cow_29_7007,Cow_29,1,2027,VAQ,2,12,4,3.88,1.0,1.0,0.0,0.024319803192240468,0.048627134412527084,0.0
BCS4__Cow_33,Cow_33,1,2027,VAQ,2,1,21,1.0,1.0,1.0,0.0,0.011160533113721522,0.006689068861305714,1.0
BCS4__Cow_33,Cow_33,1,2027,VAQ,2,3,21,3.0,1.0,1.0,0.0,0.005431491669376196,0.003304527373984456,1.0
BCS4__Cow_33,Cow_33,1,2027,VAQ,2,6,21,6.0,1.0,1.0,0.0,0.003716398763178815,0.0025216662324965,1.0
BCS4__Cow_33,Cow_33,1,2027,VAQ,2,12,21,12.0,1.0,1.0,0.0,0.0018890442472403437,0.0019091985886916518,1.0
BCS4__Cow_4,Cow_4,1,2027,VAQ,2,1,4,1.0,1.0,1.0,0.0,0.00983299650218766,0.007702384144067764,1.0
BCS4__Cow_4,Cow_4,1,2027,VAQ,2,3,4,3.0,1.0,1.0,0.0,0.004117907392506402,0.005542239174246788,1.0
BCS4__Cow_4,Cow_4,1,2027,VAQ,2,6,4,3.4,1.0,1.0,0.0,0.004572641040440074,0.0051756794564425945,1.0
BCS4__Cow_4,Cow_4,1,2027,VAQ,2,12,4,3.88,1.0,1.0,0.0,0.003379558733878457,0.0054899477399885654,1.0
BCS4__Cow_41,Cow_41,1,2027,VAQ,2,1,3,1.0,1.0,1.0,0.0,0.0075605983540176025,0.0033483176957815886,1.0
BCS4__Cow_41,Cow_41,1,2027,VAQ,2,3,3,3.0,1.0,1.0,0.0,9.669432323494767e-08,0.0030579948797822,1.0
BCS4__Cow_41,Cow_41,1,2027,VAQ,2,6,3,2.68,1.0,1.0,0.0,0.002752931795138422,0.0027198365423828363,1.0
BCS4__Cow_41,Cow_41,1,2027,VAQ,2,12,3,2.96,1.0,1.0,0.0,0.0023148724842556386,0.00297936680726707,1.0
BCS4__Cow_48,Cow_48,1,2027,VAQ,2,1,3,1.0,1.0,1.0,0.0,0.04330465821683249,0.021744046360254288,1.0
BCS4__Cow_48,Cow_48,1,2027,VAQ,2,3,3,3.0,1.0,1.0,0.0,1.4089986386620107e-07,0.016614239662885666,1.0
BCS4__Cow_48,Cow_48,1,2027,VAQ,2,6,3,2.74,1.0,1.0,0.0,0.016350737279885227,0.019387725740671158,1.0
BCS4__Cow_48,Cow_48,1,2027,VAQ,2,12,3,3.0,1.0,1.0,0.0,0.013283778835417457,0.017555873841047287,1.0
BCS4__Cow_4_1,Cow_4,1,2027,VAQ,2,1,39,1.0,1.0,1.0,0.0,0.01469858079183312,0.007464757654815912,1.0
BCS4__Cow_4_1,Cow_4,1,2027,VAQ,2,3,39,3.0,1.0,1.0,0.0,0.007145318755634725,0.0041871825233101845,1.0
BCS4__Cow_4_1,Cow_4,1,2027,VAQ,2,6,39,6.0,1.0,1.0,0.0,0.005970827007037953,0.003698700340464711,1.0
BCS4__Cow_4_1,Cow_4,1,2027,VAQ,2,12,39,12.0,1.0,1.0,0.0,0.00400447050091589,0.002663467777892947,1.0
BCS4__Cow_6,Cow_6,1,2027,VAQ,2,1,7,1.0,0.5,0.5,0.5,0.04736376272716983,0.030926721170544624,0.5
BCS4__Cow_6,Cow_6,1,2027,VAQ,2,3,7,3.0,0.54,0.54,0.46,0.02292532980491928,0.020177755504846573,0.54
BCS4__Cow_6,Cow_6,1,2027,VAQ,2,6,7,6.0,0.68,0.68,0.32,0.0071797571135834,0.020333781838417053,0.68
BCS4__Cow_6,Cow_6,1,2027,VAQ,2,12,7,5.88,0.58,0.58,0.42,0.014300624341244277,0.019208354875445366,0.58
BCS5__Cow_12_NOTAG,Cow_12,1,2027,VAQ,3,1,3,1.0,1.0,1.0,0.0,0.02943163138384069,0.012552239000797272,0.0
BCS5__Cow_12_NOTAG,Cow_12,1,2027,VAQ,3,3,3,3.0,1.0,1.0,0.0,7.374162365576528e-08,0.008433632552623749,0.0
BCS5__Cow_12_NOTAG,Cow_12,1,2027,VAQ,3,6,3,2.82,1.0,1.0,0.0,0.011045184536476706,0.00870583113282919,0.0
BCS5__Cow_12_NOTAG,Cow_12,1,2027,VAQ,3,12,3,2.96,1.0,1.0,0.0,0.007867686173466264,0.008218749426305294,0.0
BCS5__Cow_13,Cow_13,1,2027,VAQ,3,1,20,1.0,1.0,1.0,0.0,0.013689468569279892,0.008087463676929474,0.0
BCS5__Cow_13,Cow_13,1,2027,VAQ,3,3,20,3.0,1.0,1.0,0.0,0.0073227776287360805,0.004356907680630684,0.0
BCS5__Cow_13,Cow_13,1,2027,VAQ,3,6,20,6.0,1.0,1.0,0.0,0.004497278537142036,0.0028033487033098936,0.0
BCS5__Cow_13,Cow_13,1,2027,VAQ,3,12,20,12.0,1.0,1.0,0.0,0.0025102388913377472,0.0016701299464330077,0.0
BCS5__Cow_13_8001,Cow_13,1,2027,VAQ,3,1,3,1.0,1.0,1.0,0.0,0.04045827223555463,0.028956150636076927,0.0
BCS5__Cow_13_8001,Cow_13,1,2027,VAQ,3,3,3,3.0,1.0,1.0,0.0,1.2256524116861775e-07,0.025037236511707306,0.0
BCS5__Cow_13_8001,Cow_13,1,2027,VAQ,3,6,3,2.78,1.0,1.0,0.0,0.016620124097663277,0.02124841697514057,0.0
BCS5__Cow_13_8001,Cow_13,1,2027,VAQ,3,12,3,2.98,1.0,1.0,0.0,0.012024408803560573,0.024564379826188087,0.0
BCS5__Cow_1_27,Cow_1,1,2027,VAQ,3,1,3,1.0,1.0,1.0,0.0,0.03314184789766403,0.01885540783405304,0.0
BCS5__Cow_1_27,Cow_1,1,2027,VAQ,3,3,3,3.0,1.0,1.0,0.0,4.6015268019192143e-08,0.014499752782285213,0.0
BCS5__Cow_1_27,Cow_1,1,2027,VAQ,3,6,3,2.78,1.0,1.0,0.0,0.012847545728775882,0.014663968235254288,0.0
BCS5__Cow_1_27,Cow_1,1,2027,VAQ,3,12,3,2.96,1.0,1.0,0.0,0.00942031331751335,0.014159606769680977,0.0
BCS5__Cow_27,Cow_27,1,2027,VAQ,3,1,21,1.0,1.0,1.0,0.0,0.04894353824060556,0.020595284178853035,0.0
BCS5__Cow_27,Cow_27,1,2027,VAQ,3,3,21,3.0,1.0,1.0,0.0,0.0300331512925414,0.014176399447023869,0.0
BCS5__Cow_27,Cow_27,1,2027,VAQ,3,6,21,6.0,1.0,1.0,0.0,0.017374984090101762,0.007640951778739691,0.0
BCS5__Cow_27,Cow_27,1,2027,VAQ,3,12,21,12.0,1.0,1.0,0.0,0.009164824038122866,0.004727243445813656,0.0
BCS5__Cow_29,Cow_29,1,2027,VAQ,3,1,25,1.0,1.0,1.0,0.0,0.018570998762108423,0.008139117620885372,0.0
BCS5__Cow_29,Cow_29,1,2027,VAQ,3,3,25,3.0,1.0,1.0,0.0,0.008907331076657832,0.005051333922892809,0.0
BCS5__Cow_29,Cow_29,1,2027,VAQ,3,6,25,6.0,1.0,1.0,0.0,0.008328086231969215,0.004390881396830082,0.0
BCS5__Cow_29,Cow_29,1,2027,VAQ,3,12,25,12.0,1.0,1.0,0.0,0.004359031700431975,0.0026506471913307905,0.0
BCS5__Cow_37,Cow_37,1,2027,VAQ,3,1,26,1.0,1.0,1.0,0.0,0.008711595843607025,0.008436139672994614,0.0
BCS5__Cow_37,Cow_37,1,2027,VAQ,3,3,26,3.0,1.0,1.0,0.0,0.004759045584074961,0.0062548816204071045,0.0
BCS5__Cow_37,Cow_37,1,2027,VAQ,3,6,26,6.0,1.0,1.0,0.0,0.00337344584049621,0.003889969550073147,0.0
BCS5__Cow_37,Cow_37,1,2027,VAQ,3,12,26,12.0,1.0,1.0,0.0,0.0015586199154356422,0.0026496327482163906,0.0
BCS5__Cow_37_and_38,Cow_37,1,2027,VAQ,3,1,3,1.0,1.0,1.0,0.0,0.01077932224082001,0.011541931889951229,0.0
BCS5__Cow_37_and_38,Cow_37,1,2027,VAQ,3,3,3,3.0,1.0,1.0,0.0,1.4090476335380147e-07,0.008665433153510094,0.0
BCS5__Cow_37_and_38,Cow_37,1,2027,VAQ,3,6,3,2.7,1.0,1.0,0.0,0.004629406742757285,0.010725541040301323,0.0
BCS5__Cow_37_and_38,Cow_37,1,2027,VAQ,3,12,3,2.96,1.0,1.0,0.0,0.003564337925566839,0.0089930584654212,0.0
BCS5__Cow_43,Cow_43,1,2027,VAQ,3,1,37,1.0,1.0,1.0,0.0,0.013031443862090474,0.006996976211667061,0.0
BCS5__Cow_43,Cow_43,1,2027,VAQ,3,3,37,3.0,1.0,1.0,0.0,0.007733590215849509,0.004093642812222242,0.0
BCS5__Cow_43,Cow_43,1,2027,VAQ,3,6,37,6.0,1.0,1.0,0.0,0.004214653744410681,0.0027674748562276363,0.0
BCS5__Cow_43,Cow_43,1,2027,VAQ,3,12,37,12.0,1.0,1.0,0.0,0.0033904931167606975,0.0020233397372066975,0.0
BCS5__Cow_48_1018,Cow_48,1,2027,VAQ,3,1,3,1.0,1.0,1.0,0.0,0.023438110236786387,0.011582736857235432,0.0
BCS5__Cow_48_1018,Cow_48,1,2027,VAQ,3,3,3,3.0,1.0,1.0,0.0,1.2168708586132254e-07,0.006022283341735601,0.0
BCS5__Cow_48_1018,Cow_48,1,2027,VAQ,3,6,3,2.82,1.0,1.0,0.0,0.01013234756227586,0.007930116727948189,0.0
BCS5__Cow_48_1018,Cow_48,1,2027,VAQ,3,12,3,2.98,1.0,1.0,0.0,0.007895444482806107,0.007049877662211657,0.0
BCS5__Cow_54,Cow_54,1,2027,VAQ,3,1,6,1.0,1.0,1.0,0.0,0.005139602144042775,0.005536874756217003,0.0
BCS5__Cow_54,Cow_54,1,2027,VAQ,3,3,6,3.0,1.0,1.0,0.0,0.00240303555314126,0.004036794416606426,0.0
BCS5__Cow_54,Cow_54,1,2027,VAQ,3,6,6,6.0,1.0,1.0,0.0,1.1865261744397336e-07,0.0024972311221063137,0.0
BCS5__Cow_54,Cow_54,1,2027,VAQ,3,12,6,5.4,1.0,1.0,0.0,0.0015996501077349206,0.0028557616751641035,0.0
BCS5__Cow_6_5051,Cow_6,1,2027,VAQ,3,1,3,1.0,1.0,1.0,0.0,0.005111980663112102,0.00628648279234767,0.0
BCS5__Cow_6_5051,Cow_6,1,2027,VAQ,3,3,3,3.0,1.0,1.0,0.0,1.0203988326199734e-08,0.004864962305873632,0.0
BCS5__Cow_6_5051,Cow_6,1,2027,VAQ,3,6,3,2.74,1.0,1.0,0.0,0.002314174536301164,0.00510219344869256,0.0
BCS5__Cow_6_5051,Cow_6,1,2027,VAQ,3,12,3,2.96,1.0,1.0,0.0,0.0018385534987369662,0.004910415969789028,0.0
BCS6__Cow_11_07,Cow_11,1,2027,VAQ,4,1,27,1.0,0.72,0.72,0.56,0.7077722268102946,0.25671863555908203,0.72
BCS6__Cow_11_07,Cow_11,1,2027,VAQ,4,3,27,3.0,0.96,0.96,0.08,0.30571229082962365,0.03968299552798271,0.96
BCS6__Cow_11_07,Cow_11,1,2027,VAQ,4,6,27,6.0,1.0,1.0,0.0,0.007123909483432166,0.002304412191733718,1.0
BCS6__Cow_11_07,Cow_11,1,2027,VAQ,4,12,27,12.0,1.0,1.0,0.0,0.004087780755836952,0.0018465708708390594,1.0
BCS6__Cow_12_2014,Cow_12,1,2027,VAQ,4,1,39,1.0,0.9,0.9,0.2,0.4710763471355838,0.11248493194580078,0.9
BCS6__Cow_12_2014,Cow_12,1,2027,VAQ,4,3,39,3.0,1.0,1.0,0.0,0.047299554393775554,0.010971597395837307,1.0
BCS6__Cow_12_2014,Cow_12,1,2027,VAQ,4,6,39,6.0,1.0,1.0,0.0,0.03334422154204009,0.007593481335788965,1.0
BCS6__Cow_12_2014,Cow_12,1,2027,VAQ,4,12,39,12.0,1.0,1.0,0.0,0.021428917586519804,0.005522413644939661,1.0
BCS6__Cow_13_66,Cow_13,1,2027,VAQ,4,1,20,1.0,1.0,1.0,0.0,0.00880207900152412,0.0030653325375169516,1.0
BCS6__Cow_13_66,Cow_13,1,2027,VAQ,4,3,20,3.0,1.0,1.0,0.0,0.003709959832182104,0.0014816279290243983,1.0
BCS6__Cow_13_66,Cow_13,1,2027,VAQ,4,6,20,6.0,1.0,1.0,0.0,0.0028109690003435424,0.0010922838700935245,1.0
BCS6__Cow_13_66,Cow_13,1,2027,VAQ,4,12,20,12.0,1.0,1.0,0.0,0.001123567834371801,0.0004277406260371208,1.0
BCS6__Cow_26_6,Cow_26,1,2027,VAQ,4,1,9,1.0,1.0,1.0,0.0,0.003143208736753257,0.0015668395208194852,1.0
BCS6__Cow_26_6,Cow_26,1,2027,VAQ,4,3,9,3.0,1.0,1.0,0.0,0.0016850368457493829,0.0007979507208801806,1.0
BCS6__Cow_26_6,Cow_26,1,2027,VAQ,4,6,9,6.0,1.0,1.0,0.0,0.000707363415192345,0.0004354797420091927,1.0
BCS6__Cow_26_6,Cow_26,1,2027,VAQ,4,12,9,7.04,1.0,1.0,0.0,0.0007676318078667149,0.00042573438258841634,1.0
BCS6__Cow_29_NOTAG,Cow_29,1,2027,VAQ,4,1,34,1.0,1.0,1.0,0.0,0.006407101696243353,0.0027245753444731236,1.0
BCS6__Cow_29_NOTAG,Cow_29,1,2027,VAQ,4,3,34,3.0,1.0,1.0,0.0,0.004118683108214825,0.0016858309973031282,1.0
BCS6__Cow_29_NOTAG,Cow_29,1,2027,VAQ,4,6,34,6.0,1.0,1.0,0.0,0.002904055783614829,0.0012673705350607634,1.0
BCS6__Cow_29_NOTAG,Cow_29,1,2027,VAQ,4,12,34,12.0,1.0,1.0,0.0,0.002038139764193946,0.0008809452992863953,1.0
BCS6__Cow_35,Cow_35,1,2027,VAQ,4,1,24,1.0,0.48,0.52,1.04,0.8334700634045229,0.48667946457862854,0.48
BCS6__Cow_35,Cow_35,1,2027,VAQ,4,3,24,3.0,0.88,0.88,0.24,0.5380185730819751,0.11700648069381714,0.88
BCS6__Cow_35,Cow_35,1,2027,VAQ,4,6,24,6.0,0.98,0.98,0.04,0.23170133941912285,0.026234755292534828,0.98
BCS6__Cow_35,Cow_35,1,2027,VAQ,4,12,24,12.0,1.0,1.0,0.0,0.014313073795521018,0.004415679257363081,1.0
BCS6__Cow_4_103,Cow_4,1,2027,VAQ,4,1,47,1.0,1.0,1.0,0.0,0.012728610223483604,0.003737651975825429,1.0
BCS6__Cow_4_103,Cow_4,1,2027,VAQ,4,3,47,3.0,1.0,1.0,0.0,0.006676098783655424,0.0023139789700508118,1.0
BCS6__Cow_4_103,Cow_4,1,2027,VAQ,4,6,47,6.0,1.0,1.0,0.0,0.004340471595893027,0.0014872098108753562,1.0
BCS6__Cow_4_103,Cow_4,1,2027,VAQ,4,12,47,12.0,1.0,1.0,0.0,0.002633317610936234,0.0009709594887681305,1.0
BCS2__Cow_5_1,Cow_5,2,2027,VAQ,0,1,10,1.0,1.0,1.0,0.0,0.01354652878712388,0.006870727986097336,0.0
BCS2__Cow_5_1,Cow_5,2,2027,VAQ,0,3,10,3.0,1.0,1.0,0.0,0.007180838891251985,0.003324262797832489,0.0
BCS2__Cow_5_1,Cow_5,2,2027,VAQ,0,6,10,6.0,1.0,1.0,0.0,0.004120293436636925,0.0021555577404797077,0.0
BCS2__Cow_5_1,Cow_5,2,2027,VAQ,0,12,10,7.2,1.0,1.0,0.0,0.004454063561352736,0.002056804485619068,0.0
BCS3__Cow_20_0029,Cow_20,2,2027,VAQ,1,1,4,1.0,1.0,1.0,0.0,0.0954591054788609,0.050383880734443665,0.0
BCS3__Cow_20_0029,Cow_20,2,2027,VAQ,1,3,4,3.0,1.0,1.0,0.0,0.025919314596613008,0.022850163280963898,0.0
BCS3__Cow_20_0029,Cow_20,2,2027,VAQ,1,6,4,3.44,1.0,1.0,0.0,0.03421075613534011,0.02414424903690815,0.0
BCS3__Cow_20_0029,Cow_20,2,2027,VAQ,1,12,4,3.86,1.0,1.0,0.0,0.02643664380232124,0.02139163576066494,0.0
BCS3__Cow_22,Cow_22,2,2027,VAQ,1,1,20,1.0,1.0,1.0,0.0,0.030277522827847778,0.028997870162129402,1.0
BCS3__Cow_22,Cow_22,2,2027,VAQ,1,3,20,3.0,1.0,1.0,0.0,0.024421240477390728,0.019757352769374847,1.0
BCS3__Cow_22,Cow_22,2,2027,VAQ,1,6,20,6.0,1.0,1.0,0.0,0.0156927016557535,0.01310538686811924,1.0
BCS3__Cow_22,Cow_22,2,2027,VAQ,1,12,20,12.0,1.0,1.0,0.0,0.009372889500255447,0.008543182164430618,1.0
BCS3__Cow_22_1,Cow_22,2,2027,VAQ,1,1,6,1.0,0.86,0.86,0.14,0.11179498765041698,0.09194634109735489,0.86
BCS3__Cow_22_1,Cow_22,2,2027,VAQ,1,3,6,3.0,1.0,1.0,0.0,0.03654460329650848,0.04870092496275902,1.0
BCS3__Cow_22_1,Cow_22,2,2027,VAQ,1,6,6,6.0,1.0,1.0,0.0,7.101366256106944e-08,0.050808995962142944,1.0
BCS3__Cow_22_1,Cow_22,2,2027,VAQ,1,12,6,5.46,1.0,1.0,0.0,0.02714388800362462,0.054280418902635574,1.0
BCS4__Cow_10,Cow_10,2,2027,VAQ,2,1,41,1.0,1.0,1.0,0.0,0.08052315951328089,0.0391339436173439,0.0
BCS4__Cow_10,Cow_10,2,2027,VAQ,2,3,41,3.0,1.0,1.0,0.0,0.03135141982297288,0.018180206418037415,0.0
BCS4__Cow_10,Cow_10,2,2027,VAQ,2,6,41,6.0,1.0,1.0,0.0,0.022396913892765595,0.012463588267564774,0.0
BCS4__Cow_10,Cow_10,2,2027,VAQ,2,12,41,12.0,1.0,1.0,0.0,0.01691076884429076,0.011313454248011112,0.0
BCS4__Cow_10_2038,Cow_10,2,2027,VAQ,2,1,4,1.0,1.0,1.0,0.0,0.07113247342469071,0.03530095890164375,0.0
BCS4__Cow_10_2038,Cow_10,2,2027,VAQ,2,3,4,3.0,1.0,1.0,0.0,0.022446581689962223,0.013209088705480099,0.0
BCS4__Cow_10_2038,Cow_10,2,2027,VAQ,2,6,4,3.32,1.0,1.0,0.0,0.02670868492515955,0.013984176330268383,0.0
BCS4__Cow_10_2038,Cow_10,2,2027,VAQ,2,12,4,3.84,1.0,1.0,0.0,0.019575126840752473,0.010371101088821888,0.0
BCS4__Cow_22_6005,Cow_22,2,2027,VAQ,2,1,4,1.0,1.0,1.0,0.0,0.0772553761659217,0.04570526257157326,0.0
BCS4__Cow_22_6005,Cow_22,2,2027,VAQ,2,3,4,3.0,1.0,1.0,0.0,0.029031602391604235,0.044099971652030945,0.0
BCS4__Cow_22_6005,Cow_22,2,2027,VAQ,2,6,4,3.32,1.0,1.0,0.0,0.03677143111995879,0.04216822609305382,0.0
BCS4__Cow_22_6005,Cow_22,2,2027,VAQ,2,12,4,3.88,1.0,1.0,0.0,0.023386291726523248,0.04255776107311249,0.0
BCS4__Cow_30,Cow_30,2,2027,VAQ,2,1,4,1.0,1.0,1.0,0.0,0.05612243469936718,0.03021334670484066,0.0
BCS4__Cow_30,Cow_30,2,2027,VAQ,2,3,4,3.0,1.0,1.0,0.0,0.018605963164526087,0.018389975652098656,0.0
BCS4__Cow_30,Cow_30,2,2027,VAQ,2,6,4,3.22,1.0,1.0,0.0,0.02455970344237919,0.016900353133678436,0.0
BCS4__Cow_30,Cow_30,2,2027,VAQ,2,12,4,3.92,1.0,1.0,0.0,0.016679430743329074,0.013413608074188232,0.0
BCS4__Cow_42,Cow_42,2,2027,VAQ,2,1,11,1.0,1.0,1.0,0.0,0.043079905419625024,0.029109833762049675,0.0
BCS4__Cow_42,Cow_42,2,2027,VAQ,2,3,11,3.0,1.0,1.0,0.0,0.022567835081521225,0.015448049642145634,0.0
BCS4__Cow_42,Cow_42,2,2027,VAQ,2,6,11,6.0,1.0,1.0,0.0,0.012955620549206619,0.008586677722632885,0.0
BCS4__Cow_42,Cow_42,2,2027,VAQ,2,12,11,7.42,1.0,1.0,0.0,0.013088088083930978,0.008655237965285778,0.0
BCS4__Cow_47_1,Cow_47,2,2027,VAQ,2,1,7,1.0,0.8,0.8,0.3,0.17134791188886883,0.06949286162853241,0.1
BCS4__Cow_47_1,Cow_47,2,2027,VAQ,2,3,7,3.0,0.94,0.94,0.06,0.08693405096951436,0.03641984611749649,0.06
BCS4__Cow_47_1,Cow_47,2,2027,VAQ,2,6,7,6.0,1.0,1.0,0.0,0.024592152598649653,0.019974667578935623,0.0
BCS4__Cow_47_1,Cow_47,2,2027,VAQ,2,12,7,6.0,1.0,1.0,0.0,0.037362069106777966,0.016380060464143753,0.0
BCS4__Cow_49,Cow_49,2,2027,VAQ,2,1,7,1.0,1.0,1.0,0.0,0.09718930228356192,0.04543665796518326,0.0
BCS4__Cow_49,Cow_49,2,2027,VAQ,2,3,7,3.0,1.0,1.0,0.0,0.042636494025318834,0.01815948635339737,0.0
BCS4__Cow_49,Cow_49,2,2027,VAQ,2,6,7,6.0,1.0,1.0,0.0,0.018444465599320514,0.01386529766023159,0.0
BCS4__Cow_49,Cow_49,2,2027,VAQ,2,12,7,5.88,1.0,1.0,0.0,0.026346224276323413,0.014690183103084564,0.0
BCS4__Cow_55,Cow_55,2,2027,VAQ,2,1,4,1.0,1.0,1.0,0.0,0.11614622502033348,0.05374215915799141,0.0
BCS4__Cow_55,Cow_55,2,2027,VAQ,2,3,4,3.0,1.0,1.0,0.0,0.028473974282654226,0.024617834016680717,0.0
BCS4__Cow_55,Cow_55,2,2027,VAQ,2,6,4,3.24,1.0,1.0,0.0,0.04266302557459426,0.030499698594212532,0.0
BCS4__Cow_55,Cow_55,2,2027,VAQ,2,12,4,3.86,1.0,1.0,0.0,0.025399400666295438,0.022826645523309708,0.0
BCS4__Cow_8,Cow_8,2,2027,VAQ,2,1,26,1.0,1.0,1.0,0.0,0.04404352541761485,0.02022753469645977,0.0
BCS4__Cow_8,Cow_8,2,2027,VAQ,2,3,26,3.0,1.0,1.0,0.0,0.0192158732102927,0.01028135884553194,0.0
BCS4__Cow_8,Cow_8,2,2027,VAQ,2,6,26,6.0,1.0,1.0,0.0,0.014557687336290637,0.008213348686695099,0.0
BCS4__Cow_8,Cow_8,2,2027,VAQ,2,12,26,12.0,1.0,1.0,0.0,0.010701856861114245,0.0059670316986739635,0.0
BCS4__Cow_9,Cow_9,2,2027,VAQ,2,1,19,1.0,1.0,1.0,0.0,0.07012647453649412,0.03379596769809723,0.0
BCS4__Cow_9,Cow_9,2,2027,VAQ,2,3,19,3.0,1.0,1.0,0.0,0.04262856495246469,0.019328655675053596,0.0
BCS4__Cow_9,Cow_9,2,2027,VAQ,2,6,19,6.0,1.0,1.0,0.0,0.025441675173468854,0.011333265341818333,0.0
BCS4__Cow_9,Cow_9,2,2027,VAQ,2,12,19,12.0,1.0,1.0,0.0,0.014111352171740822,0.0062850904650986195,0.0
BCS5__Cow_10_0029,Cow_10,2,2027,VAQ,3,1,5,1.0,1.0,1.0,0.0,0.05100441363947682,0.045276690274477005,1.0
BCS5__Cow_10_0029,Cow_10,2,2027,VAQ,3,3,5,3.0,1.0,1.0,0.0,0.02898814609225323,0.03209336847066879,1.0
BCS5__Cow_10_0029,Cow_10,2,2027,VAQ,3,6,5,3.7,1.0,1.0,0.0,0.025147758755743693,0.03151330351829529,1.0
BCS5__Cow_10_0029,Cow_10,2,2027,VAQ,3,12,5,4.5,1.0,1.0,0.0,0.019840312529289323,0.028997795656323433,1.0
BCS5__Cow_24,Cow_24,2,2027,VAQ,3,1,12,1.0,1.0,1.0,0.0,0.04457375966642892,0.016625450924038887,1.0
BCS5__Cow_24,Cow_24,2,2027,VAQ,3,3,12,3.0,1.0,1.0,0.0,0.017398976904009766,0.009315296076238155,1.0
BCS5__Cow_24,Cow_24,2,2027,VAQ,3,6,12,6.0,1.0,1.0,0.0,0.014289142370564646,0.007305700797587633,1.0
BCS5__Cow_24,Cow_24,2,2027,VAQ,3,12,12,12.0,1.0,1.0,0.0,6.896592501266354e-08,2.07591810408303e-08,1.0
BCS5__Cow_24_7022,Cow_24,2,2027,VAQ,3,1,3,1.0,0.28,0.72,0.72,0.12414205399580804,0.05470002815127373,0.72
BCS5__Cow_24_7022,Cow_24,2,2027,VAQ,3,3,3,3.0,0.0,1.0,1.0,1.1943546714929206e-07,0.057539377361536026,1.0
BCS5__Cow_24_7022,Cow_24,2,2027,VAQ,3,6,3,2.78,0.0,1.0,1.0,0.052028086118364444,0.05475567653775215,1.0
BCS5__Cow_24_7022,Cow_24,2,2027,VAQ,3,12,3,2.96,0.02,0.98,0.98,0.041643529348068115,0.0578925721347332,0.98
BCS5__Cow_28,Cow_28,2,2027,VAQ,3,1,28,1.0,1.0,1.0,0.0,0.06488053288163527,0.0208207368850708,1.0
BCS5__Cow_28,Cow_28,2,2027,VAQ,3,3,28,3.0,1.0,1.0,0.0,0.019327909282252868,0.011075763963162899,1.0
BCS5__Cow_28,Cow_28,2,2027,VAQ,3,6,28,6.0,1.0,1.0,0.0,0.012461086376676027,0.0076427580788731575,1.0
BCS5__Cow_28,Cow_28,2,2027,VAQ,3,12,28,12.0,1.0,1.0,0.0,0.0076866060329737204,0.005320278462022543,1.0
BCS5__Cow_28_4024,Cow_28,2,2027,VAQ,3,1,3,1.0,0.42,0.42,0.58,0.07368775503433497,0.05157788097858429,0.32
BCS5__Cow_28_4024,Cow_28,2,2027,VAQ,3,3,3,3.0,1.0,1.0,0.0,1.5096455122876114e-07,0.04335122928023338,0.0
BCS5__Cow_28_4024,Cow_28,2,2027,VAQ,3,6,3,2.76,0.94,0.94,0.06,0.026251257624831006,0.041087664663791656,0.06
BCS5__Cow_28_4024,Cow_28,2,2027,VAQ,3,12,3,3.0,0.88,0.88,0.12,0.02256521158896614,0.04456909000873566,0.12
BCS5__Cow_3,Cow_3,2,2027,VAQ,3,1,10,1.0,1.0,1.0,0.0,0.006233321921345177,0.0048659746535122395,0.0
BCS5__Cow_3,Cow_3,2,2027,VAQ,3,3,10,3.0,1.0,1.0,0.0,0.002781713521511524,0.002246041549369693,0.0
BCS5__Cow_3,Cow_3,2,2027,VAQ,3,6,10,6.0,1.0,1.0,0.0,0.0014397598458472454,0.0016647118609398603,0.0
BCS5__Cow_3,Cow_3,2,2027,VAQ,3,12,10,7.26,1.0,1.0,0.0,0.0014437012835489757,0.00163450266700238,0.0
BCS5__Cow_30_30,Cow_30,2,2027,VAQ,3,1,6,1.0,1.0,1.0,0.0,0.06148642167551405,0.03819543123245239,1.0
BCS5__Cow_30_30,Cow_30,2,2027,VAQ,3,3,6,3.0,1.0,1.0,0.0,0.027678809782685606,0.02250073105096817,1.0
BCS5__Cow_30_30,Cow_30,2,2027,VAQ,3,6,6,6.0,1.0,1.0,0.0,2.1428504908574232e-07,0.015301395207643509,1.0
BCS5__Cow_30_30,Cow_30,2,2027,VAQ,3,12,6,5.24,1.0,1.0,0.0,0.020741543346849325,0.018693381920456886,1.0
BCS5__Cow_34,Cow_34,2,2027,VAQ,3,1,9,1.0,1.0,1.0,0.0,0.45608822170632596,0.13079127669334412,0.0
BCS5__Cow_34,Cow_34,2,2027,VAQ,3,3,9,3.0,1.0,1.0,0.0,0.09588115440088187,0.05736054852604866,0.0
BCS5__Cow_34,Cow_34,2,2027,VAQ,3,6,9,6.0,1.0,1.0,0.0,0.04586522080610054,0.05889487639069557,0.0
BCS5__Cow_34,Cow_34,2,2027,VAQ,3,12,9,6.9,1.0,1.0,0.0,0.05952008489171044,0.052461180835962296,0.0
BCS5__Cow_34_1,Cow_34,2,2027,VAQ,3,1,4,1.0,0.7,0.7,0.3,0.38447918389077074,0.13748544454574585,0.3
BCS5__Cow_34_1,Cow_34,2,2027,VAQ,3,3,4,3.0,1.0,1.0,0.0,0.14389732495860505,0.12038881331682205,0.0
BCS5__Cow_34_1,Cow_34,2,2027,VAQ,3,6,4,3.38,1.0,1.0,0.0,0.1774030070795263,0.10901914536952972,0.0
BCS5__Cow_34_1,Cow_34,2,2027,VAQ,3,12,4,3.82,1.0,1.0,0.0,0.13575083677596175,0.11848438531160355,0.0
BCS5__Cow_50,Cow_50,2,2027,VAQ,3,1,39,1.0,1.0,1.0,0.0,0.026066057982332583,0.010881691239774227,1.0
BCS5__Cow_50,Cow_50,2,2027,VAQ,3,3,39,3.0,1.0,1.0,0.0,0.014701009571866578,0.0065096039324998856,1.0
BCS5__Cow_50,Cow_50,2,2027,VAQ,3,6,39,6.0,1.0,1.0,0.0,0.01208791628017127,0.005453784484416246,1.0
BCS5__Cow_50,Cow_50,2,2027,VAQ,3,12,39,12.0,1.0,1.0,0.0,0.006288090907284684,0.004071062430739403,1.0
BCS5__Cow_50_49,Cow_50,2,2027,VAQ,3,1,3,1.0,1.0,1.0,0.0,0.026506079972982464,0.02055101841688156,1.0
BCS5__Cow_50_49,Cow_50,2,2027,VAQ,3,3,3,3.0,1.0,1.0,0.0,6.016159647756199e-08,0.017697196453809738,1.0
BCS5__Cow_50_49,Cow_50,2,2027,VAQ,3,6,3,2.64,1.0,1.0,0.0,0.01514481804989772,0.017048105597496033,1.0
BCS5__Cow_50_49,Cow_50,2,2027,VAQ,3,12,3,3.0,1.0,1.0,0.0,0.008557111331193691,0.019041284918785095,1.0
BCS5__Cow_8_NOTAG,Cow_8,2,2027,VAQ,3,1,4,1.0,1.0,1.0,0.0,0.05621907934743116,0.033033810555934906,1.0
BCS5__Cow_8_NOTAG,Cow_8,2,2027,VAQ,3,3,4,3.0,1.0,1.0,0.0,0.013801449779363534,0.01247873343527317,1.0
BCS5__Cow_8_NOTAG,Cow_8,2,2027,VAQ,3,6,4,3.44,1.0,1.0,0.0,0.018937492510369282,0.015121571719646454,1.0
BCS5__Cow_8_NOTAG,Cow_8,2,2027,VAQ,3,12,4,3.88,1.0,1.0,0.0,0.01505659079327952,0.013988149352371693,1.0
BCS6__Cow_18,Cow_18,2,2027,VAQ,4,1,33,1.0,0.5,0.5,0.68,0.7650136607587106,0.4322199523448944,0.5
BCS6__Cow_18,Cow_18,2,2027,VAQ,4,3,33,3.0,0.92,0.92,0.14,0.4197442400984155,0.09144257754087448,0.92
BCS6__Cow_18,Cow_18,2,2027,VAQ,4,6,33,6.0,1.0,1.0,0.0,0.026068677215252512,0.020319506525993347,1.0
BCS6__Cow_18,Cow_18,2,2027,VAQ,4,12,33,12.0,1.0,1.0,0.0,0.017339871426250944,0.019159983843564987,1.0
BCS6__Cow_18_32,Cow_18,2,2027,VAQ,4,1,46,1.0,0.92,0.92,0.08,0.3037893750724147,0.06978879868984222,0.92
BCS6__Cow_18_32,Cow_18,2,2027,VAQ,4,3,46,3.0,1.0,1.0,0.0,0.00761684666118157,0.003856145078316331,1.0
BCS6__Cow_18_32,Cow_18,2,2027,VAQ,4,6,46,6.0,1.0,1.0,0.0,0.005724971282677979,0.003473934717476368,1.0
BCS6__Cow_18_32,Cow_18,2,2027,VAQ,4,12,46,12.0,1.0,1.0,0.0,0.004106452901736257,0.003317073918879032,1.0
BCS6__Cow_24_08,Cow_24,2,2027,VAQ,4,1,22,1.0,1.0,1.0,0.0,0.05210329816699966,0.013901745900511742,1.0
BCS6__Cow_24_08,Cow_24,2,2027,VAQ,4,3,22,3.0,1.0,1.0,0.0,0.028592821054816996,0.007649958599358797,1.0
BCS6__Cow_24_08,Cow_24,2,2027,VAQ,4,6,22,6.0,1.0,1.0,0.0,0.017945419343194668,0.006457814015448093,1.0
BCS6__Cow_24_08,Cow_24,2,2027,VAQ,4,12,22,12.0,1.0,1.0,0.0,0.01019656363844801,0.003872835310176015,1.0
BCS6__Cow_28_3083,Cow_28,2,2027,VAQ,4,1,18,1.0,1.0,1.0,0.0,0.020702992449226375,0.010931775905191898,1.0
BCS6__Cow_28_3083,Cow_28,2,2027,VAQ,4,3,18,3.0,1.0,1.0,0.0,0.01386865269843808,0.006926932837814093,1.0
BCS6__Cow_28_3083,Cow_28,2,2027,VAQ,4,6,18,6.0,1.0,1.0,0.0,0.007095948284966304,0.0036625810898840427,1.0
BCS6__Cow_28_3083,Cow_28,2,2027,VAQ,4,12,18,12.0,1.0,1.0,0.0,0.004643728878161007,0.0025562462396919727,1.0
BCS6__Cow_3_25,Cow_3,2,2027,VAQ,4,1,22,1.0,1.0,1.0,0.0,0.019571333210134937,0.005576280411332846,1.0
BCS6__Cow_3_25,Cow_3,2,2027,VAQ,4,3,22,3.0,1.0,1.0,0.0,0.008221531038509053,0.00271789962425828,1.0
BCS6__Cow_3_25,Cow_3,2,2027,VAQ,4,6,22,6.0,1.0,1.0,0.0,0.005065629166794436,0.0015856738900765777,1.0
BCS6__Cow_3_25,Cow_3,2,2027,VAQ,4,12,22,12.0,1.0,1.0,0.0,0.0034645602403338247,0.001098666456528008,1.0
BCS6__Cow_47_68,Cow_47,2,2027,VAQ,4,1,31,1.0,1.0,1.0,0.0,0.0075696175681815,0.003318987786769867,1.0
BCS6__Cow_47_68,Cow_47,2,2027,VAQ,4,3,31,3.0,1.0,1.0,0.0,0.0048464906151177945,0.0020307349041104317,1.0
BCS6__Cow_47_68,Cow_47,2,2027,VAQ,4,6,31,6.0,1.0,1.0,0.0,0.0027895310855695385,0.0011434892658144236,1.0
BCS6__Cow_47_68,Cow_47,2,2027,VAQ,4,12,31,12.0,1.0,1.0,0.0,0.0018360937990683762,0.0007359531591646373,1.0
BCS6__Cow_9_1044,Cow_9,2,2027,VAQ,4,1,36,1.0,1.0,1.0,0.0,0.012946859351171616,0.007925242185592651,1.0
BCS6__Cow_9_1044,Cow_9,2,2027,VAQ,4,3,36,3.0,1.0,1.0,0.0,0.005491180977335814,0.0037261024117469788,1.0
BCS6__Cow_9_1044,Cow_9,2,2027,VAQ,4,6,36,6.0,1.0,1.0,0.0,0.004385474212966769,0.0032880245707929134,1.0
BCS6__Cow_9_1044,Cow_9,2,2027,VAQ,4,12,36,12.0,1.0,1.0,0.0,0.002766237743576727,0.0020704299677163363,1.0
BCS2__Cow_21_8029,Cow_21,0,2028,VAQ,0,1,17,1.0,1.0,1.0,0.0,0.021748663292282203,0.006047743372619152,1.0
BCS2__Cow_21_8029,Cow_21,0,2028,VAQ,0,3,17,3.0,1.0,1.0,0.0,0.013761428265221505,0.0036385434214025736,1.0
BCS2__Cow_21_8029,Cow_21,0,2028,VAQ,0,6,17,6.0,1.0,1.0,0.0,0.010437459209575528,0.002862569410353899,1.0
BCS2__Cow_21_8029,Cow_21,0,2028,VAQ,0,12,17,12.0,1.0,1.0,0.0,0.004190742493747165,0.0016752139199525118,1.0
BCS3__Cow_16,Cow_16,0,2028,VAQ,1,1,20,1.0,1.0,1.0,0.0,0.01530517678767223,0.011812824755907059,0.0
BCS3__Cow_16,Cow_16,0,2028,VAQ,1,3,20,3.0,1.0,1.0,0.0,0.007922761400429768,0.005742611829191446,0.0
BCS3__Cow_16,Cow_16,0,2028,VAQ,1,6,20,6.0,1.0,1.0,0.0,0.0052266292554377656,0.004505262244492769,0.0
BCS3__Cow_16,Cow_16,0,2028,VAQ,1,12,20,12.0,1.0,1.0,0.0,0.0026049841722685964,0.0023762730415910482,0.0
BCS3__Cow_16_1004,Cow_16,0,2028,VAQ,1,1,3,1.0,1.0,1.0,0.0,0.011332724093241259,0.007041943725198507,1.0
BCS3__Cow_16_1004,Cow_16,0,2028,VAQ,1,3,3,3.0,1.0,1.0,0.0,0.0,0.0043828971683979034,1.0
BCS3__Cow_16_1004,Cow_16,0,2028,VAQ,1,6,3,2.7,1.0,1.0,0.0,0.005522490068310016,0.0053246463648974895,1.0
BCS3__Cow_16_1004,Cow_16,0,2028,VAQ,1,12,3,2.96,1.0,1.0,0.0,0.0034580305122661552,0.0042691780254244804,1.0
BCS3__Cow_25_66,Cow_25,0,2028,VAQ,1,1,3,1.0,1.0,1.0,0.0,0.03832491248181773,0.023282669484615326,0.0
BCS3__Cow_25_66,Cow_25,0,2028,VAQ,1,3,3,3.0,1.0,1.0,0.0,0.0,0.015432920306921005,0.0
BCS3__Cow_25_66,Cow_25,0,2028,VAQ,1,6,3,2.76,1.0,1.0,0.0,0.016486130638663214,0.016897182911634445,0.0
BCS3__Cow_25_66,Cow_25,0,2028,VAQ,1,12,3,2.96,1.0,1.0,0.0,0.010768111719932654,0.01555558666586876,0.0
BCS3__Cow_2_1015,Cow_2,0,2028,VAQ,1,1,4,1.0,1.0,1.0,0.0,0.05772258089589804,0.041429758071899414,0.0
BCS3__Cow_2_1015,Cow_2,0,2028,VAQ,1,3,4,3.0,1.0,1.0,0.0,0.030585684017264962,0.027857637032866478,0.0
BCS3__Cow_2_1015,Cow_2,0,2028,VAQ,1,6,4,3.24,1.0,1.0,0.0,0.02761701833175752,0.022632796317338943,0.0
BCS3__Cow_2_1015,Cow_2,0,2028,VAQ,1,12,4,3.8,1.0,1.0,0.0,0.019938547010643636,0.022884242236614227,0.0
BCS3__Cow_46,Cow_46,0,2028,VAQ,1,1,17,1.0,1.0,1.0,0.0,0.08411484502163248,0.053361110389232635,1.0
BCS3__Cow_46,Cow_46,0,2028,VAQ,1,3,17,3.0,1.0,1.0,0.0,0.04840206964386797,0.030109787359833717,1.0
BCS3__Cow_46,Cow_46,0,2028,VAQ,1,6,17,6.0,1.0,1.0,0.0,0.035450297641428756,0.023261966183781624,1.0
BCS3__Cow_46,Cow_46,0,2028,VAQ,1,12,17,12.0,1.0,1.0,0.0,0.018179658202598547,0.011783330701291561,1.0
BCS3__Cow_46_1,Cow_46,0,2028,VAQ,1,1,9,1.0,1.0,1.0,0.0,0.005625369335642242,0.005370935425162315,1.0
BCS3__Cow_46_1,Cow_46,0,2028,VAQ,1,3,9,3.0,1.0,1.0,0.0,0.002683972415591061,0.0026306884828954935,1.0
BCS3__Cow_46_1,Cow_46,0,2028,VAQ,1,6,9,6.0,1.0,1.0,0.0,0.0013441786918271914,0.001973796635866165,1.0
BCS3__Cow_46_1,Cow_46,0,2028,VAQ,1,12,9,7.06,1.0,1.0,0.0,0.001356004671414942,0.0015247638802975416,1.0
BCS3__Cow_46_2,Cow_46,0,2028,VAQ,1,1,3,1.0,1.0,1.0,0.0,0.25048186739841977,0.31690514087677,1.0
BCS3__Cow_46_2,Cow_46,0,2028,VAQ,1,3,3,3.0,1.0,1.0,0.0,6.953035881994718e-08,0.27877917885780334,1.0
BCS3__Cow_46_2,Cow_46,0,2028,VAQ,1,6,3,2.72,1.0,1.0,0.0,0.11780897217479308,0.2656119465827942,1.0
BCS3__Cow_46_2,Cow_46,0,2028,VAQ,1,12,3,2.96,1.0,1.0,0.0,0.09892710121199862,0.269411563873291,1.0
BCS3__Cow_53,Cow_53,0,2028,VAQ,1,1,3,1.0,1.0,1.0,0.0,0.12973158076909128,0.10928022116422653,1.0
BCS3__Cow_53,Cow_53,0,2028,VAQ,1,3,3,3.0,1.0,1.0,0.0,3.653126593515387e-08,0.08081039786338806,1.0
BCS3__Cow_53,Cow_53,0,2028,VAQ,1,6,3,2.68,1.0,1.0,0.0,0.05446964819684903,0.09105515480041504,1.0
BCS3__Cow_53,Cow_53,0,2028,VAQ,1,12,3,3.0,1.0,1.0,0.0,0.036818386046347164,0.07411807030439377,1.0
BCS4__Cow_15_68,Cow_15,0,2028,VAQ,2,1,3,1.0,1.0,1.0,0.0,0.07880562483370306,0.050563111901283264,1.0
BCS4__Cow_15_68,Cow_15,0,2028,VAQ,2,3,3,3.0,1.0,1.0,0.0,1.2053154419574142e-07,0.012627365998923779,1.0
BCS4__Cow_15_68,Cow_15,0,2028,VAQ,2,6,3,2.78,1.0,1.0,0.0,0.02508717268584539,0.016516368836164474,1.0
BCS4__Cow_15_68,Cow_15,0,2028,VAQ,2,12,3,2.98,1.0,1.0,0.0,0.007195815208520902,0.013495560735464096,1.0
BCS4__Cow_17,Cow_17,0,2028,VAQ,2,1,10,1.0,1.0,1.0,0.0,0.007407915450088981,0.006334392353892326,1.0
BCS4__Cow_17,Cow_17,0,2028,VAQ,2,3,10,3.0,1.0,1.0,0.0,0.0036461596135982507,0.0036902278661727905,1.0
BCS4__Cow_17,Cow_17,0,2028,VAQ,2,6,10,6.0,1.0,1.0,0.0,0.0021744907297676906,0.002676532370969653,1.0
BCS4__Cow_17,Cow_17,0,2028,VAQ,2,12,10,7.04,1.0,1.0,0.0,0.0022742377619530277,0.0028443848714232445,1.0
BCS4__Cow_19,Cow_19,0,2028,VAQ,2,1,57,1.0,1.0,1.0,0.0,0.10944755514993187,0.07198116183280945,0.0
BCS4__Cow_19,Cow_19,0,2028,VAQ,2,3,57,3.0,1.0,1.0,0.0,0.05214635995487098,0.030582724139094353,0.0
BCS4__Cow_19,Cow_19,0,2028,VAQ,2,6,57,6.0,1.0,1.0,0.0,0.038612262119366386,0.027019713073968887,0.0
BCS4__Cow_19,Cow_19,0,2028,VAQ,2,12,57,12.0,1.0,1.0,0.0,0.025991934623114762,0.016482355073094368,0.0
BCS4__Cow_19_0037,Cow_19,0,2028,VAQ,2,1,5,1.0,1.0,1.0,0.0,0.040647766631388624,0.027091365307569504,1.0
BCS4__Cow_19_0037,Cow_19,0,2028,VAQ,2,3,5,3.0,1.0,1.0,0.0,0.01243546177015163,0.009268376044929028,1.0
BCS4__Cow_19_0037,Cow_19,0,2028,VAQ,2,6,5,3.6,1.0,1.0,0.0,0.010159837879118004,0.007500257343053818,1.0
BCS4__Cow_19_0037,Cow_19,0,2028,VAQ,2,12,5,4.6,1.0,1.0,0.0,0.008561391515615534,0.006557011045515537,1.0
BCS4__Cow_2,Cow_2,0,2028,VAQ,2,1,13,1.0,1.0,1.0,0.0,0.02293217038583313,0.012924921698868275,0.0
BCS4__Cow_2,Cow_2,0,2028,VAQ,2,3,13,3.0,1.0,1.0,0.0,0.011475387603849916,0.008359143510460854,0.0
BCS4__Cow_2,Cow_2,0,2028,VAQ,2,6,13,6.0,1.0,1.0,0.0,0.005744071084127431,0.0049020349979400635,0.0
BCS4__Cow_2,Cow_2,0,2028,VAQ,2,12,13,12.0,1.0,1.0,0.0,0.0013628979690199399,0.0017148563638329506,0.0
BCS4__Cow_23,Cow_23,0,2028,VAQ,2,1,18,1.0,1.0,1.0,0.0,0.01636520830408806,0.008587696589529514,1.0
BCS4__Cow_23,Cow_23,0,2028,VAQ,2,3,18,3.0,1.0,1.0,0.0,0.011207368136917351,0.005546166095882654,1.0
BCS4__Cow_23,Cow_23,0,2028,VAQ,2,6,18,6.0,1.0,1.0,0.0,0.007024023175807272,0.003859096672385931,1.0
BCS4__Cow_23,Cow_23,0,2028,VAQ,2,12,18,12.0,1.0,1.0,0.0,0.0037397376154037036,0.00214905827306211,1.0
BCS4__Cow_31,Cow_31,0,2028,VAQ,2,1,12,1.0,1.0,1.0,0.0,0.11599453824884431,0.1352885663509369,0.0
BCS4__Cow_31,Cow_31,0,2028,VAQ,2,3,12,3.0,1.0,1.0,0.0,0.09627345122902149,0.08736348897218704,0.0
BCS4__Cow_31,Cow_31,0,2028,VAQ,2,6,12,6.0,1.0,1.0,0.0,0.0753977157682649,0.05736830085515976,0.0
BCS4__Cow_31,Cow_31,0,2028,VAQ,2,12,12,12.0,1.0,1.0,0.0,2.1182637144540033e-08,2.8348585701110096e-09,0.0
BCS4__Cow_32_0035,Cow_32,0,2028,VAQ,2,1,8,1.0,0.88,0.88,0.12,0.2733795885652953,0.18711823225021362,0.12
BCS4__Cow_32_0035,Cow_32,0,2028,VAQ,2,3,8,3.0,1.0,1.0,0.0,0.15947302094808027,0.10970930755138397,0.0
BCS4__Cow_32_0035,Cow_32,0,2028,VAQ,2,6,8,6.0,1.0,1.0,0.0,0.06745539423182238,0.06458435952663422,0.0
BCS4__Cow_32_0035,Cow_32,0,2028,VAQ,2,12,8,6.48,1.0,1.0,0.0,0.09111622309131717,0.07487701624631882,0.0
BCS4__Cow_44_1,Cow_44,0,2028,VAQ,2,1,22,1.0,1.0,1.0,0.0,0.018509418777744754,0.011534485034644604,1.0
BCS4__Cow_44_1,Cow_44,0,2028,VAQ,2,3,22,3.0,1.0,1.0,0.0,0.007113750931865873,0.005588587373495102,1.0
BCS4__Cow_44_1,Cow_44,0,2028,VAQ,2,6,22,6.0,1.0,1.0,0.0,0.005430280668486413,0.004163121338933706,1.0
BCS4__Cow_44_1,Cow_44,0,2028,VAQ,2,12,22,12.0,1.0,1.0,0.0,0.003383497248436229,0.00264458148740232,1.0
BCS4__Cow_51,Cow_51,0,2028,VAQ,2,1,4,1.0,1.0,1.0,0.0,0.05436996532613179,0.0379946194589138,1.0
BCS4__Cow_51,Cow_51,0,2028,VAQ,2,3,4,3.0,1.0,1.0,0.0,0.020138466522800703,0.024518463760614395,1.0
BCS4__Cow_51,Cow_51,0,2028,VAQ,2,6,4,3.1,1.0,1.0,0.0,0.025670657388961977,0.026237182319164276,1.0
BCS4__Cow_51,Cow_51,0,2028,VAQ,2,12,4,3.84,1.0,1.0,0.0,0.012265978614062607,0.02464822120964527,1.0
BCS4__Cow_51_0035,Cow_51,0,2028,VAQ,2,1,4,1.0,1.0,1.0,0.0,0.010442181147656781,0.010732041671872139,0.0
BCS4__Cow_51_0035,Cow_51,0,2028,VAQ,2,3,4,3.0,1.0,1.0,0.0,0.003510167628819164,0.007059841882437468,0.0
BCS4__Cow_51_0035,Cow_51,0,2028,VAQ,2,6,4,3.4,1.0,1.0,0.0,0.003312948942395173,0.006524298340082169,0.0
BCS4__Cow_51_0035,Cow_51,0,2028,VAQ,2,12,4,3.92,1.0,1.0,0.0,0.0027381807818792443,0.006784504279494286,0.0
BCS4__Cow_7,Cow_7,0,2028,VAQ,2,1,15,1.0,1.0,1.0,0.0,0.0421658662701965,0.01814114861190319,0.0
BCS4__Cow_7,Cow_7,0,2028,VAQ,2,3,15,3.0,1.0,1.0,0.0,0.016749508109994746,0.009771836921572685,0.0
BCS4__Cow_7,Cow_7,0,2028,VAQ,2,6,15,6.0,1.0,1.0,0.0,0.008646428453928228,0.0056359171867370605,0.0
BCS4__Cow_7,Cow_7,0,2028,VAQ,2,12,15,12.0,1.0,1.0,0.0,0.002868989618422015,0.001625096658244729,0.0
BCS5__Cow_15,Cow_15,0,2028,VAQ,3,1,25,1.0,0.84,0.84,0.16,0.2301877744508279,0.11508910357952118,0.0
BCS5__Cow_15,Cow_15,0,2028,VAQ,3,3,25,3.0,1.0,1.0,0.0,0.028356415154232838,0.016078488901257515,0.0
BCS5__Cow_15,Cow_15,0,2028,VAQ,3,6,25,6.0,1.0,1.0,0.0,0.01871602952718399,0.010794141329824924,0.0
BCS5__Cow_15,Cow_15,0,2028,VAQ,3,12,25,12.0,1.0,1.0,0.0,0.012445483770896276,0.007033330854028463,0.0
BCS5__Cow_17_17,Cow_17,0,2028,VAQ,3,1,6,1.0,1.0,1.0,0.0,0.020131918911806126,0.01890760473906994,1.0
BCS5__Cow_17_17,Cow_17,0,2028,VAQ,3,3,6,3.0,1.0,1.0,0.0,0.008122631869791655,0.00662325881421566,1.0
BCS5__Cow_17_17,Cow_17,0,2028,VAQ,3,6,6,6.0,1.0,1.0,0.0,3.709137923816906e-08,0.0020688758231699467,1.0
BCS5__Cow_17_17,Cow_17,0,2028,VAQ,3,12,6,5.26,1.0,1.0,0.0,0.004837349325161234,0.004314539022743702,1.0
BCS5__Cow_21,Cow_21,0,2028,VAQ,3,1,18,1.0,1.0,1.0,0.0,0.046868148574741704,0.016615528613328934,0.0
BCS5__Cow_21,Cow_21,0,2028,VAQ,3,3,18,3.0,1.0,1.0,0.0,0.008450763033898212,0.005799789447337389,0.0
BCS5__Cow_21,Cow_21,0,2028,VAQ,3,6,18,6.0,1.0,1.0,0.0,0.004657752389704144,0.003538355464115739,0.0
BCS5__Cow_21,Cow_21,0,2028,VAQ,3,12,18,12.0,1.0,1.0,0.0,0.0020819155293724505,0.0019403403857722878,0.0
BCS5__Cow_23_1067,Cow_23,0,2028,VAQ,3,1,5,1.0,1.0,1.0,0.0,0.014798094666847674,0.01566328853368759,1.0
BCS5__Cow_23_1067,Cow_23,0,2028,VAQ,3,3,5,3.0,1.0,1.0,0.0,0.006656342517236567,0.008304058574140072,1.0
BCS5__Cow_23_1067,Cow_23,0,2028,VAQ,3,6,5,3.74,1.0,1.0,0.0,0.005699614022244587,0.009012280963361263,1.0
BCS5__Cow_23_1067,Cow_23,0,2028,VAQ,3,12,5,4.72,1.0,1.0,0.0,0.004404192008921272,0.007369677536189556,1.0
BCS5__Cow_25,Cow_25,0,2028,VAQ,3,1,29,1.0,0.74,0.74,0.26,0.2038498578359058,0.13803644478321075,0.0
BCS5__Cow_25,Cow_25,0,2028,VAQ,3,3,29,3.0,0.66,0.66,0.34,0.10451468272217096,0.06111590564250946,0.0
BCS5__Cow_25,Cow_25,0,2028,VAQ,3,6,29,6.0,0.7,0.7,0.3,0.06274626689647146,0.037422023713588715,0.0
BCS5__Cow_25,Cow_25,0,2028,VAQ,3,12,29,12.0,0.84,0.84,0.16,0.03532405518757075,0.019823642447590828,0.0
BCS5__Cow_31_15,Cow_31,0,2028,VAQ,3,1,3,1.0,1.0,1.0,0.0,0.010142552656071155,0.012759988196194172,1.0
BCS5__Cow_31_15,Cow_31,0,2028,VAQ,3,3,3,3.0,1.0,1.0,0.0,0.0,0.009018993936479092,1.0
BCS5__Cow_31_15,Cow_31,0,2028,VAQ,3,6,3,2.8,1.0,1.0,0.0,0.0038097764483179908,0.00919621903449297,1.0
BCS5__Cow_31_15,Cow_31,0,2028,VAQ,3,12,3,2.94,1.0,1.0,0.0,0.003549379219953537,0.008992807939648628,1.0
BCS5__Cow_31_2024,Cow_31,0,2028,VAQ,3,1,5,1.0,1.0,1.0,0.0,0.062187348054186804,0.051458846777677536,0.0
BCS5__Cow_31_2024,Cow_31,0,2028,VAQ,3,3,5,3.0,1.0,1.0,0.0,0.025849430848048936,0.03832508623600006,0.0
BCS5__Cow_31_2024,Cow_31,0,2028,VAQ,3,6,5,3.62,1.0,1.0,0.0,0.02009280544999258,0.03678642213344574,0.0
BCS5__Cow_31_2024,Cow_31,0,2028,VAQ,3,12,5,4.72,1.0,1.0,0.0,0.01562555734860214,0.03834416717290878,0.0
BCS5__Cow_32,Cow_32,0,2028,VAQ,3,1,5,1.0,1.0,1.0,0.0,0.19458476968728786,0.06222901865839958,0.0
BCS5__Cow_32,Cow_32,0,2028,VAQ,3,3,5,3.0,1.0,1.0,0.0,0.04252518427908196,0.02548501268029213,0.0
BCS5__Cow_32,Cow_32,0,2028,VAQ,3,6,5,3.66,1.0,1.0,0.0,0.04471211157856683,0.022917089983820915,0.0
BCS5__Cow_32,Cow_32,0,2028,VAQ,3,12,5,4.72,1.0,1.0,0.0,0.02726015089477477,0.022830042988061905,0.0
BCS5__Cow_44_3008,Cow_44,0,2028,VAQ,3,1,3,1.0,1.0,1.0,0.0,0.04641536960958368,0.046593088656663895,1.0
BCS5__Cow_44_3008,Cow_44,0,2028,VAQ,3,3,3,3.0,1.0,1.0,0.0,9.987604442057468e-08,0.02055439166724682,1.0
BCS5__Cow_44_3008,Cow_44,0,2028,VAQ,3,6,3,2.78,1.0,1.0,0.0,0.013306133395199721,0.021155724301934242,1.0
BCS5__Cow_44_3008,Cow_44,0,2028,VAQ,3,12,3,2.96,1.0,1.0,0.0,0.008991014320919283,0.019972478970885277,1.0
BCS5__Cow_45,Cow_45,0,2028,VAQ,3,1,24,1.0,0.68,0.68,0.32,0.014023728866998124,0.011580757796764374,0.68
BCS5__Cow_45,Cow_45,0,2028,VAQ,3,3,24,3.0,0.84,0.84,0.16,0.005848740086738637,0.004624227527529001,0.84
BCS5__Cow_45,Cow_45,0,2028,VAQ,3,6,24,6.0,0.96,0.96,0.04,0.005611016166281034,0.00462967436760664,0.96
BCS5__Cow_45,Cow_45,0,2028,VAQ,3,12,24,12.0,1.0,1.0,0.0,0.0029312067640349074,0.002243409864604473,1.0
BCS5__Cow_53_30,Cow_53,0,2028,VAQ,3,1,4,1.0,1.0,1.0,0.0,0.022233654651973554,0.02283034287393093,1.0
BCS5__Cow_53_30,Cow_53,0,2028,VAQ,3,3,4,3.0,1.0,1.0,0.0,0.0068722783544757984,0.008946903981268406,1.0
BCS5__Cow_53_30,Cow_53,0,2028,VAQ,3,6,4,3.2,1.0,1.0,0.0,0.008624347600300133,0.009225440211594105,1.0
BCS5__Cow_53_30,Cow_53,0,2028,VAQ,3,12,4,3.86,1.0,1.0,0.0,0.005240951823465072,0.008679468184709549,1.0
BCS5__Cow_7_6022,Cow_7,0,2028,VAQ,3,1,3,1.0,1.0,1.0,0.0,0.06460307771355703,0.03518180921673775,0.0
BCS5__Cow_7_6022,Cow_7,0,2028,VAQ,3,3,3,3.0,1.0,1.0,0.0,3.9159889796375754e-08,0.03276390954852104,0.0
BCS5__Cow_7_6022,Cow_7,0,2028,VAQ,3,6,3,2.68,1.0,1.0,0.0,0.026398910192302484,0.03126499056816101,0.0
BCS5__Cow_7_6022,Cow_7,0,2028,VAQ,3,12,3,2.96,1.0,1.0,0.0,0.021024162557113087,0.032251276075839996,0.0
BCS6__Cow_16_06,Cow_16,0,2028,VAQ,4,1,62,1.0,1.0,1.0,0.0,0.011338032192405997,0.005379149690270424,1.0
BCS6__Cow_16_06,Cow_16,0,2028,VAQ,4,3,62,3.0,1.0,1.0,0.0,0.005753157321182745,0.0027697798795998096,1.0
BCS6__Cow_16_06,Cow_16,0,2028,VAQ,4,6,62,6.0,1.0,1.0,0.0,0.00446320324646765,0.0026935464702546597,1.0
BCS6__Cow_16_06,Cow_16,0,2028,VAQ,4,12,62,12.0,1.0,1.0,0.0,0.0022231649984036355,0.00230465829372406,1.0
BCS6__Cow_19_29,Cow_19,0,2028,VAQ,4,1,52,1.0,1.0,1.0,0.0,0.16836040826333096,0.09498624503612518,1.0
BCS6__Cow_19_29,Cow_19,0,2028,VAQ,4,3,52,3.0,1.0,1.0,0.0,0.09654519379968783,0.0462133027613163,1.0
BCS6__Cow_19_29,Cow_19,0,2028,VAQ,4,6,52,6.0,1.0,1.0,0.0,0.05829412324361391,0.031568415462970734,1.0
BCS6__Cow_19_29,Cow_19,0,2028,VAQ,4,12,52,12.0,1.0,1.0,0.0,0.03674423584128636,0.019806794822216034,1.0
BCS6__Cow_2_6006,Cow_2,0,2028,VAQ,4,1,31,1.0,1.0,1.0,0.0,0.002643699769369894,0.0014157536206766963,1.0
BCS6__Cow_2_6006,Cow_2,0,2028,VAQ,4,3,31,3.0,1.0,1.0,0.0,0.001387791666535737,0.0006779175018891692,1.0
BCS6__Cow_2_6006,Cow_2,0,2028,VAQ,4,6,31,6.0,1.0,1.0,0.0,0.0009582798046866783,0.0004917768528684974,1.0
BCS6__Cow_2_6006,Cow_2,0,2028,VAQ,4,12,31,12.0,1.0,1.0,0.0,0.0006550322034721013,0.00031844183104112744,1.0
BCS6__Cow_32_34,Cow_32,0,2028,VAQ,4,1,7,1.0,1.0,1.0,0.0,0.004235492230534396,0.0023068608716130257,1.0
BCS6__Cow_32_34,Cow_32,0,2028,VAQ,4,3,7,3.0,1.0,1.0,0.0,0.0020849645911866035,0.0013926222454756498,1.0
BCS6__Cow_32_34,Cow_32,0,2028,VAQ,4,6,7,6.0,1.0,1.0,0.0,0.000737251458003186,0.0011260713217779994,1.0
BCS6__Cow_32_34,Cow_32,0,2028,VAQ,4,12,7,5.84,1.0,1.0,0.0,0.0012764938417711216,0.0013688589679077268,1.0
BCS6__Cow_36,Cow_36,0,2028,VAQ,4,1,37,1.0,0.72,0.72,0.28,0.6283753356294921,0.26964443922042847,0.72
BCS6__Cow_36,Cow_36,0,2028,VAQ,4,3,37,3.0,0.96,0.96,0.04,0.27238279017480554,0.04447327181696892,0.96
BCS6__Cow_36,Cow_36,0,2028,VAQ,4,6,37,6.0,1.0,1.0,0.0,0.01152234558536752,0.004586293827742338,1.0
BCS6__Cow_36,Cow_36,0,2028,VAQ,4,12,37,12.0,1.0,1.0,0.0,0.005638174353691371,0.0038893255405128,1.0
BCS6__Cow_36_1,Cow_36,0,2028,VAQ,4,1,46,1.0,0.68,0.68,0.64,0.49183355743747376,0.2581728994846344,0.68
BCS6__Cow_36_1,Cow_36,0,2028,VAQ,4,3,46,3.0,0.98,0.98,0.04,0.16543787616486103,0.04830985143780708,0.98
BCS6__Cow_36_1,Cow_36,0,2028,VAQ,4,6,46,6.0,1.0,1.0,0.0,0.0530298356731012,0.025913292542099953,1.0
BCS6__Cow_36_1,Cow_36,0,2028,VAQ,4,12,46,12.0,1.0,1.0,0.0,0.027388586545401765,0.013797875493764877,1.0
BCS6__Cow_45_9025,Cow_45,0,2028,VAQ,4,1,31,1.0,1.0,1.0,0.0,0.033019635675489115,0.016884522512555122,1.0
BCS6__Cow_45_9025,Cow_45,0,2028,VAQ,4,3,31,3.0,1.0,1.0,0.0,0.021166038677718484,0.011195026338100433,1.0
BCS6__Cow_45_9025,Cow_45,0,2028,VAQ,4,6,31,6.0,1.0,1.0,0.0,0.013946717897900964,0.006787779275327921,1.0
BCS6__Cow_45_9025,Cow_45,0,2028,VAQ,4,12,31,12.0,1.0,1.0,0.0,0.00831613146578217,0.004015420097857714,1.0
BCS6__Cow_52_29,Cow_52,0,2028,VAQ,4,1,55,1.0,1.0,1.0,0.0,0.013839580262501611,0.008186006918549538,1.0
BCS6__Cow_52_29,Cow_52,0,2028,VAQ,4,3,55,3.0,1.0,1.0,0.0,0.008332810324190405,0.005547672044485807,1.0
BCS6__Cow_52_29,Cow_52,0,2028,VAQ,4,6,55,6.0,1.0,1.0,0.0,0.00533077541511804,0.003943680319935083,1.0
BCS6__Cow_52_29,Cow_52,0,2028,VAQ,4,12,55,12.0,1.0,1.0,0.0,0.0028177475222297653,0.0029818438924849033,1.0
BCS6__Cow_7_9008,Cow_7,0,2028,VAQ,4,1,19,1.0,1.0,1.0,0.0,0.08864584770483379,0.057033929973840714,1.0
BCS6__Cow_7_9008,Cow_7,0,2028,VAQ,4,3,19,3.0,1.0,1.0,0.0,0.04657699096706674,0.023252034559845924,1.0
BCS6__Cow_7_9008,Cow_7,0,2028,VAQ,4,6,19,6.0,1.0,1.0,0.0,0.031566723922618785,0.017029810696840286,1.0
BCS6__Cow_7_9008,Cow_7,0,2028,VAQ,4,12,19,12.0,1.0,1.0,0.0,0.018152413365832926,0.009694724343717098,1.0
BCS2__Cow_11,Cow_11,1,2028,VAQ,0,1,76,1.0,0.46,0.54,0.54,0.020410192246737284,0.00899677723646164,0.0
BCS2__Cow_11,Cow_11,1,2028,VAQ,0,3,76,3.0,0.66,0.66,0.34,0.011452085459453261,0.005400177091360092,0.0
BCS2__Cow_11,Cow_11,1,2028,VAQ,0,6,76,6.0,0.84,0.84,0.16,0.008747750374320193,0.0036931803915649652,0.0
BCS2__Cow_11,Cow_11,1,2028,VAQ,0,12,76,12.0,0.9,0.9,0.1,0.006558728247432136,0.004071364179253578,0.0
BCS2__Cow_11_1,Cow_11,1,2028,VAQ,0,1,6,1.0,1.0,1.0,0.0,0.02351244818949872,0.00790392979979515,0.0
BCS2__Cow_11_1,Cow_11,1,2028,VAQ,0,3,6,3.0,1.0,1.0,0.0,0.00943249087161478,0.0061875213868916035,0.0
BCS2__Cow_11_1,Cow_11,1,2028,VAQ,0,6,6,6.0,1.0,1.0,0.0,1.055578995930245e-07,0.005953261628746986,0.0
BCS2__Cow_11_1,Cow_11,1,2028,VAQ,0,12,6,5.38,1.0,1.0,0.0,0.005848825386298083,0.005826773587614298,0.0
BCS2__Cow_11_2,Cow_11,1,2028,VAQ,0,1,40,1.0,0.3,0.66,0.74,0.36133314664055566,0.12924937903881073,0.3
BCS2__Cow_11_2,Cow_11,1,2028,VAQ,0,3,40,3.0,0.66,0.66,0.34,0.15360954341294442,0.04592960327863693,0.66
BCS2__Cow_11_2,Cow_11,1,2028,VAQ,0,6,40,6.0,0.7,0.7,0.3,0.12210367199665378,0.0415559783577919,0.7
BCS2__Cow_11_2,Cow_11,1,2028,VAQ,0,12,40,12.0,0.88,0.88,0.12,0.07317685358595456,0.026182007044553757,0.88
BCS3__Cow_14,Cow_14,1,2028,VAQ,1,1,4,1.0,0.86,0.86,0.14,0.0047112128249648146,0.004608737304806709,0.14
BCS3__Cow_14,Cow_14,1,2028,VAQ,1,3,4,3.0,1.0,1.0,0.0,0.001526769298249958,0.0026176602113991976,0.0
BCS3__Cow_14,Cow_14,1,2028,VAQ,1,6,4,3.14,1.0,1.0,0.0,0.002141563898002875,0.002987896790727973,0.0
BCS3__Cow_14,Cow_14,1,2028,VAQ,1,12,4,3.88,1.0,1.0,0.0,0.0013360815094736857,0.0029943673871457577,0.0
BCS3__Cow_14_0011,Cow_14,1,2028,VAQ,1,1,4,1.0,0.38,0.62,0.62,0.0864770811023895,0.037449952214956284,0.38
BCS3__Cow_14_0011,Cow_14,1,2028,VAQ,1,3,4,3.0,0.0,1.0,1.0,0.025976322022393538,0.024091079831123352,0.0
BCS3__Cow_14_0011,Cow_14,1,2028,VAQ,1,6,4,3.48,0.08,0.92,0.92,0.03208426110882976,0.023282088339328766,0.08
BCS3__Cow_14_0011,Cow_14,1,2028,VAQ,1,12,4,3.9,0.1,0.9,0.9,0.02692814263758482,0.02150700055062771,0.1
BCS3__Cow_6_103,Cow_6,1,2028,VAQ,1,1,4,1.0,1.0,1.0,0.0,0.09181791690530695,0.03372881934046745,1.0
BCS3__Cow_6_103,Cow_6,1,2028,VAQ,1,3,4,3.0,1.0,1.0,0.0,0.029550396490349743,0.027724169194698334,1.0
BCS3__Cow_6_103,Cow_6,1,2028,VAQ,1,6,4,3.36,1.0,1.0,0.0,0.03159357307503062,0.026700010523200035,1.0
BCS3__Cow_6_103,Cow_6,1,2028,VAQ,1,12,4,3.94,1.0,1.0,0.0,0.032453884807222146,0.026455603539943695,1.0
BCS4__Cow_1,Cow_1,1,2028,VAQ,2,1,9,1.0,1.0,1.0,0.0,0.0015373716951230343,0.0016406862996518612,1.0
BCS4__Cow_1,Cow_1,1,2028,VAQ,2,3,9,3.0,1.0,1.0,0.0,0.000668750857697056,0.000921763654332608,1.0
BCS4__Cow_1,Cow_1,1,2028,VAQ,2,6,9,6.0,1.0,1.0,0.0,0.00033143210772476844,0.0005231565446592867,1.0
BCS4__Cow_1,Cow_1,1,2028,VAQ,2,12,9,6.56,1.0,1.0,0.0,0.0004083933889077942,0.0006592579302377999,1.0
BCS4__Cow_26,Cow_26,1,2028,VAQ,2,1,7,1.0,1.0,1.0,0.0,0.0034790940996542756,0.001816782634705305,1.0
BCS4__Cow_26,Cow_26,1,2028,VAQ,2,3,7,3.0,1.0,1.0,0.0,0.0016962040847906265,0.0010364706395193934,1.0
BCS4__Cow_26,Cow_26,1,2028,VAQ,2,6,7,6.0,1.0,1.0,0.0,0.0005087609117279075,0.0005370229482650757,1.0
BCS4__Cow_26,Cow_26,1,2028,VAQ,2,12,7,5.86,1.0,1.0,0.0,0.001006711787290397,0.000731816457118839,1.0
BCS4__Cow_26_5051,Cow_26,1,2028,VAQ,2,1,5,1.0,0.24,0.76,0.76,0.1747213576070494,0.08274082094430923,0.0
BCS4__Cow_26_5051,Cow_26,1,2028,VAQ,2,3,5,3.0,0.0,1.0,1.0,0.0602504844737003,0.06964525580406189,0.0
BCS4__Cow_26_5051,Cow_26,1,2028,VAQ,2,6,5,3.74,0.04,0.96,0.96,0.06357794673042862,0.06959936022758484,0.0
BCS4__Cow_26_5051,Cow_26,1,2028,VAQ,2,12,5,4.56,0.0,1.0,1.0,0.0412589619960679,0.0712805837392807,0.0
BCS4__Cow_27_9008,Cow_27,1,2028,VAQ,2,1,4,1.0,0.48,0.52,0.52,0.1508183246933699,0.04719468951225281,0.0
BCS4__Cow_27_9008,Cow_27,1,2028,VAQ,2,3,4,3.0,0.68,0.68,0.32,0.04753899887046978,0.01615116186439991,0.0
BCS4__Cow_27_9008,Cow_27,1,2028,VAQ,2,6,4,3.3,0.58,0.58,0.42,0.04985908162895241,0.01657436601817608,0.0
BCS4__Cow_27_9008,Cow_27,1,2028,VAQ,2,12,4,3.86,0.68,0.68,0.32,0.035458100532503284,0.011699056252837181,0.0
BCS4__Cow_29_7007,Cow_29,1,2028,VAQ,2,1,4,1.0,1.0,1.0,0.0,0.09042173089725898,0.04034799709916115,0.0
BCS4__Cow_29_7007,Cow_29,1,2028,VAQ,2,3,4,3.0,1.0,1.0,0.0,0.031001227886581273,0.038580574095249176,0.0
BCS4__Cow_29_7007,Cow_29,1,2028,VAQ,2,6,4,3.26,1.0,1.0,0.0,0.04016918998347877,0.04132528230547905,0.0
BCS4__Cow_29_7007,Cow_29,1,2028,VAQ,2,12,4,3.88,1.0,1.0,0.0,0.029110167939261095,0.03998390585184097,0.0
BCS4__Cow_33,Cow_33,1,2028,VAQ,2,1,21,1.0,1.0,1.0,0.0,0.003168099207805805,0.0018657237524166703,1.0
BCS4__Cow_33,Cow_33,1,2028,VAQ,2,3,21,3.0,1.0,1.0,0.0,0.00166974607988516,0.0010451872367411852,1.0
BCS4__Cow_33,Cow_33,1,2028,VAQ,2,6,21,6.0,1.0,1.0,0.0,0.0011022815297594515,0.0008842843817546964,1.0
BCS4__Cow_33,Cow_33,1,2028,VAQ,2,12,21,12.0,1.0,1.0,0.0,0.0005847839154963701,0.0006664073443971574,1.0
BCS4__Cow_4,Cow_4,1,2028,VAQ,2,1,4,1.0,1.0,1.0,0.0,0.001251300970894214,0.0016249913023784757,1.0
BCS4__Cow_4,Cow_4,1,2028,VAQ,2,3,4,3.0,1.0,1.0,0.0,0.000529908838452407,0.0007840044563636184,1.0
BCS4__Cow_4,Cow_4,1,2028,VAQ,2,6,4,3.4,1.0,1.0,0.0,0.0006001690206285875,0.0008099859696812928,1.0
BCS4__Cow_4,Cow_4,1,2028,VAQ,2,12,4,3.88,1.0,1.0,0.0,0.00043142053957048585,0.0005922841955907643,1.0
BCS4__Cow_41,Cow_41,1,2028,VAQ,2,1,3,1.0,1.0,1.0,0.0,0.0013228949799473442,0.0007565604173578322,1.0
BCS4__Cow_41,Cow_41,1,2028,VAQ,2,3,3,3.0,1.0,1.0,0.0,4.278285390422402e-08,0.0005932922940701246,1.0
BCS4__Cow_41,Cow_41,1,2028,VAQ,2,6,3,2.68,1.0,1.0,0.0,0.0005200516138287386,0.000594136887229979,1.0
BCS4__Cow_41,Cow_41,1,2028,VAQ,2,12,3,2.96,1.0,1.0,0.0,0.0004004098809373392,0.0006317031220532954,1.0
BCS4__Cow_48,Cow_48,1,2028,VAQ,2,1,3,1.0,1.0,1.0,0.0,0.013803751733646449,0.003576497780159116,1.0
BCS4__Cow_48,Cow_48,1,2028,VAQ,2,3,3,3.0,1.0,1.0,0.0,0.0,0.00024174153804779053,1.0
BCS4__Cow_48,Cow_48,1,2028,VAQ,2,6,3,2.74,1.0,1.0,0.0,0.005406493241871868,0.0014008193975314498,1.0
BCS4__Cow_48,Cow_48,1,2028,VAQ,2,12,3,3.0,1.0,1.0,0.0,0.004001263333532539,0.0010780752636492252,1.0
BCS4__Cow_4_1,Cow_4,1,2028,VAQ,2,1,39,1.0,1.0,1.0,0.0,0.0030327993684329045,0.001537142787128687,1.0
BCS4__Cow_4_1,Cow_4,1,2028,VAQ,2,3,39,3.0,1.0,1.0,0.0,0.00205166470871971,0.0008545079617761075,1.0
BCS4__Cow_4_1,Cow_4,1,2028,VAQ,2,6,39,6.0,1.0,1.0,0.0,0.001380080620101868,0.0007610796601511538,1.0
BCS4__Cow_4_1,Cow_4,1,2028,VAQ,2,12,39,12.0,1.0,1.0,0.0,0.0010453364014155757,0.0005516570527106524,1.0
BCS4__Cow_6,Cow_6,1,2028,VAQ,2,1,7,1.0,1.0,1.0,0.0,0.02023125466176552,0.005913423839956522,1.0
BCS4__Cow_6,Cow_6,1,2028,VAQ,2,3,7,3.0,1.0,1.0,0.0,0.00874855649474403,0.0031275851652026176,1.0
BCS4__Cow_6,Cow_6,1,2028,VAQ,2,6,7,6.0,1.0,1.0,0.0,0.0030319107792998235,0.002899283543229103,1.0
BCS4__Cow_6,Cow_6,1,2028,VAQ,2,12,7,5.88,1.0,1.0,0.0,0.005576376743260475,0.002712417859584093,1.0
BCS5__Cow_12_NOTAG,Cow_12,1,2028,VAQ,3,1,3,1.0,1.0,1.0,0.0,0.005073793491091423,0.0024875719100236893,0.0
BCS5__Cow_12_NOTAG,Cow_12,1,2028,VAQ,3,3,3,3.0,1.0,1.0,0.0,1.0446007035787878e-08,0.0014563564909622073,0.0
BCS5__Cow_12_NOTAG,Cow_12,1,2028,VAQ,3,6,3,2.82,1.0,1.0,0.0,0.0017953469710683856,0.0016987030394375324,0.0
BCS5__Cow_12_NOTAG,Cow_12,1,2028,VAQ,3,12,3,2.96,1.0,1.0,0.0,0.001498962333080183,0.001548805390484631,0.0
BCS5__Cow_13,Cow_13,1,2028,VAQ,3,1,20,1.0,1.0,1.0,0.0,0.004759154689513895,0.0020641351584345102,0.0
BCS5__Cow_13,Cow_13,1,2028,VAQ,3,3,20,3.0,1.0,1.0,0.0,0.0032603014044882634,0.0011188277276232839,0.0
BCS5__Cow_13,Cow_13,1,2028,VAQ,3,6,20,6.0,1.0,1.0,0.0,0.002048343944916185,0.0007644109427928925,0.0
BCS5__Cow_13,Cow_13,1,2028,VAQ,3,12,20,12.0,1.0,1.0,0.0,0.0010499664651895857,0.0004726439656224102,0.0
BCS5__Cow_13_8001,Cow_13,1,2028,VAQ,3,1,3,1.0,0.32,0.68,0.68,0.14610178280781452,0.06407146155834198,0.0
BCS5__Cow_13_8001,Cow_13,1,2028,VAQ,3,3,3,3.0,1.0,1.0,0.0,2.8900696121755908e-08,0.06090400740504265,0.0
BCS5__Cow_13_8001,Cow_13,1,2028,VAQ,3,6,3,2.78,0.7,0.7,0.3,0.06559953281224547,0.05194923281669617,0.0
BCS5__Cow_13_8001,Cow_13,1,2028,VAQ,3,12,3,2.98,0.58,0.58,0.42,0.0469726151411574,0.06070585176348686,0.0
BCS5__Cow_1_27,Cow_1,1,2028,VAQ,3,1,3,1.0,1.0,1.0,0.0,0.005357128004716893,0.0033650281839072704,0.0
BCS5__Cow_1_27,Cow_1,1,2028,VAQ,3,3,3,3.0,1.0,1.0,0.0,3.088356951870601e-08,0.002541425172239542,0.0
BCS5__Cow_1_27,Cow_1,1,2028,VAQ,3,6,3,2.78,1.0,1.0,0.0,0.0021092947763612755,0.002618031110614538,0.0
BCS5__Cow_1_27,Cow_1,1,2028,VAQ,3,12,3,2.96,1.0,1.0,0.0,0.0015932302980123198,0.0024826047010719776,0.0
BCS5__Cow_27,Cow_27,1,2028,VAQ,3,1,21,1.0,1.0,1.0,0.0,0.012702115249292678,0.0041473619639873505,0.0
BCS5__Cow_27,Cow_27,1,2028,VAQ,3,3,21,3.0,1.0,1.0,0.0,0.00681106761890144,0.002344280481338501,0.0
BCS5__Cow_27,Cow_27,1,2028,VAQ,3,6,21,6.0,1.0,1.0,0.0,0.004393022123586881,0.0015040641883388162,0.0
BCS5__Cow_27,Cow_27,1,2028,VAQ,3,12,21,12.0,1.0,1.0,0.0,0.002385710387855261,0.0008512733620591462,0.0
BCS5__Cow_29,Cow_29,1,2028,VAQ,3,1,25,1.0,1.0,1.0,0.0,0.002852824425662654,0.0030079621355980635,0.0
BCS5__Cow_29,Cow_29,1,2028,VAQ,3,3,25,3.0,1.0,1.0,0.0,0.001718498614736697,0.0015419332776218653,0.0
BCS5__Cow_29,Cow_29,1,2028,VAQ,3,6,25,6.0,1.0,1.0,0.0,0.0009866811472577725,0.0013913217699155211,0.0
BCS5__Cow_29,Cow_29,1,2028,VAQ,3,12,25,12.0,1.0,1.0,0.0,0.0004817485821356024,0.0007272732327692211,0.0
BCS5__Cow_37,Cow_37,1,2028,VAQ,3,1,26,1.0,1.0,1.0,0.0,0.004502891849777719,0.0023436187766492367,0.0
BCS5__Cow_37,Cow_37,1,2028,VAQ,3,3,26,3.0,1.0,1.0,0.0,0.003112129355010357,0.0015306222485378385,0.0
BCS5__Cow_37,Cow_37,1,2028,VAQ,3,6,26,6.0,1.0,1.0,0.0,0.0017581976183328114,0.0009867454646155238,0.0
BCS5__Cow_37,Cow_37,1,2028,VAQ,3,12,26,12.0,1.0,1.0,0.0,0.0009143905505175498,0.0006229334976524115,0.0
BCS5__Cow_37_and_38,Cow_37,1,2028,VAQ,3,1,3,1.0,1.0,1.0,0.0,0.003021913829245642,0.004636666737496853,0.0
BCS5__Cow_37_and_38,Cow_37,1,2028,VAQ,3,3,3,3.0,1.0,1.0,0.0,1.9285937126885358e-08,0.003859223797917366,0.0
BCS5__Cow_37_and_38,Cow_37,1,2028,VAQ,3,6,3,2.7,1.0,1.0,0.0,0.0014295139716519027,0.004618486855179071,0.0
BCS5__Cow_37_and_38,Cow_37,1,2028,VAQ,3,12,3,2.96,1.0,1.0,0.0,0.000941360496343414,0.003956652246415615,0.0
BCS5__Cow_43,Cow_43,1,2028,VAQ,3,1,37,1.0,1.0,1.0,0.0,0.0054051158136555,0.0015814295038580894,0.0
BCS5__Cow_43,Cow_43,1,2028,VAQ,3,3,37,3.0,1.0,1.0,0.0,0.002582996106548778,0.0009019698482006788,0.0
BCS5__Cow_43,Cow_43,1,2028,VAQ,3,6,37,6.0,1.0,1.0,0.0,0.0013833150662806379,0.0006371893105097115,0.0
BCS5__Cow_43,Cow_43,1,2028,VAQ,3,12,37,12.0,1.0,1.0,0.0,0.0011946523897638918,0.00042091161594726145,0.0
BCS5__Cow_48_1018,Cow_48,1,2028,VAQ,3,1,3,1.0,1.0,1.0,0.0,0.00482652513591495,0.002510803285986185,0.0
BCS5__Cow_48_1018,Cow_48,1,2028,VAQ,3,3,3,3.0,1.0,1.0,0.0,4.335104418263386e-08,0.0012436637189239264,0.0
BCS5__Cow_48_1018,Cow_48,1,2028,VAQ,3,6,3,2.82,1.0,1.0,0.0,0.0019297469679352283,0.0015998412854969501,0.0
BCS5__Cow_48_1018,Cow_48,1,2028,VAQ,3,12,3,2.98,1.0,1.0,0.0,0.00155410289000314,0.0014240011805668473,0.0
BCS5__Cow_54,Cow_54,1,2028,VAQ,3,1,6,1.0,1.0,1.0,0.0,0.008472902123868677,0.004625506233423948,0.0
BCS5__Cow_54,Cow_54,1,2028,VAQ,3,3,6,3.0,1.0,1.0,0.0,0.003166794728477212,0.002749371575191617,0.0
BCS5__Cow_54,Cow_54,1,2028,VAQ,3,6,6,6.0,1.0,1.0,0.0,2.0383835271848067e-07,0.0027863860595971346,0.0
BCS5__Cow_54,Cow_54,1,2028,VAQ,3,12,6,5.4,1.0,1.0,0.0,0.002072452926581039,0.003104569623246789,0.0
BCS5__Cow_6_5051,Cow_6,1,2028,VAQ,3,1,3,1.0,1.0,1.0,0.0,0.003633574697992759,0.002414038870483637,0.0
BCS5__Cow_6_5051,Cow_6,1,2028,VAQ,3,3,3,3.0,1.0,1.0,0.0,1.505244589674787e-08,0.0016829706728458405,0.0
BCS5__Cow_6_5051,Cow_6,1,2028,VAQ,3,6,3,2.74,1.0,1.0,0.0,0.001744610839175316,0.0018118731677532196,0.0
BCS5__Cow_6_5051,Cow_6,1,2028,VAQ,3,12,3,2.96,1.0,1.0,0.0,0.0013906383822809558,0.0017234054394066334,0.0
BCS6__Cow_11_07,Cow_11,1,2028,VAQ,4,1,27,1.0,0.72,0.72,0.56,0.023252876751108383,0.035477980971336365,0.72
BCS6__Cow_11_07,Cow_11,1,2028,VAQ,4,3,27,3.0,0.84,0.84,0.32,0.01394913756103081,0.02120327204465866,0.84
BCS6__Cow_11_07,Cow_11,1,2028,VAQ,4,6,27,6.0,0.96,0.96,0.08,0.009143784810477465,0.013282102532684803,0.96
BCS6__Cow_11_07,Cow_11,1,2028,VAQ,4,12,27,12.0,0.96,0.96,0.08,0.0061626654464535325,0.010244506411254406,0.96
BCS6__Cow_12_2014,Cow_12,1,2028,VAQ,4,1,39,1.0,0.9,0.9,0.2,0.2988070440311618,0.08041858673095703,0.0
BCS6__Cow_12_2014,Cow_12,1,2028,VAQ,4,3,39,3.0,1.0,1.0,0.0,0.1861833130360174,0.05033763870596886,0.0
BCS6__Cow_12_2014,Cow_12,1,2028,VAQ,4,6,39,6.0,1.0,1.0,0.0,0.16623633482368375,0.06232187896966934,0.0
BCS6__Cow_12_2014,Cow_12,1,2028,VAQ,4,12,39,12.0,1.0,1.0,0.0,0.13865751613726324,0.07416732609272003,0.0
BCS6__Cow_13_66,Cow_13,1,2028,VAQ,4,1,20,1.0,1.0,1.0,0.0,0.008214849088749105,0.005558657459914684,1.0
BCS6__Cow_13_66,Cow_13,1,2028,VAQ,4,3,20,3.0,1.0,1.0,0.0,0.004214857823039191,0.00326254079118371,1.0
BCS6__Cow_13_66,Cow_13,1,2028,VAQ,4,6,20,6.0,1.0,1.0,0.0,0.0027808713295440924,0.002234283136203885,1.0
BCS6__Cow_13_66,Cow_13,1,2028,VAQ,4,12,20,12.0,1.0,1.0,0.0,0.0014903770914151443,0.0012180061312392354,1.0
BCS6__Cow_26_6,Cow_26,1,2028,VAQ,4,1,9,1.0,1.0,1.0,0.0,0.006262327635577662,0.002855452708899975,1.0
BCS6__Cow_26_6,Cow_26,1,2028,VAQ,4,3,9,3.0,1.0,1.0,0.0,0.003321565947382773,0.001637109206058085,1.0
BCS6__Cow_26_6,Cow_26,1,2028,VAQ,4,6,9,6.0,1.0,1.0,0.0,0.0018323470404254423,0.0012459616409614682,1.0
BCS6__Cow_26_6,Cow_26,1,2028,VAQ,4,12,9,7.04,1.0,1.0,0.0,0.002094557203240469,0.001151209813542664,1.0
BCS6__Cow_29_NOTAG,Cow_29,1,2028,VAQ,4,1,34,1.0,1.0,1.0,0.0,0.007543737989299477,0.005787218920886517,1.0
BCS6__Cow_29_NOTAG,Cow_29,1,2028,VAQ,4,3,34,3.0,1.0,1.0,0.0,0.004491498957302222,0.0034733519423753023,1.0
BCS6__Cow_29_NOTAG,Cow_29,1,2028,VAQ,4,6,34,6.0,1.0,1.0,0.0,0.0029894610994499267,0.002573308302089572,1.0
BCS6__Cow_29_NOTAG,Cow_29,1,2028,VAQ,4,12,34,12.0,1.0,1.0,0.0,0.0016308891440200942,0.0016368452925235033,1.0
BCS6__Cow_35,Cow_35,1,2028,VAQ,4,1,24,1.0,0.48,0.52,1.04,0.03266529194121554,0.07625004649162292,0.48
BCS6__Cow_35,Cow_35,1,2028,VAQ,4,3,24,3.0,0.56,0.56,0.88,0.01642360537863967,0.032016512006521225,0.56
BCS6__Cow_35,Cow_35,1,2028,VAQ,4,6,24,6.0,0.24,0.76,1.52,0.005298031569835853,0.022518057376146317,0.24
BCS6__Cow_35,Cow_35,1,2028,VAQ,4,12,24,12.0,0.22,0.78,1.56,0.0031693252357391927,0.01724182441830635,0.22
BCS6__Cow_4_103,Cow_4,1,2028,VAQ,4,1,47,1.0,1.0,1.0,0.0,0.008128364165166777,0.005647514946758747,1.0
BCS6__Cow_4_103,Cow_4,1,2028,VAQ,4,3,47,3.0,1.0,1.0,0.0,0.0043222080158693684,0.0035774868447333574,1.0
BCS6__Cow_4_103,Cow_4,1,2028,VAQ,4,6,47,6.0,1.0,1.0,0.0,0.003288768300197779,0.0023595213424414396,1.0
BCS6__Cow_4_103,Cow_4,1,2028,VAQ,4,12,47,12.0,1.0,1.0,0.0,0.002043617913247847,0.001581590622663498,1.0
BCS2__Cow_5_1,Cow_5,2,2028,VAQ,0,1,10,1.0,1.0,1.0,0.0,0.003943609478629755,0.0013132706517353654,0.0
BCS2__Cow_5_1,Cow_5,2,2028,VAQ,0,3,10,3.0,1.0,1.0,0.0,0.0017785513742791476,0.000546176393982023,0.0
BCS2__Cow_5_1,Cow_5,2,2028,VAQ,0,6,10,6.0,1.0,1.0,0.0,0.0011918260427526627,0.00040985443047247827,0.0
BCS2__Cow_5_1,Cow_5,2,2028,VAQ,0,12,10,7.2,1.0,1.0,0.0,0.0009718690605036124,0.0003814318042714149,0.0
BCS3__Cow_20_0029,Cow_20,2,2028,VAQ,1,1,4,1.0,1.0,1.0,0.0,0.0719938305985685,0.03532867506146431,0.0
BCS3__Cow_20_0029,Cow_20,2,2028,VAQ,1,3,4,3.0,1.0,1.0,0.0,0.008496469553568609,0.006173077970743179,0.0
BCS3__Cow_20_0029,Cow_20,2,2028,VAQ,1,6,4,3.44,1.0,1.0,0.0,0.013173245247349105,0.007649316918104887,0.0
BCS3__Cow_20_0029,Cow_20,2,2028,VAQ,1,12,4,3.86,1.0,1.0,0.0,0.00900291952483731,0.00653837900608778,0.0
BCS3__Cow_22,Cow_22,2,2028,VAQ,1,1,20,1.0,0.44,0.56,0.56,0.1626344881373471,0.11321152001619339,0.44
BCS3__Cow_22,Cow_22,2,2028,VAQ,1,3,20,3.0,0.68,0.68,0.32,0.08849628387168589,0.06978950649499893,0.68
BCS3__Cow_22,Cow_22,2,2028,VAQ,1,6,20,6.0,0.64,0.64,0.36,0.052178829597141395,0.03540173918008804,0.64
BCS3__Cow_22,Cow_22,2,2028,VAQ,1,12,20,12.0,0.7,0.7,0.3,0.03569157735967185,0.024335796013474464,0.7
BCS3__Cow_22_1,Cow_22,2,2028,VAQ,1,1,6,1.0,1.0,1.0,0.0,0.06051947379863109,0.045601796358823776,1.0
BCS3__Cow_22_1,Cow_22,2,2028,VAQ,1,3,6,3.0,1.0,1.0,0.0,0.020708684044490076,0.02243170514702797,1.0
BCS3__Cow_22_1,Cow_22,2,2028,VAQ,1,6,6,6.0,1.0,1.0,0.0,1.2760662381158898e-07,0.023060187697410583,1.0
BCS3__Cow_22_1,Cow_22,2,2028,VAQ,1,12,6,5.46,1.0,1.0,0.0,0.013374858407482874,0.02413780987262726,1.0
BCS4__Cow_10,Cow_10,2,2028,VAQ,2,1,41,1.0,1.0,1.0,0.0,0.04416145427079728,0.026977987959980965,1.0
BCS4__Cow_10,Cow_10,2,2028,VAQ,2,3,41,3.0,1.0,1.0,0.0,0.015097560782878747,0.011281274259090424,1.0
BCS4__Cow_10,Cow_10,2,2028,VAQ,2,6,41,6.0,1.0,1.0,0.0,0.00884834352091072,0.006628949660807848,1.0
BCS4__Cow_10,Cow_10,2,2028,VAQ,2,12,41,12.0,1.0,1.0,0.0,0.006236611288090362,0.005312114488333464,1.0
BCS4__Cow_10_2038,Cow_10,2,2028,VAQ,2,1,4,1.0,0.74,0.74,0.26,0.2626437344642759,0.16191357374191284,0.74
BCS4__Cow_10_2038,Cow_10,2,2028,VAQ,2,3,4,3.0,1.0,1.0,0.0,0.04739413881990318,0.050636354833841324,1.0
BCS4__Cow_10_2038,Cow_10,2,2028,VAQ,2,6,4,3.32,1.0,1.0,0.0,0.08233037604520663,0.056371189653873444,1.0
BCS4__Cow_10_2038,Cow_10,2,2028,VAQ,2,12,4,3.84,1.0,1.0,0.0,0.06060509225078627,0.05202477425336838,1.0
BCS4__Cow_22_6005,Cow_22,2,2028,VAQ,2,1,4,1.0,1.0,1.0,0.0,0.0559521205936898,0.037556715309619904,1.0
BCS4__Cow_22_6005,Cow_22,2,2028,VAQ,2,3,4,3.0,1.0,1.0,0.0,0.022607769615476392,0.027364768087863922,1.0
BCS4__Cow_22_6005,Cow_22,2,2028,VAQ,2,6,4,3.32,1.0,1.0,0.0,0.02895801360713152,0.02751515619456768,1.0
BCS4__Cow_22_6005,Cow_22,2,2028,VAQ,2,12,4,3.88,1.0,1.0,0.0,0.017743045670598263,0.025339534506201744,1.0
BCS4__Cow_30,Cow_30,2,2028,VAQ,2,1,4,1.0,1.0,1.0,0.0,0.0646019496793689,0.04061034321784973,1.0
BCS4__Cow_30,Cow_30,2,2028,VAQ,2,3,4,3.0,1.0,1.0,0.0,0.014527143655982296,0.025001298636198044,1.0
BCS4__Cow_30,Cow_30,2,2028,VAQ,2,6,4,3.22,1.0,1.0,0.0,0.020947595117397605,0.023502180352807045,1.0
BCS4__Cow_30,Cow_30,2,2028,VAQ,2,12,4,3.92,1.0,1.0,0.0,0.014386272353283821,0.024416839703917503,1.0
BCS4__Cow_42,Cow_42,2,2028,VAQ,2,1,11,1.0,0.82,0.82,0.18,0.05397731268461678,0.032233309000730515,0.18
BCS4__Cow_42,Cow_42,2,2028,VAQ,2,3,11,3.0,0.96,0.96,0.04,0.02416904335075312,0.015124151483178139,0.04
BCS4__Cow_42,Cow_42,2,2028,VAQ,2,6,11,6.0,1.0,1.0,0.0,0.012495335866338277,0.007759457919746637,0.0
BCS4__Cow_42,Cow_42,2,2028,VAQ,2,12,11,7.42,1.0,1.0,0.0,0.01351940497695294,0.008160252124071121,0.0
BCS4__Cow_47_1,Cow_47,2,2028,VAQ,2,1,7,1.0,1.0,1.0,0.0,0.17980006523488448,0.07263407856225967,1.0
BCS4__Cow_47_1,Cow_47,2,2028,VAQ,2,3,7,3.0,1.0,1.0,0.0,0.0640784478450203,0.02709438093006611,1.0
BCS4__Cow_47_1,Cow_47,2,2028,VAQ,2,6,7,6.0,1.0,1.0,0.0,0.01444170374368854,0.008526579476892948,1.0
BCS4__Cow_47_1,Cow_47,2,2028,VAQ,2,12,7,6.0,1.0,1.0,0.0,0.01824186891520515,0.011236279271543026,1.0
BCS4__Cow_49,Cow_49,2,2028,VAQ,2,1,7,1.0,1.0,1.0,0.0,0.11344862682274146,0.060285549610853195,1.0
BCS4__Cow_49,Cow_49,2,2028,VAQ,2,3,7,3.0,1.0,1.0,0.0,0.04824175030647208,0.022787082940340042,1.0
BCS4__Cow_49,Cow_49,2,2028,VAQ,2,6,7,6.0,1.0,1.0,0.0,0.018964189917593452,0.011329598724842072,1.0
BCS4__Cow_49,Cow_49,2,2028,VAQ,2,12,7,5.88,1.0,1.0,0.0,0.02658225704654352,0.014590613543987274,1.0
BCS4__Cow_55,Cow_55,2,2028,VAQ,2,1,4,1.0,1.0,1.0,0.0,0.14321105549409482,0.06317495554685593,1.0
BCS4__Cow_55,Cow_55,2,2028,VAQ,2,3,4,3.0,1.0,1.0,0.0,0.020012232838207137,0.018008895218372345,1.0
BCS4__Cow_55,Cow_55,2,2028,VAQ,2,6,4,3.24,1.0,1.0,0.0,0.04355575621560441,0.025449683889746666,1.0
BCS4__Cow_55,Cow_55,2,2028,VAQ,2,12,4,3.86,1.0,1.0,0.0,0.0165234068941421,0.016491951420903206,1.0
BCS4__Cow_8,Cow_8,2,2028,VAQ,2,1,26,1.0,1.0,1.0,0.0,0.027239125254090057,0.014614902436733246,1.0
BCS4__Cow_8,Cow_8,2,2028,VAQ,2,3,26,3.0,1.0,1.0,0.0,0.01018467043111934,0.007537749595940113,1.0
BCS4__Cow_8,Cow_8,2,2028,VAQ,2,6,26,6.0,1.0,1.0,0.0,0.005969092338948128,0.005625646561384201,1.0
BCS4__Cow_8,Cow_8,2,2028,VAQ,2,12,26,12.0,1.0,1.0,0.0,0.004560233875576605,0.0046477667056024075,1.0
BCS4__Cow_9,Cow_9,2,2028,VAQ,2,1,19,1.0,1.0,1.0,0.0,0.05090494704272257,0.04482729360461235,1.0
BCS4__Cow_9,Cow_9,2,2028,VAQ,2,3,19,3.0,1.0,1.0,0.0,0.03582679127964027,0.024957675486803055,1.0
BCS4__Cow_9,Cow_9,2,2028,VAQ,2,6,19,6.0,1.0,1.0,0.0,0.023259485530875944,0.01645600236952305,1.0
BCS4__Cow_9,Cow_9,2,2028,VAQ,2,12,19,12.0,1.0,1.0,0.0,0.011729277996714136,0.008639462292194366,1.0
BCS5__Cow_10_0029,Cow_10,2,2028,VAQ,3,1,5,1.0,0.64,0.64,0.36,0.030427520074293588,0.026510024443268776,0.64
BCS5__Cow_10_0029,Cow_10,2,2028,VAQ,3,3,5,3.0,1.0,1.0,0.0,0.010442579615665522,0.008644333109259605,1.0
BCS5__Cow_10_0029,Cow_10,2,2028,VAQ,3,6,5,3.7,1.0,1.0,0.0,0.009100392475436571,0.006535906810313463,1.0
BCS5__Cow_10_0029,Cow_10,2,2028,VAQ,3,12,5,4.5,1.0,1.0,0.0,0.006962201546474117,0.004768204875290394,1.0
BCS5__Cow_24,Cow_24,2,2028,VAQ,3,1,12,1.0,1.0,1.0,0.0,0.033646874928730024,0.015708915889263153,0.0
BCS5__Cow_24,Cow_24,2,2028,VAQ,3,3,12,3.0,1.0,1.0,0.0,0.00866564147236493,0.005959682632237673,0.0
BCS5__Cow_24,Cow_24,2,2028,VAQ,3,6,12,6.0,1.0,1.0,0.0,0.006234732974698585,0.004355716519057751,0.0
BCS5__Cow_24,Cow_24,2,2028,VAQ,3,12,12,12.0,1.0,1.0,0.0,5.645170583393777e-08,6.941845764885102e-09,0.0
BCS5__Cow_24_7022,Cow_24,2,2028,VAQ,3,1,3,1.0,1.0,1.0,0.0,0.07090077012904375,0.04060542583465576,0.0
BCS5__Cow_24_7022,Cow_24,2,2028,VAQ,3,3,3,3.0,1.0,1.0,0.0,3.8994788714800894e-10,0.04662448540329933,0.0
BCS5__Cow_24_7022,Cow_24,2,2028,VAQ,3,6,3,2.78,1.0,1.0,0.0,0.03566829176994094,0.0425347238779068,0.0
BCS5__Cow_24_7022,Cow_24,2,2028,VAQ,3,12,3,2.96,1.0,1.0,0.0,0.026629718842372314,0.04569249600172043,0.0
BCS5__Cow_28,Cow_28,2,2028,VAQ,3,1,28,1.0,1.0,1.0,0.0,0.057648681236886316,0.01891973987221718,0.0
BCS5__Cow_28,Cow_28,2,2028,VAQ,3,3,28,3.0,1.0,1.0,0.0,0.007999199262970604,0.005510255228728056,0.0
BCS5__Cow_28,Cow_28,2,2028,VAQ,3,6,28,6.0,1.0,1.0,0.0,0.004622215487849954,0.0033319995272904634,0.0
BCS5__Cow_28,Cow_28,2,2028,VAQ,3,12,28,12.0,1.0,1.0,0.0,0.002622709181638697,0.0019739321433007717,0.0
BCS5__Cow_28_4024,Cow_28,2,2028,VAQ,3,1,3,1.0,1.0,1.0,0.0,0.05117199402661486,0.0266947690397501,0.0
BCS5__Cow_28_4024,Cow_28,2,2028,VAQ,3,3,3,3.0,1.0,1.0,0.0,9.217746356886578e-08,0.0036485972814261913,0.0
BCS5__Cow_28_4024,Cow_28,2,2028,VAQ,3,6,3,2.76,1.0,1.0,0.0,0.01833340276374525,0.009903511963784695,0.0
BCS5__Cow_28_4024,Cow_28,2,2028,VAQ,3,12,3,3.0,1.0,1.0,0.0,0.01246007816779177,0.007739850785583258,0.0
BCS5__Cow_3,Cow_3,2,2028,VAQ,3,1,10,1.0,1.0,1.0,0.0,0.15019796784977596,0.09840524941682816,0.0
BCS5__Cow_3,Cow_3,2,2028,VAQ,3,3,10,3.0,1.0,1.0,0.0,0.05940380682238952,0.04098591208457947,0.0
BCS5__Cow_3,Cow_3,2,2028,VAQ,3,6,10,6.0,1.0,1.0,0.0,0.02546941262446975,0.027014508843421936,0.0
BCS5__Cow_3,Cow_3,2,2028,VAQ,3,12,10,7.26,1.0,1.0,0.0,0.02717382362495337,0.023903897032141685,0.0
BCS5__Cow_30_30,Cow_30,2,2028,VAQ,3,1,6,1.0,0.54,0.54,0.46,0.027877561378605493,0.01987789385020733,0.54
BCS5__Cow_30_30,Cow_30,2,2028,VAQ,3,3,6,3.0,0.7,0.7,0.3,0.014625191561393233,0.011073419824242592,0.7
BCS5__Cow_30_30,Cow_30,2,2028,VAQ,3,6,6,6.0,1.0,1.0,0.0,3.1189708931197155e-08,0.010647160932421684,1.0
BCS5__Cow_30_30,Cow_30,2,2028,VAQ,3,12,6,5.24,0.94,0.94,0.06,0.00753086975826806,0.009150453843176365,0.94
BCS5__Cow_34,Cow_34,2,2028,VAQ,3,1,9,1.0,1.0,1.0,0.0,0.16345913540268067,0.07852783799171448,0.0
BCS5__Cow_34,Cow_34,2,2028,VAQ,3,3,9,3.0,1.0,1.0,0.0,0.0710294577999826,0.03864006698131561,0.0
BCS5__Cow_34,Cow_34,2,2028,VAQ,3,6,9,6.0,1.0,1.0,0.0,0.03756902060464084,0.0321585051715374,0.0
BCS5__Cow_34,Cow_34,2,2028,VAQ,3,12,9,6.9,1.0,1.0,0.0,0.04198032887855739,0.029660116881132126,0.0
BCS5__Cow_34_1,Cow_34,2,2028,VAQ,3,1,4,1.0,1.0,1.0,0.0,0.12123550708855423,0.0840919017791748,0.0
BCS5__Cow_34_1,Cow_34,2,2028,VAQ,3,3,4,3.0,1.0,1.0,0.0,0.029589927483467903,0.041953496634960175,0.0
BCS5__Cow_34_1,Cow_34,2,2028,VAQ,3,6,4,3.38,1.0,1.0,0.0,0.037932882422749274,0.039302315562963486,0.0
BCS5__Cow_34_1,Cow_34,2,2028,VAQ,3,12,4,3.82,1.0,1.0,0.0,0.028121680405685974,0.04087868705391884,0.0
BCS5__Cow_50,Cow_50,2,2028,VAQ,3,1,39,1.0,1.0,1.0,0.0,0.016644879471901228,0.011200261302292347,0.0
BCS5__Cow_50,Cow_50,2,2028,VAQ,3,3,39,3.0,1.0,1.0,0.0,0.01094585954546625,0.008385497145354748,0.0
BCS5__Cow_50,Cow_50,2,2028,VAQ,3,6,39,6.0,1.0,1.0,0.0,0.008270122953329517,0.006495894864201546,0.0
BCS5__Cow_50,Cow_50,2,2028,VAQ,3,12,39,12.0,1.0,1.0,0.0,0.003515393900239231,0.004578280262649059,0.0
BCS5__Cow_50_49,Cow_50,2,2028,VAQ,3,1,3,1.0,1.0,1.0,0.0,0.03568417243241499,0.01866426318883896,0.0
BCS5__Cow_50_49,Cow_50,2,2028,VAQ,3,3,3,3.0,1.0,1.0,0.0,1.4149371077238126e-08,0.015176222659647465,0.0
BCS5__Cow_50_49,Cow_50,2,2028,VAQ,3,6,3,2.64,1.0,1.0,0.0,0.017970617995574065,0.015176409855484962,0.0
BCS5__Cow_50_49,Cow_50,2,2028,VAQ,3,12,3,3.0,1.0,1.0,0.0,0.009465786736215965,0.016485687345266342,0.0
BCS5__Cow_8_NOTAG,Cow_8,2,2028,VAQ,3,1,4,1.0,1.0,1.0,0.0,0.0280030271444405,0.018375243991613388,0.0
BCS5__Cow_8_NOTAG,Cow_8,2,2028,VAQ,3,3,4,3.0,1.0,1.0,0.0,0.00675735501504087,0.006302156485617161,0.0
BCS5__Cow_8_NOTAG,Cow_8,2,2028,VAQ,3,6,4,3.44,1.0,1.0,0.0,0.010182095813532804,0.007193734869360924,0.0
BCS5__Cow_8_NOTAG,Cow_8,2,2028,VAQ,3,12,4,3.88,1.0,1.0,0.0,0.00768107752217427,0.005155204329639673,0.0
BCS6__Cow_18,Cow_18,2,2028,VAQ,4,1,33,1.0,0.5,0.5,1.0,0.8401836191790563,0.4962339699268341,0.5
BCS6__Cow_18,Cow_18,2,2028,VAQ,4,3,33,3.0,0.92,0.92,0.16,0.45582018418241643,0.08546900749206543,0.92
BCS6__Cow_18,Cow_18,2,2028,VAQ,4,6,33,6.0,1.0,1.0,0.0,0.015698863593394896,0.005766733083873987,1.0
BCS6__Cow_18,Cow_18,2,2028,VAQ,4,12,33,12.0,1.0,1.0,0.0,0.009954444378484095,0.004078177735209465,1.0
BCS6__Cow_18_32,Cow_18,2,2028,VAQ,4,1,46,1.0,0.92,0.92,0.16,0.4230984529212347,0.080892413854599,0.92
BCS6__Cow_18_32,Cow_18,2,2028,VAQ,4,3,46,3.0,1.0,1.0,0.0,0.0027694222931566852,0.0013224451104179025,1.0
BCS6__Cow_18_32,Cow_18,2,2028,VAQ,4,6,46,6.0,1.0,1.0,0.0,0.0021526681355173416,0.0012035012478008866,1.0
BCS6__Cow_18_32,Cow_18,2,2028,VAQ,4,12,46,12.0,1.0,1.0,0.0,0.0014502975158446698,0.0010982516687363386,1.0
BCS6__Cow_24_08,Cow_24,2,2028,VAQ,4,1,22,1.0,1.0,1.0,0.0,0.06943485921889381,0.01747112348675728,1.0
BCS6__Cow_24_08,Cow_24,2,2028,VAQ,4,3,22,3.0,1.0,1.0,0.0,0.038229051951743996,0.009234932251274586,1.0
BCS6__Cow_24_08,Cow_24,2,2028,VAQ,4,6,22,6.0,1.0,1.0,0.0,0.02827142992897845,0.007958515547215939,1.0
BCS6__Cow_24_08,Cow_24,2,2028,VAQ,4,12,22,12.0,1.0,1.0,0.0,0.013944223777621915,0.004136683419346809,1.0
BCS6__Cow_28_3083,Cow_28,2,2028,VAQ,4,1,18,1.0,1.0,1.0,0.0,0.007116246432645508,0.0029988514725118876,1.0
BCS6__Cow_28_3083,Cow_28,2,2028,VAQ,4,3,18,3.0,1.0,1.0,0.0,0.0050199270963660605,0.0020010927692055702,1.0
BCS6__Cow_28_3083,Cow_28,2,2028,VAQ,4,6,18,6.0,1.0,1.0,0.0,0.002491831446614519,0.0009552988922223449,1.0
BCS6__Cow_28_3083,Cow_28,2,2028,VAQ,4,12,18,12.0,1.0,1.0,0.0,0.0016412084411888375,0.0006941959145478904,1.0
BCS6__Cow_3_25,Cow_3,2,2028,VAQ,4,1,22,1.0,1.0,1.0,0.0,0.005075390647890397,0.0016188377048820257,1.0
BCS6__Cow_3_25,Cow_3,2,2028,VAQ,4,3,22,3.0,1.0,1.0,0.0,0.0018872412717975888,0.000725894991774112,1.0
BCS6__Cow_3_25,Cow_3,2,2028,VAQ,4,6,22,6.0,1.0,1.0,0.0,0.0011188952780089904,0.00042135140392929316,1.0
BCS6__Cow_3_25,Cow_3,2,2028,VAQ,4,12,22,12.0,1.0,1.0,0.0,0.0008529322517335842,0.00032228868803940713,1.0
BCS6__Cow_47_68,Cow_47,2,2028,VAQ,4,1,31,1.0,1.0,1.0,0.0,0.0022848335272167633,0.0009390677441842854,1.0
BCS6__Cow_47_68,Cow_47,2,2028,VAQ,4,3,31,3.0,1.0,1.0,0.0,0.0010749364315207801,0.0004259670968167484,1.0
BCS6__Cow_47_68,Cow_47,2,2028,VAQ,4,6,31,6.0,1.0,1.0,0.0,0.0008017487879946837,0.0002890516188926995,1.0
BCS6__Cow_47_68,Cow_47,2,2028,VAQ,4,12,31,12.0,1.0,1.0,0.0,0.00047042672427873093,0.00017756142187863588,1.0
BCS6__Cow_9_1044,Cow_9,2,2028,VAQ,4,1,36,1.0,1.0,1.0,0.0,0.006504272974575593,0.0028296997770667076,1.0
BCS6__Cow_9_1044,Cow_9,2,2028,VAQ,4,3,36,3.0,1.0,1.0,0.0,0.002707741588994728,0.0011982101714238524,1.0
BCS6__Cow_9_1044,Cow_9,2,2028,VAQ,4,6,36,6.0,1.0,1.0,0.0,0.002308902624643271,0.0010978082427754998,1.0
BCS6__Cow_9_1044,Cow_9,2,2028,VAQ,4,12,36,12.0,1.0,1.0,0.0,0.001432438172261091,0.0007031179266050458,1.0
BCS2__Cow_21_8029,Cow_21,0,2026,V,0,1,17,1.0,1.0,1.0,0.0,0.038137170788612305,0.010091395117342472,1.0
BCS2__Cow_21_8029,Cow_21,0,2026,V,0,3,17,3.0,1.0,1.0,0.0,0.02567722744988713,0.006245356984436512,1.0
BCS2__Cow_21_8029,Cow_21,0,2026,V,0,6,17,6.0,1.0,1.0,0.0,0.017653719418073394,0.004401195794343948,1.0
BCS2__Cow_21_8029,Cow_21,0,2026,V,0,12,17,12.0,1.0,1.0,0.0,0.006723190220922998,0.0025836520362645388,1.0
BCS3__Cow_16,Cow_16,0,2026,V,1,1,20,1.0,0.48,0.52,0.52,0.010408130429308974,0.009359059855341911,0.0
BCS3__Cow_16,Cow_16,0,2026,V,1,3,20,3.0,0.66,0.66,0.34,0.005968376285306592,0.004884213674813509,0.0
BCS3__Cow_16,Cow_16,0,2026,V,1,6,20,6.0,0.76,0.76,0.24,0.003911877599215349,0.0034838395658880472,0.0
BCS3__Cow_16,Cow_16,0,2026,V,1,12,20,12.0,0.88,0.88,0.12,0.0021151490875184215,0.0025877817533910275,0.0
BCS3__Cow_16_1004,Cow_16,0,2026,V,1,1,3,1.0,1.0,1.0,0.0,0.05913417781261375,0.03526126593351364,0.0
BCS3__Cow_16_1004,Cow_16,0,2026,V,1,3,3,3.0,1.0,1.0,0.0,1.0508152944603754e-07,0.007427779026329517,0.0
BCS3__Cow_16_1004,Cow_16,0,2026,V,1,6,3,2.7,1.0,1.0,0.0,0.030411200918045445,0.02027670294046402,0.0
BCS3__Cow_16_1004,Cow_16,0,2026,V,1,12,3,2.96,1.0,1.0,0.0,0.01960558506503635,0.014165062457323074,0.0
BCS3__Cow_25_66,Cow_25,0,2026,V,1,1,3,1.0,1.0,1.0,0.0,0.04126374604018704,0.02421293780207634,0.0
BCS3__Cow_25_66,Cow_25,0,2026,V,1,3,3,3.0,1.0,1.0,0.0,3.798588435470134e-08,0.017276279628276825,0.0
BCS3__Cow_25_66,Cow_25,0,2026,V,1,6,3,2.76,1.0,1.0,0.0,0.017352991588337943,0.018769722431898117,0.0
BCS3__Cow_25_66,Cow_25,0,2026,V,1,12,3,2.96,1.0,1.0,0.0,0.011385470437665862,0.01695472188293934,0.0
BCS3__Cow_2_1015,Cow_2,0,2026,V,1,1,4,1.0,0.74,0.74,0.26,0.030730995579845734,0.025237388908863068,0.0
BCS3__Cow_2_1015,Cow_2,0,2026,V,1,3,4,3.0,0.3,0.7,0.7,0.013909966538513806,0.01788398064672947,0.0
BCS3__Cow_2_1015,Cow_2,0,2026,V,1,6,4,3.24,0.5,0.5,0.5,0.012661341043955006,0.019135698676109314,0.0
BCS3__Cow_2_1015,Cow_2,0,2026,V,1,12,4,3.8,0.34,0.66,0.66,0.010260880572491068,0.02133222296833992,0.0
BCS3__Cow_46,Cow_46,0,2026,V,1,1,17,1.0,1.0,1.0,0.0,0.08686967214668566,0.05467653647065163,1.0
BCS3__Cow_46,Cow_46,0,2026,V,1,3,17,3.0,1.0,1.0,0.0,0.0766857620820349,0.0531529076397419,1.0
BCS3__Cow_46,Cow_46,0,2026,V,1,6,17,6.0,1.0,1.0,0.0,0.06265122803837252,0.04273078963160515,1.0
BCS3__Cow_46,Cow_46,0,2026,V,1,12,17,12.0,1.0,1.0,0.0,0.035410773046882706,0.022967860102653503,1.0
BCS3__Cow_46_1,Cow_46,0,2026,V,1,1,9,1.0,1.0,1.0,0.0,0.025915220186315934,0.015841400250792503,1.0
BCS3__Cow_46_1,Cow_46,0,2026,V,1,3,9,3.0,1.0,1.0,0.0,0.014846716568178377,0.00804945733398199,1.0
BCS3__Cow_46_1,Cow_46,0,2026,V,1,6,9,6.0,1.0,1.0,0.0,0.007274093991190008,0.0045355502516031265,1.0
BCS3__Cow_46_1,Cow_46,0,2026,V,1,12,9,7.06,1.0,1.0,0.0,0.007025010827572667,0.004631366580724716,1.0
BCS3__Cow_46_2,Cow_46,0,2026,V,1,1,3,1.0,0.64,0.64,0.36,0.24451832153701542,0.3041321039199829,0.64
BCS3__Cow_46_2,Cow_46,0,2026,V,1,3,3,3.0,1.0,1.0,0.0,5.704380520563202e-08,0.24277491867542267,1.0
BCS3__Cow_46_2,Cow_46,0,2026,V,1,6,3,2.72,0.98,0.98,0.02,0.12615927018354328,0.23503686487674713,0.98
BCS3__Cow_46_2,Cow_46,0,2026,V,1,12,3,2.96,1.0,1.0,0.0,0.10521440599091626,0.23573853075504303,1.0
BCS3__Cow_53,Cow_53,0,2026,V,1,1,3,1.0,1.0,1.0,0.0,0.06756192902307091,0.05380291864275932,1.0
BCS3__Cow_53,Cow_53,0,2026,V,1,3,3,3.0,1.0,1.0,0.0,1.1881983467872135e-07,0.034509673714637756,1.0
BCS3__Cow_53,Cow_53,0,2026,V,1,6,3,2.68,1.0,1.0,0.0,0.025411368350054916,0.03963365778326988,1.0
BCS3__Cow_53,Cow_53,0,2026,V,1,12,3,3.0,1.0,1.0,0.0,0.01640327027603762,0.03197256475687027,1.0
BCS4__Cow_15_68,Cow_15,0,2026,V,2,1,3,1.0,1.0,1.0,0.0,0.056455182109176834,0.03548702225089073,1.0
BCS4__Cow_15_68,Cow_15,0,2026,V,2,3,3,3.0,1.0,1.0,0.0,7.888023155066648e-08,0.008085446432232857,1.0
BCS4__Cow_15_68,Cow_15,0,2026,V,2,6,3,2.78,1.0,1.0,0.0,0.018845988548895493,0.011167827993631363,1.0
BCS4__Cow_15_68,Cow_15,0,2026,V,2,12,3,2.98,1.0,1.0,0.0,0.005950486997018209,0.008665303699672222,1.0
BCS4__Cow_17,Cow_17,0,2026,V,2,1,10,1.0,0.9,0.9,0.1,0.01267830522605099,0.01169993169605732,0.1
BCS4__Cow_17,Cow_17,0,2026,V,2,3,10,3.0,1.0,1.0,0.0,0.0052234123880223774,0.005142697598785162,0.0
BCS4__Cow_17,Cow_17,0,2026,V,2,6,10,6.0,1.0,1.0,0.0,0.0033685389088997193,0.0038437116891145706,0.0
BCS4__Cow_17,Cow_17,0,2026,V,2,12,10,7.04,1.0,1.0,0.0,0.0028173133689433413,0.0038623232394456863,0.0
BCS4__Cow_19,Cow_19,0,2026,V,2,1,57,1.0,0.42,0.58,0.58,0.1307677039779375,0.09366151690483093,0.42
BCS4__Cow_19,Cow_19,0,2026,V,2,3,57,3.0,0.88,0.88,0.12,0.0654523170540115,0.036178506910800934,0.88
BCS4__Cow_19,Cow_19,0,2026,V,2,6,57,6.0,0.9,0.9,0.1,0.05321213154341284,0.04107842966914177,0.9
BCS4__Cow_19,Cow_19,0,2026,V,2,12,57,12.0,0.96,0.96,0.04,0.032460994395920546,0.022303946316242218,0.96
BCS4__Cow_19_0037,Cow_19,0,2026,V,2,1,5,1.0,0.74,0.74,0.26,0.030073952794420034,0.017873072996735573,0.74
BCS4__Cow_19_0037,Cow_19,0,2026,V,2,3,5,3.0,1.0,1.0,0.0,0.010606286467038572,0.008161871694028378,1.0
BCS4__Cow_19_0037,Cow_19,0,2026,V,2,6,5,3.6,1.0,1.0,0.0,0.007389708197963607,0.007071558851748705,1.0
BCS4__Cow_19_0037,Cow_19,0,2026,V,2,12,5,4.6,1.0,1.0,0.0,0.00642656721578041,0.005327711813151836,1.0
BCS4__Cow_2,Cow_2,0,2026,V,2,1,13,1.0,1.0,1.0,0.0,0.02184601875009808,0.01877473294734955,0.0
BCS4__Cow_2,Cow_2,0,2026,V,2,3,13,3.0,1.0,1.0,0.0,0.012429088208930229,0.010707242414355278,0.0
BCS4__Cow_2,Cow_2,0,2026,V,2,6,13,6.0,1.0,1.0,0.0,0.008179743925058484,0.007019838318228722,0.0
BCS4__Cow_2,Cow_2,0,2026,V,2,12,13,12.0,1.0,1.0,0.0,0.001961277736178013,0.002483881777152419,0.0
BCS4__Cow_23,Cow_23,0,2026,V,2,1,18,1.0,1.0,1.0,0.0,0.01681355130692026,0.009339963085949421,1.0
BCS4__Cow_23,Cow_23,0,2026,V,2,3,18,3.0,1.0,1.0,0.0,0.01055412534844293,0.005490341689437628,1.0
BCS4__Cow_23,Cow_23,0,2026,V,2,6,18,6.0,1.0,1.0,0.0,0.006441306591098029,0.0034950862172991037,1.0
BCS4__Cow_23,Cow_23,0,2026,V,2,12,18,12.0,1.0,1.0,0.0,0.00425568447235157,0.0025192038156092167,1.0
BCS4__Cow_31,Cow_31,0,2026,V,2,1,12,1.0,0.92,0.92,0.24,0.5154474023540635,0.16261045634746552,0.0
BCS4__Cow_31,Cow_31,0,2026,V,2,3,12,3.0,1.0,1.0,0.0,0.21625951229747747,0.07515925914049149,0.0
BCS4__Cow_31,Cow_31,0,2026,V,2,6,12,6.0,1.0,1.0,0.0,0.13134547212012093,0.04246074706315994,0.0
BCS4__Cow_31,Cow_31,0,2026,V,2,12,12,12.0,1.0,1.0,0.0,4.4427943886841826e-08,4.4143235733429265e-09,0.0
BCS4__Cow_32_0035,Cow_32,0,2026,V,2,1,8,1.0,1.0,1.0,0.0,0.13629317790186413,0.09341893345117569,0.0
BCS4__Cow_32_0035,Cow_32,0,2026,V,2,3,8,3.0,1.0,1.0,0.0,0.07872563820024468,0.05125974491238594,0.0
BCS4__Cow_32_0035,Cow_32,0,2026,V,2,6,8,6.0,1.0,1.0,0.0,0.03612128194903822,0.02240472473204136,0.0
BCS4__Cow_32_0035,Cow_32,0,2026,V,2,12,8,6.48,1.0,1.0,0.0,0.03988537362895568,0.023972544819116592,0.0
BCS4__Cow_44_1,Cow_44,0,2026,V,2,1,22,1.0,0.98,0.98,0.02,0.018695931853855808,0.011633635498583317,0.02
BCS4__Cow_44_1,Cow_44,0,2026,V,2,3,22,3.0,1.0,1.0,0.0,0.0082690706571319,0.006282595451921225,0.0
BCS4__Cow_44_1,Cow_44,0,2026,V,2,6,22,6.0,1.0,1.0,0.0,0.005250874109586593,0.004643014166504145,0.0
BCS4__Cow_44_1,Cow_44,0,2026,V,2,12,22,12.0,1.0,1.0,0.0,0.003053915355525508,0.003153634024783969,0.0
BCS4__Cow_51,Cow_51,0,2026,V,2,1,4,1.0,1.0,1.0,0.0,0.030742143325406972,0.024464664980769157,1.0
BCS4__Cow_51,Cow_51,0,2026,V,2,3,4,3.0,1.0,1.0,0.0,0.0086416070265562,0.019811715930700302,1.0
BCS4__Cow_51,Cow_51,0,2026,V,2,6,4,3.1,1.0,1.0,0.0,0.013790690129019028,0.01984737254679203,1.0
BCS4__Cow_51,Cow_51,0,2026,V,2,12,4,3.84,1.0,1.0,0.0,0.008138433121161045,0.019587142392992973,1.0
BCS4__Cow_51_0035,Cow_51,0,2026,V,2,1,4,1.0,1.0,1.0,0.0,0.03579264917102271,0.022405361756682396,1.0
BCS4__Cow_51_0035,Cow_51,0,2026,V,2,3,4,3.0,1.0,1.0,0.0,0.011595494248725859,0.013377849943935871,1.0
BCS4__Cow_51_0035,Cow_51,0,2026,V,2,6,4,3.4,1.0,1.0,0.0,0.013487674894250633,0.015379497781395912,1.0
BCS4__Cow_51_0035,Cow_51,0,2026,V,2,12,4,3.92,1.0,1.0,0.0,0.010842007974572299,0.014419895596802235,1.0
BCS4__Cow_7,Cow_7,0,2026,V,2,1,15,1.0,1.0,1.0,0.0,0.02544683913070448,0.014083641581237316,0.0
BCS4__Cow_7,Cow_7,0,2026,V,2,3,15,3.0,1.0,1.0,0.0,0.009779400153468443,0.005905987694859505,0.0
BCS4__Cow_7,Cow_7,0,2026,V,2,6,15,6.0,1.0,1.0,0.0,0.005066120253217187,0.003239563200622797,0.0
BCS4__Cow_7,Cow_7,0,2026,V,2,12,15,12.0,1.0,1.0,0.0,0.0022236984529880664,0.0013947314582765102,0.0
BCS5__Cow_15,Cow_15,0,2026,V,3,1,25,1.0,1.0,1.0,0.0,0.07057665705035568,0.031199993565678596,0.0
BCS5__Cow_15,Cow_15,0,2026,V,3,3,25,3.0,1.0,1.0,0.0,0.013728789489586436,0.006703970488160849,0.0
BCS5__Cow_15,Cow_15,0,2026,V,3,6,25,6.0,1.0,1.0,0.0,0.009313331562766114,0.004734736401587725,0.0
BCS5__Cow_15,Cow_15,0,2026,V,3,12,25,12.0,1.0,1.0,0.0,0.005046014192600011,0.0029493304900825024,0.0
BCS5__Cow_17_17,Cow_17,0,2026,V,3,1,6,1.0,1.0,1.0,0.0,0.023654057303612114,0.0206419937312603,1.0
BCS5__Cow_17_17,Cow_17,0,2026,V,3,3,6,3.0,1.0,1.0,0.0,0.011172594359914629,0.009072866290807724,1.0
BCS5__Cow_17_17,Cow_17,0,2026,V,3,6,6,6.0,1.0,1.0,0.0,2.2778785944703664e-07,0.002034353092312813,1.0
BCS5__Cow_17_17,Cow_17,0,2026,V,3,12,6,5.26,1.0,1.0,0.0,0.006139532062219357,0.004834405612200499,1.0
BCS5__Cow_21,Cow_21,0,2026,V,3,1,18,1.0,1.0,1.0,0.0,0.02632455768011803,0.010585423558950424,0.0
BCS5__Cow_21,Cow_21,0,2026,V,3,3,18,3.0,1.0,1.0,0.0,0.005979256258935594,0.004368647933006287,0.0
BCS5__Cow_21,Cow_21,0,2026,V,3,6,18,6.0,1.0,1.0,0.0,0.0036173990504264407,0.002511786762624979,0.0
BCS5__Cow_21,Cow_21,0,2026,V,3,12,18,12.0,1.0,1.0,0.0,0.0016507706126229684,0.0015180279733613133,0.0
BCS5__Cow_23_1067,Cow_23,0,2026,V,3,1,5,1.0,1.0,1.0,0.0,0.025788190791686146,0.025737669318914413,1.0
BCS5__Cow_23_1067,Cow_23,0,2026,V,3,3,5,3.0,1.0,1.0,0.0,0.010655543643723552,0.012885882519185543,1.0
BCS5__Cow_23_1067,Cow_23,0,2026,V,3,6,5,3.74,1.0,1.0,0.0,0.00925373537781675,0.014302977360785007,1.0
BCS5__Cow_23_1067,Cow_23,0,2026,V,3,12,5,4.72,1.0,1.0,0.0,0.007042727556303349,0.011812225915491581,1.0
BCS5__Cow_25,Cow_25,0,2026,V,3,1,29,1.0,1.0,1.0,0.0,0.09149650210622304,0.053599629551172256,0.0
BCS5__Cow_25,Cow_25,0,2026,V,3,3,29,3.0,1.0,1.0,0.0,0.03905777220332056,0.021146848797798157,0.0
BCS5__Cow_25,Cow_25,0,2026,V,3,6,29,6.0,1.0,1.0,0.0,0.022153017789989248,0.011085784062743187,0.0
BCS5__Cow_25,Cow_25,0,2026,V,3,12,29,12.0,1.0,1.0,0.0,0.013872460580421886,0.0072703552432358265,0.0
BCS5__Cow_31_15,Cow_31,0,2026,V,3,1,3,1.0,1.0,1.0,0.0,0.010221101438844978,0.00838639959692955,1.0
BCS5__Cow_31_15,Cow_31,0,2026,V,3,3,3,3.0,1.0,1.0,0.0,2.2497750893871037e-07,0.00046200500219129026,1.0
BCS5__Cow_31_15,Cow_31,0,2026,V,3,6,3,2.8,1.0,1.0,0.0,0.004216872756073829,0.003367525525391102,1.0
BCS5__Cow_31_15,Cow_31,0,2026,V,3,12,3,2.94,1.0,1.0,0.0,0.0031753716392666836,0.0024120956659317017,1.0
BCS5__Cow_31_2024,Cow_31,0,2026,V,3,1,5,1.0,0.6,0.6,0.4,0.04978209331517199,0.03458293154835701,0.4
BCS5__Cow_31_2024,Cow_31,0,2026,V,3,3,5,3.0,0.68,0.68,0.32,0.021791310903743314,0.026565466076135635,0.32
BCS5__Cow_31_2024,Cow_31,0,2026,V,3,6,5,3.62,0.64,0.64,0.36,0.016935132900359237,0.0252928975969553,0.36
BCS5__Cow_31_2024,Cow_31,0,2026,V,3,12,5,4.72,0.58,0.58,0.42,0.01240879327288068,0.025499491021037102,0.42
BCS5__Cow_32,Cow_32,0,2026,V,3,1,5,1.0,1.0,1.0,0.0,0.07716852185313407,0.03261961787939072,1.0
BCS5__Cow_32,Cow_32,0,2026,V,3,3,5,3.0,1.0,1.0,0.0,0.031948487508454915,0.0166691392660141,1.0
BCS5__Cow_32,Cow_32,0,2026,V,3,6,5,3.66,1.0,1.0,0.0,0.02339052804983182,0.01322336308658123,1.0
BCS5__Cow_32,Cow_32,0,2026,V,3,12,5,4.72,1.0,1.0,0.0,0.01572868381383983,0.015095625072717667,1.0
BCS5__Cow_44_3008,Cow_44,0,2026,V,3,1,3,1.0,0.62,0.62,0.38,0.07567430357694906,0.06904112547636032,0.62
BCS5__Cow_44_3008,Cow_44,0,2026,V,3,3,3,3.0,1.0,1.0,0.0,2.1151726229508613e-07,0.026853758841753006,1.0
BCS5__Cow_44_3008,Cow_44,0,2026,V,3,6,3,2.78,1.0,1.0,0.0,0.021070602099554615,0.029453396797180176,1.0
BCS5__Cow_44_3008,Cow_44,0,2026,V,3,12,3,2.96,1.0,1.0,0.0,0.01441746557552822,0.026965517550706863,1.0
BCS5__Cow_45,Cow_45,0,2026,V,3,1,24,1.0,1.0,1.0,0.0,0.013819800372958923,0.010261326096951962,1.0
BCS5__Cow_45,Cow_45,0,2026,V,3,3,24,3.0,1.0,1.0,0.0,0.00576186544484001,0.004413955379277468,1.0
BCS5__Cow_45,Cow_45,0,2026,V,3,6,24,6.0,1.0,1.0,0.0,0.004959536800393569,0.0038561236578971148,1.0
BCS5__Cow_45,Cow_45,0,2026,V,3,12,24,12.0,1.0,1.0,0.0,0.0027098242182269135,0.001985317561775446,1.0
BCS5__Cow_53_30,Cow_53,0,2026,V,3,1,4,1.0,1.0,1.0,0.0,0.0234232363830378,0.02286728098988533,1.0
BCS5__Cow_53_30,Cow_53,0,2026,V,3,3,4,3.0,1.0,1.0,0.0,0.008940985704643285,0.009241534397006035,1.0
BCS5__Cow_53_30,Cow_53,0,2026,V,3,6,4,3.2,1.0,1.0,0.0,0.01005289653539731,0.009554307907819748,1.0
BCS5__Cow_53_30,Cow_53,0,2026,V,3,12,4,3.86,1.0,1.0,0.0,0.006725234063226722,0.008351420983672142,1.0
BCS5__Cow_7_6022,Cow_7,0,2026,V,3,1,3,1.0,1.0,1.0,0.0,0.020963040267899954,0.017428653314709663,0.0
BCS5__Cow_7_6022,Cow_7,0,2026,V,3,3,3,3.0,1.0,1.0,0.0,8.021785107042005e-09,0.010580823756754398,0.0
BCS5__Cow_7_6022,Cow_7,0,2026,V,3,6,3,2.68,1.0,1.0,0.0,0.007453529860787385,0.011983240023255348,0.0
BCS5__Cow_7_6022,Cow_7,0,2026,V,3,12,3,2.96,1.0,1.0,0.0,0.006485092693119028,0.011563912965357304,0.0
BCS6__Cow_16_06,Cow_16,0,2026,V,4,1,62,1.0,1.0,1.0,0.0,0.0055987678770678066,0.003311369102448225,1.0
BCS6__Cow_16_06,Cow_16,0,2026,V,4,3,62,3.0,1.0,1.0,0.0,0.0026499919126332983,0.0016717049293220043,1.0
BCS6__Cow_16_06,Cow_16,0,2026,V,4,6,62,6.0,1.0,1.0,0.0,0.0021436108586574743,0.0015679524512961507,1.0
BCS6__Cow_16_06,Cow_16,0,2026,V,4,12,62,12.0,1.0,1.0,0.0,0.0011291858546942934,0.0008871084428392351,1.0
BCS6__Cow_19_29,Cow_19,0,2026,V,4,1,52,1.0,1.0,1.0,0.0,0.07466322198593787,0.05418070778250694,1.0
BCS6__Cow_19_29,Cow_19,0,2026,V,4,3,52,3.0,1.0,1.0,0.0,0.04355625233443992,0.027936119586229324,1.0
BCS6__Cow_19_29,Cow_19,0,2026,V,4,6,52,6.0,1.0,1.0,0.0,0.02675368709448489,0.018751030787825584,1.0
BCS6__Cow_19_29,Cow_19,0,2026,V,4,12,52,12.0,1.0,1.0,0.0,0.016810171188105037,0.011424007825553417,1.0
BCS6__Cow_2_6006,Cow_2,0,2026,V,4,1,31,1.0,1.0,1.0,0.0,0.0018261580689320706,0.0011679677991196513,1.0
BCS6__Cow_2_6006,Cow_2,0,2026,V,4,3,31,3.0,1.0,1.0,0.0,0.0009263480343714237,0.0005970391794107854,1.0
BCS6__Cow_2_6006,Cow_2,0,2026,V,4,6,31,6.0,1.0,1.0,0.0,0.0007042462220362587,0.000434078712714836,1.0
BCS6__Cow_2_6006,Cow_2,0,2026,V,4,12,31,12.0,1.0,1.0,0.0,0.000443163945731259,0.00026536142104305327,1.0
BCS6__Cow_32_34,Cow_32,0,2026,V,4,1,7,1.0,1.0,1.0,0.0,0.007882729771819353,0.005337727256119251,1.0
BCS6__Cow_32_34,Cow_32,0,2026,V,4,3,7,3.0,1.0,1.0,0.0,0.0041746819732714595,0.0028302534483373165,1.0
BCS6__Cow_32_34,Cow_32,0,2026,V,4,6,7,6.0,1.0,1.0,0.0,0.0014684865925199088,0.0012157653691247106,1.0
BCS6__Cow_32_34,Cow_32,0,2026,V,4,12,7,5.84,1.0,1.0,0.0,0.0022423516546061753,0.0017993918154388666,1.0
BCS6__Cow_36,Cow_36,0,2026,V,4,1,37,1.0,0.72,0.72,0.28,0.5758257319766052,0.28989604115486145,0.72
BCS6__Cow_36,Cow_36,0,2026,V,4,3,37,3.0,0.96,0.96,0.04,0.2560430744249225,0.07148244976997375,0.96
BCS6__Cow_36,Cow_36,0,2026,V,4,6,37,6.0,1.0,1.0,0.0,0.05722426774445294,0.023162391036748886,1.0
BCS6__Cow_36,Cow_36,0,2026,V,4,12,37,12.0,1.0,1.0,0.0,0.03295028005573821,0.020322492346167564,1.0
BCS6__Cow_36_1,Cow_36,0,2026,V,4,1,46,1.0,0.68,0.68,0.64,0.38126856069138476,0.24021776020526886,0.68
BCS6__Cow_36_1,Cow_36,0,2026,V,4,3,46,3.0,0.98,0.98,0.04,0.13875510537580715,0.04967265948653221,0.98
BCS6__Cow_36_1,Cow_36,0,2026,V,4,6,46,6.0,1.0,1.0,0.0,0.05949819719117456,0.02756572887301445,1.0
BCS6__Cow_36_1,Cow_36,0,2026,V,4,12,46,12.0,1.0,1.0,0.0,0.03698438919313491,0.022213732823729515,1.0
BCS6__Cow_45_9025,Cow_45,0,2026,V,4,1,31,1.0,1.0,1.0,0.0,0.01237209583062905,0.007446875795722008,1.0
BCS6__Cow_45_9025,Cow_45,0,2026,V,4,3,31,3.0,1.0,1.0,0.0,0.007236570116832614,0.0046530114486813545,1.0
BCS6__Cow_45_9025,Cow_45,0,2026,V,4,6,31,6.0,1.0,1.0,0.0,0.005157848548903603,0.003359429305419326,1.0
BCS6__Cow_45_9025,Cow_45,0,2026,V,4,12,31,12.0,1.0,1.0,0.0,0.0024717669586876347,0.0015904412139207125,1.0
BCS6__Cow_52_29,Cow_52,0,2026,V,4,1,55,1.0,1.0,1.0,0.0,0.007846603245805927,0.004461912903934717,1.0
BCS6__Cow_52_29,Cow_52,0,2026,V,4,3,55,3.0,1.0,1.0,0.0,0.0032083272823058276,0.002229756908491254,1.0
BCS6__Cow_52_29,Cow_52,0,2026,V,4,6,55,6.0,1.0,1.0,0.0,0.002747812903018968,0.0017447206191718578,1.0
BCS6__Cow_52_29,Cow_52,0,2026,V,4,12,55,12.0,1.0,1.0,0.0,0.0014147239620059314,0.0010714016389101744,1.0
BCS6__Cow_7_9008,Cow_7,0,2026,V,4,1,19,1.0,1.0,1.0,0.0,0.061822571309158726,0.05062954127788544,1.0
BCS6__Cow_7_9008,Cow_7,0,2026,V,4,3,19,3.0,1.0,1.0,0.0,0.031579870189311535,0.020373012870550156,1.0
BCS6__Cow_7_9008,Cow_7,0,2026,V,4,6,19,6.0,1.0,1.0,0.0,0.021649817085578164,0.014937012456357479,1.0
BCS6__Cow_7_9008,Cow_7,0,2026,V,4,12,19,12.0,1.0,1.0,0.0,0.012684901009058832,0.008786392398178577,1.0
BCS2__Cow_11,Cow_11,1,2026,V,0,1,76,1.0,0.9,0.9,0.1,0.10297584062760826,0.021804291754961014,0.1
BCS2__Cow_11,Cow_11,1,2026,V,0,3,76,3.0,0.96,0.96,0.04,0.04531734362669417,0.013564778491854668,0.04
BCS2__Cow_11,Cow_11,1,2026,V,0,6,76,6.0,1.0,1.0,0.0,0.03140573755378316,0.009878380224108696,0.0
BCS2__Cow_11,Cow_11,1,2026,V,0,12,76,12.0,1.0,1.0,0.0,0.025919031462902305,0.008396053686738014,0.0
BCS2__Cow_11_1,Cow_11,1,2026,V,0,1,6,1.0,0.82,0.82,0.18,0.1742402182482415,0.044325508177280426,0.82
BCS2__Cow_11_1,Cow_11,1,2026,V,0,3,6,3.0,1.0,1.0,0.0,0.07063751921560402,0.02211896888911724,1.0
BCS2__Cow_11_1,Cow_11,1,2026,V,0,6,6,6.0,1.0,1.0,0.0,7.881849334735744e-08,0.009221190586686134,1.0
BCS2__Cow_11_1,Cow_11,1,2026,V,0,12,6,5.38,1.0,1.0,0.0,0.05021614378054597,0.014989196322858334,1.0
BCS2__Cow_11_2,Cow_11,1,2026,V,0,1,40,1.0,1.0,1.0,0.0,0.3775100844719806,0.14903973042964935,1.0
BCS2__Cow_11_2,Cow_11,1,2026,V,0,3,40,3.0,1.0,1.0,0.0,0.19588179426587027,0.06906741857528687,1.0
BCS2__Cow_11_2,Cow_11,1,2026,V,0,6,40,6.0,1.0,1.0,0.0,0.17030853955856953,0.06192852929234505,1.0
BCS2__Cow_11_2,Cow_11,1,2026,V,0,12,40,12.0,1.0,1.0,0.0,0.09991879366733765,0.03955801948904991,1.0
BCS3__Cow_14,Cow_14,1,2026,V,1,1,4,1.0,0.86,0.86,0.14,0.012034257878745009,0.005779523868113756,0.14
BCS3__Cow_14,Cow_14,1,2026,V,1,3,4,3.0,1.0,1.0,0.0,0.004041029995934488,0.004320317413657904,0.0
BCS3__Cow_14,Cow_14,1,2026,V,1,6,4,3.14,1.0,1.0,0.0,0.005765890645049784,0.004713037982583046,0.0
BCS3__Cow_14,Cow_14,1,2026,V,1,12,4,3.88,1.0,1.0,0.0,0.004305750818961371,0.004882932174950838,0.0
BCS3__Cow_14_0011,Cow_14,1,2026,V,1,1,4,1.0,1.0,1.0,0.0,0.26149815888161887,0.11951538175344467,0.0
BCS3__Cow_14_0011,Cow_14,1,2026,V,1,3,4,3.0,1.0,1.0,0.0,0.08780170759138813,0.05958427116274834,0.0
BCS3__Cow_14_0011,Cow_14,1,2026,V,1,6,4,3.48,1.0,1.0,0.0,0.09995166390837798,0.05756739526987076,0.0
BCS3__Cow_14_0011,Cow_14,1,2026,V,1,12,4,3.9,1.0,1.0,0.0,0.09564362935309283,0.0494803860783577,0.0
BCS3__Cow_6_103,Cow_6,1,2026,V,1,1,4,1.0,1.0,1.0,0.0,0.14346240960468304,0.0589267872273922,0.0
BCS3__Cow_6_103,Cow_6,1,2026,V,1,3,4,3.0,1.0,1.0,0.0,0.045366880869642294,0.048630498349666595,0.0
BCS3__Cow_6_103,Cow_6,1,2026,V,1,6,4,3.36,1.0,1.0,0.0,0.04717866712217854,0.04712436720728874,0.0
BCS3__Cow_6_103,Cow_6,1,2026,V,1,12,4,3.94,1.0,1.0,0.0,0.048886705546359696,0.045917291194200516,0.0
BCS4__Cow_1,Cow_1,1,2026,V,2,1,9,1.0,1.0,1.0,0.0,0.004175147860984576,0.0019185550045222044,1.0
BCS4__Cow_1,Cow_1,1,2026,V,2,3,9,3.0,1.0,1.0,0.0,0.0018621283778977589,0.000995470443740487,1.0
BCS4__Cow_1,Cow_1,1,2026,V,2,6,9,6.0,1.0,1.0,0.0,0.0010094996924974128,0.0005924241268076003,1.0
BCS4__Cow_1,Cow_1,1,2026,V,2,12,9,6.56,1.0,1.0,0.0,0.0011569778684055218,0.0006803044816479087,1.0
BCS4__Cow_26,Cow_26,1,2026,V,2,1,7,1.0,1.0,1.0,0.0,0.006762082397637311,0.002479668939486146,1.0
BCS4__Cow_26,Cow_26,1,2026,V,2,3,7,3.0,1.0,1.0,0.0,0.003069046251703986,0.0015249791322275996,1.0
BCS4__Cow_26,Cow_26,1,2026,V,2,6,7,6.0,1.0,1.0,0.0,0.0010253991856690125,0.0007516233599744737,1.0
BCS4__Cow_26,Cow_26,1,2026,V,2,12,7,5.86,1.0,1.0,0.0,0.002127696082338587,0.0009833009680733085,1.0
BCS4__Cow_26_5051,Cow_26,1,2026,V,2,1,5,1.0,1.0,1.0,0.0,0.30136483789182056,0.16169774532318115,0.0
BCS4__Cow_26_5051,Cow_26,1,2026,V,2,3,5,3.0,1.0,1.0,0.0,0.12723308950985335,0.13823609054088593,0.0
BCS4__Cow_26_5051,Cow_26,1,2026,V,2,6,5,3.74,1.0,1.0,0.0,0.12615006297669015,0.13851235806941986,0.0
BCS4__Cow_26_5051,Cow_26,1,2026,V,2,12,5,4.56,1.0,1.0,0.0,0.08622252930145125,0.14112354815006256,0.0
BCS4__Cow_27_9008,Cow_27,1,2026,V,2,1,4,1.0,1.0,1.0,0.0,0.2398897866023372,0.09479185938835144,0.0
BCS4__Cow_27_9008,Cow_27,1,2026,V,2,3,4,3.0,1.0,1.0,0.0,0.08217367304509368,0.03151194751262665,0.0
BCS4__Cow_27_9008,Cow_27,1,2026,V,2,6,4,3.3,1.0,1.0,0.0,0.0871372664860482,0.03406987711787224,0.0
BCS4__Cow_27_9008,Cow_27,1,2026,V,2,12,4,3.86,1.0,1.0,0.0,0.061295313062071095,0.024290746077895164,0.0
BCS4__Cow_29_7007,Cow_29,1,2026,V,2,1,4,1.0,1.0,1.0,0.0,0.11716577131401769,0.07071781903505325,0.0
BCS4__Cow_29_7007,Cow_29,1,2026,V,2,3,4,3.0,1.0,1.0,0.0,0.0316486896571094,0.0644119456410408,0.0
BCS4__Cow_29_7007,Cow_29,1,2026,V,2,6,4,3.26,1.0,1.0,0.0,0.0439737539109711,0.06840132921934128,0.0
BCS4__Cow_29_7007,Cow_29,1,2026,V,2,12,4,3.88,1.0,1.0,0.0,0.02792314321959175,0.0662054717540741,0.0
BCS4__Cow_33,Cow_33,1,2026,V,2,1,21,1.0,1.0,1.0,0.0,0.0051849553050327514,0.002172335283830762,1.0
BCS4__Cow_33,Cow_33,1,2026,V,2,3,21,3.0,1.0,1.0,0.0,0.0036899208018501338,0.001512015936896205,1.0
BCS4__Cow_33,Cow_33,1,2026,V,2,6,21,6.0,1.0,1.0,0.0,0.0025772186857439348,0.0011422618990764022,1.0
BCS4__Cow_33,Cow_33,1,2026,V,2,12,21,12.0,1.0,1.0,0.0,0.0013955527433098828,0.0007790816016495228,1.0
BCS4__Cow_4,Cow_4,1,2026,V,2,1,4,1.0,1.0,1.0,0.0,0.005655410559706252,0.0030072052031755447,1.0
BCS4__Cow_4,Cow_4,1,2026,V,2,3,4,3.0,1.0,1.0,0.0,0.0018041963258099715,0.0011481172405183315,1.0
BCS4__Cow_4,Cow_4,1,2026,V,2,6,4,3.4,1.0,1.0,0.0,0.0023288186939953762,0.0012032105587422848,1.0
BCS4__Cow_4,Cow_4,1,2026,V,2,12,4,3.88,1.0,1.0,0.0,0.0017550790546410487,0.0009534890996292233,1.0
BCS4__Cow_41,Cow_41,1,2026,V,2,1,3,1.0,1.0,1.0,0.0,0.00017253464777710185,0.0008038707310333848,1.0
BCS4__Cow_41,Cow_41,1,2026,V,2,3,3,3.0,1.0,1.0,0.0,3.748512387795983e-08,0.0007590726017951965,1.0
BCS4__Cow_41,Cow_41,1,2026,V,2,6,3,2.68,1.0,1.0,0.0,5.333107230302977e-05,0.0006939451559446752,1.0
BCS4__Cow_41,Cow_41,1,2026,V,2,12,3,2.96,1.0,1.0,0.0,4.485072792176375e-05,0.0007624115096405149,1.0
BCS4__Cow_48,Cow_48,1,2026,V,2,1,3,1.0,1.0,1.0,0.0,0.07632190722546,0.021761944517493248,0.0
BCS4__Cow_48,Cow_48,1,2026,V,2,3,3,3.0,1.0,1.0,0.0,4.1387383629644726e-08,0.011093919165432453,0.0
BCS4__Cow_48,Cow_48,1,2026,V,2,6,3,2.74,1.0,1.0,0.0,0.028890426976008278,0.014984065666794777,0.0
BCS4__Cow_48,Cow_48,1,2026,V,2,12,3,3.0,1.0,1.0,0.0,0.02305469417366694,0.011697579175233841,0.0
BCS4__Cow_4_1,Cow_4,1,2026,V,2,1,39,1.0,0.84,0.84,0.16,0.018831377784327148,0.006377887912094593,0.16
BCS4__Cow_4_1,Cow_4,1,2026,V,2,3,39,3.0,0.94,0.94,0.06,0.010262459745945071,0.0031485778745263815,0.06
BCS4__Cow_4_1,Cow_4,1,2026,V,2,6,39,6.0,0.98,0.98,0.02,0.007946858192006506,0.002529405290260911,0.02
BCS4__Cow_4_1,Cow_4,1,2026,V,2,12,39,12.0,1.0,1.0,0.0,0.004680276743496633,0.0015875338576734066,0.0
BCS4__Cow_6,Cow_6,1,2026,V,2,1,7,1.0,0.84,0.84,0.16,0.03233993717134155,0.010382572188973427,0.16
BCS4__Cow_6,Cow_6,1,2026,V,2,3,7,3.0,1.0,1.0,0.0,0.014230347687072814,0.005325145088136196,0.0
BCS4__Cow_6,Cow_6,1,2026,V,2,6,7,6.0,1.0,1.0,0.0,0.004905315181576678,0.004932282492518425,0.0
BCS4__Cow_6,Cow_6,1,2026,V,2,12,7,5.88,1.0,1.0,0.0,0.008875385423093454,0.004511883482336998,0.0
BCS5__Cow_12_NOTAG,Cow_12,1,2026,V,3,1,3,1.0,1.0,1.0,0.0,0.025817066239622814,0.011572823859751225,0.0
BCS5__Cow_12_NOTAG,Cow_12,1,2026,V,3,3,3,3.0,1.0,1.0,0.0,0.0,0.00932658463716507,0.0
BCS5__Cow_12_NOTAG,Cow_12,1,2026,V,3,6,3,2.82,1.0,1.0,0.0,0.0094345653546308,0.00939239002764225,0.0
BCS5__Cow_12_NOTAG,Cow_12,1,2026,V,3,12,3,2.96,1.0,1.0,0.0,0.007924953332906581,0.00921907089650631,0.0
BCS5__Cow_13,Cow_13,1,2026,V,3,1,20,1.0,0.82,0.82,0.18,0.014868675465675803,0.004553521052002907,0.0
BCS5__Cow_13,Cow_13,1,2026,V,3,3,20,3.0,0.9,0.9,0.1,0.010045489636812182,0.002896564081311226,0.0
BCS5__Cow_13,Cow_13,1,2026,V,3,6,20,6.0,1.0,1.0,0.0,0.006559030034850532,0.0021177756134420633,0.0
BCS5__Cow_13,Cow_13,1,2026,V,3,12,20,12.0,1.0,1.0,0.0,0.0036052262882409025,0.0014311939012259245,0.0
BCS5__Cow_13_8001,Cow_13,1,2026,V,3,1,3,1.0,0.32,0.68,0.68,0.3455647120465387,0.15946656465530396,0.0
BCS5__Cow_13_8001,Cow_13,1,2026,V,3,3,3,3.0,1.0,1.0,0.0,0.0,0.13835789263248444,0.0
BCS5__Cow_13_8001,Cow_13,1,2026,V,3,6,3,2.78,0.88,0.88,0.12,0.15015660247066354,0.11740963160991669,0.0
BCS5__Cow_13_8001,Cow_13,1,2026,V,3,12,3,2.98,0.9,0.9,0.1,0.11356851055221626,0.13616132736206055,0.0
BCS5__Cow_1_27,Cow_1,1,2026,V,3,1,3,1.0,1.0,1.0,0.0,0.0254459263275542,0.00962377991527319,0.0
BCS5__Cow_1_27,Cow_1,1,2026,V,3,3,3,3.0,1.0,1.0,0.0,1.9861221806037826e-07,0.007423678413033485,0.0
BCS5__Cow_1_27,Cow_1,1,2026,V,3,6,3,2.78,1.0,1.0,0.0,0.01055776115425864,0.007352309767156839,0.0
BCS5__Cow_1_27,Cow_1,1,2026,V,3,12,3,2.96,1.0,1.0,0.0,0.00766279127591327,0.007049429230391979,0.0
BCS5__Cow_27,Cow_27,1,2026,V,3,1,21,1.0,0.78,0.78,0.22,0.03695736574719869,0.009569298475980759,0.0
BCS5__Cow_27,Cow_27,1,2026,V,3,3,21,3.0,0.72,0.72,0.28,0.01542184368039393,0.004871762823313475,0.0
BCS5__Cow_27,Cow_27,1,2026,V,3,6,21,6.0,0.86,0.86,0.14,0.010261341114218215,0.0032760114409029484,0.0
BCS5__Cow_27,Cow_27,1,2026,V,3,12,21,12.0,0.96,0.96,0.04,0.005653399343553818,0.0018546400824561715,0.0
BCS5__Cow_29,Cow_29,1,2026,V,3,1,25,1.0,1.0,1.0,0.0,0.011550688717681537,0.004538801033049822,0.0
BCS5__Cow_29,Cow_29,1,2026,V,3,3,25,3.0,1.0,1.0,0.0,0.006211629721909705,0.002494096988812089,0.0
BCS5__Cow_29,Cow_29,1,2026,V,3,6,25,6.0,1.0,1.0,0.0,0.004516724084395053,0.002051939954981208,0.0
BCS5__Cow_29,Cow_29,1,2026,V,3,12,25,12.0,1.0,1.0,0.0,0.0019980284294682754,0.001188692869618535,0.0
BCS5__Cow_37,Cow_37,1,2026,V,3,1,26,1.0,1.0,1.0,0.0,0.011629209436362616,0.0037952163256704807,0.0
BCS5__Cow_37,Cow_37,1,2026,V,3,3,26,3.0,1.0,1.0,0.0,0.008432513423552024,0.002961786463856697,0.0
BCS5__Cow_37,Cow_37,1,2026,V,3,6,26,6.0,1.0,1.0,0.0,0.00486110379209013,0.0018516193376854062,0.0
BCS5__Cow_37,Cow_37,1,2026,V,3,12,26,12.0,1.0,1.0,0.0,0.002776836916444868,0.0012017055414617062,0.0
BCS5__Cow_37_and_38,Cow_37,1,2026,V,3,1,3,1.0,1.0,1.0,0.0,0.017288770745195803,0.007643519435077906,0.0
BCS5__Cow_37_and_38,Cow_37,1,2026,V,3,3,3,3.0,1.0,1.0,0.0,7.71437485075414e-08,0.006150009110569954,0.0
BCS5__Cow_37_and_38,Cow_37,1,2026,V,3,6,3,2.7,1.0,1.0,0.0,0.008219222413622473,0.007253572810441256,0.0
BCS5__Cow_37_and_38,Cow_37,1,2026,V,3,12,3,2.96,1.0,1.0,0.0,0.005408813636084576,0.0063324617221951485,0.0
BCS5__Cow_43,Cow_43,1,2026,V,3,1,37,1.0,0.96,0.96,0.04,0.014084006454450172,0.003843332640826702,0.0
BCS5__Cow_43,Cow_43,1,2026,V,3,3,37,3.0,1.0,1.0,0.0,0.007098920262821907,0.0023448311258107424,0.0
BCS5__Cow_43,Cow_43,1,2026,V,3,6,37,6.0,1.0,1.0,0.0,0.0037401961494886687,0.001934307161718607,0.0
BCS5__Cow_43,Cow_43,1,2026,V,3,12,37,12.0,1.0,1.0,0.0,0.0029825773321222595,0.0012338889064267278,0.0
BCS5__Cow_48_1018,Cow_48,1,2026,V,3,1,3,1.0,1.0,1.0,0.0,0.01231263521914669,0.0058122738264501095,0.0
BCS5__Cow_48_1018,Cow_48,1,2026,V,3,3,3,3.0,1.0,1.0,0.0,8.855598395194509e-08,0.004274203907698393,0.0
BCS5__Cow_48_1018,Cow_48,1,2026,V,3,6,3,2.82,1.0,1.0,0.0,0.004449370494877744,0.0046413554809987545,0.0
BCS5__Cow_48_1018,Cow_48,1,2026,V,3,12,3,2.98,1.0,1.0,0.0,0.003948214895623506,0.004299587104469538,0.0
BCS5__Cow_54,Cow_54,1,2026,V,3,1,6,1.0,0.3,0.7,0.7,0.03914915630459682,0.015712635591626167,0.0
BCS5__Cow_54,Cow_54,1,2026,V,3,3,6,3.0,0.0,1.0,1.0,0.01520952913512964,0.011351273395121098,0.0
BCS5__Cow_54,Cow_54,1,2026,V,3,6,6,6.0,0.0,1.0,1.0,4.4450359526429246e-08,0.01229680422693491,0.0
BCS5__Cow_54,Cow_54,1,2026,V,3,12,6,5.4,0.0,1.0,1.0,0.009952343740297803,0.012690258212387562,0.0
BCS5__Cow_6_5051,Cow_6,1,2026,V,3,1,3,1.0,1.0,1.0,0.0,0.009151421125468174,0.004519397392868996,0.0
BCS5__Cow_6_5051,Cow_6,1,2026,V,3,3,3,3.0,1.0,1.0,0.0,1.996317549471967e-07,0.0034038517624139786,0.0
BCS5__Cow_6_5051,Cow_6,1,2026,V,3,6,3,2.74,1.0,1.0,0.0,0.004228851792501868,0.0036140275187790394,0.0
BCS5__Cow_6_5051,Cow_6,1,2026,V,3,12,3,2.96,1.0,1.0,0.0,0.0033307933638163016,0.0034518647007644176,0.0
BCS6__Cow_11_07,Cow_11,1,2026,V,4,1,27,1.0,0.72,0.72,0.56,0.03630806529754931,0.02119140885770321,0.72
BCS6__Cow_11_07,Cow_11,1,2026,V,4,3,27,3.0,0.94,0.94,0.12,0.021754802561320553,0.013158724643290043,0.94
BCS6__Cow_11_07,Cow_11,1,2026,V,4,6,27,6.0,1.0,1.0,0.0,0.015586508247503615,0.008039988577365875,1.0
BCS6__Cow_11_07,Cow_11,1,2026,V,4,12,27,12.0,1.0,1.0,0.0,0.01074500801562984,0.005911234766244888,1.0
BCS6__Cow_12_2014,Cow_12,1,2026,V,4,1,39,1.0,0.9,0.9,0.1,0.33611793836098725,0.1044517233967781,0.0
BCS6__Cow_12_2014,Cow_12,1,2026,V,4,3,39,3.0,1.0,1.0,0.0,0.2153369501489542,0.06591910123825073,0.0
BCS6__Cow_12_2014,Cow_12,1,2026,V,4,6,39,6.0,1.0,1.0,0.0,0.16827641219935954,0.0674729198217392,0.0
BCS6__Cow_12_2014,Cow_12,1,2026,V,4,12,39,12.0,1.0,1.0,0.0,0.1373944980959601,0.07058297097682953,0.0
BCS6__Cow_13_66,Cow_13,1,2026,V,4,1,20,1.0,0.96,0.96,0.16,0.044248304813390836,0.013971415348351002,0.96
BCS6__Cow_13_66,Cow_13,1,2026,V,4,3,20,3.0,1.0,1.0,0.0,0.018661803531498836,0.005855092313140631,1.0
BCS6__Cow_13_66,Cow_13,1,2026,V,4,6,20,6.0,1.0,1.0,0.0,0.013725928472984315,0.004161079414188862,1.0
BCS6__Cow_13_66,Cow_13,1,2026,V,4,12,20,12.0,1.0,1.0,0.0,0.008477262802956487,0.0027373956982046366,1.0
BCS6__Cow_26_6,Cow_26,1,2026,V,4,1,9,1.0,1.0,1.0,0.0,0.023396380032060175,0.00843366701155901,1.0
BCS6__Cow_26_6,Cow_26,1,2026,V,4,3,9,3.0,1.0,1.0,0.0,0.012178931932557837,0.005376487970352173,1.0
BCS6__Cow_26_6,Cow_26,1,2026,V,4,6,9,6.0,1.0,1.0,0.0,0.00651255930495322,0.004534335341304541,1.0
BCS6__Cow_26_6,Cow_26,1,2026,V,4,12,9,7.04,1.0,1.0,0.0,0.007449099622280629,0.0040466999635100365,1.0
BCS6__Cow_29_NOTAG,Cow_29,1,2026,V,4,1,34,1.0,1.0,1.0,0.0,0.01947559804716493,0.0063409036956727505,1.0
BCS6__Cow_29_NOTAG,Cow_29,1,2026,V,4,3,34,3.0,1.0,1.0,0.0,0.011703215058225956,0.003694898448884487,1.0
BCS6__Cow_29_NOTAG,Cow_29,1,2026,V,4,6,34,6.0,1.0,1.0,0.0,0.007440440719891414,0.00241393456235528,1.0
BCS6__Cow_29_NOTAG,Cow_29,1,2026,V,4,12,34,12.0,1.0,1.0,0.0,0.00414561195435715,0.001386597752571106,1.0
BCS6__Cow_35,Cow_35,1,2026,V,4,1,24,1.0,0.48,0.52,1.04,0.016847156030507415,0.058651164174079895,0.48
BCS6__Cow_35,Cow_35,1,2026,V,4,3,24,3.0,0.76,0.76,0.48,0.009105210763015063,0.024421200156211853,0.76
BCS6__Cow_35,Cow_35,1,2026,V,4,6,24,6.0,0.84,0.84,0.32,0.006832158204761197,0.016860755160450935,0.84
BCS6__Cow_35,Cow_35,1,2026,V,4,12,24,12.0,0.86,0.86,0.28,0.00451347054863006,0.012789919041097164,0.86
BCS6__Cow_4_103,Cow_4,1,2026,V,4,1,47,1.0,1.0,1.0,0.0,0.025303741283330374,0.007344541605561972,1.0
BCS6__Cow_4_103,Cow_4,1,2026,V,4,3,47,3.0,1.0,1.0,0.0,0.012916118530718801,0.004058538004755974,1.0
BCS6__Cow_4_103,Cow_4,1,2026,V,4,6,47,6.0,1.0,1.0,0.0,0.01018460763402904,0.003358005778864026,1.0
BCS6__Cow_4_103,Cow_4,1,2026,V,4,12,47,12.0,1.0,1.0,0.0,0.005779762699152666,0.002007826929911971,1.0
BCS2__Cow_5_1,Cow_5,2,2026,V,0,1,10,1.0,1.0,1.0,0.0,0.01508315672025191,0.00832973700016737,0.0
BCS2__Cow_5_1,Cow_5,2,2026,V,0,3,10,3.0,1.0,1.0,0.0,0.007769536790887928,0.004310879856348038,0.0
BCS2__Cow_5_1,Cow_5,2,2026,V,0,6,10,6.0,1.0,1.0,0.0,0.00452686279801135,0.0030387009028345346,0.0
BCS2__Cow_5_1,Cow_5,2,2026,V,0,12,10,7.2,1.0,1.0,0.0,0.0047247476328584215,0.003260277211666107,0.0
BCS3__Cow_20_0029,Cow_20,2,2026,V,1,1,4,1.0,1.0,1.0,0.0,0.09398064918859184,0.05151389166712761,0.0
BCS3__Cow_20_0029,Cow_20,2,2026,V,1,3,4,3.0,1.0,1.0,0.0,0.029202867591888466,0.024900633841753006,0.0
BCS3__Cow_20_0029,Cow_20,2,2026,V,1,6,4,3.44,1.0,1.0,0.0,0.03718931009020245,0.025676947087049484,0.0
BCS3__Cow_20_0029,Cow_20,2,2026,V,1,12,4,3.86,1.0,1.0,0.0,0.02940450680135271,0.023092318326234818,0.0
BCS3__Cow_22,Cow_22,2,2026,V,1,1,20,1.0,1.0,1.0,0.0,0.04535490406967169,0.03174661472439766,1.0
BCS3__Cow_22,Cow_22,2,2026,V,1,3,20,3.0,1.0,1.0,0.0,0.01822629139208015,0.014278006739914417,1.0
BCS3__Cow_22,Cow_22,2,2026,V,1,6,20,6.0,1.0,1.0,0.0,0.012951130202850165,0.009855222888290882,1.0
BCS3__Cow_22,Cow_22,2,2026,V,1,12,20,12.0,1.0,1.0,0.0,0.008213330610788386,0.005826940760016441,1.0
BCS3__Cow_22_1,Cow_22,2,2026,V,1,1,6,1.0,1.0,1.0,0.0,0.05125467975403683,0.05121757090091705,1.0
BCS3__Cow_22_1,Cow_22,2,2026,V,1,3,6,3.0,1.0,1.0,0.0,0.018473476479443904,0.026214217767119408,1.0
BCS3__Cow_22_1,Cow_22,2,2026,V,1,6,6,6.0,1.0,1.0,0.0,2.6773857173606807e-08,0.020431194454431534,1.0
BCS3__Cow_22_1,Cow_22,2,2026,V,1,12,6,5.46,1.0,1.0,0.0,0.01329702294660572,0.024423636496067047,1.0
BCS4__Cow_10,Cow_10,2,2026,V,2,1,41,1.0,1.0,1.0,0.0,0.06136655343764028,0.02675904519855976,0.0
BCS4__Cow_10,Cow_10,2,2026,V,2,3,41,3.0,1.0,1.0,0.0,0.026874939011607573,0.015186033211648464,0.0
BCS4__Cow_10,Cow_10,2,2026,V,2,6,41,6.0,1.0,1.0,0.0,0.017889795862726682,0.009339959360659122,0.0
BCS4__Cow_10,Cow_10,2,2026,V,2,12,41,12.0,1.0,1.0,0.0,0.011903919634485106,0.006944358814507723,0.0
BCS4__Cow_10_2038,Cow_10,2,2026,V,2,1,4,1.0,0.52,0.52,0.48,0.10532838292220943,0.05363805592060089,0.52
BCS4__Cow_10_2038,Cow_10,2,2026,V,2,3,4,3.0,0.22,0.78,0.78,0.03363280065006348,0.04075462371110916,0.22
BCS4__Cow_10_2038,Cow_10,2,2026,V,2,6,4,3.32,0.42,0.58,0.58,0.04796419789791141,0.03928496688604355,0.42
BCS4__Cow_10_2038,Cow_10,2,2026,V,2,12,4,3.84,0.36,0.64,0.64,0.03310172203140292,0.039966899901628494,0.36
BCS4__Cow_22_6005,Cow_22,2,2026,V,2,1,4,1.0,1.0,1.0,0.0,0.08571364413168635,0.04558267444372177,0.0
BCS4__Cow_22_6005,Cow_22,2,2026,V,2,3,4,3.0,1.0,1.0,0.0,0.03346387965471412,0.03097533993422985,0.0
BCS4__Cow_22_6005,Cow_22,2,2026,V,2,6,4,3.32,1.0,1.0,0.0,0.04423126810943752,0.03134947270154953,0.0
BCS4__Cow_22_6005,Cow_22,2,2026,V,2,12,4,3.88,1.0,1.0,0.0,0.02752788165686059,0.028408095240592957,0.0
BCS4__Cow_30,Cow_30,2,2026,V,2,1,4,1.0,1.0,1.0,0.0,0.06990527150626798,0.03608160838484764,0.0
BCS4__Cow_30,Cow_30,2,2026,V,2,3,4,3.0,1.0,1.0,0.0,0.022572631958512952,0.03042285144329071,0.0
BCS4__Cow_30,Cow_30,2,2026,V,2,6,4,3.22,1.0,1.0,0.0,0.028091290082229096,0.02514258585870266,0.0
BCS4__Cow_30,Cow_30,2,2026,V,2,12,4,3.92,1.0,1.0,0.0,0.0210060447572769,0.023094572126865387,0.0
BCS4__Cow_42,Cow_42,2,2026,V,2,1,11,1.0,1.0,1.0,0.0,0.07908118868021127,0.038295455276966095,0.0
BCS4__Cow_42,Cow_42,2,2026,V,2,3,11,3.0,1.0,1.0,0.0,0.04848237868864159,0.02201182395219803,0.0
BCS4__Cow_42,Cow_42,2,2026,V,2,6,11,6.0,1.0,1.0,0.0,0.02296551279625125,0.010618269443511963,0.0
BCS4__Cow_42,Cow_42,2,2026,V,2,12,11,7.42,1.0,1.0,0.0,0.023135245088128902,0.01130262017250061,0.0
BCS4__Cow_47_1,Cow_47,2,2026,V,2,1,7,1.0,0.6,0.6,0.5,0.21224070223330965,0.09239544719457626,0.3
BCS4__Cow_47_1,Cow_47,2,2026,V,2,3,7,3.0,0.74,0.74,0.26,0.1125504884980366,0.049776822328567505,0.26
BCS4__Cow_47_1,Cow_47,2,2026,V,2,6,7,6.0,1.0,1.0,0.0,0.03259637786924107,0.025031931698322296,0.0
BCS4__Cow_47_1,Cow_47,2,2026,V,2,12,7,6.0,0.94,0.94,0.06,0.051053986598852574,0.021569617092609406,0.06
BCS4__Cow_49,Cow_49,2,2026,V,2,1,7,1.0,0.48,0.52,0.52,0.13404056785968926,0.06658262014389038,0.52
BCS4__Cow_49,Cow_49,2,2026,V,2,3,7,3.0,0.96,0.96,0.04,0.059233548782214096,0.027130572125315666,0.04
BCS4__Cow_49,Cow_49,2,2026,V,2,6,7,6.0,1.0,1.0,0.0,0.02481501524330531,0.02378840371966362,0.0
BCS4__Cow_49,Cow_49,2,2026,V,2,12,7,5.88,0.98,0.98,0.02,0.03613149677203185,0.023698730394244194,0.02
BCS4__Cow_55,Cow_55,2,2026,V,2,1,4,1.0,0.76,0.76,0.24,0.2016771480742919,0.09537309408187866,0.24
BCS4__Cow_55,Cow_55,2,2026,V,2,3,4,3.0,1.0,1.0,0.0,0.05724722986355056,0.05100134387612343,0.0
BCS4__Cow_55,Cow_55,2,2026,V,2,6,4,3.24,0.94,0.94,0.06,0.08038241888561282,0.06207704916596413,0.06
BCS4__Cow_55,Cow_55,2,2026,V,2,12,4,3.86,1.0,1.0,0.0,0.05041142922384409,0.047903891652822495,0.0
BCS4__Cow_8,Cow_8,2,2026,V,2,1,26,1.0,1.0,1.0,0.0,0.053515093779825,0.02376137673854828,0.0
BCS4__Cow_8,Cow_8,2,2026,V,2,3,26,3.0,1.0,1.0,0.0,0.023678321986752314,0.012512929737567902,0.0
BCS4__Cow_8,Cow_8,2,2026,V,2,6,26,6.0,1.0,1.0,0.0,0.016247937985938155,0.009747153148055077,0.0
BCS4__Cow_8,Cow_8,2,2026,V,2,12,26,12.0,1.0,1.0,0.0,0.012313312738123597,0.00754282483831048,0.0
BCS4__Cow_9,Cow_9,2,2026,V,2,1,19,1.0,1.0,1.0,0.0,0.08179565251430554,0.044783733785152435,0.0
BCS4__Cow_9,Cow_9,2,2026,V,2,3,19,3.0,1.0,1.0,0.0,0.04839991132784512,0.025097180157899857,0.0
BCS4__Cow_9,Cow_9,2,2026,V,2,6,19,6.0,1.0,1.0,0.0,0.030063738491959743,0.01545796263962984,0.0
BCS4__Cow_9,Cow_9,2,2026,V,2,12,19,12.0,1.0,1.0,0.0,0.016306678475763912,0.008188722655177116,0.0
BCS5__Cow_10_0029,Cow_10,2,2026,V,3,1,5,1.0,1.0,1.0,0.0,0.054456360597948644,0.031463250517845154,1.0
BCS5__Cow_10_0029,Cow_10,2,2026,V,3,3,5,3.0,1.0,1.0,0.0,0.02760126751152658,0.018940797075629234,1.0
BCS5__Cow_10_0029,Cow_10,2,2026,V,3,6,5,3.7,1.0,1.0,0.0,0.02691295133679408,0.019235247746109962,1.0
BCS5__Cow_10_0029,Cow_10,2,2026,V,3,12,5,4.5,1.0,1.0,0.0,0.017668284858522943,0.015560323372483253,1.0
BCS5__Cow_24,Cow_24,2,2026,V,3,1,12,1.0,1.0,1.0,0.0,0.05208191507746476,0.0185208972543478,1.0
BCS5__Cow_24,Cow_24,2,2026,V,3,3,12,3.0,1.0,1.0,0.0,0.018481520788852027,0.010013512335717678,1.0
BCS5__Cow_24,Cow_24,2,2026,V,3,6,12,6.0,1.0,1.0,0.0,0.014466369589611812,0.007854786701500416,1.0
BCS5__Cow_24,Cow_24,2,2026,V,3,12,12,12.0,1.0,1.0,0.0,2.989720426539894e-08,2.421438605182402e-09,1.0
BCS5__Cow_24_7022,Cow_24,2,2026,V,3,1,3,1.0,0.72,0.72,0.28,0.1223953678160119,0.05159065127372742,0.72
BCS5__Cow_24_7022,Cow_24,2,2026,V,3,3,3,3.0,1.0,1.0,0.0,0.0,0.046903178095817566,1.0
BCS5__Cow_24_7022,Cow_24,2,2026,V,3,6,3,2.78,1.0,1.0,0.0,0.052757571577220226,0.0470002256333828,1.0
BCS5__Cow_24_7022,Cow_24,2,2026,V,3,12,3,2.96,1.0,1.0,0.0,0.04018853755953629,0.04918936267495155,1.0
BCS5__Cow_28,Cow_28,2,2026,V,3,1,28,1.0,1.0,1.0,0.0,0.09054761628238131,0.027808494865894318,1.0
BCS5__Cow_28,Cow_28,2,2026,V,3,3,28,3.0,1.0,1.0,0.0,0.02502001260846182,0.01469364669173956,1.0
BCS5__Cow_28,Cow_28,2,2026,V,3,6,28,6.0,1.0,1.0,0.0,0.01574722390095197,0.01030157320201397,1.0
BCS5__Cow_28,Cow_28,2,2026,V,3,12,28,12.0,1.0,1.0,0.0,0.009741746482443298,0.00718255341053009,1.0
BCS5__Cow_28_4024,Cow_28,2,2026,V,3,1,3,1.0,0.26,0.74,0.74,0.07341489939655418,0.05033307522535324,0.74
BCS5__Cow_28_4024,Cow_28,2,2026,V,3,3,3,3.0,1.0,1.0,0.0,0.0,0.04202374815940857,0.0
BCS5__Cow_28_4024,Cow_28,2,2026,V,3,6,3,2.76,0.58,0.58,0.42,0.026355759522595036,0.039798010140657425,0.42
BCS5__Cow_28_4024,Cow_28,2,2026,V,3,12,3,3.0,0.4,0.6,0.6,0.022793722768374977,0.043243132531642914,0.6
BCS5__Cow_3,Cow_3,2,2026,V,3,1,10,1.0,0.78,0.78,0.22,0.06994429200730448,0.05324874073266983,0.0
BCS5__Cow_3,Cow_3,2,2026,V,3,3,10,3.0,1.0,1.0,0.0,0.03116589093271277,0.024443544447422028,0.0
BCS5__Cow_3,Cow_3,2,2026,V,3,6,10,6.0,1.0,1.0,0.0,0.015391930352949067,0.017364975064992905,0.0
BCS5__Cow_3,Cow_3,2,2026,V,3,12,10,7.26,1.0,1.0,0.0,0.015581048055916126,0.016725346446037292,0.0
BCS5__Cow_30_30,Cow_30,2,2026,V,3,1,6,1.0,1.0,1.0,0.0,0.05636194530718228,0.03332558274269104,1.0
BCS5__Cow_30_30,Cow_30,2,2026,V,3,3,6,3.0,1.0,1.0,0.0,0.022755299759598988,0.014614636078476906,1.0
BCS5__Cow_30_30,Cow_30,2,2026,V,3,6,6,6.0,1.0,1.0,0.0,1.07549747328539e-07,0.01709854044020176,1.0
BCS5__Cow_30_30,Cow_30,2,2026,V,3,12,6,5.24,1.0,1.0,0.0,0.015929052817603373,0.015160633251070976,1.0
BCS5__Cow_34,Cow_34,2,2026,V,3,1,9,1.0,0.8,0.8,0.2,0.3471358175648717,0.12337759137153625,0.2
BCS5__Cow_34,Cow_34,2,2026,V,3,3,9,3.0,1.0,1.0,0.0,0.1233535249610216,0.06721922755241394,0.0
BCS5__Cow_34,Cow_34,2,2026,V,3,6,9,6.0,1.0,1.0,0.0,0.06640753952186407,0.06329549103975296,0.0
BCS5__Cow_34,Cow_34,2,2026,V,3,12,9,6.9,1.0,1.0,0.0,0.08032761526226656,0.0600433386862278,0.0
BCS5__Cow_34_1,Cow_34,2,2026,V,3,1,4,1.0,0.54,0.54,0.46,0.2022914466574746,0.10044679790735245,0.54
BCS5__Cow_34_1,Cow_34,2,2026,V,3,3,4,3.0,1.0,1.0,0.0,0.06600231606178236,0.07488835602998734,1.0
BCS5__Cow_34_1,Cow_34,2,2026,V,3,6,4,3.38,1.0,1.0,0.0,0.07993972706748939,0.06814033538103104,1.0
BCS5__Cow_34_1,Cow_34,2,2026,V,3,12,4,3.82,1.0,1.0,0.0,0.059814195312655236,0.0731230229139328,1.0
BCS5__Cow_50,Cow_50,2,2026,V,3,1,39,1.0,1.0,1.0,0.0,0.024596674314956955,0.011394216679036617,1.0
BCS5__Cow_50,Cow_50,2,2026,V,3,3,39,3.0,1.0,1.0,0.0,0.014219481725831859,0.0071211387403309345,1.0
BCS5__Cow_50,Cow_50,2,2026,V,3,6,39,6.0,1.0,1.0,0.0,0.011037450476129463,0.006160479970276356,1.0
BCS5__Cow_50,Cow_50,2,2026,V,3,12,39,12.0,1.0,1.0,0.0,0.0069509343884534315,0.004996210802346468,1.0
BCS5__Cow_50_49,Cow_50,2,2026,V,3,1,3,1.0,1.0,1.0,0.0,0.028107132789130636,0.012113332748413086,1.0
BCS5__Cow_50_49,Cow_50,2,2026,V,3,3,3,3.0,1.0,1.0,0.0,2.8059390324118155e-08,0.007620790041983128,1.0
BCS5__Cow_50_49,Cow_50,2,2026,V,3,6,3,2.64,1.0,1.0,0.0,0.016316145324026178,0.008843235671520233,1.0
BCS5__Cow_50_49,Cow_50,2,2026,V,3,12,3,3.0,1.0,1.0,0.0,0.00919707935918489,0.008017751388251781,1.0
BCS5__Cow_8_NOTAG,Cow_8,2,2026,V,3,1,4,1.0,1.0,1.0,0.0,0.03472280054027803,0.01878221146762371,1.0
BCS5__Cow_8_NOTAG,Cow_8,2,2026,V,3,3,4,3.0,1.0,1.0,0.0,0.008700153338643232,0.0159599632024765,1.0
BCS5__Cow_8_NOTAG,Cow_8,2,2026,V,3,6,4,3.44,1.0,1.0,0.0,0.011011701280616078,0.01600031554698944,1.0
BCS5__Cow_8_NOTAG,Cow_8,2,2026,V,3,12,4,3.88,1.0,1.0,0.0,0.00856592581394363,0.013204841874539852,1.0
BCS6__Cow_18,Cow_18,2,2026,V,4,1,33,1.0,0.5,0.5,1.0,0.7823321905837485,0.4555373787879944,0.5
BCS6__Cow_18,Cow_18,2,2026,V,4,3,33,3.0,0.92,0.92,0.16,0.463445058741165,0.14350074529647827,0.92
BCS6__Cow_18,Cow_18,2,2026,V,4,6,33,6.0,1.0,1.0,0.0,0.08928941109673398,0.054434046149253845,1.0
BCS6__Cow_18,Cow_18,2,2026,V,4,12,33,12.0,1.0,1.0,0.0,0.04562739713587277,0.0445626825094223,1.0
BCS6__Cow_18_32,Cow_18,2,2026,V,4,1,46,1.0,0.92,0.92,0.08,0.3648264667760948,0.097136951982975,0.92
BCS6__Cow_18_32,Cow_18,2,2026,V,4,3,46,3.0,1.0,1.0,0.0,0.020624413899238202,0.012087169103324413,1.0
BCS6__Cow_18_32,Cow_18,2,2026,V,4,6,46,6.0,1.0,1.0,0.0,0.014918479107282744,0.009547061286866665,1.0
BCS6__Cow_18_32,Cow_18,2,2026,V,4,12,46,12.0,1.0,1.0,0.0,0.01159141913583105,0.0082221869379282,1.0
BCS6__Cow_24_08,Cow_24,2,2026,V,4,1,22,1.0,1.0,1.0,0.0,0.059700510611465654,0.045263782143592834,1.0
BCS6__Cow_24_08,Cow_24,2,2026,V,4,3,22,3.0,1.0,1.0,0.0,0.0331275068972266,0.02232143096625805,1.0
BCS6__Cow_24_08,Cow_24,2,2026,V,4,6,22,6.0,1.0,1.0,0.0,0.019709641069205936,0.014452333562076092,1.0
BCS6__Cow_24_08,Cow_24,2,2026,V,4,12,22,12.0,1.0,1.0,0.0,0.01193803431396597,0.007909365929663181,1.0
BCS6__Cow_28_3083,Cow_28,2,2026,V,4,1,18,1.0,1.0,1.0,0.0,0.036890272403950534,0.02264273166656494,1.0
BCS6__Cow_28_3083,Cow_28,2,2026,V,4,3,18,3.0,1.0,1.0,0.0,0.027550721560510347,0.01631201058626175,1.0
BCS6__Cow_28_3083,Cow_28,2,2026,V,4,6,18,6.0,1.0,1.0,0.0,0.012107937581904905,0.006945089902728796,1.0
BCS6__Cow_28_3083,Cow_28,2,2026,V,4,12,18,12.0,1.0,1.0,0.0,0.007827500953836906,0.005037435330450535,1.0
BCS6__Cow_3_25,Cow_3,2,2026,V,4,1,22,1.0,1.0,1.0,0.0,0.03708832169084799,0.015317407436668873,1.0
BCS6__Cow_3_25,Cow_3,2,2026,V,4,3,22,3.0,1.0,1.0,0.0,0.009408552673426643,0.005380581598728895,1.0
BCS6__Cow_3_25,Cow_3,2,2026,V,4,6,22,6.0,1.0,1.0,0.0,0.006598937043299338,0.003587376559153199,1.0
BCS6__Cow_3_25,Cow_3,2,2026,V,4,12,22,12.0,1.0,1.0,0.0,0.004699373217945755,0.002578810788691044,1.0
BCS6__Cow_47_68,Cow_47,2,2026,V,4,1,31,1.0,1.0,1.0,0.0,0.008798972121444051,0.005284842103719711,1.0
BCS6__Cow_47_68,Cow_47,2,2026,V,4,3,31,3.0,1.0,1.0,0.0,0.004759107170215365,0.002658802317455411,1.0
BCS6__Cow_47_68,Cow_47,2,2026,V,4,6,31,6.0,1.0,1.0,0.0,0.0032125360622154405,0.0016968592535704374,1.0
BCS6__Cow_47_68,Cow_47,2,2026,V,4,12,31,12.0,1.0,1.0,0.0,0.0018222278518254804,0.0008971415227279067,1.0
BCS6__Cow_9_1044,Cow_9,2,2026,V,4,1,36,1.0,1.0,1.0,0.0,0.05468613387913924,0.03178125619888306,1.0
BCS6__Cow_9_1044,Cow_9,2,2026,V,4,3,36,3.0,1.0,1.0,0.0,0.02002201655202325,0.0114425178617239,1.0
BCS6__Cow_9_1044,Cow_9,2,2026,V,4,6,36,6.0,1.0,1.0,0.0,0.01588090249843709,0.010007467120885849,1.0
BCS6__Cow_9_1044,Cow_9,2,2026,V,4,12,36,12.0,1.0,1.0,0.0,0.009047140705632293,0.0064664860256016254,1.0
BCS2__Cow_21_8029,Cow_21,0,2027,V,0,1,17,1.0,1.0,1.0,0.0,0.07779038927378641,0.01718760095536709,0.0
BCS2__Cow_21_8029,Cow_21,0,2027,V,0,3,17,3.0,1.0,1.0,0.0,0.03883299179650925,0.008663464337587357,0.0
BCS2__Cow_21_8029,Cow_21,0,2027,V,0,6,17,6.0,1.0,1.0,0.0,0.029258314087406843,0.006748802028596401,0.0
BCS2__Cow_21_8029,Cow_21,0,2027,V,0,12,17,12.0,1.0,1.0,0.0,0.012079288982892929,0.0036640893667936325,0.0
BCS3__Cow_16,Cow_16,0,2027,V,1,1,20,1.0,1.0,1.0,0.0,0.018129636297843442,0.015004959888756275,0.0
BCS3__Cow_16,Cow_16,0,2027,V,1,3,20,3.0,1.0,1.0,0.0,0.010565521776616313,0.008705290034413338,0.0
BCS3__Cow_16,Cow_16,0,2027,V,1,6,20,6.0,1.0,1.0,0.0,0.006609443136223951,0.00644655479118228,0.0
BCS3__Cow_16,Cow_16,0,2027,V,1,12,20,12.0,1.0,1.0,0.0,0.0030593876444868734,0.004216297063976526,0.0
BCS3__Cow_16_1004,Cow_16,0,2027,V,1,1,3,1.0,1.0,1.0,0.0,0.04304871533498024,0.024912722408771515,0.0
BCS3__Cow_16_1004,Cow_16,0,2027,V,1,3,3,3.0,1.0,1.0,0.0,1.095937978054616e-08,0.004861429333686829,0.0
BCS3__Cow_16_1004,Cow_16,0,2027,V,1,6,3,2.7,1.0,1.0,0.0,0.020249282964343508,0.013134547509253025,0.0
BCS3__Cow_16_1004,Cow_16,0,2027,V,1,12,3,2.96,1.0,1.0,0.0,0.012711544197954333,0.008712267503142357,0.0
BCS3__Cow_25_66,Cow_25,0,2027,V,1,1,3,1.0,1.0,1.0,0.0,0.03182680711548987,0.021516360342502594,0.0
BCS3__Cow_25_66,Cow_25,0,2027,V,1,3,3,3.0,1.0,1.0,0.0,7.603347876108538e-09,0.017912251874804497,0.0
BCS3__Cow_25_66,Cow_25,0,2027,V,1,6,3,2.76,1.0,1.0,0.0,0.014628289062834542,0.016763001680374146,0.0
BCS3__Cow_25_66,Cow_25,0,2027,V,1,12,3,2.96,1.0,1.0,0.0,0.01191468285428769,0.01841459423303604,0.0
BCS3__Cow_2_1015,Cow_2,0,2027,V,1,1,4,1.0,1.0,1.0,0.0,0.0339657488523096,0.02549206279218197,0.0
BCS3__Cow_2_1015,Cow_2,0,2027,V,1,3,4,3.0,1.0,1.0,0.0,0.013293857699075066,0.013922004960477352,0.0
BCS3__Cow_2_1015,Cow_2,0,2027,V,1,6,4,3.24,1.0,1.0,0.0,0.01357988355503645,0.012117542326450348,0.0
BCS3__Cow_2_1015,Cow_2,0,2027,V,1,12,4,3.8,1.0,1.0,0.0,0.00973278884034384,0.011564109474420547,0.0
BCS3__Cow_46,Cow_46,0,2027,V,1,1,17,1.0,0.94,0.94,0.06,0.2443194672497835,0.11438442021608353,0.06
BCS3__Cow_46,Cow_46,0,2027,V,1,3,17,3.0,1.0,1.0,0.0,0.07973400735437877,0.04010806232690811,0.0
BCS3__Cow_46,Cow_46,0,2027,V,1,6,17,6.0,1.0,1.0,0.0,0.04637830947937446,0.027382558211684227,0.0
BCS3__Cow_46,Cow_46,0,2027,V,1,12,17,12.0,1.0,1.0,0.0,0.019157508812585246,0.012693962082266808,0.0
BCS3__Cow_46_1,Cow_46,0,2027,V,1,1,9,1.0,1.0,1.0,0.0,0.14301319421937808,0.1114814355969429,1.0
BCS3__Cow_46_1,Cow_46,0,2027,V,1,3,9,3.0,1.0,1.0,0.0,0.08272072295848891,0.06368940323591232,1.0
BCS3__Cow_46_1,Cow_46,0,2027,V,1,6,9,6.0,1.0,1.0,0.0,0.04273971082896328,0.0486469641327858,1.0
BCS3__Cow_46_1,Cow_46,0,2027,V,1,12,9,7.06,1.0,1.0,0.0,0.042737489543995665,0.04963903874158859,1.0
BCS3__Cow_46_2,Cow_46,0,2027,V,1,1,3,1.0,0.18,0.82,0.82,0.33613033262349234,0.33946463465690613,0.18
BCS3__Cow_46_2,Cow_46,0,2027,V,1,3,3,3.0,0.0,1.0,1.0,1.5112257554575936e-07,0.30493882298469543,0.0
BCS3__Cow_46_2,Cow_46,0,2027,V,1,6,3,2.72,0.02,0.98,0.98,0.08531386378847858,0.2979143261909485,0.02
BCS3__Cow_46_2,Cow_46,0,2027,V,1,12,3,2.96,0.0,1.0,1.0,0.0611926314960157,0.29539671540260315,0.0
BCS3__Cow_53,Cow_53,0,2027,V,1,1,3,1.0,1.0,1.0,0.0,0.11082525004285536,0.06371012330055237,0.0
BCS3__Cow_53,Cow_53,0,2027,V,1,3,3,3.0,1.0,1.0,0.0,5.958244154477591e-08,0.05220078304409981,0.0
BCS3__Cow_53,Cow_53,0,2027,V,1,6,3,2.68,1.0,1.0,0.0,0.049734330264057526,0.058194056153297424,0.0
BCS3__Cow_53,Cow_53,0,2027,V,1,12,3,3.0,1.0,1.0,0.0,0.03376767842710296,0.045984841883182526,0.0
BCS4__Cow_15_68,Cow_15,0,2027,V,2,1,3,1.0,1.0,1.0,0.0,0.05478585653829206,0.0478471964597702,0.0
BCS4__Cow_15_68,Cow_15,0,2027,V,2,3,3,3.0,1.0,1.0,0.0,8.129388269027409e-08,0.017599286511540413,0.0
BCS4__Cow_15_68,Cow_15,0,2027,V,2,6,3,2.78,1.0,1.0,0.0,0.02055561944253091,0.020928476005792618,0.0
BCS4__Cow_15_68,Cow_15,0,2027,V,2,12,3,2.98,1.0,1.0,0.0,0.00837111785479936,0.018502354621887207,0.0
BCS4__Cow_17,Cow_17,0,2027,V,2,1,10,1.0,1.0,1.0,0.0,0.006303692260858637,0.00548371858894825,0.0
BCS4__Cow_17,Cow_17,0,2027,V,2,3,10,3.0,1.0,1.0,0.0,0.002649019419819166,0.0035854983143508434,0.0
BCS4__Cow_17,Cow_17,0,2027,V,2,6,10,6.0,1.0,1.0,0.0,0.0016973965868870965,0.0027468770276755095,0.0
BCS4__Cow_17,Cow_17,0,2027,V,2,12,10,7.04,1.0,1.0,0.0,0.0015115429887007517,0.003009423380717635,0.0
BCS4__Cow_19,Cow_19,0,2027,V,2,1,57,1.0,0.42,0.58,0.58,0.19497190639516282,0.1431160867214203,0.42
BCS4__Cow_19,Cow_19,0,2027,V,2,3,57,3.0,0.64,0.64,0.36,0.10109837365607628,0.057351354509592056,0.64
BCS4__Cow_19,Cow_19,0,2027,V,2,6,57,6.0,0.42,0.58,0.58,0.08020820261495136,0.06494897603988647,0.42
BCS4__Cow_19,Cow_19,0,2027,V,2,12,57,12.0,0.66,0.66,0.34,0.05053827019653245,0.036513347178697586,0.66
BCS4__Cow_19_0037,Cow_19,0,2027,V,2,1,5,1.0,1.0,1.0,0.0,0.029433025442936325,0.021575452759861946,0.0
BCS4__Cow_19_0037,Cow_19,0,2027,V,2,3,5,3.0,1.0,1.0,0.0,0.008755809429567765,0.008596747182309628,0.0
BCS4__Cow_19_0037,Cow_19,0,2027,V,2,6,5,3.6,1.0,1.0,0.0,0.008679980164074624,0.007628508377820253,0.0
BCS4__Cow_19_0037,Cow_19,0,2027,V,2,12,5,4.6,1.0,1.0,0.0,0.006885390266469343,0.008903119713068008,0.0
BCS4__Cow_2,Cow_2,0,2027,V,2,1,13,1.0,1.0,1.0,0.0,0.014639337500794197,0.00981413945555687,0.0
BCS4__Cow_2,Cow_2,0,2027,V,2,3,13,3.0,1.0,1.0,0.0,0.008162324665261818,0.006410620640963316,0.0
BCS4__Cow_2,Cow_2,0,2027,V,2,6,13,6.0,1.0,1.0,0.0,0.004541393948500457,0.004247384145855904,0.0
BCS4__Cow_2,Cow_2,0,2027,V,2,12,13,12.0,1.0,1.0,0.0,0.0010029271043675355,0.0011508384486660361,0.0
BCS4__Cow_23,Cow_23,0,2027,V,2,1,18,1.0,1.0,1.0,0.0,0.008823021915131722,0.00717888493090868,0.0
BCS4__Cow_23,Cow_23,0,2027,V,2,3,18,3.0,1.0,1.0,0.0,0.007413696293539811,0.005325457081198692,0.0
BCS4__Cow_23,Cow_23,0,2027,V,2,6,18,6.0,1.0,1.0,0.0,0.004257911896727605,0.0030055877286940813,0.0
BCS4__Cow_23,Cow_23,0,2027,V,2,12,18,12.0,1.0,1.0,0.0,0.0026576842414913764,0.0018416628008708358,0.0
BCS4__Cow_31,Cow_31,0,2027,V,2,1,12,1.0,1.0,1.0,0.0,0.21738648475508832,0.05915350839495659,0.0
BCS4__Cow_31,Cow_31,0,2027,V,2,3,12,3.0,1.0,1.0,0.0,0.04401412015461499,0.014365017414093018,0.0
BCS4__Cow_31,Cow_31,0,2027,V,2,6,12,6.0,1.0,1.0,0.0,0.029963410213824555,0.010237178765237331,0.0
BCS4__Cow_31,Cow_31,0,2027,V,2,12,12,12.0,1.0,1.0,0.0,5.870524457647786e-08,5.986541395941458e-08,0.0
BCS4__Cow_32_0035,Cow_32,0,2027,V,2,1,8,1.0,0.68,0.68,0.32,0.07861670115222034,0.05307836830615997,0.68
BCS4__Cow_32_0035,Cow_32,0,2027,V,2,3,8,3.0,0.76,0.76,0.24,0.04193846736829419,0.02763957530260086,0.76
BCS4__Cow_32_0035,Cow_32,0,2027,V,2,6,8,6.0,0.82,0.82,0.18,0.014056129172652834,0.02164619043469429,0.82
BCS4__Cow_32_0035,Cow_32,0,2027,V,2,12,8,6.48,0.76,0.76,0.24,0.025699189007098278,0.0236237570643425,0.76
BCS4__Cow_44_1,Cow_44,0,2027,V,2,1,22,1.0,1.0,1.0,0.0,0.03159519453964783,0.029401812702417374,0.0
BCS4__Cow_44_1,Cow_44,0,2027,V,2,3,22,3.0,1.0,1.0,0.0,0.01742481554594026,0.013131651096045971,0.0
BCS4__Cow_44_1,Cow_44,0,2027,V,2,6,22,6.0,1.0,1.0,0.0,0.011043276178847853,0.009026109240949154,0.0
BCS4__Cow_44_1,Cow_44,0,2027,V,2,12,22,12.0,1.0,1.0,0.0,0.006042127563662606,0.005127419251948595,0.0
BCS4__Cow_51,Cow_51,0,2027,V,2,1,4,1.0,0.24,0.76,0.76,0.045208330380668744,0.054370470345020294,0.76
BCS4__Cow_51,Cow_51,0,2027,V,2,3,4,3.0,0.8,0.8,0.2,0.017025735435216505,0.037033576518297195,0.2
BCS4__Cow_51,Cow_51,0,2027,V,2,6,4,3.1,0.58,0.58,0.42,0.02037699360976454,0.04053802788257599,0.42
BCS4__Cow_51,Cow_51,0,2027,V,2,12,4,3.84,0.74,0.74,0.26,0.011556465704620055,0.03838285431265831,0.26
BCS4__Cow_51_0035,Cow_51,0,2027,V,2,1,4,1.0,1.0,1.0,0.0,0.006037439312977177,0.00651653902605176,0.0
BCS4__Cow_51_0035,Cow_51,0,2027,V,2,3,4,3.0,1.0,1.0,0.0,0.0020501621760658554,0.003961884416639805,0.0
BCS4__Cow_51_0035,Cow_51,0,2027,V,2,6,4,3.4,1.0,1.0,0.0,0.0019473241555540968,0.003956715576350689,0.0
BCS4__Cow_51_0035,Cow_51,0,2027,V,2,12,4,3.92,1.0,1.0,0.0,0.0016134463323013394,0.0038857189938426018,0.0
BCS4__Cow_7,Cow_7,0,2027,V,2,1,15,1.0,0.64,0.64,0.36,0.10348093989414982,0.06101851537823677,0.64
BCS4__Cow_7,Cow_7,0,2027,V,2,3,15,3.0,0.96,0.96,0.04,0.04950019965610458,0.026772713288664818,0.96
BCS4__Cow_7,Cow_7,0,2027,V,2,6,15,6.0,1.0,1.0,0.0,0.030944881366535466,0.017744209617376328,1.0
BCS4__Cow_7,Cow_7,0,2027,V,2,12,15,12.0,1.0,1.0,0.0,0.009785015169358846,0.005341972224414349,1.0
BCS5__Cow_15,Cow_15,0,2027,V,3,1,25,1.0,1.0,1.0,0.0,0.0360285844877273,0.01992400735616684,0.0
BCS5__Cow_15,Cow_15,0,2027,V,3,3,25,3.0,1.0,1.0,0.0,0.01454882832606469,0.009617670439183712,0.0
BCS5__Cow_15,Cow_15,0,2027,V,3,6,25,6.0,1.0,1.0,0.0,0.009147663739078568,0.006878233049064875,0.0
BCS5__Cow_15,Cow_15,0,2027,V,3,12,25,12.0,1.0,1.0,0.0,0.005963772561896409,0.005314999260008335,0.0
BCS5__Cow_17_17,Cow_17,0,2027,V,3,1,6,1.0,1.0,1.0,0.0,0.010456854113644087,0.00984995998442173,1.0
BCS5__Cow_17_17,Cow_17,0,2027,V,3,3,6,3.0,1.0,1.0,0.0,0.004446853546425069,0.003659861395135522,1.0
BCS5__Cow_17_17,Cow_17,0,2027,V,3,6,6,6.0,1.0,1.0,0.0,8.516731762869424e-08,0.0007090900908224285,1.0
BCS5__Cow_17_17,Cow_17,0,2027,V,3,12,6,5.26,1.0,1.0,0.0,0.0026056527239274826,0.002435412025079131,1.0
BCS5__Cow_21,Cow_21,0,2027,V,3,1,18,1.0,0.94,0.94,0.06,0.042676741866255204,0.02033723145723343,0.94
BCS5__Cow_21,Cow_21,0,2027,V,3,3,18,3.0,1.0,1.0,0.0,0.010476290150959612,0.007609027437865734,1.0
BCS5__Cow_21,Cow_21,0,2027,V,3,6,18,6.0,1.0,1.0,0.0,0.006347078951690665,0.005112087819725275,1.0
BCS5__Cow_21,Cow_21,0,2027,V,3,12,18,12.0,1.0,1.0,0.0,0.002744136455278136,0.0026982096023857594,1.0
BCS5__Cow_23_1067,Cow_23,0,2027,V,3,1,5,1.0,1.0,1.0,0.0,0.014224783224996816,0.012677463702857494,1.0
BCS5__Cow_23_1067,Cow_23,0,2027,V,3,3,5,3.0,1.0,1.0,0.0,0.005498359986258344,0.005816387943923473,1.0
BCS5__Cow_23_1067,Cow_23,0,2027,V,3,6,5,3.74,1.0,1.0,0.0,0.004964967536924754,0.006525671109557152,1.0
BCS5__Cow_23_1067,Cow_23,0,2027,V,3,12,5,4.72,1.0,1.0,0.0,0.003848859470307048,0.004736489150673151,1.0
BCS5__Cow_25,Cow_25,0,2027,V,3,1,29,1.0,0.98,0.98,0.02,0.07452499127437515,0.028889672830700874,0.02
BCS5__Cow_25,Cow_25,0,2027,V,3,3,29,3.0,1.0,1.0,0.0,0.019739098297388506,0.011921171098947525,0.0
BCS5__Cow_25,Cow_25,0,2027,V,3,6,29,6.0,1.0,1.0,0.0,0.01150230232207049,0.007178125903010368,0.0
BCS5__Cow_25,Cow_25,0,2027,V,3,12,29,12.0,1.0,1.0,0.0,0.006257647286487827,0.004459567833691835,0.0
BCS5__Cow_31_15,Cow_31,0,2027,V,3,1,3,1.0,1.0,1.0,0.0,0.00894902902991656,0.0054841716773808,1.0
BCS5__Cow_31_15,Cow_31,0,2027,V,3,3,3,3.0,1.0,1.0,0.0,9.972533848468551e-08,0.0014785961247980595,1.0
BCS5__Cow_31_15,Cow_31,0,2027,V,3,6,3,2.8,1.0,1.0,0.0,0.0035974160069951262,0.0024008997716009617,1.0
BCS5__Cow_31_15,Cow_31,0,2027,V,3,12,3,2.94,1.0,1.0,0.0,0.002726377628022217,0.0020773413125425577,1.0
BCS5__Cow_31_2024,Cow_31,0,2027,V,3,1,5,1.0,1.0,1.0,0.0,0.04089963259763117,0.034582994878292084,1.0
BCS5__Cow_31_2024,Cow_31,0,2027,V,3,3,5,3.0,1.0,1.0,0.0,0.016471167391141472,0.028387578204274178,1.0
BCS5__Cow_31_2024,Cow_31,0,2027,V,3,6,5,3.62,1.0,1.0,0.0,0.013517554556277941,0.028874840587377548,1.0
BCS5__Cow_31_2024,Cow_31,0,2027,V,3,12,5,4.72,1.0,1.0,0.0,0.010456220820122458,0.0294041745364666,1.0
BCS5__Cow_32,Cow_32,0,2027,V,3,1,5,1.0,1.0,1.0,0.0,0.04436849156174835,0.03960535675287247,1.0
BCS5__Cow_32,Cow_32,0,2027,V,3,3,5,3.0,1.0,1.0,0.0,0.017433837497662433,0.023547621443867683,1.0
BCS5__Cow_32,Cow_32,0,2027,V,3,6,5,3.66,1.0,1.0,0.0,0.014120931116763243,0.01712387055158615,1.0
BCS5__Cow_32,Cow_32,0,2027,V,3,12,5,4.72,1.0,1.0,0.0,0.013013007943513361,0.02204001508653164,1.0
BCS5__Cow_44_3008,Cow_44,0,2027,V,3,1,3,1.0,1.0,1.0,0.0,0.022731089056110123,0.02528643049299717,1.0
BCS5__Cow_44_3008,Cow_44,0,2027,V,3,3,3,3.0,1.0,1.0,0.0,8.55258424020002e-08,0.014903908595442772,1.0
BCS5__Cow_44_3008,Cow_44,0,2027,V,3,6,3,2.78,1.0,1.0,0.0,0.008645055790599846,0.014892679639160633,1.0
BCS5__Cow_44_3008,Cow_44,0,2027,V,3,12,3,2.96,1.0,1.0,0.0,0.006249948649462636,0.014345006085932255,1.0
BCS5__Cow_45,Cow_45,0,2027,V,3,1,24,1.0,1.0,1.0,0.0,0.018680822860523475,0.011161144822835922,1.0
BCS5__Cow_45,Cow_45,0,2027,V,3,3,24,3.0,1.0,1.0,0.0,0.00511862981919535,0.004048628266900778,1.0
BCS5__Cow_45,Cow_45,0,2027,V,3,6,24,6.0,1.0,1.0,0.0,0.00430276919690605,0.003553150687366724,1.0
BCS5__Cow_45,Cow_45,0,2027,V,3,12,24,12.0,1.0,1.0,0.0,0.0024360747327670943,0.0020856994669884443,1.0
BCS5__Cow_53_30,Cow_53,0,2027,V,3,1,4,1.0,1.0,1.0,0.0,0.008969168687016454,0.01150683406740427,1.0
BCS5__Cow_53_30,Cow_53,0,2027,V,3,3,4,3.0,1.0,1.0,0.0,0.0029948471754126862,0.0059201354160904884,1.0
BCS5__Cow_53_30,Cow_53,0,2027,V,3,6,4,3.2,1.0,1.0,0.0,0.0038585228663638783,0.005923775490373373,1.0
BCS5__Cow_53_30,Cow_53,0,2027,V,3,12,4,3.86,1.0,1.0,0.0,0.002174488398222904,0.005925198085606098,1.0
BCS5__Cow_7_6022,Cow_7,0,2027,V,3,1,3,1.0,1.0,1.0,0.0,0.011662163786688046,0.016240064054727554,1.0
BCS5__Cow_7_6022,Cow_7,0,2027,V,3,3,3,3.0,1.0,1.0,0.0,1.107420594314803e-07,0.013056977652013302,1.0
BCS5__Cow_7_6022,Cow_7,0,2027,V,3,6,3,2.68,1.0,1.0,0.0,0.004641079606157252,0.012171086855232716,1.0
BCS5__Cow_7_6022,Cow_7,0,2027,V,3,12,3,2.96,1.0,1.0,0.0,0.002961429209273497,0.011991324834525585,1.0
BCS6__Cow_16_06,Cow_16,0,2027,V,4,1,62,1.0,1.0,1.0,0.0,0.0027105267493234514,0.0018670845311135054,1.0
BCS6__Cow_16_06,Cow_16,0,2027,V,4,3,62,3.0,1.0,1.0,0.0,0.0016842807191967976,0.0011609499342739582,1.0
BCS6__Cow_16_06,Cow_16,0,2027,V,4,6,62,6.0,1.0,1.0,0.0,0.0010942312743335105,0.0008571132202632725,1.0
BCS6__Cow_16_06,Cow_16,0,2027,V,4,12,62,12.0,1.0,1.0,0.0,0.0006251704506785842,0.0005319612682797015,1.0
BCS6__Cow_19_29,Cow_19,0,2027,V,4,1,52,1.0,1.0,1.0,0.0,0.013449968965948921,0.009981277398765087,1.0
BCS6__Cow_19_29,Cow_19,0,2027,V,4,3,52,3.0,1.0,1.0,0.0,0.00827327863917058,0.0060813771560788155,1.0
BCS6__Cow_19_29,Cow_19,0,2027,V,4,6,52,6.0,1.0,1.0,0.0,0.005621424038258437,0.004128708969801664,1.0
BCS6__Cow_19_29,Cow_19,0,2027,V,4,12,52,12.0,1.0,1.0,0.0,0.0038487474147520105,0.0032310655806213617,1.0
BCS6__Cow_2_6006,Cow_2,0,2027,V,4,1,31,1.0,1.0,1.0,0.0,0.0011668483094275438,0.0008527662721462548,1.0
BCS6__Cow_2_6006,Cow_2,0,2027,V,4,3,31,3.0,1.0,1.0,0.0,0.000624723340462364,0.0004635379882529378,1.0
BCS6__Cow_2_6006,Cow_2,0,2027,V,4,6,31,6.0,1.0,1.0,0.0,0.00037236495389219427,0.00024875893723219633,1.0
BCS6__Cow_2_6006,Cow_2,0,2027,V,4,12,31,12.0,1.0,1.0,0.0,0.00025106695542033127,0.00018662087677512318,1.0
BCS6__Cow_32_34,Cow_32,0,2027,V,4,1,7,1.0,1.0,1.0,0.0,0.001166564017984896,0.0009645356331020594,1.0
BCS6__Cow_32_34,Cow_32,0,2027,V,4,3,7,3.0,1.0,1.0,0.0,0.0005307511490864162,0.0007450454868376255,1.0
BCS6__Cow_32_34,Cow_32,0,2027,V,4,6,7,6.0,1.0,1.0,0.0,0.00017374503083454084,0.0007132739410735667,1.0
BCS6__Cow_32_34,Cow_32,0,2027,V,4,12,7,5.84,1.0,1.0,0.0,0.00034367150411810185,0.0007730656652711332,1.0
BCS6__Cow_36,Cow_36,0,2027,V,4,1,37,1.0,0.72,0.72,0.28,0.45936235234194983,0.21974943578243256,0.72
BCS6__Cow_36,Cow_36,0,2027,V,4,3,37,3.0,0.96,0.96,0.04,0.20110418912846767,0.032669179141521454,0.96
BCS6__Cow_36,Cow_36,0,2027,V,4,6,37,6.0,1.0,1.0,0.0,0.0016109787952313574,0.0009018589626066387,1.0
BCS6__Cow_36,Cow_36,0,2027,V,4,12,37,12.0,1.0,1.0,0.0,0.0009786064029984598,0.0008137153927236795,1.0
BCS6__Cow_36_1,Cow_36,0,2027,V,4,1,46,1.0,0.68,0.68,0.32,0.6276722857441038,0.31043219566345215,0.68
BCS6__Cow_36_1,Cow_36,0,2027,V,4,3,46,3.0,0.98,0.98,0.02,0.18951626036037475,0.025595786049962044,0.98
BCS6__Cow_36_1,Cow_36,0,2027,V,4,6,46,6.0,1.0,1.0,0.0,0.008070656007184837,0.004748955834656954,1.0
BCS6__Cow_36_1,Cow_36,0,2027,V,4,12,46,12.0,1.0,1.0,0.0,0.0041503176975967344,0.0026758841704577208,1.0
BCS6__Cow_45_9025,Cow_45,0,2027,V,4,1,31,1.0,1.0,1.0,0.0,0.0025048990327266557,0.0017959378892555833,1.0
BCS6__Cow_45_9025,Cow_45,0,2027,V,4,3,31,3.0,1.0,1.0,0.0,0.0015267065519444976,0.001117320847697556,1.0
BCS6__Cow_45_9025,Cow_45,0,2027,V,4,6,31,6.0,1.0,1.0,0.0,0.0009249790588728825,0.0006633996963500977,1.0
BCS6__Cow_45_9025,Cow_45,0,2027,V,4,12,31,12.0,1.0,1.0,0.0,0.0005715907133905885,0.0003823268925771117,1.0
BCS6__Cow_52_29,Cow_52,0,2027,V,4,1,55,1.0,1.0,1.0,0.0,0.0016591248382451552,0.001267674146220088,1.0
BCS6__Cow_52_29,Cow_52,0,2027,V,4,3,55,3.0,1.0,1.0,0.0,0.0008866468476134255,0.0008188477368094027,1.0
BCS6__Cow_52_29,Cow_52,0,2027,V,4,6,55,6.0,1.0,1.0,0.0,0.0006048029452055554,0.0006435891846194863,1.0
BCS6__Cow_52_29,Cow_52,0,2027,V,4,12,55,12.0,1.0,1.0,0.0,0.0003262458794143184,0.0005173958488740027,1.0
BCS6__Cow_7_9008,Cow_7,0,2027,V,4,1,19,1.0,1.0,1.0,0.0,0.014495566038466355,0.012450366280972958,1.0
BCS6__Cow_7_9008,Cow_7,0,2027,V,4,3,19,3.0,1.0,1.0,0.0,0.00693423437812779,0.005184646230190992,1.0
BCS6__Cow_7_9008,Cow_7,0,2027,V,4,6,19,6.0,1.0,1.0,0.0,0.0044562230169528805,0.0033621827606111765,1.0
BCS6__Cow_7_9008,Cow_7,0,2027,V,4,12,19,12.0,1.0,1.0,0.0,0.002882085594941142,0.002185885328799486,1.0
BCS2__Cow_11,Cow_11,1,2027,V,0,1,76,1.0,1.0,1.0,0.0,0.08382596503649256,0.06830820441246033,0.0
BCS2__Cow_11,Cow_11,1,2027,V,0,3,76,3.0,1.0,1.0,0.0,0.05320970790868412,0.04215036705136299,0.0
BCS2__Cow_11,Cow_11,1,2027,V,0,6,76,6.0,1.0,1.0,0.0,0.038189766262532454,0.02977963164448738,0.0
BCS2__Cow_11,Cow_11,1,2027,V,0,12,76,12.0,1.0,1.0,0.0,0.02825015618659489,0.03203858807682991,0.0
BCS2__Cow_11_1,Cow_11,1,2027,V,0,1,6,1.0,0.4,0.6,0.6,0.09058433059455476,0.05325385928153992,0.0
BCS2__Cow_11_1,Cow_11,1,2027,V,0,3,6,3.0,0.16,0.84,0.84,0.037483147627925394,0.04386826604604721,0.0
BCS2__Cow_11_1,Cow_11,1,2027,V,0,6,6,6.0,0.0,1.0,1.0,9.004128706011446e-08,0.04196535423398018,0.0
BCS2__Cow_11_1,Cow_11,1,2027,V,0,12,6,5.38,0.08,0.92,0.92,0.021230605022457116,0.04141056165099144,0.0
BCS2__Cow_11_2,Cow_11,1,2027,V,0,1,40,1.0,0.18,0.68,2.56,0.1634626117896933,0.37412142753601074,0.12
BCS2__Cow_11_2,Cow_11,1,2027,V,0,3,40,3.0,0.48,0.5,1.58,0.16821465411115857,0.19571809470653534,0.02
BCS2__Cow_11_2,Cow_11,1,2027,V,0,6,40,6.0,0.66,0.66,1.0,0.12946462804625677,0.17241625487804413,0.0
BCS2__Cow_11_2,Cow_11,1,2027,V,0,12,40,12.0,0.66,0.66,1.02,0.09374904243316916,0.12749813497066498,0.0
BCS3__Cow_14,Cow_14,1,2027,V,1,1,4,1.0,1.0,1.0,0.0,0.045960623959613714,0.018878905102610588,0.0
BCS3__Cow_14,Cow_14,1,2027,V,1,3,4,3.0,1.0,1.0,0.0,0.016486199752357544,0.013205524533987045,0.0
BCS3__Cow_14,Cow_14,1,2027,V,1,6,4,3.14,1.0,1.0,0.0,0.023347263674171725,0.014035298489034176,0.0
BCS3__Cow_14,Cow_14,1,2027,V,1,12,4,3.88,1.0,1.0,0.0,0.01847220898566504,0.015542588196694851,0.0
BCS3__Cow_14_0011,Cow_14,1,2027,V,1,1,4,1.0,1.0,1.0,0.0,0.05305667139354567,0.03486265242099762,1.0
BCS3__Cow_14_0011,Cow_14,1,2027,V,1,3,4,3.0,1.0,1.0,0.0,0.020559627380417306,0.0317496620118618,1.0
BCS3__Cow_14_0011,Cow_14,1,2027,V,1,6,4,3.48,1.0,1.0,0.0,0.02260868161296463,0.03295931965112686,1.0
BCS3__Cow_14_0011,Cow_14,1,2027,V,1,12,4,3.9,1.0,1.0,0.0,0.015172491657460877,0.03562772274017334,1.0
BCS3__Cow_6_103,Cow_6,1,2027,V,1,1,4,1.0,0.78,0.78,0.22,0.19226839302640153,0.06863570213317871,0.78
BCS3__Cow_6_103,Cow_6,1,2027,V,1,3,4,3.0,0.18,0.82,0.82,0.0760595171566805,0.06969989091157913,0.18
BCS3__Cow_6_103,Cow_6,1,2027,V,1,6,4,3.36,0.5,0.5,0.5,0.09094988546652179,0.060813527554273605,0.5
BCS3__Cow_6_103,Cow_6,1,2027,V,1,12,4,3.94,0.46,0.54,0.54,0.08241676914288408,0.0635632649064064,0.46
BCS4__Cow_1,Cow_1,1,2027,V,2,1,9,1.0,1.0,1.0,0.0,0.011036432984977232,0.006320880725979805,1.0
BCS4__Cow_1,Cow_1,1,2027,V,2,3,9,3.0,1.0,1.0,0.0,0.004840794014938788,0.0030730916187167168,1.0
BCS4__Cow_1,Cow_1,1,2027,V,2,6,9,6.0,1.0,1.0,0.0,0.003020893208967193,0.0018319246592000127,1.0
BCS4__Cow_1,Cow_1,1,2027,V,2,12,9,6.56,1.0,1.0,0.0,0.0035368928432054393,0.002173729706555605,1.0
BCS4__Cow_26,Cow_26,1,2027,V,2,1,7,1.0,1.0,1.0,0.0,0.020720995325083445,0.0066158706322312355,1.0
BCS4__Cow_26,Cow_26,1,2027,V,2,3,7,3.0,1.0,1.0,0.0,0.00956049305306769,0.0038111149333417416,1.0
BCS4__Cow_26,Cow_26,1,2027,V,2,6,7,6.0,1.0,1.0,0.0,0.0031860863822228786,0.0016879955073818564,1.0
BCS4__Cow_26,Cow_26,1,2027,V,2,12,7,5.86,1.0,1.0,0.0,0.006955784959666035,0.002571022603660822,1.0
BCS4__Cow_26_5051,Cow_26,1,2027,V,2,1,5,1.0,0.24,0.76,0.76,0.16944675782066643,0.1275869905948639,0.76
BCS4__Cow_26_5051,Cow_26,1,2027,V,2,3,5,3.0,0.0,1.0,1.0,0.05980884515596057,0.10794368386268616,1.0
BCS4__Cow_26_5051,Cow_26,1,2027,V,2,6,5,3.74,0.08,0.92,0.92,0.0621536935820055,0.10708685964345932,0.92
BCS4__Cow_26_5051,Cow_26,1,2027,V,2,12,5,4.56,0.0,1.0,1.0,0.040345389075382446,0.11083447188138962,1.0
BCS4__Cow_27_9008,Cow_27,1,2027,V,2,1,4,1.0,0.74,0.74,0.26,0.04825478185025769,0.027186952531337738,0.26
BCS4__Cow_27_9008,Cow_27,1,2027,V,2,3,4,3.0,1.0,1.0,0.0,0.01735663007751403,0.011273848824203014,0.0
BCS4__Cow_27_9008,Cow_27,1,2027,V,2,6,4,3.3,1.0,1.0,0.0,0.01768550461709821,0.010901336558163166,0.0
BCS4__Cow_27_9008,Cow_27,1,2027,V,2,12,4,3.86,1.0,1.0,0.0,0.012329846732242054,0.007887953892350197,0.0
BCS4__Cow_29_7007,Cow_29,1,2027,V,2,1,4,1.0,1.0,1.0,0.0,0.1176960187371559,0.060540519654750824,0.0
BCS4__Cow_29_7007,Cow_29,1,2027,V,2,3,4,3.0,1.0,1.0,0.0,0.036477929598360395,0.044947993010282516,0.0
BCS4__Cow_29_7007,Cow_29,1,2027,V,2,6,4,3.26,1.0,1.0,0.0,0.04535927965493985,0.05006890743970871,0.0
BCS4__Cow_29_7007,Cow_29,1,2027,V,2,12,4,3.88,1.0,1.0,0.0,0.02804556372270001,0.04565096274018288,0.0
BCS4__Cow_33,Cow_33,1,2027,V,2,1,21,1.0,1.0,1.0,0.0,0.008343016349290995,0.004646567162126303,1.0
BCS4__Cow_33,Cow_33,1,2027,V,2,3,21,3.0,1.0,1.0,0.0,0.004441678788038715,0.002416991861537099,1.0
BCS4__Cow_33,Cow_33,1,2027,V,2,6,21,6.0,1.0,1.0,0.0,0.0029526512487294708,0.0019211344188079238,1.0
BCS4__Cow_33,Cow_33,1,2027,V,2,12,21,12.0,1.0,1.0,0.0,0.0015327771479182793,0.0012803062563762069,1.0
BCS4__Cow_4,Cow_4,1,2027,V,2,1,4,1.0,1.0,1.0,0.0,0.030222482824538807,0.010562099516391754,1.0
BCS4__Cow_4,Cow_4,1,2027,V,2,3,4,3.0,1.0,1.0,0.0,0.012600474919790116,0.006667320616543293,1.0
BCS4__Cow_4,Cow_4,1,2027,V,2,6,4,3.4,1.0,1.0,0.0,0.013421090758268753,0.006354044657200575,1.0
BCS4__Cow_4,Cow_4,1,2027,V,2,12,4,3.88,1.0,1.0,0.0,0.01039754840071015,0.006733158603310585,1.0
BCS4__Cow_41,Cow_41,1,2027,V,2,1,3,1.0,1.0,1.0,0.0,0.008106568853511352,0.0027240177150815725,1.0
BCS4__Cow_41,Cow_41,1,2027,V,2,3,3,3.0,1.0,1.0,0.0,4.04933176823086e-08,0.0025311505887657404,1.0
BCS4__Cow_41,Cow_41,1,2027,V,2,6,3,2.68,1.0,1.0,0.0,0.0030409023597370148,0.00225700787268579,1.0
BCS4__Cow_41,Cow_41,1,2027,V,2,12,3,2.96,1.0,1.0,0.0,0.002549191554843305,0.00246802787296474,1.0
BCS4__Cow_48,Cow_48,1,2027,V,2,1,3,1.0,1.0,1.0,0.0,0.03548918766974976,0.019189978018403053,1.0
BCS4__Cow_48,Cow_48,1,2027,V,2,3,3,3.0,1.0,1.0,0.0,9.28455694623437e-08,0.01413037534803152,1.0
BCS4__Cow_48,Cow_48,1,2027,V,2,6,3,2.74,1.0,1.0,0.0,0.014275088495367589,0.015106819570064545,1.0
BCS4__Cow_48,Cow_48,1,2027,V,2,12,3,3.0,1.0,1.0,0.0,0.010146591254958485,0.015456213615834713,1.0
BCS4__Cow_4_1,Cow_4,1,2027,V,2,1,39,1.0,1.0,1.0,0.0,0.016787315736966867,0.00590653857216239,1.0
BCS4__Cow_4_1,Cow_4,1,2027,V,2,3,39,3.0,1.0,1.0,0.0,0.010183464785211498,0.003436790080741048,1.0
BCS4__Cow_4_1,Cow_4,1,2027,V,2,6,39,6.0,1.0,1.0,0.0,0.007240843879757863,0.002768644131720066,1.0
BCS4__Cow_4_1,Cow_4,1,2027,V,2,12,39,12.0,1.0,1.0,0.0,0.004173702570187761,0.001803081831894815,1.0
BCS4__Cow_6,Cow_6,1,2027,V,2,1,7,1.0,1.0,1.0,0.0,0.018256788023725684,0.007440320216119289,1.0
BCS4__Cow_6,Cow_6,1,2027,V,2,3,7,3.0,1.0,1.0,0.0,0.008734717043316294,0.004408130422234535,1.0
BCS4__Cow_6,Cow_6,1,2027,V,2,6,7,6.0,1.0,1.0,0.0,0.0026919177237482487,0.0039559765718877316,1.0
BCS4__Cow_6,Cow_6,1,2027,V,2,12,7,5.88,1.0,1.0,0.0,0.005827725125136878,0.003878854215145111,1.0
BCS5__Cow_12_NOTAG,Cow_12,1,2027,V,3,1,3,1.0,1.0,1.0,0.0,0.038663488820912445,0.018304524943232536,0.0
BCS5__Cow_12_NOTAG,Cow_12,1,2027,V,3,3,3,3.0,1.0,1.0,0.0,2.3875518862147373e-08,0.014944233931601048,0.0
BCS5__Cow_12_NOTAG,Cow_12,1,2027,V,3,6,3,2.82,1.0,1.0,0.0,0.013594327038380382,0.014998449012637138,0.0
BCS5__Cow_12_NOTAG,Cow_12,1,2027,V,3,12,3,2.96,1.0,1.0,0.0,0.010884747706523546,0.01455724611878395,0.0
BCS5__Cow_13,Cow_13,1,2027,V,3,1,20,1.0,1.0,1.0,0.0,0.014206921971304297,0.006413967814296484,0.0
BCS5__Cow_13,Cow_13,1,2027,V,3,3,20,3.0,1.0,1.0,0.0,0.007668288116559365,0.0033267871476709843,0.0
BCS5__Cow_13,Cow_13,1,2027,V,3,6,20,6.0,1.0,1.0,0.0,0.004722475264269751,0.0021137178409844637,0.0
BCS5__Cow_13,Cow_13,1,2027,V,3,12,20,12.0,1.0,1.0,0.0,0.0026405403357976356,0.001233101007528603,0.0
BCS5__Cow_13_8001,Cow_13,1,2027,V,3,1,3,1.0,1.0,1.0,0.0,0.0664959352079621,0.034615658223629,0.0
BCS5__Cow_13_8001,Cow_13,1,2027,V,3,3,3,3.0,1.0,1.0,0.0,7.309711093499668e-08,0.0356796495616436,0.0
BCS5__Cow_13_8001,Cow_13,1,2027,V,3,6,3,2.78,1.0,1.0,0.0,0.032000309684973444,0.030080674216151237,0.0
BCS5__Cow_13_8001,Cow_13,1,2027,V,3,12,3,2.98,1.0,1.0,0.0,0.023256976568371758,0.035875070840120316,0.0
BCS5__Cow_1_27,Cow_1,1,2027,V,3,1,3,1.0,1.0,1.0,0.0,0.04200966773966457,0.023400070145726204,0.0
BCS5__Cow_1_27,Cow_1,1,2027,V,3,3,3,3.0,1.0,1.0,0.0,1.3903434109646992e-07,0.018379362300038338,0.0
BCS5__Cow_1_27,Cow_1,1,2027,V,3,6,3,2.78,1.0,1.0,0.0,0.017284762728472115,0.018506325781345367,0.0
BCS5__Cow_1_27,Cow_1,1,2027,V,3,12,3,2.96,1.0,1.0,0.0,0.01299493259716227,0.017703790217638016,0.0
BCS5__Cow_27,Cow_27,1,2027,V,3,1,21,1.0,1.0,1.0,0.0,0.026646893178863724,0.01185118593275547,0.0
BCS5__Cow_27,Cow_27,1,2027,V,3,3,21,3.0,1.0,1.0,0.0,0.014473846695222529,0.0065496135503053665,0.0
BCS5__Cow_27,Cow_27,1,2027,V,3,6,21,6.0,1.0,1.0,0.0,0.008895416535922341,0.00407726876437664,0.0
BCS5__Cow_27,Cow_27,1,2027,V,3,12,21,12.0,1.0,1.0,0.0,0.004249619699303141,0.0022144103422760963,0.0
BCS5__Cow_29,Cow_29,1,2027,V,3,1,25,1.0,1.0,1.0,0.0,0.03297232696341277,0.009225807152688503,0.0
BCS5__Cow_29,Cow_29,1,2027,V,3,3,25,3.0,1.0,1.0,0.0,0.01586339041093714,0.005641722586005926,0.0
BCS5__Cow_29,Cow_29,1,2027,V,3,6,25,6.0,1.0,1.0,0.0,0.014415225581200671,0.005028661340475082,0.0
BCS5__Cow_29,Cow_29,1,2027,V,3,12,25,12.0,1.0,1.0,0.0,0.007146678670309592,0.0027940431609749794,0.0
BCS5__Cow_37,Cow_37,1,2027,V,3,1,26,1.0,1.0,1.0,0.0,0.020241676648120856,0.009296118281781673,0.0
BCS5__Cow_37,Cow_37,1,2027,V,3,3,26,3.0,1.0,1.0,0.0,0.010201188507249142,0.0055189840495586395,0.0
BCS5__Cow_37,Cow_37,1,2027,V,3,6,26,6.0,1.0,1.0,0.0,0.008359616761083658,0.0038526817224919796,0.0
BCS5__Cow_37,Cow_37,1,2027,V,3,12,26,12.0,1.0,1.0,0.0,0.0037864452547222744,0.0025731506757438183,0.0
BCS5__Cow_37_and_38,Cow_37,1,2027,V,3,1,3,1.0,1.0,1.0,0.0,0.02844703610576136,0.0117322513833642,0.0
BCS5__Cow_37_and_38,Cow_37,1,2027,V,3,3,3,3.0,1.0,1.0,0.0,1.8230022911698586e-07,0.00982204731553793,0.0
BCS5__Cow_37_and_38,Cow_37,1,2027,V,3,6,3,2.7,1.0,1.0,0.0,0.013537375589443085,0.011183332651853561,0.0
BCS5__Cow_37_and_38,Cow_37,1,2027,V,3,12,3,2.96,1.0,1.0,0.0,0.008979946818601018,0.009949189610779285,0.0
BCS5__Cow_43,Cow_43,1,2027,V,3,1,37,1.0,1.0,1.0,0.0,0.01612850503920664,0.005498080048710108,0.0
BCS5__Cow_43,Cow_43,1,2027,V,3,3,37,3.0,1.0,1.0,0.0,0.008797518375129128,0.0035092586185783148,0.0
BCS5__Cow_43,Cow_43,1,2027,V,3,6,37,6.0,1.0,1.0,0.0,0.004504576315308685,0.0026090708561241627,0.0
BCS5__Cow_43,Cow_43,1,2027,V,3,12,37,12.0,1.0,1.0,0.0,0.0035452086967911996,0.0016730503411963582,0.0
BCS5__Cow_48_1018,Cow_48,1,2027,V,3,1,3,1.0,1.0,1.0,0.0,0.04380806447547646,0.016012495383620262,0.0
BCS5__Cow_48_1018,Cow_48,1,2027,V,3,3,3,3.0,1.0,1.0,0.0,1.3237032256679812e-07,0.010416204109787941,0.0
BCS5__Cow_48_1018,Cow_48,1,2027,V,3,6,3,2.82,1.0,1.0,0.0,0.01867572636166642,0.01213364489376545,0.0
BCS5__Cow_48_1018,Cow_48,1,2027,V,3,12,3,2.98,1.0,1.0,0.0,0.014512414953952725,0.011037620715796947,0.0
BCS5__Cow_54,Cow_54,1,2027,V,3,1,6,1.0,1.0,1.0,0.0,0.03391363197357725,0.013190843164920807,0.0
BCS5__Cow_54,Cow_54,1,2027,V,3,3,6,3.0,1.0,1.0,0.0,0.014757668525914395,0.007775074802339077,0.0
BCS5__Cow_54,Cow_54,1,2027,V,3,6,6,6.0,1.0,1.0,0.0,8.385365033719048e-08,0.008951256982982159,0.0
BCS5__Cow_54,Cow_54,1,2027,V,3,12,6,5.4,1.0,1.0,0.0,0.009689188077796045,0.009407002478837967,0.0
BCS5__Cow_6_5051,Cow_6,1,2027,V,3,1,3,1.0,1.0,1.0,0.0,0.02219168233892732,0.017115021124482155,0.0
BCS5__Cow_6_5051,Cow_6,1,2027,V,3,3,3,3.0,1.0,1.0,0.0,1.539907402523261e-07,0.012646672315895557,0.0
BCS5__Cow_6_5051,Cow_6,1,2027,V,3,6,3,2.74,1.0,1.0,0.0,0.009756892896828852,0.013365788385272026,0.0
BCS5__Cow_6_5051,Cow_6,1,2027,V,3,12,3,2.96,1.0,1.0,0.0,0.007928763160557146,0.012832612730562687,0.0
BCS6__Cow_11_07,Cow_11,1,2027,V,4,1,27,1.0,0.72,0.72,0.56,0.5759291397336,0.22077015042304993,0.72
BCS6__Cow_11_07,Cow_11,1,2027,V,4,3,27,3.0,0.96,0.96,0.08,0.27213718658994146,0.08239173144102097,0.96
BCS6__Cow_11_07,Cow_11,1,2027,V,4,6,27,6.0,1.0,1.0,0.0,0.10484090529677628,0.038457486778497696,1.0
BCS6__Cow_11_07,Cow_11,1,2027,V,4,12,27,12.0,1.0,1.0,0.0,0.07277463248719697,0.0323619544506073,1.0
BCS6__Cow_12_2014,Cow_12,1,2027,V,4,1,39,1.0,0.9,0.9,0.2,0.46859228001511133,0.17033760249614716,0.9
BCS6__Cow_12_2014,Cow_12,1,2027,V,4,3,39,3.0,1.0,1.0,0.0,0.25676102493269964,0.05864234268665314,1.0
BCS6__Cow_12_2014,Cow_12,1,2027,V,4,6,39,6.0,1.0,1.0,0.0,0.14488955547380034,0.03627091273665428,1.0
BCS6__Cow_12_2014,Cow_12,1,2027,V,4,12,39,12.0,1.0,1.0,0.0,0.08118474494953956,0.02548929862678051,1.0
BCS6__Cow_13_66,Cow_13,1,2027,V,4,1,20,1.0,1.0,1.0,0.0,0.02023818475844293,0.008173615671694279,1.0
BCS6__Cow_13_66,Cow_13,1,2027,V,4,3,20,3.0,1.0,1.0,0.0,0.009679604564275747,0.004009363241493702,1.0
BCS6__Cow_13_66,Cow_13,1,2027,V,4,6,20,6.0,1.0,1.0,0.0,0.007934209737017786,0.0031243544071912766,1.0
BCS6__Cow_13_66,Cow_13,1,2027,V,4,12,20,12.0,1.0,1.0,0.0,0.0036904871467556746,0.00144279096275568,1.0
BCS6__Cow_26_6,Cow_26,1,2027,V,4,1,9,1.0,1.0,1.0,0.0,0.015376879791327009,0.0066846520639956,1.0
BCS6__Cow_26_6,Cow_26,1,2027,V,4,3,9,3.0,1.0,1.0,0.0,0.007933572695039443,0.0033542057499289513,1.0
BCS6__Cow_26_6,Cow_26,1,2027,V,4,6,9,6.0,1.0,1.0,0.0,0.00376183119575544,0.002068731002509594,1.0
BCS6__Cow_26_6,Cow_26,1,2027,V,4,12,9,7.04,1.0,1.0,0.0,0.004280081285098234,0.0020565902814269066,1.0
BCS6__Cow_29_NOTAG,Cow_29,1,2027,V,4,1,34,1.0,1.0,1.0,0.0,0.028185108595354884,0.012699347920715809,1.0
BCS6__Cow_29_NOTAG,Cow_29,1,2027,V,4,3,34,3.0,1.0,1.0,0.0,0.016852053087204076,0.00675920071080327,1.0
BCS6__Cow_29_NOTAG,Cow_29,1,2027,V,4,6,34,6.0,1.0,1.0,0.0,0.011744501705388972,0.004763606004416943,1.0
BCS6__Cow_29_NOTAG,Cow_29,1,2027,V,4,12,34,12.0,1.0,1.0,0.0,0.007502634004380254,0.003325400408357382,1.0
BCS6__Cow_35,Cow_35,1,2027,V,4,1,24,1.0,0.48,0.52,1.04,0.6649577026939103,0.39334046840667725,0.48
BCS6__Cow_35,Cow_35,1,2027,V,4,3,24,3.0,0.88,0.88,0.24,0.39799243101673887,0.168880894780159,0.88
BCS6__Cow_35,Cow_35,1,2027,V,4,6,24,6.0,0.98,0.98,0.04,0.26601644121708024,0.12436635792255402,0.98
BCS6__Cow_35,Cow_35,1,2027,V,4,12,24,12.0,1.0,1.0,0.0,0.15808426054025868,0.08670084923505783,1.0
BCS6__Cow_4_103,Cow_4,1,2027,V,4,1,47,1.0,1.0,1.0,0.0,0.03662016800574451,0.011477777734398842,1.0
BCS6__Cow_4_103,Cow_4,1,2027,V,4,3,47,3.0,1.0,1.0,0.0,0.021084248173439426,0.00742419483140111,1.0
BCS6__Cow_4_103,Cow_4,1,2027,V,4,6,47,6.0,1.0,1.0,0.0,0.01375057439637622,0.0047391378320753574,1.0
BCS6__Cow_4_103,Cow_4,1,2027,V,4,12,47,12.0,1.0,1.0,0.0,0.008797209106442473,0.0030251690186560154,1.0
BCS2__Cow_5_1,Cow_5,2,2027,V,0,1,10,1.0,1.0,1.0,0.0,0.013884608933284335,0.007646122947335243,0.0
BCS2__Cow_5_1,Cow_5,2,2027,V,0,3,10,3.0,1.0,1.0,0.0,0.00696889961559518,0.0036949007771909237,0.0
BCS2__Cow_5_1,Cow_5,2,2027,V,0,6,10,6.0,1.0,1.0,0.0,0.004286966388079012,0.002418314106762409,0.0
BCS2__Cow_5_1,Cow_5,2,2027,V,0,12,10,7.2,1.0,1.0,0.0,0.004002994124377599,0.0020424691028892994,0.0
BCS3__Cow_20_0029,Cow_20,2,2027,V,1,1,4,1.0,1.0,1.0,0.0,0.08943553700622293,0.047234538942575455,0.0
BCS3__Cow_20_0029,Cow_20,2,2027,V,1,3,4,3.0,1.0,1.0,0.0,0.026491176347966362,0.02322722226381302,0.0
BCS3__Cow_20_0029,Cow_20,2,2027,V,1,6,4,3.44,1.0,1.0,0.0,0.03431589922690992,0.02445071190595627,0.0
BCS3__Cow_20_0029,Cow_20,2,2027,V,1,12,4,3.86,1.0,1.0,0.0,0.026685480975604855,0.02189008891582489,0.0
BCS3__Cow_22,Cow_22,2,2027,V,1,1,20,1.0,1.0,1.0,0.0,0.0325362462983347,0.03060479648411274,1.0
BCS3__Cow_22,Cow_22,2,2027,V,1,3,20,3.0,1.0,1.0,0.0,0.030140617228195714,0.02404383011162281,1.0
BCS3__Cow_22,Cow_22,2,2027,V,1,6,20,6.0,1.0,1.0,0.0,0.01996216066309962,0.015607016161084175,1.0
BCS3__Cow_22,Cow_22,2,2027,V,1,12,20,12.0,1.0,1.0,0.0,0.010753852868990714,0.010062030516564846,1.0
BCS3__Cow_22_1,Cow_22,2,2027,V,1,1,6,1.0,1.0,1.0,0.0,0.1209912339913779,0.09885340929031372,1.0
BCS3__Cow_22_1,Cow_22,2,2027,V,1,3,6,3.0,1.0,1.0,0.0,0.03747247416615262,0.05072419345378876,1.0
BCS3__Cow_22_1,Cow_22,2,2027,V,1,6,6,6.0,1.0,1.0,0.0,2.2879738102001818e-08,0.053929317742586136,1.0
BCS3__Cow_22_1,Cow_22,2,2027,V,1,12,6,5.46,1.0,1.0,0.0,0.0280773735393169,0.057004813104867935,1.0
BCS4__Cow_10,Cow_10,2,2027,V,2,1,41,1.0,1.0,1.0,0.0,0.07454814641067856,0.03163504600524902,0.0
BCS4__Cow_10,Cow_10,2,2027,V,2,3,41,3.0,1.0,1.0,0.0,0.029256180264857715,0.014659705571830273,0.0
BCS4__Cow_10,Cow_10,2,2027,V,2,6,41,6.0,1.0,1.0,0.0,0.020394713284740826,0.010076191276311874,0.0
BCS4__Cow_10,Cow_10,2,2027,V,2,12,41,12.0,1.0,1.0,0.0,0.015440664490212528,0.00897771492600441,0.0
BCS4__Cow_10_2038,Cow_10,2,2027,V,2,1,4,1.0,0.66,0.66,0.68,0.08556017273944441,0.03777112811803818,0.0
BCS4__Cow_10_2038,Cow_10,2,2027,V,2,3,4,3.0,1.0,1.0,0.0,0.026292584627942116,0.016441628336906433,0.0
BCS4__Cow_10_2038,Cow_10,2,2027,V,2,6,4,3.32,1.0,1.0,0.0,0.03269445660166272,0.016219008713960648,0.0
BCS4__Cow_10_2038,Cow_10,2,2027,V,2,12,4,3.84,1.0,1.0,0.0,0.02361487435301041,0.012357465922832489,0.0
BCS4__Cow_22_6005,Cow_22,2,2027,V,2,1,4,1.0,1.0,1.0,0.0,0.07266773343393741,0.03924844413995743,0.0
BCS4__Cow_22_6005,Cow_22,2,2027,V,2,3,4,3.0,1.0,1.0,0.0,0.028824385573862524,0.036970268934965134,0.0
BCS4__Cow_22_6005,Cow_22,2,2027,V,2,6,4,3.32,1.0,1.0,0.0,0.03643427951297334,0.03555551543831825,0.0
BCS4__Cow_22_6005,Cow_22,2,2027,V,2,12,4,3.88,1.0,1.0,0.0,0.023171731196772516,0.03561391681432724,0.0
BCS4__Cow_30,Cow_30,2,2027,V,2,1,4,1.0,1.0,1.0,0.0,0.05502696697101785,0.028819609433412552,0.0
BCS4__Cow_30,Cow_30,2,2027,V,2,3,4,3.0,1.0,1.0,0.0,0.01792252901441505,0.01685572788119316,0.0
BCS4__Cow_30,Cow_30,2,2027,V,2,6,4,3.22,1.0,1.0,0.0,0.023862557117205994,0.015555931255221367,0.0
BCS4__Cow_30,Cow_30,2,2027,V,2,12,4,3.92,1.0,1.0,0.0,0.01618227484539386,0.012101509608328342,0.0
BCS4__Cow_42,Cow_42,2,2027,V,2,1,11,1.0,1.0,1.0,0.0,0.049974629845640745,0.030885256826877594,0.0
BCS4__Cow_42,Cow_42,2,2027,V,2,3,11,3.0,1.0,1.0,0.0,0.02622160610444255,0.014848959632217884,0.0
BCS4__Cow_42,Cow_42,2,2027,V,2,6,11,6.0,1.0,1.0,0.0,0.015584570037327623,0.008847502060234547,0.0
BCS4__Cow_42,Cow_42,2,2027,V,2,12,11,7.42,1.0,1.0,0.0,0.015177929824371033,0.009396182373166084,0.0
BCS4__Cow_47_1,Cow_47,2,2027,V,2,1,7,1.0,0.9,0.9,0.2,0.1434216091198205,0.057457584887742996,0.0
BCS4__Cow_47_1,Cow_47,2,2027,V,2,3,7,3.0,1.0,1.0,0.0,0.07058778089264751,0.030746154487133026,0.0
BCS4__Cow_47_1,Cow_47,2,2027,V,2,6,7,6.0,1.0,1.0,0.0,0.019622309061007426,0.015822911635041237,0.0
BCS4__Cow_47_1,Cow_47,2,2027,V,2,12,7,6.0,1.0,1.0,0.0,0.030865804501098885,0.013902319595217705,0.0
BCS4__Cow_49,Cow_49,2,2027,V,2,1,7,1.0,1.0,1.0,0.0,0.0820372616886113,0.039765242487192154,0.0
BCS4__Cow_49,Cow_49,2,2027,V,2,3,7,3.0,1.0,1.0,0.0,0.035566795707088705,0.015619770623743534,0.0
BCS4__Cow_49,Cow_49,2,2027,V,2,6,7,6.0,1.0,1.0,0.0,0.014860527325985503,0.010280448943376541,0.0
BCS4__Cow_49,Cow_49,2,2027,V,2,12,7,5.88,1.0,1.0,0.0,0.02099598282200284,0.011342274025082588,0.0
BCS4__Cow_55,Cow_55,2,2027,V,2,1,4,1.0,1.0,1.0,0.0,0.09438577917423382,0.04671713337302208,0.0
BCS4__Cow_55,Cow_55,2,2027,V,2,3,4,3.0,1.0,1.0,0.0,0.025619404977739364,0.019980836659669876,0.0
BCS4__Cow_55,Cow_55,2,2027,V,2,6,4,3.24,1.0,1.0,0.0,0.03615186300730478,0.02481190487742424,0.0
BCS4__Cow_55,Cow_55,2,2027,V,2,12,4,3.86,1.0,1.0,0.0,0.022478906933291833,0.018203353509306908,0.0
BCS4__Cow_8,Cow_8,2,2027,V,2,1,26,1.0,1.0,1.0,0.0,0.04672666323369242,0.019541017711162567,0.0
BCS4__Cow_8,Cow_8,2,2027,V,2,3,26,3.0,1.0,1.0,0.0,0.020114350192563368,0.009607028216123581,0.0
BCS4__Cow_8,Cow_8,2,2027,V,2,6,26,6.0,1.0,1.0,0.0,0.014514704250191557,0.007487560622394085,0.0
BCS4__Cow_8,Cow_8,2,2027,V,2,12,26,12.0,1.0,1.0,0.0,0.011057720848428463,0.005688915029168129,0.0
BCS4__Cow_9,Cow_9,2,2027,V,2,1,19,1.0,1.0,1.0,0.0,0.06486753948358083,0.030578674748539925,0.0
BCS4__Cow_9,Cow_9,2,2027,V,2,3,19,3.0,1.0,1.0,0.0,0.03815581280599459,0.016587957739830017,0.0
BCS4__Cow_9,Cow_9,2,2027,V,2,6,19,6.0,1.0,1.0,0.0,0.022507434213815247,0.009922441095113754,0.0
BCS4__Cow_9,Cow_9,2,2027,V,2,12,19,12.0,1.0,1.0,0.0,0.012660061919231828,0.005439293570816517,0.0
BCS5__Cow_10_0029,Cow_10,2,2027,V,3,1,5,1.0,1.0,1.0,0.0,0.05515214469355727,0.040179792791604996,1.0
BCS5__Cow_10_0029,Cow_10,2,2027,V,3,3,5,3.0,1.0,1.0,0.0,0.032015982001758175,0.02757006324827671,1.0
BCS5__Cow_10_0029,Cow_10,2,2027,V,3,6,5,3.7,1.0,1.0,0.0,0.028816077257502907,0.027097946032881737,1.0
BCS5__Cow_10_0029,Cow_10,2,2027,V,3,12,5,4.5,1.0,1.0,0.0,0.021066504061160285,0.02439022995531559,1.0
BCS5__Cow_24,Cow_24,2,2027,V,3,1,12,1.0,1.0,1.0,0.0,0.039079518203675445,0.014005693607032299,1.0
BCS5__Cow_24,Cow_24,2,2027,V,3,3,12,3.0,1.0,1.0,0.0,0.015959575148873542,0.007878321222960949,1.0
BCS5__Cow_24,Cow_24,2,2027,V,3,6,12,6.0,1.0,1.0,0.0,0.013300667865360069,0.006204215809702873,1.0
BCS5__Cow_24,Cow_24,2,2027,V,3,12,12,12.0,1.0,1.0,0.0,9.813352028569212e-08,5.5022539413585037e-08,1.0
BCS5__Cow_24_7022,Cow_24,2,2027,V,3,1,3,1.0,1.0,1.0,0.0,0.08890951374243847,0.04170547425746918,1.0
BCS5__Cow_24_7022,Cow_24,2,2027,V,3,3,3,3.0,1.0,1.0,0.0,1.2188912666972533e-07,0.04083695262670517,1.0
BCS5__Cow_24_7022,Cow_24,2,2027,V,3,6,3,2.78,1.0,1.0,0.0,0.03597317369598106,0.03975309431552887,1.0
BCS5__Cow_24_7022,Cow_24,2,2027,V,3,12,3,2.96,1.0,1.0,0.0,0.028562387543667342,0.04159001260995865,1.0
BCS5__Cow_28,Cow_28,2,2027,V,3,1,28,1.0,1.0,1.0,0.0,0.0660889772968543,0.020234694704413414,1.0
BCS5__Cow_28,Cow_28,2,2027,V,3,3,28,3.0,1.0,1.0,0.0,0.021031872402157686,0.01109462883323431,1.0
BCS5__Cow_28,Cow_28,2,2027,V,3,6,28,6.0,1.0,1.0,0.0,0.013392075078108464,0.007646485697478056,1.0
BCS5__Cow_28,Cow_28,2,2027,V,3,12,28,12.0,1.0,1.0,0.0,0.008361822457072354,0.0054603754542768,1.0
BCS5__Cow_28_4024,Cow_28,2,2027,V,3,1,3,1.0,1.0,1.0,0.0,0.05358570199688697,0.035114970058202744,1.0
BCS5__Cow_28_4024,Cow_28,2,2027,V,3,3,3,3.0,1.0,1.0,0.0,5.617285627116695e-08,0.02824159897863865,1.0
BCS5__Cow_28_4024,Cow_28,2,2027,V,3,6,3,2.76,1.0,1.0,0.0,0.019395584418016143,0.027246082201600075,1.0
BCS5__Cow_28_4024,Cow_28,2,2027,V,3,12,3,3.0,1.0,1.0,0.0,0.01643101013925096,0.02936985343694687,1.0
BCS5__Cow_3,Cow_3,2,2027,V,3,1,10,1.0,1.0,1.0,0.0,0.007001525378414911,0.005331218242645264,0.0
BCS5__Cow_3,Cow_3,2,2027,V,3,3,10,3.0,1.0,1.0,0.0,0.0031416332734939783,0.0024093911051750183,0.0
BCS5__Cow_3,Cow_3,2,2027,V,3,6,10,6.0,1.0,1.0,0.0,0.0015382045692167595,0.0017662427853792906,0.0
BCS5__Cow_3,Cow_3,2,2027,V,3,12,10,7.26,1.0,1.0,0.0,0.0015495348581522606,0.0016871043480932713,0.0
BCS5__Cow_30_30,Cow_30,2,2027,V,3,1,6,1.0,1.0,1.0,0.0,0.05241989750724175,0.03203864395618439,1.0
BCS5__Cow_30_30,Cow_30,2,2027,V,3,3,6,3.0,1.0,1.0,0.0,0.021142845808885636,0.01708816923201084,1.0
BCS5__Cow_30_30,Cow_30,2,2027,V,3,6,6,6.0,1.0,1.0,0.0,1.1585944951438812e-07,0.0155678391456604,1.0
BCS5__Cow_30_30,Cow_30,2,2027,V,3,12,6,5.24,1.0,1.0,0.0,0.015228895991818857,0.015561183914542198,1.0
BCS5__Cow_34,Cow_34,2,2027,V,3,1,9,1.0,0.8,0.8,0.4,0.5182757056808949,0.1532105952501297,0.0
BCS5__Cow_34,Cow_34,2,2027,V,3,3,9,3.0,1.0,1.0,0.0,0.14686872869961246,0.07036833465099335,0.0
BCS5__Cow_34,Cow_34,2,2027,V,3,6,9,6.0,1.0,1.0,0.0,0.07034169009146529,0.07176689058542252,0.0
BCS5__Cow_34,Cow_34,2,2027,V,3,12,9,6.9,1.0,1.0,0.0,0.09355029286285323,0.06298190355300903,0.0
BCS5__Cow_34_1,Cow_34,2,2027,V,3,1,4,1.0,0.54,0.54,0.46,0.31801003572142444,0.10927421599626541,0.54
BCS5__Cow_34_1,Cow_34,2,2027,V,3,3,4,3.0,0.0,1.0,1.0,0.11863476096928471,0.09737181663513184,0.0
BCS5__Cow_34_1,Cow_34,2,2027,V,3,6,4,3.38,0.08,0.92,0.92,0.14598439558747867,0.0885487049818039,0.08
BCS5__Cow_34_1,Cow_34,2,2027,V,3,12,4,3.82,0.0,1.0,1.0,0.11292167407101236,0.09639091789722443,0.0
BCS5__Cow_50,Cow_50,2,2027,V,3,1,39,1.0,1.0,1.0,0.0,0.0211825466509635,0.009144391864538193,1.0
BCS5__Cow_50,Cow_50,2,2027,V,3,3,39,3.0,1.0,1.0,0.0,0.012033604592953278,0.005399802234023809,1.0
BCS5__Cow_50,Cow_50,2,2027,V,3,6,39,6.0,1.0,1.0,0.0,0.009903311719392871,0.004312570206820965,1.0
BCS5__Cow_50,Cow_50,2,2027,V,3,12,39,12.0,1.0,1.0,0.0,0.004793253506521895,0.0029633536469191313,1.0
BCS5__Cow_50_49,Cow_50,2,2027,V,3,1,3,1.0,1.0,1.0,0.0,0.03428982924970307,0.016365479677915573,1.0
BCS5__Cow_50_49,Cow_50,2,2027,V,3,3,3,3.0,1.0,1.0,0.0,1.3725249465357673e-08,0.011756655760109425,1.0
BCS5__Cow_50_49,Cow_50,2,2027,V,3,6,3,2.64,1.0,1.0,0.0,0.019976097229617122,0.012606803327798843,1.0
BCS5__Cow_50_49,Cow_50,2,2027,V,3,12,3,3.0,1.0,1.0,0.0,0.011054810368716387,0.012966744601726532,1.0
BCS5__Cow_8_NOTAG,Cow_8,2,2027,V,3,1,4,1.0,1.0,1.0,0.0,0.0609021207468328,0.02947128750383854,1.0
BCS5__Cow_8_NOTAG,Cow_8,2,2027,V,3,3,4,3.0,1.0,1.0,0.0,0.014909420521853534,0.01051158644258976,1.0
BCS5__Cow_8_NOTAG,Cow_8,2,2027,V,3,6,4,3.44,1.0,1.0,0.0,0.022165437087103407,0.01327895000576973,1.0
BCS5__Cow_8_NOTAG,Cow_8,2,2027,V,3,12,4,3.88,1.0,1.0,0.0,0.01680222879904663,0.01097279042005539,1.0
BCS6__Cow_18,Cow_18,2,2027,V,4,1,33,1.0,0.5,0.5,0.5,0.7541461560964849,0.42188847064971924,0.5
BCS6__Cow_18,Cow_18,2,2027,V,4,3,33,3.0,0.92,0.92,0.08,0.41242355498605204,0.09245949983596802,0.92
BCS6__Cow_18,Cow_18,2,2027,V,4,6,33,6.0,1.0,1.0,0.0,0.02510970166579255,0.022298099473118782,1.0
BCS6__Cow_18,Cow_18,2,2027,V,4,12,33,12.0,1.0,1.0,0.0,0.017466068041606445,0.021252188831567764,1.0
BCS6__Cow_18_32,Cow_18,2,2027,V,4,1,46,1.0,0.92,0.92,0.08,0.32305593075973177,0.07186674326658249,0.92
BCS6__Cow_18_32,Cow_18,2,2027,V,4,3,46,3.0,1.0,1.0,0.0,0.007865283119420835,0.00458489777520299,1.0
BCS6__Cow_18_32,Cow_18,2,2027,V,4,6,46,6.0,1.0,1.0,0.0,0.00600513174507668,0.004254348110407591,1.0
BCS6__Cow_18_32,Cow_18,2,2027,V,4,12,46,12.0,1.0,1.0,0.0,0.004082999988687925,0.0041869524866342545,1.0
BCS6__Cow_24_08,Cow_24,2,2027,V,4,1,22,1.0,1.0,1.0,0.0,0.03027141138511693,0.009783150628209114,1.0
BCS6__Cow_24_08,Cow_24,2,2027,V,4,3,22,3.0,1.0,1.0,0.0,0.016365696048170796,0.0052223894745111465,1.0
BCS6__Cow_24_08,Cow_24,2,2027,V,4,6,22,6.0,1.0,1.0,0.0,0.011089121560242252,0.004556793719530106,1.0
BCS6__Cow_24_08,Cow_24,2,2027,V,4,12,22,12.0,1.0,1.0,0.0,0.0057827930001264245,0.002696370705962181,1.0
BCS6__Cow_28_3083,Cow_28,2,2027,V,4,1,18,1.0,1.0,1.0,0.0,0.02475412656026379,0.013193863444030285,1.0
BCS6__Cow_28_3083,Cow_28,2,2027,V,4,3,18,3.0,1.0,1.0,0.0,0.016861591781760433,0.00847669504582882,1.0
BCS6__Cow_28_3083,Cow_28,2,2027,V,4,6,18,6.0,1.0,1.0,0.0,0.008523606623379,0.004373291041702032,1.0
BCS6__Cow_28_3083,Cow_28,2,2027,V,4,12,18,12.0,1.0,1.0,0.0,0.005681950302945916,0.00306231458671391,1.0
BCS6__Cow_3_25,Cow_3,2,2027,V,4,1,22,1.0,1.0,1.0,0.0,0.016307368085739963,0.00553533062338829,1.0
BCS6__Cow_3_25,Cow_3,2,2027,V,4,3,22,3.0,1.0,1.0,0.0,0.007172283807431659,0.0027068001218140125,1.0
BCS6__Cow_3_25,Cow_3,2,2027,V,4,6,22,6.0,1.0,1.0,0.0,0.004413384355890554,0.0015801920089870691,1.0
BCS6__Cow_3_25,Cow_3,2,2027,V,4,12,22,12.0,1.0,1.0,0.0,0.0030281210268627225,0.0011176273692399263,1.0
BCS6__Cow_47_68,Cow_47,2,2027,V,4,1,31,1.0,1.0,1.0,0.0,0.008874756340086035,0.004269498400390148,1.0
BCS6__Cow_47_68,Cow_47,2,2027,V,4,3,31,3.0,1.0,1.0,0.0,0.005599011015603565,0.002434783848002553,1.0
BCS6__Cow_47_68,Cow_47,2,2027,V,4,6,31,6.0,1.0,1.0,0.0,0.0034806389999229646,0.0014679058222100139,1.0
BCS6__Cow_47_68,Cow_47,2,2027,V,4,12,31,12.0,1.0,1.0,0.0,0.002176963331443662,0.0009451619698666036,1.0
BCS6__Cow_9_1044,Cow_9,2,2027,V,4,1,36,1.0,1.0,1.0,0.0,0.016271682213530002,0.01044494193047285,1.0
BCS6__Cow_9_1044,Cow_9,2,2027,V,4,3,36,3.0,1.0,1.0,0.0,0.006903352332723447,0.005016339477151632,1.0
BCS6__Cow_9_1044,Cow_9,2,2027,V,4,6,36,6.0,1.0,1.0,0.0,0.0058343747619921905,0.004349792841821909,1.0
BCS6__Cow_9_1044,Cow_9,2,2027,V,4,12,36,12.0,1.0,1.0,0.0,0.0036227021276354003,0.0027563211042433977,1.0
BCS2__Cow_21_8029,Cow_21,0,2028,V,0,1,17,1.0,0.7,0.7,1.2,0.27013804254636153,0.056785207241773605,0.7
BCS2__Cow_21_8029,Cow_21,0,2028,V,0,3,17,3.0,0.82,0.82,0.72,0.1330372306180668,0.027883736416697502,0.82
BCS2__Cow_21_8029,Cow_21,0,2028,V,0,6,17,6.0,0.96,0.96,0.16,0.09694044260297693,0.021761802956461906,0.96
BCS2__Cow_21_8029,Cow_21,0,2028,V,0,12,17,12.0,1.0,1.0,0.0,0.045488695198618354,0.010125688277184963,1.0
BCS3__Cow_16,Cow_16,0,2028,V,1,1,20,1.0,1.0,1.0,0.0,0.012439530882196684,0.010177387855947018,0.0
BCS3__Cow_16,Cow_16,0,2028,V,1,3,20,3.0,1.0,1.0,0.0,0.006578602744343237,0.005043548531830311,0.0
BCS3__Cow_16,Cow_16,0,2028,V,1,6,20,6.0,1.0,1.0,0.0,0.004159411167470562,0.003919180482625961,0.0
BCS3__Cow_16,Cow_16,0,2028,V,1,12,20,12.0,1.0,1.0,0.0,0.0020097414314574477,0.0022753956727683544,0.0
BCS3__Cow_16_1004,Cow_16,0,2028,V,1,1,3,1.0,1.0,1.0,0.0,0.03821060697643188,0.032507672905921936,1.0
BCS3__Cow_16_1004,Cow_16,0,2028,V,1,3,3,3.0,1.0,1.0,0.0,1.5559117901780254e-07,0.029532719403505325,1.0
BCS3__Cow_16_1004,Cow_16,0,2028,V,1,6,3,2.7,1.0,1.0,0.0,0.012978613819409712,0.03182167187333107,1.0
BCS3__Cow_16_1004,Cow_16,0,2028,V,1,12,3,2.96,1.0,1.0,0.0,0.011603991209225195,0.0273028202354908,1.0
BCS3__Cow_25_66,Cow_25,0,2028,V,1,1,3,1.0,1.0,1.0,0.0,0.022326412007730903,0.014627614058554173,0.0
BCS3__Cow_25_66,Cow_25,0,2028,V,1,3,3,3.0,1.0,1.0,0.0,1.9813970026823074e-07,0.007107226178050041,0.0
BCS3__Cow_25_66,Cow_25,0,2028,V,1,6,3,2.76,1.0,1.0,0.0,0.009182044011639034,0.00856585893779993,0.0
BCS3__Cow_25_66,Cow_25,0,2028,V,1,12,3,2.96,1.0,1.0,0.0,0.006411395904384008,0.006860187277197838,0.0
BCS3__Cow_2_1015,Cow_2,0,2028,V,1,1,4,1.0,1.0,1.0,0.0,0.04524916884265114,0.034922316670417786,0.0
BCS3__Cow_2_1015,Cow_2,0,2028,V,1,3,4,3.0,1.0,1.0,0.0,0.025065068042730964,0.023005977272987366,0.0
BCS3__Cow_2_1015,Cow_2,0,2028,V,1,6,4,3.24,1.0,1.0,0.0,0.022555722449265108,0.01887713372707367,0.0
BCS3__Cow_2_1015,Cow_2,0,2028,V,1,12,4,3.8,1.0,1.0,0.0,0.0167995521338528,0.01866556704044342,0.0
BCS3__Cow_46,Cow_46,0,2028,V,1,1,17,1.0,1.0,1.0,0.0,0.12947101425582005,0.07757238298654556,1.0
BCS3__Cow_46,Cow_46,0,2028,V,1,3,17,3.0,1.0,1.0,0.0,0.09733384982219669,0.06452310085296631,1.0
BCS3__Cow_46,Cow_46,0,2028,V,1,6,17,6.0,1.0,1.0,0.0,0.05730626072715725,0.03678412362933159,1.0
BCS3__Cow_46,Cow_46,0,2028,V,1,12,17,12.0,1.0,1.0,0.0,0.032558947567663185,0.020719733089208603,1.0
BCS3__Cow_46_1,Cow_46,0,2028,V,1,1,9,1.0,1.0,1.0,0.0,0.01588313180099771,0.01456975843757391,1.0
BCS3__Cow_46_1,Cow_46,0,2028,V,1,3,9,3.0,1.0,1.0,0.0,0.007005221312943158,0.007572150323539972,1.0
BCS3__Cow_46_1,Cow_46,0,2028,V,1,6,9,6.0,1.0,1.0,0.0,0.0034402153691484414,0.005383491516113281,1.0
BCS3__Cow_46_1,Cow_46,0,2028,V,1,12,9,7.06,1.0,1.0,0.0,0.003296894441686747,0.0043531726114451885,1.0
BCS3__Cow_46_2,Cow_46,0,2028,V,1,1,3,1.0,0.64,0.64,0.36,0.3404154156225462,0.3799535036087036,0.64
BCS3__Cow_46_2,Cow_46,0,2028,V,1,3,3,3.0,0.0,1.0,1.0,1.0695713476056005e-07,0.3739814758300781,0.0
BCS3__Cow_46_2,Cow_46,0,2028,V,1,6,3,2.72,0.44,0.56,0.56,0.1605989142737905,0.34297579526901245,0.44
BCS3__Cow_46_2,Cow_46,0,2028,V,1,12,3,2.96,0.36,0.64,0.64,0.12383684671118468,0.3551526963710785,0.36
BCS3__Cow_53,Cow_53,0,2028,V,1,1,3,1.0,1.0,1.0,0.0,0.2248957971972982,0.17152386903762817,1.0
BCS3__Cow_53,Cow_53,0,2028,V,1,3,3,3.0,1.0,1.0,0.0,3.099449594185711e-08,0.14392150938510895,1.0
BCS3__Cow_53,Cow_53,0,2028,V,1,6,3,2.68,1.0,1.0,0.0,0.09576023196503615,0.15705032646656036,1.0
BCS3__Cow_53,Cow_53,0,2028,V,1,12,3,3.0,1.0,1.0,0.0,0.0667756995848924,0.1307428479194641,1.0
BCS4__Cow_15_68,Cow_15,0,2028,V,2,1,3,1.0,1.0,1.0,0.0,0.0647137281726479,0.04530796408653259,1.0
BCS4__Cow_15_68,Cow_15,0,2028,V,2,3,3,3.0,1.0,1.0,0.0,0.0,0.014655478298664093,1.0
BCS4__Cow_15_68,Cow_15,0,2028,V,2,6,3,2.78,1.0,1.0,0.0,0.021756093195744973,0.0183282271027565,1.0
BCS4__Cow_15_68,Cow_15,0,2028,V,2,12,3,2.98,1.0,1.0,0.0,0.006829388723638304,0.015719318762421608,1.0
BCS4__Cow_17,Cow_17,0,2028,V,2,1,10,1.0,1.0,1.0,0.0,0.008846898452725623,0.0072151068598032,1.0
BCS4__Cow_17,Cow_17,0,2028,V,2,3,10,3.0,1.0,1.0,0.0,0.004370937666015466,0.004541419912129641,1.0
BCS4__Cow_17,Cow_17,0,2028,V,2,6,10,6.0,1.0,1.0,0.0,0.0030046413436020394,0.003647993551567197,1.0
BCS4__Cow_17,Cow_17,0,2028,V,2,12,10,7.04,1.0,1.0,0.0,0.0027027833713220745,0.003762132255360484,1.0
BCS4__Cow_19,Cow_19,0,2028,V,2,1,57,1.0,0.62,0.62,0.38,0.18148261342658614,0.13220447301864624,0.38
BCS4__Cow_19,Cow_19,0,2028,V,2,3,57,3.0,0.42,0.58,0.58,0.08546868625745593,0.061057914048433304,0.58
BCS4__Cow_19,Cow_19,0,2028,V,2,6,57,6.0,0.72,0.72,0.28,0.07155414549578883,0.045729298144578934,0.28
BCS4__Cow_19,Cow_19,0,2028,V,2,12,57,12.0,0.52,0.52,0.48,0.05092102787154987,0.03171653300523758,0.48
BCS4__Cow_19_0037,Cow_19,0,2028,V,2,1,5,1.0,1.0,1.0,0.0,0.027455838742784264,0.0163272675126791,1.0
BCS4__Cow_19_0037,Cow_19,0,2028,V,2,3,5,3.0,1.0,1.0,0.0,0.007111514938242219,0.007288503460586071,1.0
BCS4__Cow_19_0037,Cow_19,0,2028,V,2,6,5,3.6,1.0,1.0,0.0,0.00734193897001724,0.006485051941126585,1.0
BCS4__Cow_19_0037,Cow_19,0,2028,V,2,12,5,4.6,1.0,1.0,0.0,0.005800900207563255,0.007788903079926968,1.0
BCS4__Cow_2,Cow_2,0,2028,V,2,1,13,1.0,1.0,1.0,0.0,0.01727315251202225,0.008012017235159874,0.0
BCS4__Cow_2,Cow_2,0,2028,V,2,3,13,3.0,1.0,1.0,0.0,0.006559536794241727,0.004645768087357283,0.0
BCS4__Cow_2,Cow_2,0,2028,V,2,6,13,6.0,1.0,1.0,0.0,0.0031721143563027956,0.0022653876803815365,0.0
BCS4__Cow_2,Cow_2,0,2028,V,2,12,13,12.0,1.0,1.0,0.0,0.0008244967700409946,0.00054587033810094,0.0
BCS4__Cow_23,Cow_23,0,2028,V,2,1,18,1.0,1.0,1.0,0.0,0.013644090599646407,0.00817985087633133,1.0
BCS4__Cow_23,Cow_23,0,2028,V,2,3,18,3.0,1.0,1.0,0.0,0.008801382867383824,0.00483466824516654,1.0
BCS4__Cow_23,Cow_23,0,2028,V,2,6,18,6.0,1.0,1.0,0.0,0.005212305893567957,0.003195565426722169,1.0
BCS4__Cow_23,Cow_23,0,2028,V,2,12,18,12.0,1.0,1.0,0.0,0.0029263290011804543,0.0017922132974490523,1.0
BCS4__Cow_31,Cow_31,0,2028,V,2,1,12,1.0,1.0,1.0,0.0,0.02941767677933252,0.023199493065476418,0.0
BCS4__Cow_31,Cow_31,0,2028,V,2,3,12,3.0,1.0,1.0,0.0,0.016884325652827735,0.012679921463131905,0.0
BCS4__Cow_31,Cow_31,0,2028,V,2,6,12,6.0,1.0,1.0,0.0,0.014645929562310736,0.009576809592545033,0.0
BCS4__Cow_31,Cow_31,0,2028,V,2,12,12,12.0,1.0,1.0,0.0,1.444276145211798e-08,9.128416356141145e-10,0.0
BCS4__Cow_32_0035,Cow_32,0,2028,V,2,1,8,1.0,0.6,0.6,0.4,0.31386070234621105,0.21670816838741302,0.6
BCS4__Cow_32_0035,Cow_32,0,2028,V,2,3,8,3.0,0.74,0.74,0.26,0.17616843019468803,0.11461856961250305,0.74
BCS4__Cow_32_0035,Cow_32,0,2028,V,2,6,8,6.0,1.0,1.0,0.0,0.06147758285735785,0.06554771214723587,1.0
BCS4__Cow_32_0035,Cow_32,0,2028,V,2,12,8,6.48,0.92,0.92,0.08,0.0937040293676707,0.07640181481838226,0.92
BCS4__Cow_44_1,Cow_44,0,2028,V,2,1,22,1.0,0.84,0.84,0.16,0.022926984408743658,0.014566744677722454,0.84
BCS4__Cow_44_1,Cow_44,0,2028,V,2,3,22,3.0,1.0,1.0,0.0,0.009108615875545229,0.006889576092362404,1.0
BCS4__Cow_44_1,Cow_44,0,2028,V,2,6,22,6.0,1.0,1.0,0.0,0.006393115594566678,0.005605518352240324,1.0
BCS4__Cow_44_1,Cow_44,0,2028,V,2,12,22,12.0,1.0,1.0,0.0,0.0038378979451444816,0.0038393978029489517,1.0
BCS4__Cow_51,Cow_51,0,2028,V,2,1,4,1.0,1.0,1.0,0.0,0.09317410812942084,0.06597744673490524,1.0
BCS4__Cow_51,Cow_51,0,2028,V,2,3,4,3.0,1.0,1.0,0.0,0.032955591586820064,0.040943436324596405,1.0
BCS4__Cow_51,Cow_51,0,2028,V,2,6,4,3.1,1.0,1.0,0.0,0.04350319940728877,0.044540077447891235,1.0
BCS4__Cow_51,Cow_51,0,2028,V,2,12,4,3.84,1.0,1.0,0.0,0.01964382991724571,0.04149293527007103,1.0
BCS4__Cow_51_0035,Cow_51,0,2028,V,2,1,4,1.0,1.0,1.0,0.0,0.008264343805053814,0.006667973939329386,0.0
BCS4__Cow_51_0035,Cow_51,0,2028,V,2,3,4,3.0,1.0,1.0,0.0,0.002692048948558055,0.0025834504049271345,0.0
BCS4__Cow_51_0035,Cow_51,0,2028,V,2,6,4,3.4,1.0,1.0,0.0,0.002441060872589508,0.0022328451741486788,0.0
BCS4__Cow_51_0035,Cow_51,0,2028,V,2,12,4,3.92,1.0,1.0,0.0,0.002040134064029398,0.0018629715777933598,0.0
BCS4__Cow_7,Cow_7,0,2028,V,2,1,15,1.0,1.0,1.0,0.0,0.05992438416417585,0.038442905992269516,0.0
BCS4__Cow_7,Cow_7,0,2028,V,2,3,15,3.0,1.0,1.0,0.0,0.03540099260120264,0.021488625556230545,0.0
BCS4__Cow_7,Cow_7,0,2028,V,2,6,15,6.0,1.0,1.0,0.0,0.01966786628121783,0.013227194547653198,0.0
BCS4__Cow_7,Cow_7,0,2028,V,2,12,15,12.0,1.0,1.0,0.0,0.007625903384328692,0.005645387340337038,0.0
BCS5__Cow_15,Cow_15,0,2028,V,3,1,25,1.0,0.94,0.94,0.06,0.1481738890312454,0.06438618898391724,0.0
BCS5__Cow_15,Cow_15,0,2028,V,3,3,25,3.0,1.0,1.0,0.0,0.02401365707069613,0.013244714587926865,0.0
BCS5__Cow_15,Cow_15,0,2028,V,3,6,25,6.0,1.0,1.0,0.0,0.015202969655933455,0.009065046906471252,0.0
BCS5__Cow_15,Cow_15,0,2028,V,3,12,25,12.0,1.0,1.0,0.0,0.010597072129567033,0.006176908500492573,0.0
BCS5__Cow_17_17,Cow_17,0,2028,V,3,1,6,1.0,1.0,1.0,0.0,0.014393985792266998,0.013928093947470188,1.0
BCS5__Cow_17_17,Cow_17,0,2028,V,3,3,6,3.0,1.0,1.0,0.0,0.005725830159638033,0.005114736035466194,1.0
BCS5__Cow_17_17,Cow_17,0,2028,V,3,6,6,6.0,1.0,1.0,0.0,7.052719649839136e-08,0.003297744318842888,1.0
BCS5__Cow_17_17,Cow_17,0,2028,V,3,12,6,5.26,1.0,1.0,0.0,0.003646158793319275,0.004146812949329615,1.0
BCS5__Cow_21,Cow_21,0,2028,V,3,1,18,1.0,1.0,1.0,0.0,0.03966213848561344,0.01458251103758812,0.0
BCS5__Cow_21,Cow_21,0,2028,V,3,3,18,3.0,1.0,1.0,0.0,0.0073497260802799355,0.004858876578509808,0.0
BCS5__Cow_21,Cow_21,0,2028,V,3,6,18,6.0,1.0,1.0,0.0,0.003950732082904819,0.002955068601295352,0.0
BCS5__Cow_21,Cow_21,0,2028,V,3,12,18,12.0,1.0,1.0,0.0,0.0019019836529709352,0.0017176091205328703,0.0
BCS5__Cow_23_1067,Cow_23,0,2028,V,3,1,5,1.0,1.0,1.0,0.0,0.009461193779232711,0.007151588797569275,1.0
BCS5__Cow_23_1067,Cow_23,0,2028,V,3,3,5,3.0,1.0,1.0,0.0,0.0035334731933587054,0.0031355442479252815,1.0
BCS5__Cow_23_1067,Cow_23,0,2028,V,3,6,5,3.74,1.0,1.0,0.0,0.0031033168282968444,0.003359581809490919,1.0
BCS5__Cow_23_1067,Cow_23,0,2028,V,3,12,5,4.72,1.0,1.0,0.0,0.002745001461418921,0.00242927810177207,1.0
BCS5__Cow_25,Cow_25,0,2028,V,3,1,29,1.0,0.68,0.68,0.32,0.26548352070119546,0.1461138278245926,0.0
BCS5__Cow_25,Cow_25,0,2028,V,3,3,29,3.0,1.0,1.0,0.0,0.07519058903496487,0.03868615999817848,0.0
BCS5__Cow_25,Cow_25,0,2028,V,3,6,29,6.0,1.0,1.0,0.0,0.043472551031493036,0.022852061316370964,0.0
BCS5__Cow_25,Cow_25,0,2028,V,3,12,29,12.0,1.0,1.0,0.0,0.021170576346467622,0.012142198160290718,0.0
BCS5__Cow_31_15,Cow_31,0,2028,V,3,1,3,1.0,1.0,1.0,0.0,0.009010918944803095,0.009264359250664711,1.0
BCS5__Cow_31_15,Cow_31,0,2028,V,3,3,3,3.0,1.0,1.0,0.0,1.608807413581739e-07,0.00673219608142972,1.0
BCS5__Cow_31_15,Cow_31,0,2028,V,3,6,3,2.8,1.0,1.0,0.0,0.0033341999564277694,0.006865397095680237,1.0
BCS5__Cow_31_15,Cow_31,0,2028,V,3,12,3,2.94,1.0,1.0,0.0,0.0031651209092640417,0.006695387419313192,1.0
BCS5__Cow_31_2024,Cow_31,0,2028,V,3,1,5,1.0,1.0,1.0,0.0,0.0356049894437843,0.029067236930131912,0.0
BCS5__Cow_31_2024,Cow_31,0,2028,V,3,3,5,3.0,1.0,1.0,0.0,0.01623395687965067,0.023739175871014595,0.0
BCS5__Cow_31_2024,Cow_31,0,2028,V,3,6,5,3.62,1.0,1.0,0.0,0.013138618692219743,0.023144729435443878,0.0
BCS5__Cow_31_2024,Cow_31,0,2028,V,3,12,5,4.72,1.0,1.0,0.0,0.010281753449295251,0.02368669956922531,0.0
BCS5__Cow_32,Cow_32,0,2028,V,3,1,5,1.0,0.8,0.8,0.4,0.4209008258833512,0.1280101090669632,0.0
BCS5__Cow_32,Cow_32,0,2028,V,3,3,5,3.0,1.0,1.0,0.0,0.11019216893092593,0.05522848293185234,0.0
BCS5__Cow_32,Cow_32,0,2028,V,3,6,5,3.66,1.0,1.0,0.0,0.12211422003289966,0.049846481531858444,0.0
BCS5__Cow_32,Cow_32,0,2028,V,3,12,5,4.72,1.0,1.0,0.0,0.06994582795737833,0.04620702192187309,0.0
BCS5__Cow_44_3008,Cow_44,0,2028,V,3,1,3,1.0,1.0,1.0,0.0,0.02224357561335396,0.025203851982951164,1.0
BCS5__Cow_44_3008,Cow_44,0,2028,V,3,3,3,3.0,1.0,1.0,0.0,1.195257248557954e-07,0.011482881382107735,1.0
BCS5__Cow_44_3008,Cow_44,0,2028,V,3,6,3,2.78,1.0,1.0,0.0,0.007881331681698254,0.012494954280555248,1.0
BCS5__Cow_44_3008,Cow_44,0,2028,V,3,12,3,2.96,1.0,1.0,0.0,0.005435920092441201,0.011512653902173042,1.0
BCS5__Cow_45,Cow_45,0,2028,V,3,1,24,1.0,0.68,0.68,0.32,0.017400110385229015,0.012887438759207726,0.68
BCS5__Cow_45,Cow_45,0,2028,V,3,3,24,3.0,0.92,0.92,0.08,0.0067123747468726125,0.005544435232877731,0.92
BCS5__Cow_45,Cow_45,0,2028,V,3,6,24,6.0,0.96,0.96,0.04,0.005978841655424383,0.004798592999577522,0.96
BCS5__Cow_45,Cow_45,0,2028,V,3,12,24,12.0,1.0,1.0,0.0,0.0031175215550129673,0.0025918439496308565,1.0
BCS5__Cow_53_30,Cow_53,0,2028,V,3,1,4,1.0,1.0,1.0,0.0,0.015458373334134762,0.013265104033052921,1.0
BCS5__Cow_53_30,Cow_53,0,2028,V,3,3,4,3.0,1.0,1.0,0.0,0.004306460149141332,0.006278843153268099,1.0
BCS5__Cow_53_30,Cow_53,0,2028,V,3,6,4,3.2,1.0,1.0,0.0,0.005613991894040921,0.006202972959727049,1.0
BCS5__Cow_53_30,Cow_53,0,2028,V,3,12,4,3.86,1.0,1.0,0.0,0.0031507049405517513,0.006237739231437445,1.0
BCS5__Cow_7_6022,Cow_7,0,2028,V,3,1,3,1.0,1.0,1.0,0.0,0.021196491541757984,0.015020587481558323,0.0
BCS5__Cow_7_6022,Cow_7,0,2028,V,3,3,3,3.0,1.0,1.0,0.0,4.764893667231393e-08,0.006942255888134241,0.0
BCS5__Cow_7_6022,Cow_7,0,2028,V,3,6,3,2.68,1.0,1.0,0.0,0.008907374847265974,0.008496074005961418,0.0
BCS5__Cow_7_6022,Cow_7,0,2028,V,3,12,3,2.96,1.0,1.0,0.0,0.007292310570209894,0.008083811029791832,0.0
BCS6__Cow_16_06,Cow_16,0,2028,V,4,1,62,1.0,1.0,1.0,0.0,0.0014923147657157445,0.000670851266477257,1.0
BCS6__Cow_16_06,Cow_16,0,2028,V,4,3,62,3.0,1.0,1.0,0.0,0.0007833971116039194,0.0003575025184545666,1.0
BCS6__Cow_16_06,Cow_16,0,2028,V,4,6,62,6.0,1.0,1.0,0.0,0.0005445032260205651,0.00029441938386298716,1.0
BCS6__Cow_16_06,Cow_16,0,2028,V,4,12,62,12.0,1.0,1.0,0.0,0.00032099902851525866,0.000287274073343724,1.0
BCS6__Cow_19_29,Cow_19,0,2028,V,4,1,52,1.0,1.0,1.0,0.0,0.015580797191195242,0.007789938244968653,1.0
BCS6__Cow_19_29,Cow_19,0,2028,V,4,3,52,3.0,1.0,1.0,0.0,0.008532000924799025,0.0037394026294350624,1.0
BCS6__Cow_19_29,Cow_19,0,2028,V,4,6,52,6.0,1.0,1.0,0.0,0.004832736175312732,0.002436291193589568,1.0
BCS6__Cow_19_29,Cow_19,0,2028,V,4,12,52,12.0,1.0,1.0,0.0,0.0031783804199862105,0.0016447203233838081,1.0
BCS6__Cow_2_6006,Cow_2,0,2028,V,4,1,31,1.0,1.0,1.0,0.0,0.00041740451837475666,0.00017919471429195255,1.0
BCS6__Cow_2_6006,Cow_2,0,2028,V,4,3,31,3.0,1.0,1.0,0.0,0.00023314688764691855,9.695701010059565e-05,1.0
BCS6__Cow_2_6006,Cow_2,0,2028,V,4,6,31,6.0,1.0,1.0,0.0,0.00015460958732362045,6.627362017752603e-05,1.0
BCS6__Cow_2_6006,Cow_2,0,2028,V,4,12,31,12.0,1.0,1.0,0.0,0.00010278308716504297,4.27803497586865e-05,1.0
BCS6__Cow_32_34,Cow_32,0,2028,V,4,1,7,1.0,1.0,1.0,0.0,0.0008399264934931594,0.0004976729396730661,1.0
BCS6__Cow_32_34,Cow_32,0,2028,V,4,3,7,3.0,1.0,1.0,0.0,0.00036861175436437416,0.00036682331119664013,1.0
BCS6__Cow_32_34,Cow_32,0,2028,V,4,6,7,6.0,1.0,1.0,0.0,0.00012341973726518214,0.0003500374441500753,1.0
BCS6__Cow_32_34,Cow_32,0,2028,V,4,12,7,5.84,1.0,1.0,0.0,0.0002458097021894612,0.00037963211070746183,1.0
BCS6__Cow_36,Cow_36,0,2028,V,4,1,37,1.0,0.72,0.72,0.52,0.5245687726203202,0.21308979392051697,0.72
BCS6__Cow_36,Cow_36,0,2028,V,4,3,37,3.0,0.96,0.96,0.08,0.22931224911605425,0.032913852483034134,0.96
BCS6__Cow_36,Cow_36,0,2028,V,4,6,37,6.0,1.0,1.0,0.0,0.005502188424336141,0.001609955681487918,1.0
BCS6__Cow_36,Cow_36,0,2028,V,4,12,37,12.0,1.0,1.0,0.0,0.0030335132368188096,0.0013890580739825964,1.0
BCS6__Cow_36_1,Cow_36,0,2028,V,4,1,46,1.0,0.68,0.68,0.64,0.7032224787247334,0.31549757719039917,0.68
BCS6__Cow_36_1,Cow_36,0,2028,V,4,3,46,3.0,0.98,0.98,0.04,0.21256373313610596,0.02313641458749771,0.98
BCS6__Cow_36_1,Cow_36,0,2028,V,4,6,46,6.0,1.0,1.0,0.0,0.007047003715296501,0.0028548561967909336,1.0
BCS6__Cow_36_1,Cow_36,0,2028,V,4,12,46,12.0,1.0,1.0,0.0,0.003399033076186889,0.0015097776195034385,1.0
BCS6__Cow_45_9025,Cow_45,0,2028,V,4,1,31,1.0,1.0,1.0,0.0,0.003171997238361108,0.0014878342626616359,1.0
BCS6__Cow_45_9025,Cow_45,0,2028,V,4,3,31,3.0,1.0,1.0,0.0,0.0020092804753951443,0.0009374120272696018,1.0
BCS6__Cow_45_9025,Cow_45,0,2028,V,4,6,31,6.0,1.0,1.0,0.0,0.0013454277145714124,0.0005838041543029249,1.0
BCS6__Cow_45_9025,Cow_45,0,2028,V,4,12,31,12.0,1.0,1.0,0.0,0.0007773692420011824,0.0003419100830797106,1.0
BCS6__Cow_52_29,Cow_52,0,2028,V,4,1,55,1.0,1.0,1.0,0.0,0.002190426436444147,0.000917009252589196,1.0
BCS6__Cow_52_29,Cow_52,0,2028,V,4,3,55,3.0,1.0,1.0,0.0,0.0008407675179415279,0.0004675587988458574,1.0
BCS6__Cow_52_29,Cow_52,0,2028,V,4,6,55,6.0,1.0,1.0,0.0,0.0007272362652644983,0.0003642624942585826,1.0
BCS6__Cow_52_29,Cow_52,0,2028,V,4,12,55,12.0,1.0,1.0,0.0,0.0004187621780957793,0.00026620470453053713,1.0
BCS6__Cow_7_9008,Cow_7,0,2028,V,4,1,19,1.0,1.0,1.0,0.0,0.006478165179061176,0.003454728750512004,1.0
BCS6__Cow_7_9008,Cow_7,0,2028,V,4,3,19,3.0,1.0,1.0,0.0,0.003188056366092051,0.0015897940611466765,1.0
BCS6__Cow_7_9008,Cow_7,0,2028,V,4,6,19,6.0,1.0,1.0,0.0,0.002009123596298908,0.0010601725662127137,1.0
BCS6__Cow_7_9008,Cow_7,0,2028,V,4,12,19,12.0,1.0,1.0,0.0,0.001252881311768249,0.000607544498052448,1.0
BCS2__Cow_11,Cow_11,1,2028,V,0,1,76,1.0,1.0,1.0,0.0,0.11340397580480659,0.05402032285928726,0.0
BCS2__Cow_11,Cow_11,1,2028,V,0,3,76,3.0,1.0,1.0,0.0,0.05307827044445778,0.03300180286169052,0.0
BCS2__Cow_11,Cow_11,1,2028,V,0,6,76,6.0,1.0,1.0,0.0,0.03803441160635729,0.022519230842590332,0.0
BCS2__Cow_11,Cow_11,1,2028,V,0,12,76,12.0,1.0,1.0,0.0,0.029020730546217382,0.025562161579728127,0.0
BCS2__Cow_11_1,Cow_11,1,2028,V,0,1,6,1.0,0.82,0.82,0.36,0.09149426809827009,0.040903910994529724,0.0
BCS2__Cow_11_1,Cow_11,1,2028,V,0,3,6,3.0,1.0,1.0,0.0,0.03768601347427272,0.03291148319840431,0.0
BCS2__Cow_11_1,Cow_11,1,2028,V,0,6,6,6.0,1.0,1.0,0.0,8.473604592891737e-08,0.03152693435549736,0.0
BCS2__Cow_11_1,Cow_11,1,2028,V,0,12,6,5.38,1.0,1.0,0.0,0.022761498835930892,0.03085772506892681,0.0
BCS2__Cow_11_2,Cow_11,1,2028,V,0,1,40,1.0,0.3,0.7,0.7,0.6573597235408394,0.27317434549331665,0.3
BCS2__Cow_11_2,Cow_11,1,2028,V,0,3,40,3.0,0.46,0.54,0.54,0.3080164067560451,0.10655205696821213,0.46
BCS2__Cow_11_2,Cow_11,1,2028,V,0,6,40,6.0,0.62,0.62,0.38,0.25921675615019746,0.10500290989875793,0.62
BCS2__Cow_11_2,Cow_11,1,2028,V,0,12,40,12.0,0.58,0.58,0.42,0.14433282919558793,0.06195986643433571,0.58
BCS3__Cow_14,Cow_14,1,2028,V,1,1,4,1.0,0.86,0.86,0.28,0.04161804820414144,0.028608303517103195,0.14
BCS3__Cow_14,Cow_14,1,2028,V,1,3,4,3.0,1.0,1.0,0.0,0.010878916786034963,0.0189290102571249,0.0
BCS3__Cow_14,Cow_14,1,2028,V,1,6,4,3.14,0.94,0.94,0.12,0.017152727364210682,0.021320410072803497,0.06
BCS3__Cow_14,Cow_14,1,2028,V,1,12,4,3.88,0.96,0.96,0.08,0.012213970310925937,0.022556593641638756,0.04
BCS3__Cow_14_0011,Cow_14,1,2028,V,1,1,4,1.0,1.0,1.0,0.0,0.1502729137859561,0.07847974449396133,1.0
BCS3__Cow_14_0011,Cow_14,1,2028,V,1,3,4,3.0,1.0,1.0,0.0,0.04738050029049493,0.05298643559217453,1.0
BCS3__Cow_14_0011,Cow_14,1,2028,V,1,6,4,3.48,1.0,1.0,0.0,0.05731991596742593,0.05199618265032768,1.0
BCS3__Cow_14_0011,Cow_14,1,2028,V,1,12,4,3.9,1.0,1.0,0.0,0.04575009384391573,0.049776144325733185,1.0
BCS3__Cow_6_103,Cow_6,1,2028,V,1,1,4,1.0,1.0,1.0,0.0,0.11157248184222802,0.0506875179708004,1.0
BCS3__Cow_6_103,Cow_6,1,2028,V,1,3,4,3.0,1.0,1.0,0.0,0.034202241523738845,0.03914272412657738,1.0
BCS3__Cow_6_103,Cow_6,1,2028,V,1,6,4,3.36,1.0,1.0,0.0,0.0337433335428674,0.03814993053674698,1.0
BCS3__Cow_6_103,Cow_6,1,2028,V,1,12,4,3.94,1.0,1.0,0.0,0.035099438540564014,0.036208271980285645,1.0
BCS4__Cow_1,Cow_1,1,2028,V,2,1,9,1.0,0.32,0.68,0.68,0.012685620129781907,0.007572106085717678,0.68
BCS4__Cow_1,Cow_1,1,2028,V,2,3,9,3.0,0.42,0.58,0.58,0.006120099260482913,0.003949761390686035,0.58
BCS4__Cow_1,Cow_1,1,2028,V,2,6,9,6.0,0.54,0.54,0.46,0.0028999723440170833,0.0023766281083226204,0.46
BCS4__Cow_1,Cow_1,1,2028,V,2,12,9,6.56,0.48,0.52,0.52,0.0036457312035497727,0.0029093907214701176,0.52
BCS4__Cow_26,Cow_26,1,2028,V,2,1,7,1.0,0.84,0.84,0.16,0.021015743130292627,0.011039241217076778,0.84
BCS4__Cow_26,Cow_26,1,2028,V,2,3,7,3.0,0.62,0.62,0.38,0.008696837927196464,0.006690659560263157,0.62
BCS4__Cow_26,Cow_26,1,2028,V,2,6,7,6.0,1.0,1.0,0.0,0.002605869403174979,0.0038899362552911043,1.0
BCS4__Cow_26,Cow_26,1,2028,V,2,12,7,5.86,0.94,0.94,0.06,0.005900035861234664,0.0046452246606349945,0.94
BCS4__Cow_26_5051,Cow_26,1,2028,V,2,1,5,1.0,1.0,1.0,0.0,0.2833246238796521,0.1385984718799591,0.0
BCS4__Cow_26_5051,Cow_26,1,2028,V,2,3,5,3.0,1.0,1.0,0.0,0.08528465571601793,0.11746575683355331,0.0
BCS4__Cow_26_5051,Cow_26,1,2028,V,2,6,5,3.74,1.0,1.0,0.0,0.09384484375153551,0.1175672709941864,0.0
BCS4__Cow_26_5051,Cow_26,1,2028,V,2,12,5,4.56,1.0,1.0,0.0,0.06049796515948272,0.11964309960603714,0.0
BCS4__Cow_27_9008,Cow_27,1,2028,V,2,1,4,1.0,0.68,0.68,0.32,0.3233972536634229,0.12777531147003174,0.0
BCS4__Cow_27_9008,Cow_27,1,2028,V,2,3,4,3.0,1.0,1.0,0.0,0.09081367991242857,0.04239402711391449,0.0
BCS4__Cow_27_9008,Cow_27,1,2028,V,2,6,4,3.3,1.0,1.0,0.0,0.09512474558330418,0.044937606900930405,0.0
BCS4__Cow_27_9008,Cow_27,1,2028,V,2,12,4,3.86,1.0,1.0,0.0,0.0707703212505408,0.03874259442090988,0.0
BCS4__Cow_29_7007,Cow_29,1,2028,V,2,1,4,1.0,1.0,1.0,0.0,0.0908575360076804,0.06826090067625046,0.0
BCS4__Cow_29_7007,Cow_29,1,2028,V,2,3,4,3.0,1.0,1.0,0.0,0.03463249601091367,0.06727658957242966,0.0
BCS4__Cow_29_7007,Cow_29,1,2028,V,2,6,4,3.26,1.0,1.0,0.0,0.043940530441982345,0.07290367037057877,0.0
BCS4__Cow_29_7007,Cow_29,1,2028,V,2,12,4,3.88,1.0,1.0,0.0,0.033044274957629384,0.0699164941906929,0.0
BCS4__Cow_33,Cow_33,1,2028,V,2,1,21,1.0,1.0,1.0,0.0,0.013182929289152347,0.005853238049894571,0.0
BCS4__Cow_33,Cow_33,1,2028,V,2,3,21,3.0,1.0,1.0,0.0,0.007077950350521727,0.0036001240368932486,0.0
BCS4__Cow_33,Cow_33,1,2028,V,2,6,21,6.0,1.0,1.0,0.0,0.004804883515761288,0.002747484715655446,0.0
BCS4__Cow_33,Cow_33,1,2028,V,2,12,21,12.0,1.0,1.0,0.0,0.002549181661604034,0.002058807061985135,0.0
BCS4__Cow_4,Cow_4,1,2028,V,2,1,4,1.0,1.0,1.0,0.0,0.008297734142056767,0.006792779080569744,0.0
BCS4__Cow_4,Cow_4,1,2028,V,2,3,4,3.0,1.0,1.0,0.0,0.00294646331068051,0.004463174846023321,0.0
BCS4__Cow_4,Cow_4,1,2028,V,2,6,4,3.4,1.0,1.0,0.0,0.003570156536190491,0.004210847429931164,0.0
BCS4__Cow_4,Cow_4,1,2028,V,2,12,4,3.88,1.0,1.0,0.0,0.0024495449597855016,0.0037826832849532366,0.0
BCS4__Cow_41,Cow_41,1,2028,V,2,1,3,1.0,1.0,1.0,0.0,0.005619884257750501,0.002958588534966111,0.0
BCS4__Cow_41,Cow_41,1,2028,V,2,3,3,3.0,1.0,1.0,0.0,8.94480119613136e-08,0.002389253117144108,0.0
BCS4__Cow_41,Cow_41,1,2028,V,2,6,3,2.68,1.0,1.0,0.0,0.002127178492503987,0.0024208608083426952,0.0
BCS4__Cow_41,Cow_41,1,2028,V,2,12,3,2.96,1.0,1.0,0.0,0.0016497477147855459,0.002550793346017599,0.0
BCS4__Cow_48,Cow_48,1,2028,V,2,1,3,1.0,1.0,1.0,0.0,0.0381986164003589,0.013059258460998535,0.0
BCS4__Cow_48,Cow_48,1,2028,V,2,3,3,3.0,1.0,1.0,0.0,0.0,0.0072373817674815655,0.0
BCS4__Cow_48,Cow_48,1,2028,V,2,6,3,2.74,1.0,1.0,0.0,0.01498206814482786,0.00793760921806097,0.0
BCS4__Cow_48,Cow_48,1,2028,V,2,12,3,3.0,1.0,1.0,0.0,0.010213297593477062,0.00843077152967453,0.0
BCS4__Cow_4_1,Cow_4,1,2028,V,2,1,39,1.0,0.64,0.64,0.36,0.018913824100596256,0.009046298451721668,0.36
BCS4__Cow_4_1,Cow_4,1,2028,V,2,3,39,3.0,0.78,0.78,0.22,0.011626028453727977,0.00477510504424572,0.22
BCS4__Cow_4_1,Cow_4,1,2028,V,2,6,39,6.0,0.76,0.76,0.24,0.009665379532636189,0.004473998676985502,0.24
BCS4__Cow_4_1,Cow_4,1,2028,V,2,12,39,12.0,1.0,1.0,0.0,0.006346799829552989,0.003002879675477743,0.0
BCS4__Cow_6,Cow_6,1,2028,V,2,1,7,1.0,1.0,1.0,0.0,0.14256868838071404,0.0508362241089344,0.0
BCS4__Cow_6,Cow_6,1,2028,V,2,3,7,3.0,1.0,1.0,0.0,0.05755436837536834,0.025121118873357773,0.0
BCS4__Cow_6,Cow_6,1,2028,V,2,6,7,6.0,1.0,1.0,0.0,0.020227260738725175,0.02312786504626274,0.0
BCS4__Cow_6,Cow_6,1,2028,V,2,12,7,5.88,1.0,1.0,0.0,0.03818147203111733,0.02167442813515663,0.0
BCS5__Cow_12_NOTAG,Cow_12,1,2028,V,3,1,3,1.0,1.0,1.0,0.0,0.014258589019085895,0.009692533873021603,1.0
BCS5__Cow_12_NOTAG,Cow_12,1,2028,V,3,3,3,3.0,1.0,1.0,0.0,1.2715530840897626e-07,0.005391465034335852,1.0
BCS5__Cow_12_NOTAG,Cow_12,1,2028,V,3,6,3,2.82,1.0,1.0,0.0,0.004971460966124206,0.006188905797898769,1.0
BCS5__Cow_12_NOTAG,Cow_12,1,2028,V,3,12,3,2.96,1.0,1.0,0.0,0.0038163105613156986,0.005374650936573744,1.0
BCS5__Cow_13,Cow_13,1,2028,V,3,1,20,1.0,0.86,0.86,0.14,0.023087474586278894,0.012744184583425522,0.08
BCS5__Cow_13,Cow_13,1,2028,V,3,3,20,3.0,0.98,0.98,0.02,0.015391999965987587,0.006732834503054619,0.0
BCS5__Cow_13,Cow_13,1,2028,V,3,6,20,6.0,1.0,1.0,0.0,0.009947152404653544,0.004721028730273247,0.0
BCS5__Cow_13,Cow_13,1,2028,V,3,12,20,12.0,1.0,1.0,0.0,0.005128801434283412,0.0026909559965133667,0.0
BCS5__Cow_13_8001,Cow_13,1,2028,V,3,1,3,1.0,0.78,0.78,0.44,0.16470061799639651,0.0777517706155777,0.22
BCS5__Cow_13_8001,Cow_13,1,2028,V,3,3,3,3.0,1.0,1.0,0.0,1.4741594272258113e-07,0.07820533961057663,0.0
BCS5__Cow_13_8001,Cow_13,1,2028,V,3,6,3,2.78,0.94,0.94,0.06,0.07631938959091203,0.06589486449956894,0.0
BCS5__Cow_13_8001,Cow_13,1,2028,V,3,12,3,2.98,0.98,0.98,0.04,0.05436515446661483,0.0780000165104866,0.02
BCS5__Cow_1_27,Cow_1,1,2028,V,3,1,3,1.0,1.0,1.0,0.0,0.022163011771832834,0.02026951126754284,1.0
BCS5__Cow_1_27,Cow_1,1,2028,V,3,3,3,3.0,1.0,1.0,0.0,2.167552209131693e-08,0.015398658812046051,1.0
BCS5__Cow_1_27,Cow_1,1,2028,V,3,6,3,2.78,1.0,1.0,0.0,0.009389606049808439,0.01564985327422619,1.0
BCS5__Cow_1_27,Cow_1,1,2028,V,3,12,3,2.96,1.0,1.0,0.0,0.006777794922635063,0.014901264570653439,1.0
BCS5__Cow_27,Cow_27,1,2028,V,3,1,21,1.0,0.32,0.68,1.36,0.11825851944257806,0.03130817040801048,0.68
BCS5__Cow_27,Cow_27,1,2028,V,3,3,21,3.0,0.48,0.52,1.04,0.04223396623434023,0.01642334647476673,0.52
BCS5__Cow_27,Cow_27,1,2028,V,3,6,21,6.0,0.52,0.52,0.96,0.025021660773203204,0.010339477099478245,0.48
BCS5__Cow_27,Cow_27,1,2028,V,3,12,21,12.0,0.64,0.64,0.72,0.013476482404101212,0.0054181646555662155,0.36
BCS5__Cow_29,Cow_29,1,2028,V,3,1,25,1.0,1.0,1.0,0.0,0.01218608867839816,0.01178115326911211,1.0
BCS5__Cow_29,Cow_29,1,2028,V,3,3,25,3.0,1.0,1.0,0.0,0.006596125032349506,0.005730175878852606,1.0
BCS5__Cow_29,Cow_29,1,2028,V,3,6,25,6.0,1.0,1.0,0.0,0.003975010787804992,0.005371230188757181,1.0
BCS5__Cow_29,Cow_29,1,2028,V,3,12,25,12.0,1.0,1.0,0.0,0.0020058975325901282,0.0031745806336402893,1.0
BCS5__Cow_37,Cow_37,1,2028,V,3,1,26,1.0,0.76,0.76,0.24,0.025654786043624284,0.011853469535708427,0.76
BCS5__Cow_37,Cow_37,1,2028,V,3,3,26,3.0,0.96,0.96,0.04,0.019100459324526628,0.0086977519094944,0.96
BCS5__Cow_37,Cow_37,1,2028,V,3,6,26,6.0,0.94,0.94,0.06,0.009658811040166798,0.005020959302783012,0.94
BCS5__Cow_37,Cow_37,1,2028,V,3,12,26,12.0,1.0,1.0,0.0,0.0053728508227398435,0.0035919540096074343,1.0
BCS5__Cow_37_and_38,Cow_37,1,2028,V,3,1,3,1.0,1.0,1.0,0.0,0.016223776356813692,0.012689070776104927,1.0
BCS5__Cow_37_and_38,Cow_37,1,2028,V,3,3,3,3.0,1.0,1.0,0.0,5.7801392243511816e-08,0.010715651325881481,1.0
BCS5__Cow_37_and_38,Cow_37,1,2028,V,3,6,3,2.7,1.0,1.0,0.0,0.007680670418504738,0.012664951384067535,1.0
BCS5__Cow_37_and_38,Cow_37,1,2028,V,3,12,3,2.96,1.0,1.0,0.0,0.005034160260145914,0.010945376008749008,1.0
BCS5__Cow_43,Cow_43,1,2028,V,3,1,37,1.0,1.0,1.0,0.0,0.026425942416213336,0.007055401336401701,1.0
BCS5__Cow_43,Cow_43,1,2028,V,3,3,37,3.0,1.0,1.0,0.0,0.012276954784253832,0.004438620992004871,1.0
BCS5__Cow_43,Cow_43,1,2028,V,3,6,37,6.0,1.0,1.0,0.0,0.006224842425890681,0.003086581826210022,1.0
BCS5__Cow_43,Cow_43,1,2028,V,3,12,37,12.0,1.0,1.0,0.0,0.005413620028577238,0.0020805865060538054,1.0
BCS5__Cow_48_1018,Cow_48,1,2028,V,3,1,3,1.0,1.0,1.0,0.0,0.011101232638915262,0.01226675882935524,1.0
BCS5__Cow_48_1018,Cow_48,1,2028,V,3,3,3,3.0,1.0,1.0,0.0,4.991332955492802e-08,0.008788149803876877,1.0
BCS5__Cow_48_1018,Cow_48,1,2028,V,3,6,3,2.82,1.0,1.0,0.0,0.004300893677082038,0.010141056962311268,1.0
BCS5__Cow_48_1018,Cow_48,1,2028,V,3,12,3,2.98,1.0,1.0,0.0,0.0034068557878536,0.009385395795106888,1.0
BCS5__Cow_54,Cow_54,1,2028,V,3,1,6,1.0,0.44,0.56,0.56,0.03865359822182587,0.01711755059659481,0.56
BCS5__Cow_54,Cow_54,1,2028,V,3,3,6,3.0,0.64,0.64,0.36,0.014296770847298612,0.011905894614756107,0.36
BCS5__Cow_54,Cow_54,1,2028,V,3,6,6,6.0,1.0,1.0,0.0,9.045956438884081e-08,0.012119675055146217,0.0
BCS5__Cow_54,Cow_54,1,2028,V,3,12,6,5.4,0.76,0.76,0.24,0.009317759723458031,0.01253126934170723,0.24
BCS5__Cow_6_5051,Cow_6,1,2028,V,3,1,3,1.0,1.0,1.0,0.0,0.0070894722816853255,0.010411578230559826,1.0
BCS5__Cow_6_5051,Cow_6,1,2028,V,3,3,3,3.0,1.0,1.0,0.0,1.0299921393419974e-07,0.006734235677868128,1.0
BCS5__Cow_6_5051,Cow_6,1,2028,V,3,6,3,2.74,1.0,1.0,0.0,0.0033181313041918837,0.007383464369922876,1.0
BCS5__Cow_6_5051,Cow_6,1,2028,V,3,12,3,2.96,1.0,1.0,0.0,0.0026163160876868548,0.006978124380111694,1.0
BCS6__Cow_11_07,Cow_11,1,2028,V,4,1,27,1.0,0.72,0.72,0.28,0.1528462054929937,0.16990076005458832,0.72
BCS6__Cow_11_07,Cow_11,1,2028,V,4,3,27,3.0,0.96,0.96,0.04,0.09556669514523199,0.10315816104412079,0.96
BCS6__Cow_11_07,Cow_11,1,2028,V,4,6,27,6.0,1.0,1.0,0.0,0.06783301895855755,0.06972518563270569,1.0
BCS6__Cow_11_07,Cow_11,1,2028,V,4,12,27,12.0,1.0,1.0,0.0,0.05275924981737562,0.05360539257526398,1.0
BCS6__Cow_12_2014,Cow_12,1,2028,V,4,1,39,1.0,0.9,0.9,0.14,0.5127293900582797,0.11188416182994843,0.0
BCS6__Cow_12_2014,Cow_12,1,2028,V,4,3,39,3.0,1.0,1.0,0.0,0.35847806066535765,0.07660267502069473,0.0
BCS6__Cow_12_2014,Cow_12,1,2028,V,4,6,39,6.0,1.0,1.0,0.0,0.3479384718221039,0.1152094155550003,0.0
BCS6__Cow_12_2014,Cow_12,1,2028,V,4,12,39,12.0,1.0,1.0,0.0,0.28479977021696573,0.13283176720142365,0.0
BCS6__Cow_13_66,Cow_13,1,2028,V,4,1,20,1.0,1.0,1.0,0.0,0.06818539775629738,0.02048039436340332,1.0
BCS6__Cow_13_66,Cow_13,1,2028,V,4,3,20,3.0,1.0,1.0,0.0,0.02874932976325664,0.009833143092691898,1.0
BCS6__Cow_13_66,Cow_13,1,2028,V,4,6,20,6.0,1.0,1.0,0.0,0.01869019174096207,0.00663488544523716,1.0
BCS6__Cow_13_66,Cow_13,1,2028,V,4,12,20,12.0,1.0,1.0,0.0,0.008809339764611374,0.003526667132973671,1.0
BCS6__Cow_26_6,Cow_26,1,2028,V,4,1,9,1.0,1.0,1.0,0.0,0.017761350106316524,0.008960234001278877,1.0
BCS6__Cow_26_6,Cow_26,1,2028,V,4,3,9,3.0,1.0,1.0,0.0,0.0089002163861882,0.005280922632664442,1.0
BCS6__Cow_26_6,Cow_26,1,2028,V,4,6,9,6.0,1.0,1.0,0.0,0.0048721735388746485,0.004047027323395014,1.0
BCS6__Cow_26_6,Cow_26,1,2028,V,4,12,9,7.04,1.0,1.0,0.0,0.005710806002102683,0.0036361501552164555,1.0
BCS6__Cow_29_NOTAG,Cow_29,1,2028,V,4,1,34,1.0,1.0,1.0,0.0,0.031186400845083947,0.012045933865010738,1.0
BCS6__Cow_29_NOTAG,Cow_29,1,2028,V,4,3,34,3.0,1.0,1.0,0.0,0.018288272017308763,0.007024461403489113,1.0
BCS6__Cow_29_NOTAG,Cow_29,1,2028,V,4,6,34,6.0,1.0,1.0,0.0,0.012019498081128397,0.004944970365613699,1.0
BCS6__Cow_29_NOTAG,Cow_29,1,2028,V,4,12,34,12.0,1.0,1.0,0.0,0.006782701669141078,0.003123026806861162,1.0
BCS6__Cow_35,Cow_35,1,2028,V,4,1,24,1.0,0.22,0.52,1.56,0.1422229591978313,0.2795480489730835,0.22
BCS6__Cow_35,Cow_35,1,2028,V,4,3,24,3.0,0.5,0.5,0.68,0.07965088150359736,0.11073869466781616,0.5
BCS6__Cow_35,Cow_35,1,2028,V,4,6,24,6.0,0.68,0.68,0.32,0.016485128664431706,0.07982093840837479,0.68
BCS6__Cow_35,Cow_35,1,2028,V,4,12,24,12.0,0.64,0.64,0.36,0.009997168139367019,0.0619330070912838,0.64
BCS6__Cow_4_103,Cow_4,1,2028,V,4,1,47,1.0,1.0,1.0,0.0,0.03818252512019182,0.015150848776102066,1.0
BCS6__Cow_4_103,Cow_4,1,2028,V,4,3,47,3.0,1.0,1.0,0.0,0.018596127754314993,0.009171407669782639,1.0
BCS6__Cow_4_103,Cow_4,1,2028,V,4,6,47,6.0,1.0,1.0,0.0,0.013801919087110504,0.007519536651670933,1.0
BCS6__Cow_4_103,Cow_4,1,2028,V,4,12,47,12.0,1.0,1.0,0.0,0.007749696154960372,0.00425572507083416,1.0
BCS2__Cow_5_1,Cow_5,2,2028,V,0,1,10,1.0,1.0,1.0,0.0,0.15211365042049976,0.03391803801059723,0.0
BCS2__Cow_5_1,Cow_5,2,2028,V,0,3,10,3.0,1.0,1.0,0.0,0.08161219771493027,0.017963234335184097,0.0
BCS2__Cow_5_1,Cow_5,2,2028,V,0,6,10,6.0,1.0,1.0,0.0,0.04205059204747574,0.01002381183207035,0.0
BCS2__Cow_5_1,Cow_5,2,2028,V,0,12,10,7.2,1.0,1.0,0.0,0.04249034698048633,0.01071731187403202,0.0
BCS3__Cow_20_0029,Cow_20,2,2028,V,1,1,4,1.0,0.76,0.76,0.48,0.34753538507582427,0.12724409997463226,0.24
BCS3__Cow_20_0029,Cow_20,2,2028,V,1,3,4,3.0,1.0,1.0,0.0,0.056859084500938746,0.026775216683745384,0.0
BCS3__Cow_20_0029,Cow_20,2,2028,V,1,6,4,3.44,0.98,0.98,0.02,0.0786078152224897,0.03411943092942238,0.0
BCS3__Cow_20_0029,Cow_20,2,2028,V,1,12,4,3.86,1.0,1.0,0.0,0.06296775268136875,0.03420030698180199,0.0
BCS3__Cow_22,Cow_22,2,2028,V,1,1,20,1.0,1.0,1.0,0.0,0.06132380030736149,0.06011152267456055,1.0
BCS3__Cow_22,Cow_22,2,2028,V,1,3,20,3.0,1.0,1.0,0.0,0.042768798682825154,0.037251632660627365,1.0
BCS3__Cow_22,Cow_22,2,2028,V,1,6,20,6.0,1.0,1.0,0.0,0.023416377806300244,0.022315287962555885,1.0
BCS3__Cow_22,Cow_22,2,2028,V,1,12,20,12.0,1.0,1.0,0.0,0.015776246164665015,0.018390903249382973,1.0
BCS3__Cow_22_1,Cow_22,2,2028,V,1,1,6,1.0,0.86,0.86,0.14,0.1279281213569766,0.1146852895617485,0.86
BCS3__Cow_22_1,Cow_22,2,2028,V,1,3,6,3.0,1.0,1.0,0.0,0.04547338985563601,0.042230065912008286,1.0
BCS3__Cow_22_1,Cow_22,2,2028,V,1,6,6,6.0,1.0,1.0,0.0,4.2412116333475263e-08,0.04132530093193054,1.0
BCS3__Cow_22_1,Cow_22,2,2028,V,1,12,6,5.46,1.0,1.0,0.0,0.032007567090693086,0.04986187070608139,1.0
BCS4__Cow_10,Cow_10,2,2028,V,2,1,41,1.0,0.9,0.9,0.14,0.18417992290067622,0.06248941272497177,0.06
BCS4__Cow_10,Cow_10,2,2028,V,2,3,41,3.0,1.0,1.0,0.0,0.06481822566714651,0.031821053475141525,0.0
BCS4__Cow_10,Cow_10,2,2028,V,2,6,41,6.0,1.0,1.0,0.0,0.03638840611515309,0.020231567323207855,0.0
BCS4__Cow_10,Cow_10,2,2028,V,2,12,41,12.0,1.0,1.0,0.0,0.025759795767558467,0.017636269330978394,0.0
BCS4__Cow_10_2038,Cow_10,2,2028,V,2,1,4,1.0,1.0,1.0,0.0,0.113876540926634,0.08638372272253036,0.0
BCS4__Cow_10_2038,Cow_10,2,2028,V,2,3,4,3.0,1.0,1.0,0.0,0.04100038594357295,0.0796368196606636,0.0
BCS4__Cow_10_2038,Cow_10,2,2028,V,2,6,4,3.32,1.0,1.0,0.0,0.057500159037581856,0.0749354287981987,0.0
BCS4__Cow_10_2038,Cow_10,2,2028,V,2,12,4,3.84,1.0,1.0,0.0,0.037792601540701715,0.07837595045566559,0.0
BCS4__Cow_22_6005,Cow_22,2,2028,V,2,1,4,1.0,0.56,0.56,0.44,0.2518718358077877,0.09826448559761047,0.56
BCS4__Cow_22_6005,Cow_22,2,2028,V,2,3,4,3.0,0.78,0.78,0.22,0.09350410043778767,0.038216400891542435,0.78
BCS4__Cow_22_6005,Cow_22,2,2028,V,2,6,4,3.32,0.6,0.6,0.4,0.12737339405052459,0.05779821425676346,0.6
BCS4__Cow_22_6005,Cow_22,2,2028,V,2,12,4,3.88,0.8,0.8,0.2,0.08087739128016537,0.03731529414653778,0.8
BCS4__Cow_30,Cow_30,2,2028,V,2,1,4,1.0,1.0,1.0,0.0,0.1761049964125621,0.09116699546575546,0.0
BCS4__Cow_30,Cow_30,2,2028,V,2,3,4,3.0,1.0,1.0,0.0,0.05707401486649078,0.06437692791223526,0.0
BCS4__Cow_30,Cow_30,2,2028,V,2,6,4,3.22,1.0,1.0,0.0,0.07229788281604163,0.054765328764915466,0.0
BCS4__Cow_30,Cow_30,2,2028,V,2,12,4,3.92,1.0,1.0,0.0,0.05301785320065196,0.04662661254405975,0.0
BCS4__Cow_42,Cow_42,2,2028,V,2,1,11,1.0,0.54,0.54,0.92,0.5800755372970982,0.16589777171611786,0.22
BCS4__Cow_42,Cow_42,2,2028,V,2,3,11,3.0,0.76,0.76,0.42,0.3120877001227318,0.0867248922586441,0.18
BCS4__Cow_42,Cow_42,2,2028,V,2,6,11,6.0,0.84,0.84,0.18,0.1456291668322693,0.04579159617424011,0.02
BCS4__Cow_42,Cow_42,2,2028,V,2,12,11,7.42,0.92,0.92,0.1,0.1562387280703724,0.04652848839759827,0.02
BCS4__Cow_47_1,Cow_47,2,2028,V,2,1,7,1.0,0.68,0.68,0.46,0.3710539035492536,0.207194522023201,0.18
BCS4__Cow_47_1,Cow_47,2,2028,V,2,3,7,3.0,0.92,0.92,0.08,0.21202285286854664,0.11421571671962738,0.08
BCS4__Cow_47_1,Cow_47,2,2028,V,2,6,7,6.0,1.0,1.0,0.0,0.07161322583431584,0.06275174766778946,0.0
BCS4__Cow_47_1,Cow_47,2,2028,V,2,12,7,6.0,1.0,1.0,0.0,0.10227931778907039,0.05493377521634102,0.0
BCS4__Cow_49,Cow_49,2,2028,V,2,1,7,1.0,0.84,0.84,0.16,0.3233242784383951,0.20298238098621368,0.16
BCS4__Cow_49,Cow_49,2,2028,V,2,3,7,3.0,1.0,1.0,0.0,0.14856265404140556,0.0996926799416542,0.0
BCS4__Cow_49,Cow_49,2,2028,V,2,6,7,6.0,1.0,1.0,0.0,0.060136620453917745,0.1086372584104538,0.0
BCS4__Cow_49,Cow_49,2,2028,V,2,12,7,5.88,1.0,1.0,0.0,0.09333906616085298,0.0987209603190422,0.0
BCS4__Cow_55,Cow_55,2,2028,V,2,1,4,1.0,0.52,0.52,0.48,0.4226638233104834,0.24972963333129883,0.52
BCS4__Cow_55,Cow_55,2,2028,V,2,3,4,3.0,0.0,1.0,1.0,0.14896661624689042,0.15885427594184875,0.0
BCS4__Cow_55,Cow_55,2,2028,V,2,6,4,3.24,0.04,0.96,0.96,0.1851720015922505,0.18972286581993103,0.04
BCS4__Cow_55,Cow_55,2,2028,V,2,12,4,3.86,0.02,0.98,0.98,0.13132763398101902,0.14848469197750092,0.02
BCS4__Cow_8,Cow_8,2,2028,V,2,1,26,1.0,0.84,0.84,0.22,0.2065800075478439,0.06630155444145203,0.1
BCS4__Cow_8,Cow_8,2,2028,V,2,3,26,3.0,1.0,1.0,0.0,0.07252617845310388,0.02819381281733513,0.0
BCS4__Cow_8,Cow_8,2,2028,V,2,6,26,6.0,1.0,1.0,0.0,0.049714705759374714,0.020875727757811546,0.0
BCS4__Cow_8,Cow_8,2,2028,V,2,12,26,12.0,1.0,1.0,0.0,0.03596806265872218,0.01672876812517643,0.0
BCS4__Cow_9,Cow_9,2,2028,V,2,1,19,1.0,0.24,0.54,0.76,0.16727884293706988,0.08360781520605087,0.24
BCS4__Cow_9,Cow_9,2,2028,V,2,3,19,3.0,0.48,0.48,0.52,0.10631824560370645,0.05086475983262062,0.48
BCS4__Cow_9,Cow_9,2,2028,V,2,6,19,6.0,0.76,0.76,0.24,0.07096394569206316,0.03257763013243675,0.76
BCS4__Cow_9,Cow_9,2,2028,V,2,12,19,12.0,0.94,0.94,0.06,0.0363395220466636,0.017437728121876717,0.94
BCS5__Cow_10_0029,Cow_10,2,2028,V,3,1,5,1.0,1.0,1.0,0.0,0.13845246403675335,0.0692983865737915,1.0
BCS5__Cow_10_0029,Cow_10,2,2028,V,3,3,5,3.0,1.0,1.0,0.0,0.05060683832296858,0.02770220674574375,1.0
BCS5__Cow_10_0029,Cow_10,2,2028,V,3,6,5,3.7,1.0,1.0,0.0,0.04668091154302522,0.022957254201173782,1.0
BCS5__Cow_10_0029,Cow_10,2,2028,V,3,12,5,4.5,1.0,1.0,0.0,0.03576275399950952,0.016644187271595,1.0
BCS5__Cow_24,Cow_24,2,2028,V,3,1,12,1.0,0.96,0.96,0.08,0.15967187228228572,0.036303456872701645,0.96
BCS5__Cow_24,Cow_24,2,2028,V,3,3,12,3.0,1.0,1.0,0.0,0.03269446759549551,0.013279280625283718,1.0
BCS5__Cow_24,Cow_24,2,2028,V,3,6,12,6.0,1.0,1.0,0.0,0.022944701475299922,0.011275934055447578,1.0
BCS5__Cow_24,Cow_24,2,2028,V,3,12,12,12.0,1.0,1.0,0.0,1.4503805411420052e-07,1.664273518997561e-08,1.0
BCS5__Cow_24_7022,Cow_24,2,2028,V,3,1,3,1.0,0.7,0.7,0.6,0.2685716159873613,0.1325336992740631,0.3
BCS5__Cow_24_7022,Cow_24,2,2028,V,3,3,3,3.0,0.0,1.0,1.0,1.229686487484648e-07,0.02566337026655674,0.0
BCS5__Cow_24_7022,Cow_24,2,2028,V,3,6,3,2.78,0.5,0.5,0.52,0.1295275531454312,0.05409986153244972,0.02
BCS5__Cow_24_7022,Cow_24,2,2028,V,3,12,3,2.96,0.26,0.74,0.74,0.08676182513368585,0.04277924448251724,0.0
BCS5__Cow_28,Cow_28,2,2028,V,3,1,28,1.0,0.9,0.9,0.2,0.29818082645547467,0.07064973562955856,0.9
BCS5__Cow_28,Cow_28,2,2028,V,3,3,28,3.0,1.0,1.0,0.0,0.05802043663859709,0.02531852014362812,1.0
BCS5__Cow_28,Cow_28,2,2028,V,3,6,28,6.0,1.0,1.0,0.0,0.033081784261189975,0.015180179849267006,1.0
BCS5__Cow_28,Cow_28,2,2028,V,3,12,28,12.0,1.0,1.0,0.0,0.020201731421659354,0.010288107208907604,1.0
BCS5__Cow_28_4024,Cow_28,2,2028,V,3,1,3,1.0,1.0,1.0,0.0,0.15399490723170373,0.10978805273771286,0.0
BCS5__Cow_28_4024,Cow_28,2,2028,V,3,3,3,3.0,1.0,1.0,0.0,6.170841943193653e-08,0.08512653410434723,0.0
BCS5__Cow_28_4024,Cow_28,2,2028,V,3,6,3,2.76,1.0,1.0,0.0,0.06356382282418764,0.0906132161617279,0.0
BCS5__Cow_28_4024,Cow_28,2,2028,V,3,12,3,3.0,1.0,1.0,0.0,0.04167254163321613,0.09321927279233932,0.0
BCS5__Cow_3,Cow_3,2,2028,V,3,1,10,1.0,1.0,1.0,0.0,0.003299032371358817,0.0024706514086574316,0.0
BCS5__Cow_3,Cow_3,2,2028,V,3,3,10,3.0,1.0,1.0,0.0,0.0016059455189703985,0.0012641963548958302,0.0
BCS5__Cow_3,Cow_3,2,2028,V,3,6,10,6.0,1.0,1.0,0.0,0.0007015748426925873,0.000748727994505316,0.0
BCS5__Cow_3,Cow_3,2,2028,V,3,12,10,7.26,1.0,1.0,0.0,0.0007241661569425612,0.0006918069557286799,0.0
BCS5__Cow_30_30,Cow_30,2,2028,V,3,1,6,1.0,1.0,1.0,0.0,0.2041715384573088,0.0882636234164238,1.0
BCS5__Cow_30_30,Cow_30,2,2028,V,3,3,6,3.0,1.0,1.0,0.0,0.09622816751531377,0.045175328850746155,1.0
BCS5__Cow_30_30,Cow_30,2,2028,V,3,6,6,6.0,1.0,1.0,0.0,1.2603545172157021e-07,0.02057114988565445,1.0
BCS5__Cow_30_30,Cow_30,2,2028,V,3,12,6,5.24,1.0,1.0,0.0,0.05659090160461114,0.031105782836675644,1.0
BCS5__Cow_34,Cow_34,2,2028,V,3,1,9,1.0,1.0,1.0,0.0,0.28077043737053103,0.08703455328941345,0.0
BCS5__Cow_34,Cow_34,2,2028,V,3,3,9,3.0,1.0,1.0,0.0,0.07057736758853485,0.03403066471219063,0.0
BCS5__Cow_34,Cow_34,2,2028,V,3,6,9,6.0,1.0,1.0,0.0,0.0352764421975656,0.03394129499793053,0.0
BCS5__Cow_34,Cow_34,2,2028,V,3,12,9,6.9,1.0,1.0,0.0,0.04616801719537704,0.030451461672782898,0.0
BCS5__Cow_34_1,Cow_34,2,2028,V,3,1,4,1.0,0.54,0.54,0.92,0.6552641463413473,0.22243911027908325,0.0
BCS5__Cow_34_1,Cow_34,2,2028,V,3,3,4,3.0,0.5,0.5,1.0,0.2441460797498246,0.17776668071746826,0.0
BCS5__Cow_34_1,Cow_34,2,2028,V,3,6,4,3.38,0.68,0.68,0.64,0.2935507924370162,0.16172748804092407,0.0
BCS5__Cow_34_1,Cow_34,2,2028,V,3,12,4,3.82,0.62,0.62,0.76,0.2225842690645085,0.1745297610759735,0.0
BCS5__Cow_50,Cow_50,2,2028,V,3,1,39,1.0,0.6,0.6,0.4,0.0402544354865397,0.01712053269147873,0.6
BCS5__Cow_50,Cow_50,2,2028,V,3,3,39,3.0,0.76,0.76,0.24,0.025754841252237332,0.011171252466738224,0.76
BCS5__Cow_50,Cow_50,2,2028,V,3,6,39,6.0,0.82,0.82,0.18,0.021614511688872302,0.009818410500884056,0.82
BCS5__Cow_50,Cow_50,2,2028,V,3,12,39,12.0,1.0,1.0,0.0,0.010023924751859781,0.006438171491026878,1.0
BCS5__Cow_50_49,Cow_50,2,2028,V,3,1,3,1.0,1.0,1.0,0.0,0.1853556163155625,0.07073461264371872,1.0
BCS5__Cow_50_49,Cow_50,2,2028,V,3,3,3,3.0,1.0,1.0,0.0,3.7412520432157545e-08,0.05826890841126442,1.0
BCS5__Cow_50_49,Cow_50,2,2028,V,3,6,3,2.64,1.0,1.0,0.0,0.08671203933793395,0.05567210167646408,1.0
BCS5__Cow_50_49,Cow_50,2,2028,V,3,12,3,3.0,1.0,1.0,0.0,0.054019992083414146,0.0641229972243309,1.0
BCS5__Cow_8_NOTAG,Cow_8,2,2028,V,3,1,4,1.0,1.0,1.0,0.0,0.20424954290636876,0.09622827172279358,1.0
BCS5__Cow_8_NOTAG,Cow_8,2,2028,V,3,3,4,3.0,1.0,1.0,0.0,0.050844416715085425,0.04886116087436676,1.0
BCS5__Cow_8_NOTAG,Cow_8,2,2028,V,3,6,4,3.44,1.0,1.0,0.0,0.08157821673328519,0.05077224224805832,1.0
BCS5__Cow_8_NOTAG,Cow_8,2,2028,V,3,12,4,3.88,1.0,1.0,0.0,0.057512284328641625,0.03949916362762451,1.0
BCS6__Cow_18,Cow_18,2,2028,V,4,1,33,1.0,0.32,0.5,2.22,0.5417370252559871,0.525444746017456,0.32
BCS6__Cow_18,Cow_18,2,2028,V,4,3,33,3.0,0.8,0.8,0.72,0.4887069996938881,0.16163398325443268,0.8
BCS6__Cow_18,Cow_18,2,2028,V,4,6,33,6.0,0.96,0.96,0.16,0.285981206635784,0.07367195188999176,0.96
BCS6__Cow_18,Cow_18,2,2028,V,4,12,33,12.0,0.98,0.98,0.08,0.18023104576392293,0.04085730388760567,0.98
BCS6__Cow_18_32,Cow_18,2,2028,V,4,1,46,1.0,0.92,0.92,0.08,0.3555406891658803,0.07689523696899414,0.92
BCS6__Cow_18_32,Cow_18,2,2028,V,4,3,46,3.0,1.0,1.0,0.0,0.01331896979219279,0.003882303833961487,1.0
BCS6__Cow_18_32,Cow_18,2,2028,V,4,6,46,6.0,1.0,1.0,0.0,0.007970350961838313,0.0026799109764397144,1.0
BCS6__Cow_18_32,Cow_18,2,2028,V,4,12,46,12.0,1.0,1.0,0.0,0.006221951298745686,0.0025825202465057373,1.0
BCS6__Cow_24_08,Cow_24,2,2028,V,4,1,22,1.0,1.0,1.0,0.0,0.38789800951078324,0.0817568376660347,1.0
BCS6__Cow_24_08,Cow_24,2,2028,V,4,3,22,3.0,1.0,1.0,0.0,0.24429423146667223,0.05470944568514824,1.0
BCS6__Cow_24_08,Cow_24,2,2028,V,4,6,22,6.0,1.0,1.0,0.0,0.15250722237933956,0.037009526044130325,1.0
BCS6__Cow_24_08,Cow_24,2,2028,V,4,12,22,12.0,1.0,1.0,0.0,0.09289777496424426,0.021282754838466644,1.0
BCS6__Cow_28_3083,Cow_28,2,2028,V,4,1,18,1.0,1.0,1.0,0.0,0.0679275207887566,0.017399342730641365,1.0
BCS6__Cow_28_3083,Cow_28,2,2028,V,4,3,18,3.0,1.0,1.0,0.0,0.044977842173213045,0.011207448318600655,1.0
BCS6__Cow_28_3083,Cow_28,2,2028,V,4,6,18,6.0,1.0,1.0,0.0,0.022780285733025415,0.0056232307106256485,1.0
BCS6__Cow_28_3083,Cow_28,2,2028,V,4,12,18,12.0,1.0,1.0,0.0,0.014175179644342586,0.0037149630952626467,1.0
BCS6__Cow_3_25,Cow_3,2,2028,V,4,1,22,1.0,1.0,1.0,0.0,0.00978840905655596,0.0029968542512506247,1.0
BCS6__Cow_3_25,Cow_3,2,2028,V,4,3,22,3.0,1.0,1.0,0.0,0.005575592134248901,0.0014934990322217345,1.0
BCS6__Cow_3_25,Cow_3,2,2028,V,4,6,22,6.0,1.0,1.0,0.0,0.003404422808994281,0.0010211602784693241,1.0
BCS6__Cow_3_25,Cow_3,2,2028,V,4,12,22,12.0,1.0,1.0,0.0,0.002030910851265875,0.00064897007541731,1.0
BCS6__Cow_47_68,Cow_47,2,2028,V,4,1,31,1.0,1.0,1.0,0.0,0.05528504154707958,0.01331241987645626,1.0
BCS6__Cow_47_68,Cow_47,2,2028,V,4,3,31,3.0,1.0,1.0,0.0,0.021439864835958465,0.0043656793422997,1.0
BCS6__Cow_47_68,Cow_47,2,2028,V,4,6,31,6.0,1.0,1.0,0.0,0.017265126256747206,0.003444315865635872,1.0
BCS6__Cow_47_68,Cow_47,2,2028,V,4,12,31,12.0,1.0,1.0,0.0,0.011013265372444063,0.0022891953121870756,1.0
BCS6__Cow_9_1044,Cow_9,2,2028,V,4,1,36,1.0,1.0,1.0,0.0,0.022183427090054993,0.0068510752171278,1.0
BCS6__Cow_9_1044,Cow_9,2,2028,V,4,3,36,3.0,1.0,1.0,0.0,0.007489377262924401,0.002592977602034807,1.0
BCS6__Cow_9_1044,Cow_9,2,2028,V,4,6,36,6.0,1.0,1.0,0.0,0.006235264500165703,0.0023092450574040413,1.0
BCS6__Cow_9_1044,Cow_9,2,2028,V,4,12,36,12.0,1.0,1.0,0.0,0.00374818982744337,0.0014258185401558876,1.0
BCS2__Cow_21_8029,Cow_21,0,2026,V_single,0,1,17,1.0,1.0,1.0,0.0,0.13183100892423405,0.09990409016609192,1.0
BCS2__Cow_21_8029,Cow_21,0,2026,V_single,0,3,17,3.0,1.0,1.0,0.0,0.06532245697418332,0.08526920527219772,1.0
BCS2__Cow_21_8029,Cow_21,0,2026,V_single,0,6,17,6.0,1.0,1.0,0.0,0.044998791130839606,0.09060245752334595,1.0
BCS2__Cow_21_8029,Cow_21,0,2026,V_single,0,12,17,12.0,1.0,1.0,0.0,0.021210313496677066,0.09509573876857758,1.0
BCS3__Cow_16,Cow_16,0,2026,V_single,1,1,20,1.0,0.76,0.76,0.24,0.021133380680025658,0.010163087397813797,0.0
BCS3__Cow_16,Cow_16,0,2026,V_single,1,3,20,3.0,0.78,0.78,0.22,0.011860401701901826,0.006272772327065468,0.0
BCS3__Cow_16,Cow_16,0,2026,V_single,1,6,20,6.0,0.78,0.78,0.22,0.0067210992711827875,0.004961326252669096,0.0
BCS3__Cow_16,Cow_16,0,2026,V_single,1,12,20,12.0,0.92,0.92,0.08,0.0041923645666956215,0.004545791074633598,0.0
BCS3__Cow_16_1004,Cow_16,0,2026,V_single,1,1,3,1.0,1.0,1.0,0.0,0.09846181813701842,0.11083852499723434,1.0
BCS3__Cow_16_1004,Cow_16,0,2026,V_single,1,3,3,3.0,1.0,1.0,0.0,4.126573891317958e-09,0.10756566375494003,1.0
BCS3__Cow_16_1004,Cow_16,0,2026,V_single,1,6,3,2.7,1.0,1.0,0.0,0.037156553693732636,0.10137473791837692,1.0
BCS3__Cow_16_1004,Cow_16,0,2026,V_single,1,12,3,2.96,1.0,1.0,0.0,0.030708680141519156,0.11166112869977951,1.0
BCS3__Cow_25_66,Cow_25,0,2026,V_single,1,1,3,1.0,1.0,1.0,0.0,0.05987880383440721,0.032531220465898514,1.0
BCS3__Cow_25_66,Cow_25,0,2026,V_single,1,3,3,3.0,1.0,1.0,0.0,1.387910608619226e-07,0.03308146074414253,1.0
BCS3__Cow_25_66,Cow_25,0,2026,V_single,1,6,3,2.76,1.0,1.0,0.0,0.026045376043948573,0.033359427005052567,1.0
BCS3__Cow_25_66,Cow_25,0,2026,V_single,1,12,3,2.96,1.0,1.0,0.0,0.020277055711017504,0.033020634204149246,1.0
BCS3__Cow_2_1015,Cow_2,0,2026,V_single,1,1,4,1.0,1.0,1.0,0.0,0.11744056719857719,0.0962187871336937,0.0
BCS3__Cow_2_1015,Cow_2,0,2026,V_single,1,3,4,3.0,1.0,1.0,0.0,0.04453447940650852,0.09500627219676971,0.0
BCS3__Cow_2_1015,Cow_2,0,2026,V_single,1,6,4,3.24,1.0,1.0,0.0,0.04600980284188209,0.09416273981332779,0.0
BCS3__Cow_2_1015,Cow_2,0,2026,V_single,1,12,4,3.8,1.0,1.0,0.0,0.0363490136276934,0.08724772185087204,0.0
BCS3__Cow_46,Cow_46,0,2026,V_single,1,1,17,1.0,1.0,1.0,0.0,0.03042422790887508,0.021816322579979897,1.0
BCS3__Cow_46,Cow_46,0,2026,V_single,1,3,17,3.0,1.0,1.0,0.0,0.016262335050954067,0.020638134330511093,1.0
BCS3__Cow_46,Cow_46,0,2026,V_single,1,6,17,6.0,1.0,1.0,0.0,0.009661159579134106,0.016829220578074455,1.0
BCS3__Cow_46,Cow_46,0,2026,V_single,1,12,17,12.0,1.0,1.0,0.0,0.004726754004619899,0.01759728603065014,1.0
BCS3__Cow_46_1,Cow_46,0,2026,V_single,1,1,9,1.0,1.0,1.0,0.0,0.009168043021291946,0.008016807027161121,1.0
BCS3__Cow_46_1,Cow_46,0,2026,V_single,1,3,9,3.0,1.0,1.0,0.0,0.003796543053657942,0.006002251524478197,1.0
BCS3__Cow_46_1,Cow_46,0,2026,V_single,1,6,9,6.0,1.0,1.0,0.0,0.0018318402277156007,0.0058983140625059605,1.0
BCS3__Cow_46_1,Cow_46,0,2026,V_single,1,12,9,7.06,1.0,1.0,0.0,0.001972208982611302,0.005734586622565985,1.0
BCS3__Cow_46_2,Cow_46,0,2026,V_single,1,1,3,1.0,1.0,1.0,0.0,0.06956136340833502,0.056200895458459854,1.0
BCS3__Cow_46_2,Cow_46,0,2026,V_single,1,3,3,3.0,1.0,1.0,0.0,0.0,0.09650944918394089,1.0
BCS3__Cow_46_2,Cow_46,0,2026,V_single,1,6,3,2.72,1.0,1.0,0.0,0.03416221175810329,0.09216202050447464,1.0
BCS3__Cow_46_2,Cow_46,0,2026,V_single,1,12,3,2.96,1.0,1.0,0.0,0.026213986565879113,0.09473612904548645,1.0
BCS3__Cow_53,Cow_53,0,2026,V_single,1,1,3,1.0,1.0,1.0,0.0,0.007838675246498873,0.011093471199274063,1.0
BCS3__Cow_53,Cow_53,0,2026,V_single,1,3,3,3.0,1.0,1.0,0.0,1.3220469913503303e-08,0.0099462466314435,1.0
BCS3__Cow_53,Cow_53,0,2026,V_single,1,6,3,2.68,1.0,1.0,0.0,0.0030683996222641285,0.010415804572403431,1.0
BCS3__Cow_53,Cow_53,0,2026,V_single,1,12,3,3.0,1.0,1.0,0.0,0.0019058593448222005,0.009933780878782272,1.0
BCS4__Cow_15_68,Cow_15,0,2026,V_single,2,1,3,1.0,1.0,1.0,0.0,0.18264942948013307,0.09279376268386841,1.0
BCS4__Cow_15_68,Cow_15,0,2026,V_single,2,3,3,3.0,1.0,1.0,0.0,3.5140308917779026e-08,0.03850747272372246,1.0
BCS4__Cow_15_68,Cow_15,0,2026,V_single,2,6,3,2.78,1.0,1.0,0.0,0.07698729062187505,0.04471845552325249,1.0
BCS4__Cow_15_68,Cow_15,0,2026,V_single,2,12,3,2.98,1.0,1.0,0.0,0.037883102223424246,0.040083590894937515,1.0
BCS4__Cow_17,Cow_17,0,2026,V_single,2,1,10,1.0,1.0,1.0,0.0,0.0071761366056677265,0.0055602360516786575,0.0
BCS4__Cow_17,Cow_17,0,2026,V_single,2,3,10,3.0,1.0,1.0,0.0,0.0036578759374500734,0.005291780456900597,0.0
BCS4__Cow_17,Cow_17,0,2026,V_single,2,6,10,6.0,1.0,1.0,0.0,0.002220231743624652,0.005550353322178125,0.0
BCS4__Cow_17,Cow_17,0,2026,V_single,2,12,10,7.04,1.0,1.0,0.0,0.0017658976733627041,0.005437314976006746,0.0
BCS4__Cow_19,Cow_19,0,2026,V_single,2,1,57,1.0,1.0,1.0,0.0,0.09662767913823934,0.05902950465679169,0.0
BCS4__Cow_19,Cow_19,0,2026,V_single,2,3,57,3.0,1.0,1.0,0.0,0.044856422092504324,0.05349833890795708,0.0
BCS4__Cow_19,Cow_19,0,2026,V_single,2,6,57,6.0,1.0,1.0,0.0,0.035689174117744485,0.03399885445833206,0.0
BCS4__Cow_19,Cow_19,0,2026,V_single,2,12,57,12.0,1.0,1.0,0.0,0.02229683860176094,0.04083961993455887,0.0
BCS4__Cow_19_0037,Cow_19,0,2026,V_single,2,1,5,1.0,1.0,1.0,0.0,0.11515700852620295,0.049253739416599274,1.0
BCS4__Cow_19_0037,Cow_19,0,2026,V_single,2,3,5,3.0,1.0,1.0,0.0,0.04710235140871744,0.03829863294959068,1.0
BCS4__Cow_19_0037,Cow_19,0,2026,V_single,2,6,5,3.6,1.0,1.0,0.0,0.0413626261654475,0.03519953787326813,1.0
BCS4__Cow_19_0037,Cow_19,0,2026,V_single,2,12,5,4.6,1.0,1.0,0.0,0.03377772315958372,0.04320945218205452,1.0
BCS4__Cow_2,Cow_2,0,2026,V_single,2,1,13,1.0,0.96,0.96,0.04,0.029506861561060794,0.012849709950387478,0.04
BCS4__Cow_2,Cow_2,0,2026,V_single,2,3,13,3.0,0.98,0.98,0.02,0.019559131433421098,0.013730627484619617,0.02
BCS4__Cow_2,Cow_2,0,2026,V_single,2,6,13,6.0,1.0,1.0,0.0,0.010964069688462256,0.012180168181657791,0.0
BCS4__Cow_2,Cow_2,0,2026,V_single,2,12,13,12.0,1.0,1.0,0.0,0.002228064059540452,0.010719452984631062,0.0
BCS4__Cow_23,Cow_23,0,2026,V_single,2,1,18,1.0,1.0,1.0,0.0,0.037394743716174406,0.01979229226708412,1.0
BCS4__Cow_23,Cow_23,0,2026,V_single,2,3,18,3.0,1.0,1.0,0.0,0.027163607593174304,0.019038304686546326,1.0
BCS4__Cow_23,Cow_23,0,2026,V_single,2,6,18,6.0,1.0,1.0,0.0,0.018322413138950017,0.01720830798149109,1.0
BCS4__Cow_23,Cow_23,0,2026,V_single,2,12,18,12.0,1.0,1.0,0.0,0.011257306395143883,0.01581847295165062,1.0
BCS4__Cow_31,Cow_31,0,2026,V_single,2,1,12,1.0,0.66,0.66,0.34,0.3962677578297723,0.1900818645954132,0.0
BCS4__Cow_31,Cow_31,0,2026,V_single,2,3,12,3.0,0.94,0.94,0.06,0.13488062615681307,0.08639270812273026,0.0
BCS4__Cow_31,Cow_31,0,2026,V_single,2,6,12,6.0,1.0,1.0,0.0,0.09516108482633295,0.06732968986034393,0.0
BCS4__Cow_31,Cow_31,0,2026,V_single,2,12,12,12.0,1.0,1.0,0.0,1.0700714720284743e-07,0.04045829921960831,0.0
BCS4__Cow_32_0035,Cow_32,0,2026,V_single,2,1,8,1.0,1.0,1.0,0.0,0.0692502873374771,0.038431376218795776,0.0
BCS4__Cow_32_0035,Cow_32,0,2026,V_single,2,3,8,3.0,1.0,1.0,0.0,0.026694136302249878,0.02263845130801201,0.0
BCS4__Cow_32_0035,Cow_32,0,2026,V_single,2,6,8,6.0,1.0,1.0,0.0,0.010574105463400584,0.026800230145454407,0.0
BCS4__Cow_32_0035,Cow_32,0,2026,V_single,2,12,8,6.48,1.0,1.0,0.0,0.016892586164828617,0.024916326627135277,0.0
BCS4__Cow_44_1,Cow_44,0,2026,V_single,2,1,22,1.0,0.94,0.94,0.06,0.029641635292028033,0.014796643517911434,0.06
BCS4__Cow_44_1,Cow_44,0,2026,V_single,2,3,22,3.0,0.9,0.9,0.1,0.01701760974470512,0.010148665867745876,0.1
BCS4__Cow_44_1,Cow_44,0,2026,V_single,2,6,22,6.0,0.96,0.96,0.04,0.009999026254817465,0.005502441432327032,0.04
BCS4__Cow_44_1,Cow_44,0,2026,V_single,2,12,22,12.0,1.0,1.0,0.0,0.006111890919714837,0.00398924620822072,0.0
BCS4__Cow_51,Cow_51,0,2026,V_single,2,1,4,1.0,0.76,0.76,0.24,0.11765663645475412,0.06798051297664642,0.24
BCS4__Cow_51,Cow_51,0,2026,V_single,2,3,4,3.0,1.0,1.0,0.0,0.039785144386126896,0.07886533439159393,0.0
BCS4__Cow_51,Cow_51,0,2026,V_single,2,6,4,3.1,0.88,0.88,0.12,0.051856759034582325,0.07380735874176025,0.12
BCS4__Cow_51,Cow_51,0,2026,V_single,2,12,4,3.84,0.98,0.98,0.02,0.029217382186828088,0.07602623105049133,0.02
BCS4__Cow_51_0035,Cow_51,0,2026,V_single,2,1,4,1.0,1.0,1.0,0.0,0.07002971068245938,0.05537686496973038,0.0
BCS4__Cow_51_0035,Cow_51,0,2026,V_single,2,3,4,3.0,1.0,1.0,0.0,0.023959641890445124,0.02894728258252144,0.0
BCS4__Cow_51_0035,Cow_51,0,2026,V_single,2,6,4,3.4,1.0,1.0,0.0,0.028330077634473944,0.03341865539550781,0.0
BCS4__Cow_51_0035,Cow_51,0,2026,V_single,2,12,4,3.92,1.0,1.0,0.0,0.02142241239883319,0.031530335545539856,0.0
BCS4__Cow_7,Cow_7,0,2026,V_single,2,1,15,1.0,1.0,1.0,0.0,0.018999882333217658,0.029403915628790855,0.0
BCS4__Cow_7,Cow_7,0,2026,V_single,2,3,15,3.0,1.0,1.0,0.0,0.009569834474233898,0.030500423163175583,0.0
BCS4__Cow_7,Cow_7,0,2026,V_single,2,6,15,6.0,1.0,1.0,0.0,0.005613238607756601,0.03128354251384735,0.0
BCS4__Cow_7,Cow_7,0,2026,V_single,2,12,15,12.0,1.0,1.0,0.0,0.0023499504455834846,0.031038274988532066,0.0
BCS5__Cow_15,Cow_15,0,2026,V_single,3,1,25,1.0,0.84,0.84,0.16,0.1210395639814666,0.055483873933553696,0.0
BCS5__Cow_15,Cow_15,0,2026,V_single,3,3,25,3.0,1.0,1.0,0.0,0.046825253260424256,0.02432587370276451,0.0
BCS5__Cow_15,Cow_15,0,2026,V_single,3,6,25,6.0,1.0,1.0,0.0,0.03050839207319978,0.01752365194261074,0.0
BCS5__Cow_15,Cow_15,0,2026,V_single,3,12,25,12.0,1.0,1.0,0.0,0.016778002226268875,0.012618806213140488,0.0
BCS5__Cow_17_17,Cow_17,0,2026,V_single,3,1,6,1.0,1.0,1.0,0.0,0.029634828493311043,0.02059652842581272,1.0
BCS5__Cow_17_17,Cow_17,0,2026,V_single,3,3,6,3.0,1.0,1.0,0.0,0.013337506143291303,0.016225378960371017,1.0
BCS5__Cow_17_17,Cow_17,0,2026,V_single,3,6,6,6.0,1.0,1.0,0.0,9.809548173266112e-08,0.015296791680157185,1.0
BCS5__Cow_17_17,Cow_17,0,2026,V_single,3,12,6,5.26,1.0,1.0,0.0,0.0076144836237168455,0.015609359368681908,1.0
BCS5__Cow_21,Cow_21,0,2026,V_single,3,1,18,1.0,0.1,0.9,0.9,0.05391719542805656,0.02075689285993576,0.1
BCS5__Cow_21,Cow_21,0,2026,V_single,3,3,18,3.0,0.0,1.0,1.0,0.021776801263123816,0.019343920052051544,0.0
BCS5__Cow_21,Cow_21,0,2026,V_single,3,6,18,6.0,0.0,1.0,1.0,0.013700081571943147,0.01913234032690525,0.0
BCS5__Cow_21,Cow_21,0,2026,V_single,3,12,18,12.0,0.0,1.0,1.0,0.006034766945280166,0.018260719254612923,0.0
BCS5__Cow_23_1067,Cow_23,0,2026,V_single,3,1,5,1.0,1.0,1.0,0.0,0.04731084265056811,0.025380851700901985,1.0
BCS5__Cow_23_1067,Cow_23,0,2026,V_single,3,3,5,3.0,1.0,1.0,0.0,0.021514753440923615,0.029140405356884003,1.0
BCS5__Cow_23_1067,Cow_23,0,2026,V_single,3,6,5,3.74,1.0,1.0,0.0,0.01812720518038482,0.024971017614006996,1.0
BCS5__Cow_23_1067,Cow_23,0,2026,V_single,3,12,5,4.72,1.0,1.0,0.0,0.015197048263950814,0.029415545985102654,1.0
BCS5__Cow_25,Cow_25,0,2026,V_single,3,1,29,1.0,1.0,1.0,0.0,0.07802796804986764,0.048362813889980316,0.0
BCS5__Cow_25,Cow_25,0,2026,V_single,3,3,29,3.0,1.0,1.0,0.0,0.040915226646242225,0.02796441875398159,0.0
BCS5__Cow_25,Cow_25,0,2026,V_single,3,6,29,6.0,1.0,1.0,0.0,0.025864112555571434,0.02125498838722706,0.0
BCS5__Cow_25,Cow_25,0,2026,V_single,3,12,29,12.0,1.0,1.0,0.0,0.015531378655575934,0.01995108649134636,0.0
BCS5__Cow_31_15,Cow_31,0,2026,V_single,3,1,3,1.0,0.44,0.56,0.56,0.014646428931128712,0.008752807043492794,0.56
BCS5__Cow_31_15,Cow_31,0,2026,V_single,3,3,3,3.0,1.0,1.0,0.0,9.230598720386121e-08,0.009859386831521988,0.0
BCS5__Cow_31_15,Cow_31,0,2026,V_single,3,6,3,2.8,0.64,0.64,0.36,0.0059272958908847696,0.010066035203635693,0.36
BCS5__Cow_31_15,Cow_31,0,2026,V_single,3,12,3,2.94,0.78,0.78,0.22,0.004636718787291877,0.009767642244696617,0.22
BCS5__Cow_31_2024,Cow_31,0,2026,V_single,3,1,5,1.0,1.0,1.0,0.0,0.11376181519166495,0.06982515752315521,0.0
BCS5__Cow_31_2024,Cow_31,0,2026,V_single,3,3,5,3.0,1.0,1.0,0.0,0.05140309677174818,0.06151280924677849,0.0
BCS5__Cow_31_2024,Cow_31,0,2026,V_single,3,6,5,3.62,1.0,1.0,0.0,0.04443169383051297,0.05919719859957695,0.0
BCS5__Cow_31_2024,Cow_31,0,2026,V_single,3,12,5,4.72,1.0,1.0,0.0,0.035312631611630826,0.058390866965055466,0.0
BCS5__Cow_32,Cow_32,0,2026,V_single,3,1,5,1.0,1.0,1.0,0.0,0.07249253984537933,0.03344779461622238,1.0
BCS5__Cow_32,Cow_32,0,2026,V_single,3,3,5,3.0,1.0,1.0,0.0,0.03171817916084871,0.02472776360809803,1.0
BCS5__Cow_32,Cow_32,0,2026,V_single,3,6,5,3.66,1.0,1.0,0.0,0.027115450857924096,0.026356175541877747,1.0
BCS5__Cow_32,Cow_32,0,2026,V_single,3,12,5,4.72,1.0,1.0,0.0,0.016927926839001343,0.023726463317871094,1.0
BCS5__Cow_44_3008,Cow_44,0,2026,V_single,3,1,3,1.0,0.62,0.62,0.38,0.3369740809795409,0.17407003045082092,0.0
BCS5__Cow_44_3008,Cow_44,0,2026,V_single,3,3,3,3.0,1.0,1.0,0.0,2.1391426952112013e-08,0.011836988851428032,0.0
BCS5__Cow_44_3008,Cow_44,0,2026,V_single,3,6,3,2.78,0.96,0.96,0.04,0.11828388914366991,0.05450156703591347,0.0
BCS5__Cow_44_3008,Cow_44,0,2026,V_single,3,12,3,2.96,1.0,1.0,0.0,0.08175644061152348,0.038903769105672836,0.0
BCS5__Cow_45,Cow_45,0,2026,V_single,3,1,24,1.0,0.9,0.9,0.1,0.03269958020935269,0.013708407059311867,0.9
BCS5__Cow_45,Cow_45,0,2026,V_single,3,3,24,3.0,0.96,0.96,0.04,0.01123503346350141,0.006596345454454422,0.96
BCS5__Cow_45,Cow_45,0,2026,V_single,3,6,24,6.0,1.0,1.0,0.0,0.00888954187411996,0.005905750207602978,1.0
BCS5__Cow_45,Cow_45,0,2026,V_single,3,12,24,12.0,1.0,1.0,0.0,0.005351314223788271,0.004212534055113792,1.0
BCS5__Cow_53_30,Cow_53,0,2026,V_single,3,1,4,1.0,0.18,0.82,0.82,0.08242301656007942,0.076862633228302,0.18
BCS5__Cow_53_30,Cow_53,0,2026,V_single,3,3,4,3.0,0.0,1.0,1.0,0.03448880583208387,0.0663607120513916,0.0
BCS5__Cow_53_30,Cow_53,0,2026,V_single,3,6,4,3.2,0.0,1.0,1.0,0.037362121143935896,0.06619925796985626,0.0
BCS5__Cow_53_30,Cow_53,0,2026,V_single,3,12,4,3.86,0.0,1.0,1.0,0.026993982621381654,0.06573805212974548,0.0
BCS5__Cow_7_6022,Cow_7,0,2026,V_single,3,1,3,1.0,1.0,1.0,0.0,0.07013528118125509,0.048403963446617126,0.0
BCS5__Cow_7_6022,Cow_7,0,2026,V_single,3,3,3,3.0,1.0,1.0,0.0,2.220302739388229e-07,0.05174575746059418,0.0
BCS5__Cow_7_6022,Cow_7,0,2026,V_single,3,6,3,2.68,1.0,1.0,0.0,0.031178409384598246,0.054664429277181625,0.0
BCS5__Cow_7_6022,Cow_7,0,2026,V_single,3,12,3,2.96,1.0,1.0,0.0,0.019604867045838723,0.05555833503603935,0.0
BCS6__Cow_16_06,Cow_16,0,2026,V_single,4,1,62,1.0,1.0,1.0,0.0,0.03070712432521844,0.016117246821522713,1.0
BCS6__Cow_16_06,Cow_16,0,2026,V_single,4,3,62,3.0,1.0,1.0,0.0,0.018506077587407792,0.010807041078805923,1.0
BCS6__Cow_16_06,Cow_16,0,2026,V_single,4,6,62,6.0,1.0,1.0,0.0,0.010460365331350863,0.006474448833614588,1.0
BCS6__Cow_16_06,Cow_16,0,2026,V_single,4,12,62,12.0,1.0,1.0,0.0,0.006668668103168137,0.003968061413615942,1.0
BCS6__Cow_19_29,Cow_19,0,2026,V_single,4,1,52,1.0,1.0,1.0,0.0,0.026568527579533652,0.03648613393306732,1.0
BCS6__Cow_19_29,Cow_19,0,2026,V_single,4,3,52,3.0,1.0,1.0,0.0,0.015925865005320887,0.03502441570162773,1.0
BCS6__Cow_19_29,Cow_19,0,2026,V_single,4,6,52,6.0,1.0,1.0,0.0,0.010503422954461961,0.03517316281795502,1.0
BCS6__Cow_19_29,Cow_19,0,2026,V_single,4,12,52,12.0,1.0,1.0,0.0,0.008224307998283869,0.036013320088386536,1.0
BCS6__Cow_2_6006,Cow_2,0,2026,V_single,4,1,31,1.0,1.0,1.0,0.0,0.010561978675792233,0.00563882477581501,1.0
BCS6__Cow_2_6006,Cow_2,0,2026,V_single,4,3,31,3.0,1.0,1.0,0.0,0.005811399380783411,0.006126154214143753,1.0
BCS6__Cow_2_6006,Cow_2,0,2026,V_single,4,6,31,6.0,1.0,1.0,0.0,0.0038048182101326866,0.004911403637379408,1.0
BCS6__Cow_2_6006,Cow_2,0,2026,V_single,4,12,31,12.0,1.0,1.0,0.0,0.0028085849447834284,0.005377718713134527,1.0
BCS6__Cow_32_34,Cow_32,0,2026,V_single,4,1,7,1.0,1.0,1.0,0.0,0.0361247656037649,0.026061946526169777,1.0
BCS6__Cow_32_34,Cow_32,0,2026,V_single,4,3,7,3.0,1.0,1.0,0.0,0.01671787356182431,0.013547518290579319,1.0
BCS6__Cow_32_34,Cow_32,0,2026,V_single,4,6,7,6.0,1.0,1.0,0.0,0.005481134857947178,0.010855372063815594,1.0
BCS6__Cow_32_34,Cow_32,0,2026,V_single,4,12,7,5.84,1.0,1.0,0.0,0.010811166495151927,0.009640310890972614,1.0
BCS6__Cow_36,Cow_36,0,2026,V_single,4,1,37,1.0,0.28,0.72,0.72,0.5947659666271188,0.6382699012756348,0.72
BCS6__Cow_36,Cow_36,0,2026,V_single,4,3,37,3.0,0.34,0.66,0.66,0.41394192336933444,0.6144949793815613,0.66
BCS6__Cow_36,Cow_36,0,2026,V_single,4,6,37,6.0,0.08,0.92,0.92,0.25600018924153,0.6635780334472656,0.92
BCS6__Cow_36,Cow_36,0,2026,V_single,4,12,37,12.0,0.0,1.0,1.0,0.19831755642072268,0.6614500284194946,1.0
BCS6__Cow_36_1,Cow_36,0,2026,V_single,4,1,46,1.0,0.68,0.68,0.64,0.5325395966498038,0.23044012486934662,0.68
BCS6__Cow_36_1,Cow_36,0,2026,V_single,4,3,46,3.0,0.4,0.58,0.62,0.33582678777551106,0.24671480059623718,0.4
BCS6__Cow_36_1,Cow_36,0,2026,V_single,4,6,46,6.0,0.5,0.5,0.5,0.23260738514807272,0.2635892927646637,0.5
BCS6__Cow_36_1,Cow_36,0,2026,V_single,4,12,46,12.0,0.4,0.6,0.6,0.16434209586434367,0.30160588026046753,0.4
BCS6__Cow_45_9025,Cow_45,0,2026,V_single,4,1,31,1.0,1.0,1.0,0.0,0.08259599719202836,0.04844355955719948,1.0
BCS6__Cow_45_9025,Cow_45,0,2026,V_single,4,3,31,3.0,1.0,1.0,0.0,0.04770429297452952,0.03588787093758583,1.0
BCS6__Cow_45_9025,Cow_45,0,2026,V_single,4,6,31,6.0,1.0,1.0,0.0,0.03709804137707816,0.029763173311948776,1.0
BCS6__Cow_45_9025,Cow_45,0,2026,V_single,4,12,31,12.0,1.0,1.0,0.0,0.018085770335836155,0.022642405703663826,1.0
BCS6__Cow_52_29,Cow_52,0,2026,V_single,4,1,55,1.0,1.0,1.0,0.0,0.07014355591439296,0.04149588942527771,1.0
BCS6__Cow_52_29,Cow_52,0,2026,V_single,4,3,55,3.0,1.0,1.0,0.0,0.034049940699607165,0.023758430033922195,1.0
BCS6__Cow_52_29,Cow_52,0,2026,V_single,4,6,55,6.0,1.0,1.0,0.0,0.02503142045619134,0.01933489367365837,1.0
BCS6__Cow_52_29,Cow_52,0,2026,V_single,4,12,55,12.0,1.0,1.0,0.0,0.01883944458334233,0.01874597929418087,1.0
BCS6__Cow_7_9008,Cow_7,0,2026,V_single,4,1,19,1.0,1.0,1.0,0.0,0.0582340304492443,0.044758256524801254,1.0
BCS6__Cow_7_9008,Cow_7,0,2026,V_single,4,3,19,3.0,1.0,1.0,0.0,0.02651855446904919,0.0248930212110281,1.0
BCS6__Cow_7_9008,Cow_7,0,2026,V_single,4,6,19,6.0,1.0,1.0,0.0,0.01884109928883019,0.026047304272651672,1.0
BCS6__Cow_7_9008,Cow_7,0,2026,V_single,4,12,19,12.0,1.0,1.0,0.0,0.011342226110506604,0.02175799384713173,1.0
BCS2__Cow_11,Cow_11,1,2026,V_single,0,1,76,1.0,1.0,1.0,0.0,0.016703256172642005,0.006377088837325573,0.0
BCS2__Cow_11,Cow_11,1,2026,V_single,0,3,76,3.0,1.0,1.0,0.0,0.008731297715356032,0.00447197025641799,0.0
BCS2__Cow_11,Cow_11,1,2026,V_single,0,6,76,6.0,1.0,1.0,0.0,0.005656637090321668,0.004893184173852205,0.0
BCS2__Cow_11,Cow_11,1,2026,V_single,0,12,76,12.0,1.0,1.0,0.0,0.0044533753551258505,0.004449344705790281,0.0
BCS2__Cow_11_1,Cow_11,1,2026,V_single,0,1,6,1.0,0.76,0.76,0.24,0.05998432506632963,0.015412923879921436,0.0
BCS2__Cow_11_1,Cow_11,1,2026,V_single,0,3,6,3.0,0.48,0.52,0.52,0.027632659737074034,0.013337190262973309,0.0
BCS2__Cow_11_1,Cow_11,1,2026,V_single,0,6,6,6.0,0.0,1.0,1.0,1.4956557446671856e-07,0.01267181895673275,0.0
BCS2__Cow_11_1,Cow_11,1,2026,V_single,0,12,6,5.38,0.52,0.52,0.48,0.01882928563621737,0.012419824488461018,0.0
BCS2__Cow_11_2,Cow_11,1,2026,V_single,0,1,40,1.0,0.66,0.66,0.34,0.4631203961413559,0.14072860777378082,0.3
BCS2__Cow_11_2,Cow_11,1,2026,V_single,0,3,40,3.0,0.34,0.66,0.66,0.2226320400518695,0.09527482837438583,0.66
BCS2__Cow_11_2,Cow_11,1,2026,V_single,0,6,40,6.0,0.3,0.7,0.7,0.19291965687343018,0.11953670531511307,0.7
BCS2__Cow_11_2,Cow_11,1,2026,V_single,0,12,40,12.0,0.24,0.76,0.76,0.11242692809140785,0.10530851036310196,0.76
BCS3__Cow_14,Cow_14,1,2026,V_single,1,1,4,1.0,1.0,1.0,0.0,0.0050628483968885,0.013570178300142288,0.0
BCS3__Cow_14,Cow_14,1,2026,V_single,1,3,4,3.0,1.0,1.0,0.0,0.0012227420574126339,0.014755718410015106,0.0
BCS3__Cow_14,Cow_14,1,2026,V_single,1,6,4,3.14,1.0,1.0,0.0,0.0019231210470731551,0.01466367021203041,0.0
BCS3__Cow_14,Cow_14,1,2026,V_single,1,12,4,3.88,1.0,1.0,0.0,0.0012450504197739467,0.016161661595106125,0.0
BCS3__Cow_14_0011,Cow_14,1,2026,V_single,1,1,4,1.0,0.38,0.62,0.62,0.17556358269134878,0.09002115577459335,0.38
BCS3__Cow_14_0011,Cow_14,1,2026,V_single,1,3,4,3.0,0.74,0.74,0.26,0.058394381771263916,0.06785139441490173,0.74
BCS3__Cow_14_0011,Cow_14,1,2026,V_single,1,6,4,3.48,0.84,0.84,0.16,0.06621298119159791,0.06503448635339737,0.84
BCS3__Cow_14_0011,Cow_14,1,2026,V_single,1,12,4,3.9,0.84,0.84,0.16,0.06162783593937752,0.05982683226466179,0.84
BCS3__Cow_6_103,Cow_6,1,2026,V_single,1,1,4,1.0,1.0,1.0,0.0,0.059203962768945594,0.019703978672623634,1.0
BCS3__Cow_6_103,Cow_6,1,2026,V_single,1,3,4,3.0,1.0,1.0,0.0,0.01899738078698576,0.011138956993818283,1.0
BCS3__Cow_6_103,Cow_6,1,2026,V_single,1,6,4,3.36,1.0,1.0,0.0,0.02067707449947579,0.01034493837505579,1.0
BCS3__Cow_6_103,Cow_6,1,2026,V_single,1,12,4,3.94,1.0,1.0,0.0,0.021040799397258825,0.01079060323536396,1.0
BCS4__Cow_1,Cow_1,1,2026,V_single,2,1,9,1.0,1.0,1.0,0.0,0.0018556876174871395,0.0027206947561353445,1.0
BCS4__Cow_1,Cow_1,1,2026,V_single,2,3,9,3.0,1.0,1.0,0.0,0.0010092547534163254,0.0015958535950630903,1.0
BCS4__Cow_1,Cow_1,1,2026,V_single,2,6,9,6.0,1.0,1.0,0.0,0.000525604083707248,0.001065810676664114,1.0
BCS4__Cow_1,Cow_1,1,2026,V_single,2,12,9,6.56,1.0,1.0,0.0,0.0007418664115564449,0.0012423391453921795,1.0
BCS4__Cow_26,Cow_26,1,2026,V_single,2,1,7,1.0,1.0,1.0,0.0,0.010909078108098198,0.00485754432156682,1.0
BCS4__Cow_26,Cow_26,1,2026,V_single,2,3,7,3.0,1.0,1.0,0.0,0.0045723310577265456,0.003294448833912611,1.0
BCS4__Cow_26,Cow_26,1,2026,V_single,2,6,7,6.0,1.0,1.0,0.0,0.001468996960282958,0.0018018704140558839,1.0
BCS4__Cow_26,Cow_26,1,2026,V_single,2,12,7,5.86,1.0,1.0,0.0,0.0031807800389791314,0.0024833420757204294,1.0
BCS4__Cow_26_5051,Cow_26,1,2026,V_single,2,1,5,1.0,0.76,0.76,0.24,0.18444949604387906,0.05010530352592468,0.0
BCS4__Cow_26_5051,Cow_26,1,2026,V_single,2,3,5,3.0,1.0,1.0,0.0,0.062345902975987716,0.023840079084038734,0.0
BCS4__Cow_26_5051,Cow_26,1,2026,V_single,2,6,5,3.74,0.96,0.96,0.04,0.06588178656005667,0.024265194311738014,0.0
BCS4__Cow_26_5051,Cow_26,1,2026,V_single,2,12,5,4.56,1.0,1.0,0.0,0.04322286864439667,0.01947644352912903,0.0
BCS4__Cow_27_9008,Cow_27,1,2026,V_single,2,1,4,1.0,0.68,0.68,0.32,0.15066018595586705,0.06850281357765198,0.0
BCS4__Cow_27_9008,Cow_27,1,2026,V_single,2,3,4,3.0,0.46,0.54,0.54,0.049479192481805906,0.05914808437228203,0.0
BCS4__Cow_27_9008,Cow_27,1,2026,V_single,2,6,4,3.3,0.64,0.64,0.36,0.053243184806831094,0.058484796434640884,0.0
BCS4__Cow_27_9008,Cow_27,1,2026,V_single,2,12,4,3.86,0.64,0.64,0.36,0.037817123499242246,0.059374235570430756,0.0
BCS4__Cow_29_7007,Cow_29,1,2026,V_single,2,1,4,1.0,1.0,1.0,0.0,0.16346620401853532,0.10907980054616928,0.0
BCS4__Cow_29_7007,Cow_29,1,2026,V_single,2,3,4,3.0,1.0,1.0,0.0,0.053199514616311484,0.0966390073299408,0.0
BCS4__Cow_29_7007,Cow_29,1,2026,V_single,2,6,4,3.26,1.0,1.0,0.0,0.06494196115256035,0.09588242322206497,0.0
BCS4__Cow_29_7007,Cow_29,1,2026,V_single,2,12,4,3.88,1.0,1.0,0.0,0.04875212683770717,0.0951259583234787,0.0
BCS4__Cow_33,Cow_33,1,2026,V_single,2,1,21,1.0,1.0,1.0,0.0,0.0038486269353809124,0.0034684771671891212,1.0
BCS4__Cow_33,Cow_33,1,2026,V_single,2,3,21,3.0,1.0,1.0,0.0,0.0020848058424453287,0.002606359077617526,1.0
BCS4__Cow_33,Cow_33,1,2026,V_single,2,6,21,6.0,1.0,1.0,0.0,0.0012435154368997845,0.0022151051089167595,1.0
BCS4__Cow_33,Cow_33,1,2026,V_single,2,12,21,12.0,1.0,1.0,0.0,0.0007164743479157044,0.0018429436022415757,1.0
BCS4__Cow_4,Cow_4,1,2026,V_single,2,1,4,1.0,1.0,1.0,0.0,0.004188199987133615,0.005258779041469097,1.0
BCS4__Cow_4,Cow_4,1,2026,V_single,2,3,4,3.0,1.0,1.0,0.0,0.001410719285760766,0.004312815610319376,1.0
BCS4__Cow_4,Cow_4,1,2026,V_single,2,6,4,3.4,1.0,1.0,0.0,0.0015497499097108286,0.004676301032304764,1.0
BCS4__Cow_4,Cow_4,1,2026,V_single,2,12,4,3.88,1.0,1.0,0.0,0.001249791044214789,0.004868530202656984,1.0
BCS4__Cow_41,Cow_41,1,2026,V_single,2,1,3,1.0,1.0,1.0,0.0,0.0013757335524691658,0.0021790284663438797,1.0
BCS4__Cow_41,Cow_41,1,2026,V_single,2,3,3,3.0,1.0,1.0,0.0,2.852190260281601e-08,0.001958629582077265,1.0
BCS4__Cow_41,Cow_41,1,2026,V_single,2,6,3,2.68,1.0,1.0,0.0,0.0006910053792762018,0.0020869679283350706,1.0
BCS4__Cow_41,Cow_41,1,2026,V_single,2,12,3,2.96,1.0,1.0,0.0,0.0005280418533598077,0.0019928948022425175,1.0
BCS4__Cow_48,Cow_48,1,2026,V_single,2,1,3,1.0,1.0,1.0,0.0,0.00891933542471651,0.004012618213891983,1.0
BCS4__Cow_48,Cow_48,1,2026,V_single,2,3,3,3.0,1.0,1.0,0.0,7.5876869987682e-08,0.0034532160498201847,1.0
BCS4__Cow_48,Cow_48,1,2026,V_single,2,6,3,2.74,1.0,1.0,0.0,0.0034135220849341626,0.0038907581474632025,1.0
BCS4__Cow_48,Cow_48,1,2026,V_single,2,12,3,3.0,1.0,1.0,0.0,0.0026083665925874175,0.003477138001471758,1.0
BCS4__Cow_4_1,Cow_4,1,2026,V_single,2,1,39,1.0,1.0,1.0,0.0,0.0028643314604543616,0.005568893626332283,1.0
BCS4__Cow_4_1,Cow_4,1,2026,V_single,2,3,39,3.0,1.0,1.0,0.0,0.001772881761871478,0.004435322247445583,1.0
BCS4__Cow_4_1,Cow_4,1,2026,V_single,2,6,39,6.0,1.0,1.0,0.0,0.0010576384515313094,0.004547418560832739,1.0
BCS4__Cow_4_1,Cow_4,1,2026,V_single,2,12,39,12.0,1.0,1.0,0.0,0.000882647650734726,0.004575666971504688,1.0
BCS4__Cow_6,Cow_6,1,2026,V_single,2,1,7,1.0,1.0,1.0,0.0,0.010648858769222893,0.004514164756983519,1.0
BCS4__Cow_6,Cow_6,1,2026,V_single,2,3,7,3.0,1.0,1.0,0.0,0.0049991232095870876,0.0024513849057257175,1.0
BCS4__Cow_6,Cow_6,1,2026,V_single,2,6,7,6.0,1.0,1.0,0.0,0.0014898890116240113,0.0018493670504540205,1.0
BCS4__Cow_6,Cow_6,1,2026,V_single,2,12,7,5.88,1.0,1.0,0.0,0.002072563566835374,0.0018751752795651555,1.0
BCS5__Cow_12_NOTAG,Cow_12,1,2026,V_single,3,1,3,1.0,1.0,1.0,0.0,0.00646666799272261,0.00600836519151926,0.0
BCS5__Cow_12_NOTAG,Cow_12,1,2026,V_single,3,3,3,3.0,1.0,1.0,0.0,7.132000723045409e-08,0.0054962472058832645,0.0
BCS5__Cow_12_NOTAG,Cow_12,1,2026,V_single,3,6,3,2.82,1.0,1.0,0.0,0.002363487636617133,0.005642851814627647,0.0
BCS5__Cow_12_NOTAG,Cow_12,1,2026,V_single,3,12,3,2.96,1.0,1.0,0.0,0.0018722219145293432,0.00537391472607851,0.0
BCS5__Cow_13,Cow_13,1,2026,V_single,3,1,20,1.0,1.0,1.0,0.0,0.006389839902051098,0.0050424025394022465,0.0
BCS5__Cow_13,Cow_13,1,2026,V_single,3,3,20,3.0,1.0,1.0,0.0,0.004251711525637385,0.003340147202834487,0.0
BCS5__Cow_13,Cow_13,1,2026,V_single,3,6,20,6.0,1.0,1.0,0.0,0.0026590887144702286,0.002588196424767375,0.0
BCS5__Cow_13,Cow_13,1,2026,V_single,3,12,20,12.0,1.0,1.0,0.0,0.0014065923200759954,0.002730460138991475,0.0
BCS5__Cow_13_8001,Cow_13,1,2026,V_single,3,1,3,1.0,0.68,0.68,0.32,0.08309110914323084,0.021781830117106438,0.0
BCS5__Cow_13_8001,Cow_13,1,2026,V_single,3,3,3,3.0,1.0,1.0,0.0,6.938573475167378e-08,0.00904778391122818,0.0
BCS5__Cow_13_8001,Cow_13,1,2026,V_single,3,6,3,2.78,0.52,0.52,0.48,0.03544435326651942,0.015654655173420906,0.0
BCS5__Cow_13_8001,Cow_13,1,2026,V_single,3,12,3,2.98,0.78,0.78,0.22,0.024993446240729057,0.011002407409250736,0.0
BCS5__Cow_1_27,Cow_1,1,2026,V_single,3,1,3,1.0,1.0,1.0,0.0,0.017311318087665378,0.004873799160122871,0.0
BCS5__Cow_1_27,Cow_1,1,2026,V_single,3,3,3,3.0,1.0,1.0,0.0,2.5045026478334297e-08,0.00428819190710783,0.0
BCS5__Cow_1_27,Cow_1,1,2026,V_single,3,6,3,2.78,1.0,1.0,0.0,0.006892946179174361,0.0044055054895579815,0.0
BCS5__Cow_1_27,Cow_1,1,2026,V_single,3,12,3,2.96,1.0,1.0,0.0,0.005435178567370845,0.004522869363427162,0.0
BCS5__Cow_27,Cow_27,1,2026,V_single,3,1,21,1.0,1.0,1.0,0.0,0.014491646837284867,0.007760809268802404,0.0
BCS5__Cow_27,Cow_27,1,2026,V_single,3,3,21,3.0,1.0,1.0,0.0,0.009132602746007423,0.005482368636876345,0.0
BCS5__Cow_27,Cow_27,1,2026,V_single,3,6,21,6.0,1.0,1.0,0.0,0.005609293775509398,0.003927153535187244,0.0
BCS5__Cow_27,Cow_27,1,2026,V_single,3,12,21,12.0,1.0,1.0,0.0,0.0036626580036516316,0.003282290417701006,0.0
BCS5__Cow_29,Cow_29,1,2026,V_single,3,1,25,1.0,1.0,1.0,0.0,0.00972478607253502,0.009398608468472958,0.0
BCS5__Cow_29,Cow_29,1,2026,V_single,3,3,25,3.0,1.0,1.0,0.0,0.005764598657520289,0.00732844416052103,0.0
BCS5__Cow_29,Cow_29,1,2026,V_single,3,6,25,6.0,1.0,1.0,0.0,0.0035320736397511073,0.006547871045768261,0.0
BCS5__Cow_29,Cow_29,1,2026,V_single,3,12,25,12.0,1.0,1.0,0.0,0.0015505896385853298,0.006240513175725937,0.0
BCS5__Cow_37,Cow_37,1,2026,V_single,3,1,26,1.0,1.0,1.0,0.0,0.00531624534600782,0.0036549835931509733,0.0
BCS5__Cow_37,Cow_37,1,2026,V_single,3,3,26,3.0,1.0,1.0,0.0,0.0034065103874488163,0.0033744091633707285,0.0
BCS5__Cow_37,Cow_37,1,2026,V_single,3,6,26,6.0,1.0,1.0,0.0,0.002120137612596176,0.0031673649791628122,0.0
BCS5__Cow_37,Cow_37,1,2026,V_single,3,12,26,12.0,1.0,1.0,0.0,0.0011459747033285585,0.0019719433039426804,0.0
BCS5__Cow_37_and_38,Cow_37,1,2026,V_single,3,1,3,1.0,1.0,1.0,0.0,0.00851652785099071,0.012746569700539112,0.0
BCS5__Cow_37_and_38,Cow_37,1,2026,V_single,3,3,3,3.0,1.0,1.0,0.0,9.392726239570669e-08,0.012599439360201359,0.0
BCS5__Cow_37_and_38,Cow_37,1,2026,V_single,3,6,3,2.7,1.0,1.0,0.0,0.004063595755849507,0.011351335793733597,0.0
BCS5__Cow_37_and_38,Cow_37,1,2026,V_single,3,12,3,2.96,1.0,1.0,0.0,0.002705651055641044,0.012454289942979813,0.0
BCS5__Cow_43,Cow_43,1,2026,V_single,3,1,37,1.0,1.0,1.0,0.0,0.006647011692118884,0.002599060535430908,0.0
BCS5__Cow_43,Cow_43,1,2026,V_single,3,3,37,3.0,1.0,1.0,0.0,0.003377876432116508,0.0017826479161158204,0.0
BCS5__Cow_43,Cow_43,1,2026,V_single,3,6,37,6.0,1.0,1.0,0.0,0.001927869575368102,0.0011923384154215455,0.0
BCS5__Cow_43,Cow_43,1,2026,V_single,3,12,37,12.0,1.0,1.0,0.0,0.0016011283900823545,0.001277913455851376,0.0
BCS5__Cow_48_1018,Cow_48,1,2026,V_single,3,1,3,1.0,1.0,1.0,0.0,0.00956547322235636,0.008513795211911201,0.0
BCS5__Cow_48_1018,Cow_48,1,2026,V_single,3,3,3,3.0,1.0,1.0,0.0,4.1387383629644726e-08,0.008261093869805336,0.0
BCS5__Cow_48_1018,Cow_48,1,2026,V_single,3,6,3,2.82,1.0,1.0,0.0,0.004024650328204818,0.00858510471880436,0.0
BCS5__Cow_48_1018,Cow_48,1,2026,V_single,3,12,3,2.98,1.0,1.0,0.0,0.0029970745176048615,0.00852464884519577,0.0
BCS5__Cow_54,Cow_54,1,2026,V_single,3,1,6,1.0,1.0,1.0,0.0,0.004849415013678314,0.011348179541528225,0.0
BCS5__Cow_54,Cow_54,1,2026,V_single,3,3,6,3.0,1.0,1.0,0.0,0.001782960119573223,0.009806630201637745,0.0
BCS5__Cow_54,Cow_54,1,2026,V_single,3,6,6,6.0,1.0,1.0,0.0,1.5746585171347714e-07,0.01087645161896944,0.0
BCS5__Cow_54,Cow_54,1,2026,V_single,3,12,6,5.4,1.0,1.0,0.0,0.00122273160047252,0.011016580276191235,0.0
BCS5__Cow_6_5051,Cow_6,1,2026,V_single,3,1,3,1.0,1.0,1.0,0.0,0.003755154491723058,0.0021778554655611515,0.0
BCS5__Cow_6_5051,Cow_6,1,2026,V_single,3,3,3,3.0,1.0,1.0,0.0,0.0,0.0023416762705892324,0.0
BCS5__Cow_6_5051,Cow_6,1,2026,V_single,3,6,3,2.74,1.0,1.0,0.0,0.0016742683984594202,0.002285400638356805,0.0
BCS5__Cow_6_5051,Cow_6,1,2026,V_single,3,12,3,2.96,1.0,1.0,0.0,0.0013099315046638854,0.0023360818158835173,0.0
BCS6__Cow_11_07,Cow_11,1,2026,V_single,4,1,27,1.0,0.28,0.72,1.44,0.034855538906153866,0.07285948097705841,0.72
BCS6__Cow_11_07,Cow_11,1,2026,V_single,4,3,27,3.0,0.16,0.84,1.68,0.017716353098175194,0.06705030053853989,0.84
BCS6__Cow_11_07,Cow_11,1,2026,V_single,4,6,27,6.0,0.04,0.96,1.92,0.011796711477579172,0.06615351885557175,0.96
BCS6__Cow_11_07,Cow_11,1,2026,V_single,4,12,27,12.0,0.0,1.0,2.0,0.008737720739529688,0.060899052768945694,1.0
BCS6__Cow_12_2014,Cow_12,1,2026,V_single,4,1,39,1.0,0.1,0.9,1.8,0.3769607937145641,0.47680842876434326,0.0
BCS6__Cow_12_2014,Cow_12,1,2026,V_single,4,3,39,3.0,0.0,1.0,2.0,0.18901585785248462,0.5047339797019958,0.0
BCS6__Cow_12_2014,Cow_12,1,2026,V_single,4,6,39,6.0,0.0,1.0,2.0,0.14796103737968833,0.48896682262420654,0.0
BCS6__Cow_12_2014,Cow_12,1,2026,V_single,4,12,39,12.0,0.0,1.0,2.0,0.12453248207784039,0.47249194979667664,0.0
BCS6__Cow_13_66,Cow_13,1,2026,V_single,4,1,20,1.0,1.0,1.0,0.0,0.015693069974608467,0.006700990721583366,1.0
BCS6__Cow_13_66,Cow_13,1,2026,V_single,4,3,20,3.0,1.0,1.0,0.0,0.007349337949705801,0.004132212605327368,1.0
BCS6__Cow_13_66,Cow_13,1,2026,V_single,4,6,20,6.0,1.0,1.0,0.0,0.005169527082708652,0.003727394388988614,1.0
BCS6__Cow_13_66,Cow_13,1,2026,V_single,4,12,20,12.0,1.0,1.0,0.0,0.0031395353451022442,0.0032998782116919756,1.0
BCS6__Cow_26_6,Cow_26,1,2026,V_single,4,1,9,1.0,1.0,1.0,0.0,0.009227271863130142,0.003167472081258893,1.0
BCS6__Cow_26_6,Cow_26,1,2026,V_single,4,3,9,3.0,1.0,1.0,0.0,0.005005795600751244,0.002411753637716174,1.0
BCS6__Cow_26_6,Cow_26,1,2026,V_single,4,6,9,6.0,1.0,1.0,0.0,0.0026537204787177283,0.0016162351239472628,1.0
BCS6__Cow_26_6,Cow_26,1,2026,V_single,4,12,9,7.04,1.0,1.0,0.0,0.0030804919227529065,0.0017842469969764352,1.0
BCS6__Cow_29_NOTAG,Cow_29,1,2026,V_single,4,1,34,1.0,1.0,1.0,0.0,0.016055382469336278,0.014229115098714828,1.0
BCS6__Cow_29_NOTAG,Cow_29,1,2026,V_single,4,3,34,3.0,1.0,1.0,0.0,0.009836900181269521,0.012496257200837135,1.0
BCS6__Cow_29_NOTAG,Cow_29,1,2026,V_single,4,6,34,6.0,1.0,1.0,0.0,0.005571878126382419,0.013189063407480717,1.0
BCS6__Cow_29_NOTAG,Cow_29,1,2026,V_single,4,12,34,12.0,1.0,1.0,0.0,0.0034375909923182414,0.013412278145551682,1.0
BCS6__Cow_35,Cow_35,1,2026,V_single,4,1,24,1.0,0.52,0.52,0.96,0.07555426427221562,0.09630577266216278,0.48
BCS6__Cow_35,Cow_35,1,2026,V_single,4,3,24,3.0,0.44,0.56,1.12,0.04024711570147425,0.07944698631763458,0.56
BCS6__Cow_35,Cow_35,1,2026,V_single,4,6,24,6.0,0.32,0.68,1.36,0.015944838163460595,0.06873137503862381,0.68
BCS6__Cow_35,Cow_35,1,2026,V_single,4,12,24,12.0,0.36,0.64,1.28,0.009299235999348288,0.06758205592632294,0.64
BCS6__Cow_4_103,Cow_4,1,2026,V_single,4,1,47,1.0,1.0,1.0,0.0,0.0163422302299714,0.008829820901155472,1.0
BCS6__Cow_4_103,Cow_4,1,2026,V_single,4,3,47,3.0,1.0,1.0,0.0,0.009484045515354003,0.00883207842707634,1.0
BCS6__Cow_4_103,Cow_4,1,2026,V_single,4,6,47,6.0,1.0,1.0,0.0,0.006949464342063567,0.009466188959777355,1.0
BCS6__Cow_4_103,Cow_4,1,2026,V_single,4,12,47,12.0,1.0,1.0,0.0,0.004924431726207409,0.008798765018582344,1.0
BCS2__Cow_5_1,Cow_5,2,2026,V_single,0,1,10,1.0,1.0,1.0,0.0,0.013066037427437798,0.008139415644109249,0.0
BCS2__Cow_5_1,Cow_5,2,2026,V_single,0,3,10,3.0,1.0,1.0,0.0,0.007066118135384377,0.009800390340387821,0.0
BCS2__Cow_5_1,Cow_5,2,2026,V_single,0,6,10,6.0,1.0,1.0,0.0,0.00399623119897949,0.009826455265283585,0.0
BCS2__Cow_5_1,Cow_5,2,2026,V_single,0,12,10,7.2,1.0,1.0,0.0,0.0043842979227742525,0.009643757715821266,0.0
BCS3__Cow_20_0029,Cow_20,2,2026,V_single,1,1,4,1.0,1.0,1.0,0.0,0.14326118963322024,0.07152476161718369,0.0
BCS3__Cow_20_0029,Cow_20,2,2026,V_single,1,3,4,3.0,1.0,1.0,0.0,0.049219766531144786,0.06431328505277634,0.0
BCS3__Cow_20_0029,Cow_20,2,2026,V_single,1,6,4,3.44,1.0,1.0,0.0,0.05840845998681189,0.0671587809920311,0.0
BCS3__Cow_20_0029,Cow_20,2,2026,V_single,1,12,4,3.86,1.0,1.0,0.0,0.048316648808868934,0.0652308389544487,0.0
BCS3__Cow_22,Cow_22,2,2026,V_single,1,1,20,1.0,1.0,1.0,0.0,0.05936469285107896,0.03056933917105198,1.0
BCS3__Cow_22,Cow_22,2,2026,V_single,1,3,20,3.0,1.0,1.0,0.0,0.0322809551583079,0.02359614335000515,1.0
BCS3__Cow_22,Cow_22,2,2026,V_single,1,6,20,6.0,1.0,1.0,0.0,0.02175502946802485,0.016499381512403488,1.0
BCS3__Cow_22,Cow_22,2,2026,V_single,1,12,20,12.0,1.0,1.0,0.0,0.014645682917560356,0.014882865361869335,1.0
BCS3__Cow_22_1,Cow_22,2,2026,V_single,1,1,6,1.0,0.48,0.52,0.52,0.129981245619248,0.09778650104999542,0.52
BCS3__Cow_22_1,Cow_22,2,2026,V_single,1,3,6,3.0,0.62,0.62,0.38,0.05350863296553481,0.0830087661743164,0.38
BCS3__Cow_22_1,Cow_22,2,2026,V_single,1,6,6,6.0,1.0,1.0,0.0,9.919830406564944e-08,0.08100511878728867,0.0
BCS3__Cow_22_1,Cow_22,2,2026,V_single,1,12,6,5.46,0.74,0.74,0.26,0.03799397008033655,0.07963702082633972,0.26
BCS4__Cow_10,Cow_10,2,2026,V_single,2,1,41,1.0,1.0,1.0,0.0,0.07675897245704291,0.036823857575654984,0.0
BCS4__Cow_10,Cow_10,2,2026,V_single,2,3,41,3.0,1.0,1.0,0.0,0.04230696978507856,0.03310300037264824,0.0
BCS4__Cow_10,Cow_10,2,2026,V_single,2,6,41,6.0,1.0,1.0,0.0,0.02772363786003799,0.035755690187215805,0.0
BCS4__Cow_10,Cow_10,2,2026,V_single,2,12,41,12.0,1.0,1.0,0.0,0.017271477999633973,0.03303421661257744,0.0
BCS4__Cow_10_2038,Cow_10,2,2026,V_single,2,1,4,1.0,1.0,1.0,0.0,0.07953352280540792,0.051436495035886765,0.0
BCS4__Cow_10_2038,Cow_10,2,2026,V_single,2,3,4,3.0,1.0,1.0,0.0,0.02430792668697526,0.05354936420917511,0.0
BCS4__Cow_10_2038,Cow_10,2,2026,V_single,2,6,4,3.32,1.0,1.0,0.0,0.031498828208745014,0.05188467353582382,0.0
BCS4__Cow_10_2038,Cow_10,2,2026,V_single,2,12,4,3.84,1.0,1.0,0.0,0.022656368450355936,0.052535735070705414,0.0
BCS4__Cow_22_6005,Cow_22,2,2026,V_single,2,1,4,1.0,1.0,1.0,0.0,0.08931678395631039,0.059791937470436096,0.0
BCS4__Cow_22_6005,Cow_22,2,2026,V_single,2,3,4,3.0,1.0,1.0,0.0,0.03200054225046788,0.05584647133946419,0.0
BCS4__Cow_22_6005,Cow_22,2,2026,V_single,2,6,4,3.32,1.0,1.0,0.0,0.04053019338334251,0.05838046222925186,0.0
BCS4__Cow_22_6005,Cow_22,2,2026,V_single,2,12,4,3.88,1.0,1.0,0.0,0.025170355404614063,0.057431429624557495,0.0
BCS4__Cow_30,Cow_30,2,2026,V_single,2,1,4,1.0,1.0,1.0,0.0,0.09155753946780097,0.04653448984026909,0.0
BCS4__Cow_30,Cow_30,2,2026,V_single,2,3,4,3.0,1.0,1.0,0.0,0.030861897534061645,0.038529641926288605,0.0
BCS4__Cow_30,Cow_30,2,2026,V_single,2,6,4,3.22,1.0,1.0,0.0,0.04052254294103702,0.04202897474169731,0.0
BCS4__Cow_30,Cow_30,2,2026,V_single,2,12,4,3.92,1.0,1.0,0.0,0.027583726086965146,0.04456375539302826,0.0
BCS4__Cow_42,Cow_42,2,2026,V_single,2,1,11,1.0,0.38,0.62,0.62,0.07749139638253728,0.04736300930380821,0.0
BCS4__Cow_42,Cow_42,2,2026,V_single,2,3,11,3.0,0.36,0.64,0.64,0.04523216145179728,0.045134566724300385,0.0
BCS4__Cow_42,Cow_42,2,2026,V_single,2,6,11,6.0,0.16,0.84,0.84,0.022201507222765815,0.04499521851539612,0.0
BCS4__Cow_42,Cow_42,2,2026,V_single,2,12,11,7.42,0.26,0.74,0.74,0.02362943810517012,0.04274257272481918,0.0
BCS4__Cow_47_1,Cow_47,2,2026,V_single,2,1,7,1.0,0.6,0.6,0.8,0.2038747343424528,0.08713243156671524,0.0
BCS4__Cow_47_1,Cow_47,2,2026,V_single,2,3,7,3.0,0.74,0.74,0.52,0.11311194181355395,0.08514480292797089,0.0
BCS4__Cow_47_1,Cow_47,2,2026,V_single,2,6,7,6.0,1.0,1.0,0.0,0.03435344932655133,0.08327573537826538,0.0
BCS4__Cow_47_1,Cow_47,2,2026,V_single,2,12,7,6.0,0.92,0.92,0.16,0.05620367713620605,0.07217969745397568,0.0
BCS4__Cow_49,Cow_49,2,2026,V_single,2,1,7,1.0,0.9,0.9,0.2,0.12688890886058438,0.05316462367773056,0.0
BCS4__Cow_49,Cow_49,2,2026,V_single,2,3,7,3.0,1.0,1.0,0.0,0.05489788565179974,0.038717884570360184,0.0
BCS4__Cow_49,Cow_49,2,2026,V_single,2,6,7,6.0,1.0,1.0,0.0,0.024809938074615415,0.02823679707944393,0.0
BCS4__Cow_49,Cow_49,2,2026,V_single,2,12,7,5.88,1.0,1.0,0.0,0.03452070740053409,0.029951319098472595,0.0
BCS4__Cow_55,Cow_55,2,2026,V_single,2,1,4,1.0,0.76,0.76,0.48,0.14882562044841757,0.07566693425178528,0.0
BCS4__Cow_55,Cow_55,2,2026,V_single,2,3,4,3.0,1.0,1.0,0.0,0.0461892907094,0.07258276641368866,0.0
BCS4__Cow_55,Cow_55,2,2026,V_single,2,6,4,3.24,1.0,1.0,0.0,0.0599275410032885,0.07836665958166122,0.0
BCS4__Cow_55,Cow_55,2,2026,V_single,2,12,4,3.86,1.0,1.0,0.0,0.040034074716991296,0.07046439498662949,0.0
BCS4__Cow_8,Cow_8,2,2026,V_single,2,1,26,1.0,1.0,1.0,0.0,0.06659269340803328,0.03999408334493637,0.0
BCS4__Cow_8,Cow_8,2,2026,V_single,2,3,26,3.0,1.0,1.0,0.0,0.03706149438892234,0.030992984771728516,0.0
BCS4__Cow_8,Cow_8,2,2026,V_single,2,6,26,6.0,1.0,1.0,0.0,0.02234636427923985,0.03014446049928665,0.0
BCS4__Cow_8,Cow_8,2,2026,V_single,2,12,26,12.0,1.0,1.0,0.0,0.016891013301279102,0.029616443440318108,0.0
BCS4__Cow_9,Cow_9,2,2026,V_single,2,1,19,1.0,1.0,1.0,0.0,0.1399277074198032,0.043389514088630676,0.0
BCS4__Cow_9,Cow_9,2,2026,V_single,2,3,19,3.0,1.0,1.0,0.0,0.07514171364550794,0.03926173597574234,0.0
BCS4__Cow_9,Cow_9,2,2026,V_single,2,6,19,6.0,1.0,1.0,0.0,0.04757558421936747,0.03216439485549927,0.0
BCS4__Cow_9,Cow_9,2,2026,V_single,2,12,19,12.0,1.0,1.0,0.0,0.024509133264418337,0.02977416291832924,0.0
BCS5__Cow_10_0029,Cow_10,2,2026,V_single,3,1,5,1.0,1.0,1.0,0.0,0.08221280436740208,0.0902799665927887,1.0
BCS5__Cow_10_0029,Cow_10,2,2026,V_single,3,3,5,3.0,1.0,1.0,0.0,0.03983191398380946,0.07957220822572708,1.0
BCS5__Cow_10_0029,Cow_10,2,2026,V_single,3,6,5,3.7,1.0,1.0,0.0,0.03907191437757174,0.0773695781826973,1.0
BCS5__Cow_10_0029,Cow_10,2,2026,V_single,3,12,5,4.5,1.0,1.0,0.0,0.026559534162062085,0.07913333922624588,1.0
BCS5__Cow_24,Cow_24,2,2026,V_single,3,1,12,1.0,1.0,1.0,0.0,0.06286701875075187,0.028119375929236412,1.0
BCS5__Cow_24,Cow_24,2,2026,V_single,3,3,12,3.0,1.0,1.0,0.0,0.029715464523686896,0.026040757074952126,1.0
BCS5__Cow_24,Cow_24,2,2026,V_single,3,6,12,6.0,1.0,1.0,0.0,0.018827882054730495,0.030511850491166115,1.0
BCS5__Cow_24,Cow_24,2,2026,V_single,3,12,12,12.0,1.0,1.0,0.0,8.976891182022606e-08,0.029314499348402023,1.0
BCS5__Cow_24_7022,Cow_24,2,2026,V_single,3,1,3,1.0,0.72,0.72,0.56,0.1491734245879141,0.08576751500368118,0.72
BCS5__Cow_24_7022,Cow_24,2,2026,V_single,3,3,3,3.0,1.0,1.0,0.0,9.12535833126273e-08,0.08447097986936569,1.0
BCS5__Cow_24_7022,Cow_24,2,2026,V_single,3,6,3,2.78,0.84,0.84,0.32,0.05518116067731094,0.08241251111030579,0.84
BCS5__Cow_24_7022,Cow_24,2,2026,V_single,3,12,3,2.96,0.84,0.84,0.32,0.04409918649291573,0.08199061453342438,0.84
BCS5__Cow_28,Cow_28,2,2026,V_single,3,1,28,1.0,1.0,1.0,0.0,0.10624039108006221,0.0245076771825552,1.0
BCS5__Cow_28,Cow_28,2,2026,V_single,3,3,28,3.0,1.0,1.0,0.0,0.042530022398355925,0.01605401374399662,1.0
BCS5__Cow_28,Cow_28,2,2026,V_single,3,6,28,6.0,1.0,1.0,0.0,0.028716837643871434,0.012350955046713352,1.0
BCS5__Cow_28,Cow_28,2,2026,V_single,3,12,28,12.0,1.0,1.0,0.0,0.018334906083313934,0.008860742673277855,1.0
BCS5__Cow_28_4024,Cow_28,2,2026,V_single,3,1,3,1.0,0.32,0.68,1.36,0.10555393094525505,0.05172029510140419,0.32
BCS5__Cow_28_4024,Cow_28,2,2026,V_single,3,3,3,3.0,0.0,1.0,2.0,1.6400508457532464e-07,0.057084593921899796,0.0
BCS5__Cow_28_4024,Cow_28,2,2026,V_single,3,6,3,2.76,0.06,0.94,1.88,0.039552074899431654,0.058835551142692566,0.06
BCS5__Cow_28_4024,Cow_28,2,2026,V_single,3,12,3,3.0,0.12,0.88,1.76,0.033342430748779996,0.05425876006484032,0.12
BCS5__Cow_3,Cow_3,2,2026,V_single,3,1,10,1.0,1.0,1.0,0.0,0.05111548457861361,0.02989133819937706,0.0
BCS5__Cow_3,Cow_3,2,2026,V_single,3,3,10,3.0,1.0,1.0,0.0,0.026126358362817133,0.018293224275112152,0.0
BCS5__Cow_3,Cow_3,2,2026,V_single,3,6,10,6.0,1.0,1.0,0.0,0.013932336180022735,0.011086548678576946,0.0
BCS5__Cow_3,Cow_3,2,2026,V_single,3,12,10,7.26,1.0,1.0,0.0,0.01326779407994721,0.01102676521986723,0.0
BCS5__Cow_30_30,Cow_30,2,2026,V_single,3,1,6,1.0,1.0,1.0,0.0,0.08961614974738814,0.03108781762421131,1.0
BCS5__Cow_30_30,Cow_30,2,2026,V_single,3,3,6,3.0,1.0,1.0,0.0,0.033653899723632245,0.015097363851964474,1.0
BCS5__Cow_30_30,Cow_30,2,2026,V_single,3,6,6,6.0,1.0,1.0,0.0,9.627695483653101e-08,0.011416072957217693,1.0
BCS5__Cow_30_30,Cow_30,2,2026,V_single,3,12,6,5.24,1.0,1.0,0.0,0.026213815509270242,0.012841770425438881,1.0
BCS5__Cow_34,Cow_34,2,2026,V_single,3,1,9,1.0,0.4,0.48,2.16,0.4208830001890119,0.13368575274944305,0.0
BCS5__Cow_34,Cow_34,2,2026,V_single,3,3,9,3.0,0.5,0.5,1.4,0.18343629197987518,0.07644204050302505,0.0
BCS5__Cow_34,Cow_34,2,2026,V_single,3,6,9,6.0,0.32,0.64,1.44,0.10579406538995594,0.06207743659615517,0.0
BCS5__Cow_34,Cow_34,2,2026,V_single,3,12,9,6.9,0.34,0.6,1.44,0.11790722600545128,0.07027027755975723,0.0
BCS5__Cow_34_1,Cow_34,2,2026,V_single,3,1,4,1.0,0.54,0.54,0.46,0.3367453042686599,0.11647090315818787,0.54
BCS5__Cow_34_1,Cow_34,2,2026,V_single,3,3,4,3.0,1.0,1.0,0.0,0.11652529059201332,0.11273616552352905,1.0
BCS5__Cow_34_1,Cow_34,2,2026,V_single,3,6,4,3.38,0.98,0.98,0.02,0.13812427887111348,0.10579875111579895,0.98
BCS5__Cow_34_1,Cow_34,2,2026,V_single,3,12,4,3.82,0.98,0.98,0.02,0.10387814922382209,0.11154165863990784,0.98
BCS5__Cow_50,Cow_50,2,2026,V_single,3,1,39,1.0,1.0,1.0,0.0,0.03482288088677948,0.03009733371436596,1.0
BCS5__Cow_50,Cow_50,2,2026,V_single,3,3,39,3.0,1.0,1.0,0.0,0.01783028182432646,0.02996734529733658,1.0
BCS5__Cow_50,Cow_50,2,2026,V_single,3,6,39,6.0,1.0,1.0,0.0,0.012193352051397481,0.028804387897253036,1.0
BCS5__Cow_50,Cow_50,2,2026,V_single,3,12,39,12.0,1.0,1.0,0.0,0.008932190154265548,0.03020794317126274,1.0
BCS5__Cow_50_49,Cow_50,2,2026,V_single,3,1,3,1.0,1.0,1.0,0.0,0.02702003026336508,0.016247056424617767,1.0
BCS5__Cow_50_49,Cow_50,2,2026,V_single,3,3,3,3.0,1.0,1.0,0.0,0.0,0.0174062829464674,1.0
BCS5__Cow_50_49,Cow_50,2,2026,V_single,3,6,3,2.64,1.0,1.0,0.0,0.012790091526463583,0.017412880435585976,1.0
BCS5__Cow_50_49,Cow_50,2,2026,V_single,3,12,3,3.0,1.0,1.0,0.0,0.0075416015747879935,0.016946833580732346,1.0
BCS5__Cow_8_NOTAG,Cow_8,2,2026,V_single,3,1,4,1.0,1.0,1.0,0.0,0.0681144830972275,0.04666370898485184,1.0
BCS5__Cow_8_NOTAG,Cow_8,2,2026,V_single,3,3,4,3.0,1.0,1.0,0.0,0.018505984881590696,0.03885820508003235,1.0
BCS5__Cow_8_NOTAG,Cow_8,2,2026,V_single,3,6,4,3.44,1.0,1.0,0.0,0.020723016689766314,0.03910519927740097,1.0
BCS5__Cow_8_NOTAG,Cow_8,2,2026,V_single,3,12,4,3.88,1.0,1.0,0.0,0.0169669456974571,0.04321786016225815,1.0
BCS6__Cow_18,Cow_18,2,2026,V_single,4,1,33,1.0,0.5,0.5,0.78,0.9385375296532448,0.43282759189605713,0.5
BCS6__Cow_18,Cow_18,2,2026,V_single,4,3,33,3.0,0.74,0.74,0.42,0.5258415256926245,0.3891506493091583,0.74
BCS6__Cow_18,Cow_18,2,2026,V_single,4,6,33,6.0,0.82,0.82,0.18,0.40406914821738577,0.3612940311431885,0.82
BCS6__Cow_18,Cow_18,2,2026,V_single,4,12,33,12.0,0.92,0.92,0.08,0.2678842220698584,0.3446235954761505,0.92
BCS6__Cow_18_32,Cow_18,2,2026,V_single,4,1,46,1.0,0.92,0.92,0.08,0.3735446051992275,0.07572176307439804,0.92
BCS6__Cow_18_32,Cow_18,2,2026,V_single,4,3,46,3.0,1.0,1.0,0.0,0.06623821731061028,0.029266048222780228,1.0
BCS6__Cow_18_32,Cow_18,2,2026,V_single,4,6,46,6.0,1.0,1.0,0.0,0.037448731694623275,0.027897944673895836,1.0
BCS6__Cow_18_32,Cow_18,2,2026,V_single,4,12,46,12.0,1.0,1.0,0.0,0.018055389462581388,0.020361898466944695,1.0
BCS6__Cow_24_08,Cow_24,2,2026,V_single,4,1,22,1.0,1.0,1.0,0.0,0.01847624307740526,0.010495174676179886,1.0
BCS6__Cow_24_08,Cow_24,2,2026,V_single,4,3,22,3.0,1.0,1.0,0.0,0.010521625170478189,0.006146471481770277,1.0
BCS6__Cow_24_08,Cow_24,2,2026,V_single,4,6,22,6.0,1.0,1.0,0.0,0.006308171835672772,0.005869438871741295,1.0
BCS6__Cow_24_08,Cow_24,2,2026,V_single,4,12,22,12.0,1.0,1.0,0.0,0.003848253034742868,0.005258870776742697,1.0
BCS6__Cow_28_3083,Cow_28,2,2026,V_single,4,1,18,1.0,1.0,1.0,0.0,0.01609436283711354,0.010858098044991493,1.0
BCS6__Cow_28_3083,Cow_28,2,2026,V_single,4,3,18,3.0,1.0,1.0,0.0,0.009964287955094133,0.008678298443555832,1.0
BCS6__Cow_28_3083,Cow_28,2,2026,V_single,4,6,18,6.0,1.0,1.0,0.0,0.005824955310891435,0.01081891544163227,1.0
BCS6__Cow_28_3083,Cow_28,2,2026,V_single,4,12,18,12.0,1.0,1.0,0.0,0.0037268867089905477,0.010616124607622623,1.0
BCS6__Cow_3_25,Cow_3,2,2026,V_single,4,1,22,1.0,1.0,1.0,0.0,0.012365531447182125,0.00475461408495903,1.0
BCS6__Cow_3_25,Cow_3,2,2026,V_single,4,3,22,3.0,1.0,1.0,0.0,0.005200022943635972,0.0028470170218497515,1.0
BCS6__Cow_3_25,Cow_3,2,2026,V_single,4,6,22,6.0,1.0,1.0,0.0,0.0038467575164451693,0.0023692604154348373,1.0
BCS6__Cow_3_25,Cow_3,2,2026,V_single,4,12,22,12.0,1.0,1.0,0.0,0.002547271930128202,0.0022329972125589848,1.0
BCS6__Cow_47_68,Cow_47,2,2026,V_single,4,1,31,1.0,1.0,1.0,0.0,0.005730954979222792,0.006184046156704426,1.0
BCS6__Cow_47_68,Cow_47,2,2026,V_single,4,3,31,3.0,1.0,1.0,0.0,0.003363943192962881,0.004887265153229237,1.0
BCS6__Cow_47_68,Cow_47,2,2026,V_single,4,6,31,6.0,1.0,1.0,0.0,0.0021844130198587393,0.005117224063724279,1.0
BCS6__Cow_47_68,Cow_47,2,2026,V_single,4,12,31,12.0,1.0,1.0,0.0,0.0012927177971691563,0.005318052601069212,1.0
BCS6__Cow_9_1044,Cow_9,2,2026,V_single,4,1,36,1.0,1.0,1.0,0.0,0.011516690285839258,0.00676776934415102,1.0
BCS6__Cow_9_1044,Cow_9,2,2026,V_single,4,3,36,3.0,1.0,1.0,0.0,0.00590066687753471,0.004525184631347656,1.0
BCS6__Cow_9_1044,Cow_9,2,2026,V_single,4,6,36,6.0,1.0,1.0,0.0,0.005023078332646181,0.004696766845881939,1.0
BCS6__Cow_9_1044,Cow_9,2,2026,V_single,4,12,36,12.0,1.0,1.0,0.0,0.003051610220364226,0.003653419204056263,1.0
BCS2__Cow_21_8029,Cow_21,0,2027,V_single,0,1,17,1.0,1.0,1.0,0.0,0.2682555815193152,0.07430852204561234,1.0
BCS2__Cow_21_8029,Cow_21,0,2027,V_single,0,3,17,3.0,1.0,1.0,0.0,0.16452096851529158,0.049466826021671295,1.0
BCS2__Cow_21_8029,Cow_21,0,2027,V_single,0,6,17,6.0,1.0,1.0,0.0,0.1150782443074223,0.045034561306238174,1.0
BCS2__Cow_21_8029,Cow_21,0,2027,V_single,0,12,17,12.0,1.0,1.0,0.0,0.053248626273538935,0.045156240463256836,1.0
BCS3__Cow_16,Cow_16,0,2027,V_single,1,1,20,1.0,1.0,1.0,0.0,0.00984383057128099,0.007542571052908897,0.0
BCS3__Cow_16,Cow_16,0,2027,V_single,1,3,20,3.0,1.0,1.0,0.0,0.004588688256853193,0.004628439899533987,0.0
BCS3__Cow_16,Cow_16,0,2027,V_single,1,6,20,6.0,1.0,1.0,0.0,0.002738679126997942,0.003843349404633045,0.0
BCS3__Cow_16,Cow_16,0,2027,V_single,1,12,20,12.0,1.0,1.0,0.0,0.0015350186805408654,0.003445751266553998,0.0
BCS3__Cow_16_1004,Cow_16,0,2027,V_single,1,1,3,1.0,1.0,1.0,0.0,0.16465491451931824,0.10233692824840546,1.0
BCS3__Cow_16_1004,Cow_16,0,2027,V_single,1,3,3,3.0,1.0,1.0,0.0,1.2978417717435514e-07,0.04970313236117363,1.0
BCS3__Cow_16_1004,Cow_16,0,2027,V_single,1,6,3,2.7,1.0,1.0,0.0,0.0751557708353623,0.06591315567493439,1.0
BCS3__Cow_16_1004,Cow_16,0,2027,V_single,1,12,3,2.96,1.0,1.0,0.0,0.05039739010336427,0.04623350501060486,1.0
BCS3__Cow_25_66,Cow_25,0,2027,V_single,1,1,3,1.0,1.0,1.0,0.0,0.036597568998738075,0.023740548640489578,0.0
BCS3__Cow_25_66,Cow_25,0,2027,V_single,1,3,3,3.0,1.0,1.0,0.0,3.9386026978580864e-08,0.024591224268078804,0.0
BCS3__Cow_25_66,Cow_25,0,2027,V_single,1,6,3,2.76,1.0,1.0,0.0,0.015067545781594182,0.025132164359092712,0.0
BCS3__Cow_25_66,Cow_25,0,2027,V_single,1,12,3,2.96,1.0,1.0,0.0,0.012592886013531389,0.024103499948978424,0.0
BCS3__Cow_2_1015,Cow_2,0,2027,V_single,1,1,4,1.0,1.0,1.0,0.0,0.05222674973053706,0.04867267236113548,0.0
BCS3__Cow_2_1015,Cow_2,0,2027,V_single,1,3,4,3.0,1.0,1.0,0.0,0.017030950164570787,0.045230694115161896,0.0
BCS3__Cow_2_1015,Cow_2,0,2027,V_single,1,6,4,3.24,1.0,1.0,0.0,0.02043664744478628,0.04534823074936867,0.0
BCS3__Cow_2_1015,Cow_2,0,2027,V_single,1,12,4,3.8,1.0,1.0,0.0,0.013832818546739931,0.04311048984527588,0.0
BCS3__Cow_46,Cow_46,0,2027,V_single,1,1,17,1.0,1.0,1.0,0.0,0.09780279003522364,0.05449264124035835,1.0
BCS3__Cow_46,Cow_46,0,2027,V_single,1,3,17,3.0,1.0,1.0,0.0,0.06339807114715985,0.03830549120903015,1.0
BCS3__Cow_46,Cow_46,0,2027,V_single,1,6,17,6.0,1.0,1.0,0.0,0.04114194552781689,0.02936556562781334,1.0
BCS3__Cow_46,Cow_46,0,2027,V_single,1,12,17,12.0,1.0,1.0,0.0,0.018038622592213612,0.018978269770741463,1.0
BCS3__Cow_46_1,Cow_46,0,2027,V_single,1,1,9,1.0,1.0,1.0,0.0,0.046579743046589406,0.025863252580165863,1.0
BCS3__Cow_46_1,Cow_46,0,2027,V_single,1,3,9,3.0,1.0,1.0,0.0,0.020465308642277406,0.013517328538000584,1.0
BCS3__Cow_46_1,Cow_46,0,2027,V_single,1,6,9,6.0,1.0,1.0,0.0,0.009908959481213562,0.011062932200729847,1.0
BCS3__Cow_46_1,Cow_46,0,2027,V_single,1,12,9,7.06,1.0,1.0,0.0,0.010558145836452957,0.011516275815665722,1.0
BCS3__Cow_46_2,Cow_46,0,2027,V_single,1,1,3,1.0,1.0,1.0,0.0,0.021289165522886594,0.01914246380329132,1.0
BCS3__Cow_46_2,Cow_46,0,2027,V_single,1,3,3,3.0,1.0,1.0,0.0,5.103944591410835e-08,0.013650600798428059,1.0
BCS3__Cow_46_2,Cow_46,0,2027,V_single,1,6,3,2.72,1.0,1.0,0.0,0.007562560317598221,0.015576708130538464,1.0
BCS3__Cow_46_2,Cow_46,0,2027,V_single,1,12,3,2.96,1.0,1.0,0.0,0.0053700422837059045,0.015051755122840405,1.0
BCS3__Cow_53,Cow_53,0,2027,V_single,1,1,3,1.0,1.0,1.0,0.0,0.04306685258183415,0.02623959630727768,1.0
BCS3__Cow_53,Cow_53,0,2027,V_single,1,3,3,3.0,1.0,1.0,0.0,5.627632168889807e-08,0.017509955912828445,1.0
BCS3__Cow_53,Cow_53,0,2027,V_single,1,6,3,2.68,1.0,1.0,0.0,0.015954628832623382,0.020368659868836403,1.0
BCS3__Cow_53,Cow_53,0,2027,V_single,1,12,3,3.0,1.0,1.0,0.0,0.00950343245601286,0.016727561131119728,1.0
BCS4__Cow_15_68,Cow_15,0,2027,V_single,2,1,3,1.0,1.0,1.0,0.0,0.03831809927126397,0.02203921042382717,1.0
BCS4__Cow_15_68,Cow_15,0,2027,V_single,2,3,3,3.0,1.0,1.0,0.0,1.69536660709104e-08,0.012958776205778122,1.0
BCS4__Cow_15_68,Cow_15,0,2027,V_single,2,6,3,2.78,1.0,1.0,0.0,0.016712660281640885,0.013397456146776676,1.0
BCS4__Cow_15_68,Cow_15,0,2027,V_single,2,12,3,2.98,1.0,1.0,0.0,0.008657999606049007,0.01297702919691801,1.0
BCS4__Cow_17,Cow_17,0,2027,V_single,2,1,10,1.0,1.0,1.0,0.0,0.006545245604068789,0.004506159573793411,1.0
BCS4__Cow_17,Cow_17,0,2027,V_single,2,3,10,3.0,1.0,1.0,0.0,0.003250564932583554,0.0030089751817286015,1.0
BCS4__Cow_17,Cow_17,0,2027,V_single,2,6,10,6.0,1.0,1.0,0.0,0.0021417997467406222,0.0030981707386672497,1.0
BCS4__Cow_17,Cow_17,0,2027,V_single,2,12,10,7.04,1.0,1.0,0.0,0.0017788008473680439,0.0029989692848175764,1.0
BCS4__Cow_19,Cow_19,0,2027,V_single,2,1,57,1.0,1.0,1.0,0.0,0.20376182466632814,0.13722725212574005,0.0
BCS4__Cow_19,Cow_19,0,2027,V_single,2,3,57,3.0,1.0,1.0,0.0,0.09678986532337847,0.1468755155801773,0.0
BCS4__Cow_19,Cow_19,0,2027,V_single,2,6,57,6.0,1.0,1.0,0.0,0.06884438267352781,0.10340578854084015,0.0
BCS4__Cow_19,Cow_19,0,2027,V_single,2,12,57,12.0,1.0,1.0,0.0,0.04540562925783393,0.12284419685602188,0.0
BCS4__Cow_19_0037,Cow_19,0,2027,V_single,2,1,5,1.0,1.0,1.0,0.0,0.027209982615778686,0.01806238852441311,1.0
BCS4__Cow_19_0037,Cow_19,0,2027,V_single,2,3,5,3.0,1.0,1.0,0.0,0.010918519207672082,0.019095901399850845,1.0
BCS4__Cow_19_0037,Cow_19,0,2027,V_single,2,6,5,3.6,1.0,1.0,0.0,0.009442334562929535,0.018166394904255867,1.0
BCS4__Cow_19_0037,Cow_19,0,2027,V_single,2,12,5,4.6,1.0,1.0,0.0,0.007613296564265251,0.021470144391059875,1.0
BCS4__Cow_2,Cow_2,0,2027,V_single,2,1,13,1.0,1.0,1.0,0.0,0.013936246836036793,0.011095961555838585,0.0
BCS4__Cow_2,Cow_2,0,2027,V_single,2,3,13,3.0,1.0,1.0,0.0,0.007992268079297824,0.007082575466483831,0.0
BCS4__Cow_2,Cow_2,0,2027,V_single,2,6,13,6.0,1.0,1.0,0.0,0.004839296310462135,0.005363264121115208,0.0
BCS4__Cow_2,Cow_2,0,2027,V_single,2,12,13,12.0,1.0,1.0,0.0,0.0012083323792127323,0.00332073331810534,0.0
BCS4__Cow_23,Cow_23,0,2027,V_single,2,1,18,1.0,1.0,1.0,0.0,0.030202665630930547,0.021298298612236977,1.0
BCS4__Cow_23,Cow_23,0,2027,V_single,2,3,18,3.0,1.0,1.0,0.0,0.02239510294664501,0.013200303539633751,1.0
BCS4__Cow_23,Cow_23,0,2027,V_single,2,6,18,6.0,1.0,1.0,0.0,0.01365088926969489,0.013293680734932423,1.0
BCS4__Cow_23,Cow_23,0,2027,V_single,2,12,18,12.0,1.0,1.0,0.0,0.008697014726875287,0.012291884049773216,1.0
BCS4__Cow_31,Cow_31,0,2027,V_single,2,1,12,1.0,1.0,1.0,0.0,0.046331516328312956,0.03650405630469322,0.0
BCS4__Cow_31,Cow_31,0,2027,V_single,2,3,12,3.0,1.0,1.0,0.0,0.020465883913819326,0.03997189179062843,0.0
BCS4__Cow_31,Cow_31,0,2027,V_single,2,6,12,6.0,1.0,1.0,0.0,0.015596866748045281,0.03873778134584427,0.0
BCS4__Cow_31,Cow_31,0,2027,V_single,2,12,12,12.0,1.0,1.0,0.0,6.708771827232882e-08,0.03819793835282326,0.0
BCS4__Cow_32_0035,Cow_32,0,2027,V_single,2,1,8,1.0,0.8,0.8,0.2,0.13395107516254756,0.11567656695842743,0.2
BCS4__Cow_32_0035,Cow_32,0,2027,V_single,2,3,8,3.0,1.0,1.0,0.0,0.06888310236738263,0.07696874439716339,0.0
BCS4__Cow_32_0035,Cow_32,0,2027,V_single,2,6,8,6.0,1.0,1.0,0.0,0.028712668710080685,0.06998230516910553,0.0
BCS4__Cow_32_0035,Cow_32,0,2027,V_single,2,12,8,6.48,1.0,1.0,0.0,0.036168250422133584,0.07947979122400284,0.0
BCS4__Cow_44_1,Cow_44,0,2027,V_single,2,1,22,1.0,0.72,0.72,0.28,0.04454515540811498,0.030132854357361794,0.72
BCS4__Cow_44_1,Cow_44,0,2027,V_single,2,3,22,3.0,1.0,1.0,0.0,0.02423742157034256,0.02314295992255211,1.0
BCS4__Cow_44_1,Cow_44,0,2027,V_single,2,6,22,6.0,1.0,1.0,0.0,0.014977253403445261,0.016198644414544106,1.0
BCS4__Cow_44_1,Cow_44,0,2027,V_single,2,12,22,12.0,1.0,1.0,0.0,0.008637930584754329,0.015979917719960213,1.0
BCS4__Cow_51,Cow_51,0,2027,V_single,2,1,4,1.0,0.3,0.7,0.7,0.1535211578756037,0.15182162821292877,0.7
BCS4__Cow_51,Cow_51,0,2027,V_single,2,3,4,3.0,0.0,1.0,1.0,0.048792497013757916,0.17523621022701263,1.0
BCS4__Cow_51,Cow_51,0,2027,V_single,2,6,4,3.1,0.14,0.86,0.86,0.05980478964888145,0.16701820492744446,0.86
BCS4__Cow_51,Cow_51,0,2027,V_single,2,12,4,3.84,0.0,1.0,1.0,0.038628005105902904,0.1705607920885086,1.0
BCS4__Cow_51_0035,Cow_51,0,2027,V_single,2,1,4,1.0,1.0,1.0,0.0,0.021559453989409144,0.02162075787782669,1.0
BCS4__Cow_51_0035,Cow_51,0,2027,V_single,2,3,4,3.0,1.0,1.0,0.0,0.00708972408826563,0.018192322924733162,1.0
BCS4__Cow_51_0035,Cow_51,0,2027,V_single,2,6,4,3.4,1.0,1.0,0.0,0.0076368456982458905,0.019880205392837524,1.0
BCS4__Cow_51_0035,Cow_51,0,2027,V_single,2,12,4,3.92,1.0,1.0,0.0,0.007019129165344565,0.01881861500442028,1.0
BCS4__Cow_7,Cow_7,0,2027,V_single,2,1,15,1.0,1.0,1.0,0.0,0.014065132355263096,0.015074420720338821,0.0
BCS4__Cow_7,Cow_7,0,2027,V_single,2,3,15,3.0,1.0,1.0,0.0,0.006934597952061997,0.013900535181164742,0.0
BCS4__Cow_7,Cow_7,0,2027,V_single,2,6,15,6.0,1.0,1.0,0.0,0.004454503777709727,0.013598275370895863,0.0
BCS4__Cow_7,Cow_7,0,2027,V_single,2,12,15,12.0,1.0,1.0,0.0,0.001637640483330614,0.014080619439482689,0.0
BCS5__Cow_15,Cow_15,0,2027,V_single,3,1,25,1.0,1.0,1.0,0.0,0.0590175556460723,0.06079966574907303,0.0
BCS5__Cow_15,Cow_15,0,2027,V_single,3,3,25,3.0,1.0,1.0,0.0,0.025892191875155204,0.051510248333215714,0.0
BCS5__Cow_15,Cow_15,0,2027,V_single,3,6,25,6.0,1.0,1.0,0.0,0.020965640007530505,0.05547002702951431,0.0
BCS5__Cow_15,Cow_15,0,2027,V_single,3,12,25,12.0,1.0,1.0,0.0,0.011339785065880015,0.05502234399318695,0.0
BCS5__Cow_17_17,Cow_17,0,2027,V_single,3,1,6,1.0,1.0,1.0,0.0,0.017307112967135895,0.009784645400941372,1.0
BCS5__Cow_17_17,Cow_17,0,2027,V_single,3,3,6,3.0,1.0,1.0,0.0,0.007605680515162202,0.007036411203444004,1.0
BCS5__Cow_17_17,Cow_17,0,2027,V_single,3,6,6,6.0,1.0,1.0,0.0,6.23720909951186e-08,0.0054800426587462425,1.0
BCS5__Cow_17_17,Cow_17,0,2027,V_single,3,12,6,5.26,1.0,1.0,0.0,0.004396786739145347,0.00566677562892437,1.0
BCS5__Cow_21,Cow_21,0,2027,V_single,3,1,18,1.0,1.0,1.0,0.0,0.023809897829960278,0.010059029795229435,0.0
BCS5__Cow_21,Cow_21,0,2027,V_single,3,3,18,3.0,1.0,1.0,0.0,0.009129204190923862,0.007367406506091356,0.0
BCS5__Cow_21,Cow_21,0,2027,V_single,3,6,18,6.0,1.0,1.0,0.0,0.0057438148543190945,0.006258612964302301,0.0
BCS5__Cow_21,Cow_21,0,2027,V_single,3,12,18,12.0,1.0,1.0,0.0,0.00263543489836682,0.005164377856999636,0.0
BCS5__Cow_23_1067,Cow_23,0,2027,V_single,3,1,5,1.0,1.0,1.0,0.0,0.012347028522528078,0.012038072571158409,1.0
BCS5__Cow_23_1067,Cow_23,0,2027,V_single,3,3,5,3.0,1.0,1.0,0.0,0.005276996384548106,0.009051711298525333,1.0
BCS5__Cow_23_1067,Cow_23,0,2027,V_single,3,6,5,3.74,1.0,1.0,0.0,0.0046830949588722495,0.008052822202444077,1.0
BCS5__Cow_23_1067,Cow_23,0,2027,V_single,3,12,5,4.72,1.0,1.0,0.0,0.003353580588495379,0.007919794879853725,1.0
BCS5__Cow_25,Cow_25,0,2027,V_single,3,1,29,1.0,0.64,0.64,0.36,0.13193946212663157,0.06935685873031616,0.0
BCS5__Cow_25,Cow_25,0,2027,V_single,3,3,29,3.0,0.72,0.72,0.28,0.06314409592207465,0.03772130608558655,0.0
BCS5__Cow_25,Cow_25,0,2027,V_single,3,6,29,6.0,0.64,0.64,0.36,0.050072300289717674,0.03609992191195488,0.0
BCS5__Cow_25,Cow_25,0,2027,V_single,3,12,29,12.0,0.6,0.6,0.4,0.025186024985348464,0.031005308032035828,0.0
BCS5__Cow_31_15,Cow_31,0,2027,V_single,3,1,3,1.0,1.0,1.0,0.0,0.029299485008532616,0.01834268309175968,1.0
BCS5__Cow_31_15,Cow_31,0,2027,V_single,3,3,3,3.0,1.0,1.0,0.0,7.046956517752953e-08,0.021745968610048294,1.0
BCS5__Cow_31_15,Cow_31,0,2027,V_single,3,6,3,2.8,1.0,1.0,0.0,0.01161134935613262,0.022133557125926018,1.0
BCS5__Cow_31_15,Cow_31,0,2027,V_single,3,12,3,2.94,1.0,1.0,0.0,0.009449458591517936,0.02159290760755539,1.0
BCS5__Cow_31_2024,Cow_31,0,2027,V_single,3,1,5,1.0,1.0,1.0,0.0,0.039056918282082,0.03832412511110306,0.0
BCS5__Cow_31_2024,Cow_31,0,2027,V_single,3,3,5,3.0,1.0,1.0,0.0,0.01712079821657723,0.036279816180467606,0.0
BCS5__Cow_31_2024,Cow_31,0,2027,V_single,3,6,5,3.62,1.0,1.0,0.0,0.015284538809272512,0.035824526101350784,0.0
BCS5__Cow_31_2024,Cow_31,0,2027,V_single,3,12,5,4.72,1.0,1.0,0.0,0.011462274752969306,0.035356950014829636,0.0
BCS5__Cow_32,Cow_32,0,2027,V_single,3,1,5,1.0,1.0,1.0,0.0,0.07633388179168868,0.044550567865371704,1.0
BCS5__Cow_32,Cow_32,0,2027,V_single,3,3,5,3.0,1.0,1.0,0.0,0.03629868397870532,0.02624952606856823,1.0
BCS5__Cow_32,Cow_32,0,2027,V_single,3,6,5,3.66,1.0,1.0,0.0,0.02867245533794718,0.02100970596075058,1.0
BCS5__Cow_32,Cow_32,0,2027,V_single,3,12,5,4.72,1.0,1.0,0.0,0.020972624343825262,0.023308463394641876,1.0
BCS5__Cow_44_3008,Cow_44,0,2027,V_single,3,1,3,1.0,1.0,1.0,0.0,0.008120543676338524,0.004590058233588934,1.0
BCS5__Cow_44_3008,Cow_44,0,2027,V_single,3,3,3,3.0,1.0,1.0,0.0,7.400353708891856e-08,0.0035237118136137724,1.0
BCS5__Cow_44_3008,Cow_44,0,2027,V_single,3,6,3,2.78,1.0,1.0,0.0,0.003066097427544085,0.0030102443415671587,1.0
BCS5__Cow_44_3008,Cow_44,0,2027,V_single,3,12,3,2.96,1.0,1.0,0.0,0.0022789062563663893,0.00315483333542943,1.0
BCS5__Cow_45,Cow_45,0,2027,V_single,3,1,24,1.0,0.68,0.68,0.32,0.025134641957368142,0.01474178209900856,0.32
BCS5__Cow_45,Cow_45,0,2027,V_single,3,3,24,3.0,0.82,0.82,0.18,0.010124026173832635,0.008710135705769062,0.18
BCS5__Cow_45,Cow_45,0,2027,V_single,3,6,24,6.0,0.98,0.98,0.02,0.0077934549155371634,0.0061788298189640045,0.02
BCS5__Cow_45,Cow_45,0,2027,V_single,3,12,24,12.0,1.0,1.0,0.0,0.004565298436787691,0.004056266974657774,0.0
BCS5__Cow_53_30,Cow_53,0,2027,V_single,3,1,4,1.0,1.0,1.0,0.0,0.011086955803392362,0.010071149095892906,1.0
BCS5__Cow_53_30,Cow_53,0,2027,V_single,3,3,4,3.0,1.0,1.0,0.0,0.0041497062792799815,0.009061076678335667,1.0
BCS5__Cow_53_30,Cow_53,0,2027,V_single,3,6,4,3.2,1.0,1.0,0.0,0.0056503721727239956,0.009084377437829971,1.0
BCS5__Cow_53_30,Cow_53,0,2027,V_single,3,12,4,3.86,1.0,1.0,0.0,0.003120859211767459,0.009085717611014843,1.0
BCS5__Cow_7_6022,Cow_7,0,2027,V_single,3,1,3,1.0,1.0,1.0,0.0,0.017597051599830788,0.009128016419708729,0.0
BCS5__Cow_7_6022,Cow_7,0,2027,V_single,3,3,3,3.0,1.0,1.0,0.0,3.2181410645015596e-08,0.008983451873064041,0.0
BCS5__Cow_7_6022,Cow_7,0,2027,V_single,3,6,3,2.68,1.0,1.0,0.0,0.007190508952418046,0.00981445237994194,0.0
BCS5__Cow_7_6022,Cow_7,0,2027,V_single,3,12,3,2.96,1.0,1.0,0.0,0.00479720314370043,0.009801165200769901,0.0
BCS6__Cow_16_06,Cow_16,0,2027,V_single,4,1,62,1.0,1.0,1.0,0.0,0.012631401288702623,0.008886376395821571,1.0
BCS6__Cow_16_06,Cow_16,0,2027,V_single,4,3,62,3.0,1.0,1.0,0.0,0.007866917179981983,0.010546169243752956,1.0
BCS6__Cow_16_06,Cow_16,0,2027,V_single,4,6,62,6.0,1.0,1.0,0.0,0.004764156333403814,0.008163848891854286,1.0
BCS6__Cow_16_06,Cow_16,0,2027,V_single,4,12,62,12.0,1.0,1.0,0.0,0.003077976026422563,0.008025542832911015,1.0
BCS6__Cow_19_29,Cow_19,0,2027,V_single,4,1,52,1.0,1.0,1.0,0.0,0.01569680045741584,0.017493806779384613,1.0
BCS6__Cow_19_29,Cow_19,0,2027,V_single,4,3,52,3.0,1.0,1.0,0.0,0.009867243363402636,0.016213176771998405,1.0
BCS6__Cow_19_29,Cow_19,0,2027,V_single,4,6,52,6.0,1.0,1.0,0.0,0.0066646324373998925,0.015607083216309547,1.0
BCS6__Cow_19_29,Cow_19,0,2027,V_single,4,12,52,12.0,1.0,1.0,0.0,0.004863440216325793,0.016370179131627083,1.0
BCS6__Cow_2_6006,Cow_2,0,2027,V_single,4,1,31,1.0,1.0,1.0,0.0,0.005097213254643766,0.005243963561952114,1.0
BCS6__Cow_2_6006,Cow_2,0,2027,V_single,4,3,31,3.0,1.0,1.0,0.0,0.002888062431305051,0.006113378796726465,1.0
BCS6__Cow_2_6006,Cow_2,0,2027,V_single,4,6,31,6.0,1.0,1.0,0.0,0.0017789361739528305,0.005258879158645868,1.0
BCS6__Cow_2_6006,Cow_2,0,2027,V_single,4,12,31,12.0,1.0,1.0,0.0,0.0011301273799289259,0.00549975223839283,1.0
BCS6__Cow_32_34,Cow_32,0,2027,V_single,4,1,7,1.0,1.0,1.0,0.0,0.00560968081508506,0.0032341897021979094,1.0
BCS6__Cow_32_34,Cow_32,0,2027,V_single,4,3,7,3.0,1.0,1.0,0.0,0.00228912835741858,0.0022829368244856596,1.0
BCS6__Cow_32_34,Cow_32,0,2027,V_single,4,6,7,6.0,1.0,1.0,0.0,0.0006700839534888359,0.0023732436820864677,1.0
BCS6__Cow_32_34,Cow_32,0,2027,V_single,4,12,7,5.84,1.0,1.0,0.0,0.001590563758199496,0.0022965800017118454,1.0
BCS6__Cow_36,Cow_36,0,2027,V_single,4,1,37,1.0,0.28,0.72,0.72,0.4221063834909567,0.5998249053955078,0.72
BCS6__Cow_36,Cow_36,0,2027,V_single,4,3,37,3.0,0.04,0.96,0.96,0.2469332321208513,0.6409751772880554,0.96
BCS6__Cow_36,Cow_36,0,2027,V_single,4,6,37,6.0,0.0,1.0,1.0,0.13327693139593197,0.693439781665802,1.0
BCS6__Cow_36,Cow_36,0,2027,V_single,4,12,37,12.0,0.0,1.0,1.0,0.10318513165468975,0.6945963501930237,1.0
BCS6__Cow_36_1,Cow_36,0,2027,V_single,4,1,46,1.0,0.68,0.68,0.64,0.5723507566714096,0.2867054045200348,0.68
BCS6__Cow_36_1,Cow_36,0,2027,V_single,4,3,46,3.0,0.4,0.56,0.64,0.4272192220026151,0.3860510289669037,0.4
BCS6__Cow_36_1,Cow_36,0,2027,V_single,4,6,46,6.0,0.5,0.5,0.54,0.3154370546688731,0.4380297064781189,0.5
BCS6__Cow_36_1,Cow_36,0,2027,V_single,4,12,46,12.0,0.38,0.62,0.62,0.21563833061570858,0.5127029418945312,0.38
BCS6__Cow_45_9025,Cow_45,0,2027,V_single,4,1,31,1.0,1.0,1.0,0.0,0.012004863570902894,0.008342859335243702,1.0
BCS6__Cow_45_9025,Cow_45,0,2027,V_single,4,3,31,3.0,1.0,1.0,0.0,0.007343947735284497,0.006033428478986025,1.0
BCS6__Cow_45_9025,Cow_45,0,2027,V_single,4,6,31,6.0,1.0,1.0,0.0,0.005265485553691352,0.005552375689148903,1.0
BCS6__Cow_45_9025,Cow_45,0,2027,V_single,4,12,31,12.0,1.0,1.0,0.0,0.0028779782069247462,0.005886450409889221,1.0
BCS6__Cow_52_29,Cow_52,0,2027,V_single,4,1,55,1.0,1.0,1.0,0.0,0.007363024465011078,0.004527231212705374,1.0
BCS6__Cow_52_29,Cow_52,0,2027,V_single,4,3,55,3.0,1.0,1.0,0.0,0.004369965134779211,0.003232389921322465,1.0
BCS6__Cow_52_29,Cow_52,0,2027,V_single,4,6,55,6.0,1.0,1.0,0.0,0.002998571049974975,0.0027251786086708307,1.0
BCS6__Cow_52_29,Cow_52,0,2027,V_single,4,12,55,12.0,1.0,1.0,0.0,0.0016270482851621579,0.002170540625229478,1.0
BCS6__Cow_7_9008,Cow_7,0,2027,V_single,4,1,19,1.0,1.0,1.0,0.0,0.03209416260560908,0.023459671065211296,1.0
BCS6__Cow_7_9008,Cow_7,0,2027,V_single,4,3,19,3.0,1.0,1.0,0.0,0.01611673527565439,0.011877801269292831,1.0
BCS6__Cow_7_9008,Cow_7,0,2027,V_single,4,6,19,6.0,1.0,1.0,0.0,0.009791207601536261,0.008009024895727634,1.0
BCS6__Cow_7_9008,Cow_7,0,2027,V_single,4,12,19,12.0,1.0,1.0,0.0,0.006387096801881738,0.005807047709822655,1.0
BCS2__Cow_11,Cow_11,1,2027,V_single,0,1,76,1.0,0.34,0.66,0.66,0.1659419902766192,0.07057665288448334,0.0
BCS2__Cow_11,Cow_11,1,2027,V_single,0,3,76,3.0,0.1,0.9,0.9,0.11536571238525373,0.09959094971418381,0.0
BCS2__Cow_11,Cow_11,1,2027,V_single,0,6,76,6.0,0.0,1.0,1.0,0.0865957432799085,0.12300696969032288,0.0
BCS2__Cow_11,Cow_11,1,2027,V_single,0,12,76,12.0,0.0,1.0,1.0,0.062071051548048053,0.11052314937114716,0.0
BCS2__Cow_11_1,Cow_11,1,2027,V_single,0,1,6,1.0,0.64,0.64,0.36,0.1381679747467338,0.05706502124667168,0.0
BCS2__Cow_11_1,Cow_11,1,2027,V_single,0,3,6,3.0,1.0,1.0,0.0,0.05522156796256044,0.025407200679183006,0.0
BCS2__Cow_11_1,Cow_11,1,2027,V_single,0,6,6,6.0,1.0,1.0,0.0,1.5705141846515196e-07,0.0062091355212032795,0.0
BCS2__Cow_11_1,Cow_11,1,2027,V_single,0,12,6,5.38,1.0,1.0,0.0,0.03656559535060038,0.016525495797395706,0.0
BCS2__Cow_11_2,Cow_11,1,2027,V_single,0,1,40,1.0,0.7,0.7,0.6,0.6404972832297661,0.2835357189178467,0.0
BCS2__Cow_11_2,Cow_11,1,2027,V_single,0,3,40,3.0,0.8,0.8,0.38,0.360109756421905,0.21472744643688202,0.0
BCS2__Cow_11_2,Cow_11,1,2027,V_single,0,6,40,6.0,0.6,0.6,0.8,0.37010909315796814,0.2815585434436798,0.0
BCS2__Cow_11_2,Cow_11,1,2027,V_single,0,12,40,12.0,0.58,0.58,0.84,0.22656507779964893,0.23833034932613373,0.0
BCS3__Cow_14,Cow_14,1,2027,V_single,1,1,4,1.0,1.0,1.0,0.0,0.0437384354840872,0.025621019303798676,0.0
BCS3__Cow_14,Cow_14,1,2027,V_single,1,3,4,3.0,1.0,1.0,0.0,0.014381763960816637,0.027729032561182976,0.0
BCS3__Cow_14,Cow_14,1,2027,V_single,1,6,4,3.14,1.0,1.0,0.0,0.02076826096380818,0.02771006152033806,0.0
BCS3__Cow_14,Cow_14,1,2027,V_single,1,12,4,3.88,1.0,1.0,0.0,0.0171331769393954,0.030564485117793083,0.0
BCS3__Cow_14_0011,Cow_14,1,2027,V_single,1,1,4,1.0,1.0,1.0,0.0,0.0669220530250365,0.06991889327764511,0.0
BCS3__Cow_14_0011,Cow_14,1,2027,V_single,1,3,4,3.0,1.0,1.0,0.0,0.024127290142563824,0.06719056516885757,0.0
BCS3__Cow_14_0011,Cow_14,1,2027,V_single,1,6,4,3.48,1.0,1.0,0.0,0.025808734644419302,0.06533113121986389,0.0
BCS3__Cow_14_0011,Cow_14,1,2027,V_single,1,12,4,3.9,1.0,1.0,0.0,0.024485804617610206,0.062256745994091034,0.0
BCS3__Cow_6_103,Cow_6,1,2027,V_single,1,1,4,1.0,0.78,0.78,0.22,0.15165581604191958,0.07126873731613159,0.0
BCS3__Cow_6_103,Cow_6,1,2027,V_single,1,3,4,3.0,1.0,1.0,0.0,0.05437818854471649,0.06803176552057266,0.0
BCS3__Cow_6_103,Cow_6,1,2027,V_single,1,6,4,3.36,0.82,0.82,0.18,0.06035237788541669,0.06462999433279037,0.0
BCS3__Cow_6_103,Cow_6,1,2027,V_single,1,12,4,3.94,0.88,0.88,0.12,0.05951612208725967,0.06628517061471939,0.0
BCS4__Cow_1,Cow_1,1,2027,V_single,2,1,9,1.0,1.0,1.0,0.0,0.01758887978878069,0.008312951773405075,0.0
BCS4__Cow_1,Cow_1,1,2027,V_single,2,3,9,3.0,1.0,1.0,0.0,0.007536486956908412,0.005451185628771782,0.0
BCS4__Cow_1,Cow_1,1,2027,V_single,2,6,9,6.0,1.0,1.0,0.0,0.004380410073642896,0.0043968199752271175,0.0
BCS4__Cow_1,Cow_1,1,2027,V_single,2,12,9,6.56,1.0,1.0,0.0,0.004970396828300376,0.004609229043126106,0.0
BCS4__Cow_26,Cow_26,1,2027,V_single,2,1,7,1.0,1.0,1.0,0.0,0.016482812587418686,0.007819714024662971,0.0
BCS4__Cow_26,Cow_26,1,2027,V_single,2,3,7,3.0,1.0,1.0,0.0,0.006781759566262252,0.005799214821308851,0.0
BCS4__Cow_26,Cow_26,1,2027,V_single,2,6,7,6.0,1.0,1.0,0.0,0.0023139800267107974,0.00497706513851881,0.0
BCS4__Cow_26,Cow_26,1,2027,V_single,2,12,7,5.86,1.0,1.0,0.0,0.005026751590395847,0.005148814991116524,0.0
BCS4__Cow_26_5051,Cow_26,1,2027,V_single,2,1,5,1.0,0.76,0.76,0.24,0.08934376969015187,0.029432768002152443,0.24
BCS4__Cow_26_5051,Cow_26,1,2027,V_single,2,3,5,3.0,1.0,1.0,0.0,0.02592488619441262,0.016183357685804367,0.0
BCS4__Cow_26_5051,Cow_26,1,2027,V_single,2,6,5,3.74,1.0,1.0,0.0,0.028760147298387818,0.016312306746840477,0.0
BCS4__Cow_26_5051,Cow_26,1,2027,V_single,2,12,5,4.56,1.0,1.0,0.0,0.017510696047293956,0.01456368900835514,0.0
BCS4__Cow_27_9008,Cow_27,1,2027,V_single,2,1,4,1.0,0.68,0.68,0.32,0.021805257727440748,0.019629573449492455,0.32
BCS4__Cow_27_9008,Cow_27,1,2027,V_single,2,3,4,3.0,1.0,1.0,0.0,0.007494230853534938,0.017763236537575722,0.0
BCS4__Cow_27_9008,Cow_27,1,2027,V_single,2,6,4,3.3,1.0,1.0,0.0,0.008366857607741302,0.017822084948420525,0.0
BCS4__Cow_27_9008,Cow_27,1,2027,V_single,2,12,4,3.86,1.0,1.0,0.0,0.005980571253500898,0.018033817410469055,0.0
BCS4__Cow_29_7007,Cow_29,1,2027,V_single,2,1,4,1.0,1.0,1.0,0.0,0.27535023600995545,0.15352793037891388,0.0
BCS4__Cow_29_7007,Cow_29,1,2027,V_single,2,3,4,3.0,1.0,1.0,0.0,0.09746274394137024,0.09185852855443954,0.0
BCS4__Cow_29_7007,Cow_29,1,2027,V_single,2,6,4,3.26,1.0,1.0,0.0,0.1258294101062343,0.11157822608947754,0.0
BCS4__Cow_29_7007,Cow_29,1,2027,V_single,2,12,4,3.88,1.0,1.0,0.0,0.07271494401039785,0.09684836119413376,0.0
BCS4__Cow_33,Cow_33,1,2027,V_single,2,1,21,1.0,1.0,1.0,0.0,0.00797380018773287,0.008988114073872566,0.0
BCS4__Cow_33,Cow_33,1,2027,V_single,2,3,21,3.0,1.0,1.0,0.0,0.0039860877044555565,0.007103483192622662,0.0
BCS4__Cow_33,Cow_33,1,2027,V_single,2,6,21,6.0,1.0,1.0,0.0,0.0027982894178319225,0.006753135938197374,0.0
BCS4__Cow_33,Cow_33,1,2027,V_single,2,12,21,12.0,1.0,1.0,0.0,0.0015034142483113734,0.006023259833455086,0.0
BCS4__Cow_4,Cow_4,1,2027,V_single,2,1,4,1.0,1.0,1.0,0.0,0.009734259467027504,0.009410165250301361,0.0
BCS4__Cow_4,Cow_4,1,2027,V_single,2,3,4,3.0,1.0,1.0,0.0,0.0038733812704622723,0.005119492299854755,0.0
BCS4__Cow_4,Cow_4,1,2027,V_single,2,6,4,3.4,1.0,1.0,0.0,0.004318960409222169,0.0060074422508478165,0.0
BCS4__Cow_4,Cow_4,1,2027,V_single,2,12,4,3.88,1.0,1.0,0.0,0.003211399432642736,0.005402132868766785,0.0
BCS4__Cow_41,Cow_41,1,2027,V_single,2,1,3,1.0,1.0,1.0,0.0,0.002947432573408148,0.004456551279872656,0.0
BCS4__Cow_41,Cow_41,1,2027,V_single,2,3,3,3.0,1.0,1.0,0.0,4.97666121639877e-08,0.0037339748814702034,0.0
BCS4__Cow_41,Cow_41,1,2027,V_single,2,6,3,2.68,1.0,1.0,0.0,0.0012622427331393344,0.004036397207528353,0.0
BCS4__Cow_41,Cow_41,1,2027,V_single,2,12,3,2.96,1.0,1.0,0.0,0.001029037307987028,0.003788500791415572,0.0
BCS4__Cow_48,Cow_48,1,2027,V_single,2,1,3,1.0,1.0,1.0,0.0,0.011247023061247474,0.00932374969124794,0.0
BCS4__Cow_48,Cow_48,1,2027,V_single,2,3,3,3.0,1.0,1.0,0.0,3.2612063116977266e-08,0.006787776947021484,0.0
BCS4__Cow_48,Cow_48,1,2027,V_single,2,6,3,2.74,1.0,1.0,0.0,0.004382708184453182,0.008042053319513798,0.0
BCS4__Cow_48,Cow_48,1,2027,V_single,2,12,3,3.0,1.0,1.0,0.0,0.003094329618860167,0.00720770051702857,0.0
BCS4__Cow_4_1,Cow_4,1,2027,V_single,2,1,39,1.0,1.0,1.0,0.0,0.005086550449847435,0.007909591309726238,0.0
BCS4__Cow_4_1,Cow_4,1,2027,V_single,2,3,39,3.0,1.0,1.0,0.0,0.0026778528391709637,0.006072269752621651,0.0
BCS4__Cow_4_1,Cow_4,1,2027,V_single,2,6,39,6.0,1.0,1.0,0.0,0.0020604173783486954,0.006883031222969294,0.0
BCS4__Cow_4_1,Cow_4,1,2027,V_single,2,12,39,12.0,1.0,1.0,0.0,0.0015670379501146194,0.006864472758024931,0.0
BCS4__Cow_6,Cow_6,1,2027,V_single,2,1,7,1.0,0.82,0.82,0.18,0.024889199363651426,0.010900442488491535,0.18
BCS4__Cow_6,Cow_6,1,2027,V_single,2,3,7,3.0,0.94,0.94,0.06,0.01175026083018715,0.010592173784971237,0.06
BCS4__Cow_6,Cow_6,1,2027,V_single,2,6,7,6.0,1.0,1.0,0.0,0.003996896467902205,0.0113151203840971,0.0
BCS4__Cow_6,Cow_6,1,2027,V_single,2,12,7,5.88,0.98,0.98,0.02,0.008276851536578424,0.01132967323064804,0.02
BCS5__Cow_12_NOTAG,Cow_12,1,2027,V_single,3,1,3,1.0,1.0,1.0,0.0,0.02068275762111032,0.011009651236236095,1.0
BCS5__Cow_12_NOTAG,Cow_12,1,2027,V_single,3,3,3,3.0,1.0,1.0,0.0,2.8201880517633452e-08,0.00879113283008337,1.0
BCS5__Cow_12_NOTAG,Cow_12,1,2027,V_single,3,6,3,2.82,1.0,1.0,0.0,0.0074453996270325605,0.009366445243358612,1.0
BCS5__Cow_12_NOTAG,Cow_12,1,2027,V_single,3,12,3,2.96,1.0,1.0,0.0,0.005296770037560062,0.008897384628653526,1.0
BCS5__Cow_13,Cow_13,1,2027,V_single,3,1,20,1.0,1.0,1.0,0.0,0.012314584232244593,0.007053783629089594,1.0
BCS5__Cow_13,Cow_13,1,2027,V_single,3,3,20,3.0,1.0,1.0,0.0,0.006172209466710819,0.004056124482303858,1.0
BCS5__Cow_13,Cow_13,1,2027,V_single,3,6,20,6.0,1.0,1.0,0.0,0.0038645181896480103,0.0027548891957849264,1.0
BCS5__Cow_13,Cow_13,1,2027,V_single,3,12,20,12.0,1.0,1.0,0.0,0.0021406554104497722,0.002171394880861044,1.0
BCS5__Cow_13_8001,Cow_13,1,2027,V_single,3,1,3,1.0,1.0,1.0,0.0,0.030224268155736478,0.01365194283425808,1.0
BCS5__Cow_13_8001,Cow_13,1,2027,V_single,3,3,3,3.0,1.0,1.0,0.0,9.445064264168867e-09,0.008434073999524117,1.0
BCS5__Cow_13_8001,Cow_13,1,2027,V_single,3,6,3,2.78,1.0,1.0,0.0,0.013176213609815551,0.011784477159380913,1.0
BCS5__Cow_13_8001,Cow_13,1,2027,V_single,3,12,3,2.98,1.0,1.0,0.0,0.00949173173461576,0.009128141216933727,1.0
BCS5__Cow_1_27,Cow_1,1,2027,V_single,3,1,3,1.0,1.0,1.0,0.0,0.040091124501390574,0.013846329413354397,1.0
BCS5__Cow_1_27,Cow_1,1,2027,V_single,3,3,3,3.0,1.0,1.0,0.0,2.284117586186247e-07,0.008477183990180492,1.0
BCS5__Cow_1_27,Cow_1,1,2027,V_single,3,6,3,2.78,1.0,1.0,0.0,0.01745995456543212,0.009038745425641537,1.0
BCS5__Cow_1_27,Cow_1,1,2027,V_single,3,12,3,2.96,1.0,1.0,0.0,0.012324107173602503,0.00836245995014906,1.0
BCS5__Cow_27,Cow_27,1,2027,V_single,3,1,21,1.0,1.0,1.0,0.0,0.022246140544006407,0.011920682154595852,1.0
BCS5__Cow_27,Cow_27,1,2027,V_single,3,3,21,3.0,1.0,1.0,0.0,0.012910259252887968,0.006778574548661709,1.0
BCS5__Cow_27,Cow_27,1,2027,V_single,3,6,21,6.0,1.0,1.0,0.0,0.00737649191519061,0.005113580264151096,1.0
BCS5__Cow_27,Cow_27,1,2027,V_single,3,12,21,12.0,1.0,1.0,0.0,0.0033642711088869575,0.0034085544757544994,1.0
BCS5__Cow_29,Cow_29,1,2027,V_single,3,1,25,1.0,1.0,1.0,0.0,0.02338354004416247,0.00967950839549303,1.0
BCS5__Cow_29,Cow_29,1,2027,V_single,3,3,25,3.0,1.0,1.0,0.0,0.009415766665060735,0.006371045485138893,1.0
BCS5__Cow_29,Cow_29,1,2027,V_single,3,6,25,6.0,1.0,1.0,0.0,0.008428938162326708,0.0058011244982481,1.0
BCS5__Cow_29,Cow_29,1,2027,V_single,3,12,25,12.0,1.0,1.0,0.0,0.004085708906649611,0.005253500770777464,1.0
BCS5__Cow_37,Cow_37,1,2027,V_single,3,1,26,1.0,1.0,1.0,0.0,0.010109901867824934,0.008117498829960823,1.0
BCS5__Cow_37,Cow_37,1,2027,V_single,3,3,26,3.0,1.0,1.0,0.0,0.0051086734140175765,0.0067732795141637325,1.0
BCS5__Cow_37,Cow_37,1,2027,V_single,3,6,26,6.0,1.0,1.0,0.0,0.004120299277224013,0.007102270144969225,1.0
BCS5__Cow_37,Cow_37,1,2027,V_single,3,12,26,12.0,1.0,1.0,0.0,0.001798119744515838,0.004921918734908104,1.0
BCS5__Cow_37_and_38,Cow_37,1,2027,V_single,3,1,3,1.0,1.0,1.0,0.0,0.016360623639212916,0.015457774512469769,1.0
BCS5__Cow_37_and_38,Cow_37,1,2027,V_single,3,3,3,3.0,1.0,1.0,0.0,3.3649497625126355e-07,0.015037411823868752,1.0
BCS5__Cow_37_and_38,Cow_37,1,2027,V_single,3,6,3,2.7,1.0,1.0,0.0,0.007318806754667082,0.013633239082992077,1.0
BCS5__Cow_37_and_38,Cow_37,1,2027,V_single,3,12,3,2.96,1.0,1.0,0.0,0.005200072090743456,0.014840025454759598,1.0
BCS5__Cow_43,Cow_43,1,2027,V_single,3,1,37,1.0,1.0,1.0,0.0,0.013971071017061435,0.005494912154972553,1.0
BCS5__Cow_43,Cow_43,1,2027,V_single,3,3,37,3.0,1.0,1.0,0.0,0.007362536998476197,0.004198897164314985,1.0
BCS5__Cow_43,Cow_43,1,2027,V_single,3,6,37,6.0,1.0,1.0,0.0,0.004485239913397791,0.0042289383709430695,1.0
BCS5__Cow_43,Cow_43,1,2027,V_single,3,12,37,12.0,1.0,1.0,0.0,0.002847340278772871,0.003983447793871164,1.0
BCS5__Cow_48_1018,Cow_48,1,2027,V_single,3,1,3,1.0,1.0,1.0,0.0,0.026546812402001692,0.016939235851168633,1.0
BCS5__Cow_48_1018,Cow_48,1,2027,V_single,3,3,3,3.0,1.0,1.0,0.0,1.0433076200471138e-07,0.01505998894572258,1.0
BCS5__Cow_48_1018,Cow_48,1,2027,V_single,3,6,3,2.82,1.0,1.0,0.0,0.010412405937345591,0.01577371545135975,1.0
BCS5__Cow_48_1018,Cow_48,1,2027,V_single,3,12,3,2.98,1.0,1.0,0.0,0.008200605574932796,0.015647806227207184,1.0
BCS5__Cow_54,Cow_54,1,2027,V_single,3,1,6,1.0,1.0,1.0,0.0,0.01794659061713665,0.016167158260941505,1.0
BCS5__Cow_54,Cow_54,1,2027,V_single,3,3,6,3.0,1.0,1.0,0.0,0.006815398991671188,0.013256051577627659,1.0
BCS5__Cow_54,Cow_54,1,2027,V_single,3,6,6,6.0,1.0,1.0,0.0,1.3581871067480835e-07,0.013890623115003109,1.0
BCS5__Cow_54,Cow_54,1,2027,V_single,3,12,6,5.4,1.0,1.0,0.0,0.004652156535199341,0.013923607766628265,1.0
BCS5__Cow_6_5051,Cow_6,1,2027,V_single,3,1,3,1.0,1.0,1.0,0.0,0.011798749719803535,0.004560957662761211,1.0
BCS5__Cow_6_5051,Cow_6,1,2027,V_single,3,3,3,3.0,1.0,1.0,0.0,5.8331902763447e-08,0.00505488645285368,1.0
BCS5__Cow_6_5051,Cow_6,1,2027,V_single,3,6,3,2.74,1.0,1.0,0.0,0.005506569808192336,0.004759554285556078,1.0
BCS5__Cow_6_5051,Cow_6,1,2027,V_single,3,12,3,2.96,1.0,1.0,0.0,0.004449298887094753,0.00496315024793148,1.0
BCS6__Cow_11_07,Cow_11,1,2027,V_single,4,1,27,1.0,0.28,0.72,0.72,0.6316521452933261,0.6428515911102295,0.72
BCS6__Cow_11_07,Cow_11,1,2027,V_single,4,3,27,3.0,0.04,0.96,0.96,0.3505791585812456,0.736224353313446,0.96
BCS6__Cow_11_07,Cow_11,1,2027,V_single,4,6,27,6.0,0.0,1.0,1.0,0.18746794347157444,0.7804954648017883,1.0
BCS6__Cow_11_07,Cow_11,1,2027,V_single,4,12,27,12.0,0.0,1.0,1.0,0.14548777475984806,0.7691407203674316,1.0
BCS6__Cow_12_2014,Cow_12,1,2027,V_single,4,1,39,1.0,0.06,0.9,0.94,0.4794258648677131,0.8702564835548401,0.9
BCS6__Cow_12_2014,Cow_12,1,2027,V_single,4,3,39,3.0,0.0,1.0,1.0,0.0784124032389141,0.9533136487007141,1.0
BCS6__Cow_12_2014,Cow_12,1,2027,V_single,4,6,39,6.0,0.0,1.0,1.0,0.027644014604410558,0.9575958251953125,1.0
BCS6__Cow_12_2014,Cow_12,1,2027,V_single,4,12,39,12.0,0.0,1.0,1.0,0.019433437746675632,0.9561184644699097,1.0
BCS6__Cow_13_66,Cow_13,1,2027,V_single,4,1,20,1.0,1.0,1.0,0.0,0.010945900455915389,0.006747189909219742,1.0
BCS6__Cow_13_66,Cow_13,1,2027,V_single,4,3,20,3.0,1.0,1.0,0.0,0.004780986371253181,0.005311020649969578,1.0
BCS6__Cow_13_66,Cow_13,1,2027,V_single,4,6,20,6.0,1.0,1.0,0.0,0.003447846188050481,0.005628617946058512,1.0
BCS6__Cow_13_66,Cow_13,1,2027,V_single,4,12,20,12.0,1.0,1.0,0.0,0.0013748727228390417,0.005816435907036066,1.0
BCS6__Cow_26_6,Cow_26,1,2027,V_single,4,1,9,1.0,1.0,1.0,0.0,0.004512634238133986,0.002197778318077326,1.0
BCS6__Cow_26_6,Cow_26,1,2027,V_single,4,3,9,3.0,1.0,1.0,0.0,0.002404642834088341,0.0023954426869750023,1.0
BCS6__Cow_26_6,Cow_26,1,2027,V_single,4,6,9,6.0,1.0,1.0,0.0,0.001144830472594315,0.0021542950998991728,1.0
BCS6__Cow_26_6,Cow_26,1,2027,V_single,4,12,9,7.04,1.0,1.0,0.0,0.0012534124958273212,0.002179144648835063,1.0
BCS6__Cow_29_NOTAG,Cow_29,1,2027,V_single,4,1,34,1.0,1.0,1.0,0.0,0.007388987725196588,0.011021857149899006,1.0
BCS6__Cow_29_NOTAG,Cow_29,1,2027,V_single,4,3,34,3.0,1.0,1.0,0.0,0.004536819859423485,0.009915459901094437,1.0
BCS6__Cow_29_NOTAG,Cow_29,1,2027,V_single,4,6,34,6.0,1.0,1.0,0.0,0.003358127574348293,0.010034170001745224,1.0
BCS6__Cow_29_NOTAG,Cow_29,1,2027,V_single,4,12,34,12.0,1.0,1.0,0.0,0.0023207909221406994,0.010462547652423382,1.0
BCS6__Cow_35,Cow_35,1,2027,V_single,4,1,24,1.0,0.52,0.52,0.48,0.7239457399289296,0.43920189142227173,0.48
BCS6__Cow_35,Cow_35,1,2027,V_single,4,3,24,3.0,0.12,0.88,0.88,0.468968002258813,0.5520694255828857,0.88
BCS6__Cow_35,Cow_35,1,2027,V_single,4,6,24,6.0,0.1,0.9,0.9,0.347014196090929,0.5354529619216919,0.9
BCS6__Cow_35,Cow_35,1,2027,V_single,4,12,24,12.0,0.02,0.98,0.98,0.24358938264280122,0.5520431399345398,0.98
BCS6__Cow_4_103,Cow_4,1,2027,V_single,4,1,47,1.0,1.0,1.0,0.0,0.007323401879041712,0.0029819277115166187,1.0
BCS6__Cow_4_103,Cow_4,1,2027,V_single,4,3,47,3.0,1.0,1.0,0.0,0.004546403105147774,0.0020783361978828907,1.0
BCS6__Cow_4_103,Cow_4,1,2027,V_single,4,6,47,6.0,1.0,1.0,0.0,0.002654514892653164,0.001395968021824956,1.0
BCS6__Cow_4_103,Cow_4,1,2027,V_single,4,12,47,12.0,1.0,1.0,0.0,0.00161427098627479,0.0009690774022601545,1.0
BCS2__Cow_5_1,Cow_5,2,2027,V_single,0,1,10,1.0,0.54,0.54,0.46,0.06647559383521988,0.030632810667157173,0.0
BCS2__Cow_5_1,Cow_5,2,2027,V_single,0,3,10,3.0,0.26,0.74,0.74,0.0348890768146409,0.039440251886844635,0.0
BCS2__Cow_5_1,Cow_5,2,2027,V_single,0,6,10,6.0,0.08,0.92,0.92,0.0219052160701943,0.03982967138290405,0.0
BCS2__Cow_5_1,Cow_5,2,2027,V_single,0,12,10,7.2,0.04,0.96,0.96,0.018516093448337177,0.04041978716850281,0.0
BCS3__Cow_20_0029,Cow_20,2,2027,V_single,1,1,4,1.0,1.0,1.0,0.0,0.16215448845755936,0.0859294906258583,0.0
BCS3__Cow_20_0029,Cow_20,2,2027,V_single,1,3,4,3.0,1.0,1.0,0.0,0.05219001988718867,0.07200616598129272,0.0
BCS3__Cow_20_0029,Cow_20,2,2027,V_single,1,6,4,3.44,1.0,1.0,0.0,0.06643102821534118,0.07403852045536041,0.0
BCS3__Cow_20_0029,Cow_20,2,2027,V_single,1,12,4,3.86,1.0,1.0,0.0,0.05192305970229572,0.07236611098051071,0.0
BCS3__Cow_22,Cow_22,2,2027,V_single,1,1,20,1.0,1.0,1.0,0.0,0.04631259905962348,0.03861892595887184,1.0
BCS3__Cow_22,Cow_22,2,2027,V_single,1,3,20,3.0,1.0,1.0,0.0,0.04306390159494229,0.03491682931780815,1.0
BCS3__Cow_22,Cow_22,2,2027,V_single,1,6,20,6.0,1.0,1.0,0.0,0.02675749100726912,0.026419710367918015,1.0
BCS3__Cow_22,Cow_22,2,2027,V_single,1,12,20,12.0,1.0,1.0,0.0,0.016520455833848025,0.018572531640529633,1.0
BCS3__Cow_22_1,Cow_22,2,2027,V_single,1,1,6,1.0,1.0,1.0,0.0,0.12952351510850454,0.11387252807617188,1.0
BCS3__Cow_22_1,Cow_22,2,2027,V_single,1,3,6,3.0,1.0,1.0,0.0,0.05091489865917782,0.10734517127275467,1.0
BCS3__Cow_22_1,Cow_22,2,2027,V_single,1,6,6,6.0,1.0,1.0,0.0,2.1203143197438768e-08,0.10767187178134918,1.0
BCS3__Cow_22_1,Cow_22,2,2027,V_single,1,12,6,5.46,1.0,1.0,0.0,0.03829269131585269,0.10090405493974686,1.0
BCS4__Cow_10,Cow_10,2,2027,V_single,2,1,41,1.0,0.96,0.96,0.08,0.13408314147400277,0.03244185075163841,0.0
BCS4__Cow_10,Cow_10,2,2027,V_single,2,3,41,3.0,1.0,1.0,0.0,0.048354306236830576,0.023227818310260773,0.0
BCS4__Cow_10,Cow_10,2,2027,V_single,2,6,41,6.0,1.0,1.0,0.0,0.032250052566361424,0.02292622998356819,0.0
BCS4__Cow_10,Cow_10,2,2027,V_single,2,12,41,12.0,1.0,1.0,0.0,0.02212158023815829,0.021898090839385986,0.0
BCS4__Cow_10_2038,Cow_10,2,2027,V_single,2,1,4,1.0,1.0,1.0,0.0,0.1621829714964623,0.08381002396345139,0.0
BCS4__Cow_10_2038,Cow_10,2,2027,V_single,2,3,4,3.0,1.0,1.0,0.0,0.054031081068041165,0.0930991917848587,0.0
BCS4__Cow_10_2038,Cow_10,2,2027,V_single,2,6,4,3.32,1.0,1.0,0.0,0.065978768423142,0.0884387269616127,0.0
BCS4__Cow_10_2038,Cow_10,2,2027,V_single,2,12,4,3.84,1.0,1.0,0.0,0.04668606670549976,0.08985193073749542,0.0
BCS4__Cow_22_6005,Cow_22,2,2027,V_single,2,1,4,1.0,1.0,1.0,0.0,0.14421872737736058,0.09179218113422394,0.0
BCS4__Cow_22_6005,Cow_22,2,2027,V_single,2,3,4,3.0,1.0,1.0,0.0,0.052940289604682236,0.08058211207389832,0.0
BCS4__Cow_22_6005,Cow_22,2,2027,V_single,2,6,4,3.32,1.0,1.0,0.0,0.0688986989578521,0.0842587873339653,0.0
BCS4__Cow_22_6005,Cow_22,2,2027,V_single,2,12,4,3.88,1.0,1.0,0.0,0.04258459347971048,0.08197293430566788,0.0
BCS4__Cow_30,Cow_30,2,2027,V_single,2,1,4,1.0,1.0,1.0,0.0,0.10616805578755435,0.05769393965601921,0.0
BCS4__Cow_30,Cow_30,2,2027,V_single,2,3,4,3.0,1.0,1.0,0.0,0.034350880505631044,0.043682340532541275,0.0
BCS4__Cow_30,Cow_30,2,2027,V_single,2,6,4,3.22,1.0,1.0,0.0,0.04590549354894311,0.048922911286354065,0.0
BCS4__Cow_30,Cow_30,2,2027,V_single,2,12,4,3.92,1.0,1.0,0.0,0.03140642664798351,0.05114381015300751,0.0
BCS4__Cow_42,Cow_42,2,2027,V_single,2,1,11,1.0,1.0,1.0,0.0,0.11178991712255718,0.057733602821826935,0.0
BCS4__Cow_42,Cow_42,2,2027,V_single,2,3,11,3.0,1.0,1.0,0.0,0.06713699679160887,0.052320245653390884,0.0
BCS4__Cow_42,Cow_42,2,2027,V_single,2,6,11,6.0,1.0,1.0,0.0,0.035142069046185755,0.05115475133061409,0.0
BCS4__Cow_42,Cow_42,2,2027,V_single,2,12,11,7.42,1.0,1.0,0.0,0.030962629037310483,0.050684839487075806,0.0
BCS4__Cow_47_1,Cow_47,2,2027,V_single,2,1,7,1.0,0.8,0.8,0.4,0.2581581780629528,0.11439166218042374,0.0
BCS4__Cow_47_1,Cow_47,2,2027,V_single,2,3,7,3.0,0.66,0.66,0.68,0.1446699285579289,0.12342449277639389,0.0
BCS4__Cow_47_1,Cow_47,2,2027,V_single,2,6,7,6.0,0.84,0.84,0.32,0.043291699573911574,0.1203196719288826,0.0
BCS4__Cow_47_1,Cow_47,2,2027,V_single,2,12,7,6.0,0.82,0.82,0.36,0.07371111392330305,0.10409293323755264,0.0
BCS4__Cow_49,Cow_49,2,2027,V_single,2,1,7,1.0,0.52,0.52,0.96,0.18692114649486444,0.08498384803533554,0.0
BCS4__Cow_49,Cow_49,2,2027,V_single,2,3,7,3.0,0.14,0.86,1.72,0.08626256844125524,0.05623231455683708,0.0
BCS4__Cow_49,Cow_49,2,2027,V_single,2,6,7,6.0,0.0,1.0,2.0,0.0349778199882871,0.032086003571748734,0.0
BCS4__Cow_49,Cow_49,2,2027,V_single,2,12,7,5.88,0.12,0.88,1.76,0.04877887597819749,0.03898785635828972,0.0
BCS4__Cow_55,Cow_55,2,2027,V_single,2,1,4,1.0,0.76,0.76,0.48,0.2113282737717322,0.1029776781797409,0.0
BCS4__Cow_55,Cow_55,2,2027,V_single,2,3,4,3.0,1.0,1.0,0.0,0.06119097697596812,0.09386812895536423,0.0
BCS4__Cow_55,Cow_55,2,2027,V_single,2,6,4,3.24,0.96,0.96,0.08,0.08430769263775942,0.10064955800771713,0.0
BCS4__Cow_55,Cow_55,2,2027,V_single,2,12,4,3.86,1.0,1.0,0.0,0.05373722196138356,0.0902961790561676,0.0
BCS4__Cow_8,Cow_8,2,2027,V_single,2,1,26,1.0,1.0,1.0,0.0,0.07943162943167978,0.062428031116724014,0.0
BCS4__Cow_8,Cow_8,2,2027,V_single,2,3,26,3.0,1.0,1.0,0.0,0.038354590712119704,0.05537751689553261,0.0
BCS4__Cow_8,Cow_8,2,2027,V_single,2,6,26,6.0,1.0,1.0,0.0,0.027287366579648482,0.054479554295539856,0.0
BCS4__Cow_8,Cow_8,2,2027,V_single,2,12,26,12.0,1.0,1.0,0.0,0.020076358724464363,0.05528995394706726,0.0
BCS4__Cow_9,Cow_9,2,2027,V_single,2,1,19,1.0,1.0,1.0,0.0,0.13425863487252776,0.04096633568406105,0.0
BCS4__Cow_9,Cow_9,2,2027,V_single,2,3,19,3.0,1.0,1.0,0.0,0.07711563525314867,0.052226271480321884,0.0
BCS4__Cow_9,Cow_9,2,2027,V_single,2,6,19,6.0,1.0,1.0,0.0,0.04543442365517757,0.05064290016889572,0.0
BCS4__Cow_9,Cow_9,2,2027,V_single,2,12,19,12.0,1.0,1.0,0.0,0.02631481361360318,0.050434283912181854,0.0
BCS5__Cow_10_0029,Cow_10,2,2027,V_single,3,1,5,1.0,0.12,0.88,0.88,0.11460583723840058,0.16480977833271027,0.88
BCS5__Cow_10_0029,Cow_10,2,2027,V_single,3,3,5,3.0,0.0,1.0,1.0,0.05260006971808237,0.15056850016117096,1.0
BCS5__Cow_10_0029,Cow_10,2,2027,V_single,3,6,5,3.7,0.0,1.0,1.0,0.05624196027102781,0.14688055217266083,1.0
BCS5__Cow_10_0029,Cow_10,2,2027,V_single,3,12,5,4.5,0.0,1.0,1.0,0.033946141024420756,0.1506170928478241,1.0
BCS5__Cow_24,Cow_24,2,2027,V_single,3,1,12,1.0,1.0,1.0,0.0,0.06718364714929592,0.01905316300690174,1.0
BCS5__Cow_24,Cow_24,2,2027,V_single,3,3,12,3.0,1.0,1.0,0.0,0.027238449307254414,0.01542708370834589,1.0
BCS5__Cow_24,Cow_24,2,2027,V_single,3,6,12,6.0,1.0,1.0,0.0,0.023979967283198997,0.022728921845555305,1.0
BCS5__Cow_24,Cow_24,2,2027,V_single,3,12,12,12.0,1.0,1.0,0.0,8.00705323422472e-08,0.020972643047571182,1.0
BCS5__Cow_24_7022,Cow_24,2,2027,V_single,3,1,3,1.0,0.3,0.7,1.4,0.23606756892913594,0.16735133528709412,0.3
BCS5__Cow_24_7022,Cow_24,2,2027,V_single,3,3,3,3.0,0.0,1.0,2.0,0.0,0.15206843614578247,0.0
BCS5__Cow_24_7022,Cow_24,2,2027,V_single,3,6,3,2.78,0.12,0.88,1.76,0.09657458283317481,0.15421690046787262,0.12
BCS5__Cow_24_7022,Cow_24,2,2027,V_single,3,12,3,2.96,0.12,0.88,1.76,0.07285740728248943,0.14923900365829468,0.12
BCS5__Cow_28,Cow_28,2,2027,V_single,3,1,28,1.0,1.0,1.0,0.0,0.13294922155072314,0.022920923307538033,1.0
BCS5__Cow_28,Cow_28,2,2027,V_single,3,3,28,3.0,1.0,1.0,0.0,0.04706232247655769,0.012934925965964794,1.0
BCS5__Cow_28,Cow_28,2,2027,V_single,3,6,28,6.0,1.0,1.0,0.0,0.03034354600492077,0.010345330461859703,1.0
BCS5__Cow_28,Cow_28,2,2027,V_single,3,12,28,12.0,1.0,1.0,0.0,0.01855259973117147,0.007498358376324177,1.0
BCS5__Cow_28_4024,Cow_28,2,2027,V_single,3,1,3,1.0,1.0,1.0,0.0,0.10966667004940382,0.06956931203603745,0.0
BCS5__Cow_28_4024,Cow_28,2,2027,V_single,3,3,3,3.0,1.0,1.0,0.0,2.8086428135583477e-08,0.07165160030126572,0.0
BCS5__Cow_28_4024,Cow_28,2,2027,V_single,3,6,3,2.76,1.0,1.0,0.0,0.03981288644239726,0.07524003833532333,0.0
BCS5__Cow_28_4024,Cow_28,2,2027,V_single,3,12,3,3.0,1.0,1.0,0.0,0.03511507531340336,0.06995868682861328,0.0
BCS5__Cow_3,Cow_3,2,2027,V_single,3,1,10,1.0,1.0,1.0,0.0,0.005284473336457573,0.003422309411689639,0.0
BCS5__Cow_3,Cow_3,2,2027,V_single,3,3,10,3.0,1.0,1.0,0.0,0.0025323565808686235,0.002035220619291067,0.0
BCS5__Cow_3,Cow_3,2,2027,V_single,3,6,10,6.0,1.0,1.0,0.0,0.001184786511686868,0.001251638401299715,0.0
BCS5__Cow_3,Cow_3,2,2027,V_single,3,12,10,7.26,1.0,1.0,0.0,0.0013123678000544882,0.0012019218411296606,0.0
BCS5__Cow_30_30,Cow_30,2,2027,V_single,3,1,6,1.0,1.0,1.0,0.0,0.0769403553869283,0.03455490246415138,1.0
BCS5__Cow_30_30,Cow_30,2,2027,V_single,3,3,6,3.0,1.0,1.0,0.0,0.027656384207037258,0.03028525412082672,1.0
BCS5__Cow_30_30,Cow_30,2,2027,V_single,3,6,6,6.0,1.0,1.0,0.0,1.7921894941882736e-07,0.024125849828124046,1.0
BCS5__Cow_30_30,Cow_30,2,2027,V_single,3,12,6,5.24,1.0,1.0,0.0,0.02086779871462193,0.0269614364951849,1.0
BCS5__Cow_34,Cow_34,2,2027,V_single,3,1,9,1.0,0.54,0.54,0.78,0.22177306090658738,0.07484744489192963,0.32
BCS5__Cow_34,Cow_34,2,2027,V_single,3,3,9,3.0,0.54,0.54,0.76,0.10331895648831248,0.04763982445001602,0.3
BCS5__Cow_34,Cow_34,2,2027,V_single,3,6,9,6.0,0.36,0.58,0.7,0.0608523875228693,0.03805643320083618,0.06
BCS5__Cow_34,Cow_34,2,2027,V_single,3,12,9,6.9,0.38,0.48,0.76,0.05718211674504384,0.04176758602261543,0.14
BCS5__Cow_34_1,Cow_34,2,2027,V_single,3,1,4,1.0,0.88,0.88,0.24,0.22780198394313136,0.0839340016245842,0.88
BCS5__Cow_34_1,Cow_34,2,2027,V_single,3,3,4,3.0,1.0,1.0,0.0,0.08006371511119859,0.07208988815546036,1.0
BCS5__Cow_34_1,Cow_34,2,2027,V_single,3,6,4,3.38,1.0,1.0,0.0,0.09500072204170455,0.06721612066030502,1.0
BCS5__Cow_34_1,Cow_34,2,2027,V_single,3,12,4,3.82,1.0,1.0,0.0,0.07581350905464873,0.07107260823249817,1.0
BCS5__Cow_50,Cow_50,2,2027,V_single,3,1,39,1.0,1.0,1.0,0.0,0.03334452121335418,0.026698827743530273,0.0
BCS5__Cow_50,Cow_50,2,2027,V_single,3,3,39,3.0,1.0,1.0,0.0,0.016560352049579192,0.025090428069233894,0.0
BCS5__Cow_50,Cow_50,2,2027,V_single,3,6,39,6.0,1.0,1.0,0.0,0.014805255983098847,0.026605956256389618,0.0
BCS5__Cow_50,Cow_50,2,2027,V_single,3,12,39,12.0,1.0,1.0,0.0,0.008661685342698375,0.026933306828141212,0.0
BCS5__Cow_50_49,Cow_50,2,2027,V_single,3,1,3,1.0,1.0,1.0,0.0,0.08718404816052283,0.05752888694405556,1.0
BCS5__Cow_50_49,Cow_50,2,2027,V_single,3,3,3,3.0,1.0,1.0,0.0,1.6344274027242949e-07,0.06238145753741264,1.0
BCS5__Cow_50_49,Cow_50,2,2027,V_single,3,6,3,2.64,1.0,1.0,0.0,0.04183393527251071,0.06249302998185158,1.0
BCS5__Cow_50_49,Cow_50,2,2027,V_single,3,12,3,3.0,1.0,1.0,0.0,0.024336587091204995,0.060449663549661636,1.0
BCS5__Cow_8_NOTAG,Cow_8,2,2027,V_single,3,1,4,1.0,0.24,0.76,0.76,0.10322664965221634,0.10008732974529266,0.76
BCS5__Cow_8_NOTAG,Cow_8,2,2027,V_single,3,3,4,3.0,0.0,1.0,1.0,0.02626485392805252,0.09060703217983246,1.0
BCS5__Cow_8_NOTAG,Cow_8,2,2027,V_single,3,6,4,3.44,0.0,1.0,1.0,0.03163693758529123,0.09162981063127518,1.0
BCS5__Cow_8_NOTAG,Cow_8,2,2027,V_single,3,12,4,3.88,0.0,1.0,1.0,0.025032972084853777,0.10038911551237106,1.0
BCS6__Cow_18,Cow_18,2,2027,V_single,4,1,33,1.0,0.24,0.54,1.2,0.42933060100104387,0.27386218309402466,0.24
BCS6__Cow_18,Cow_18,2,2027,V_single,4,3,33,3.0,0.08,0.92,0.92,0.25340621677503233,0.28251439332962036,0.08
BCS6__Cow_18,Cow_18,2,2027,V_single,4,6,33,6.0,0.0,1.0,1.0,0.18259764576162346,0.2768925428390503,0.0
BCS6__Cow_18,Cow_18,2,2027,V_single,4,12,33,12.0,0.0,1.0,1.0,0.1190625955786982,0.28615763783454895,0.0
BCS6__Cow_18_32,Cow_18,2,2027,V_single,4,1,46,1.0,0.92,0.92,0.08,0.2693207347987107,0.07266151905059814,0.92
BCS6__Cow_18_32,Cow_18,2,2027,V_single,4,3,46,3.0,1.0,1.0,0.0,0.08732333145232114,0.04548899829387665,1.0
BCS6__Cow_18_32,Cow_18,2,2027,V_single,4,6,46,6.0,1.0,1.0,0.0,0.05914624599849148,0.047348618507385254,1.0
BCS6__Cow_18_32,Cow_18,2,2027,V_single,4,12,46,12.0,1.0,1.0,0.0,0.03331296308886753,0.03860514611005783,1.0
BCS6__Cow_24_08,Cow_24,2,2027,V_single,4,1,22,1.0,1.0,1.0,0.0,0.027516609504494277,0.016756433993577957,1.0
BCS6__Cow_24_08,Cow_24,2,2027,V_single,4,3,22,3.0,1.0,1.0,0.0,0.014416783276400825,0.010290742851793766,1.0
BCS6__Cow_24_08,Cow_24,2,2027,V_single,4,6,22,6.0,1.0,1.0,0.0,0.010313139752406594,0.010662703774869442,1.0
BCS6__Cow_24_08,Cow_24,2,2027,V_single,4,12,22,12.0,1.0,1.0,0.0,0.005328841672027391,0.009599469602108002,1.0
BCS6__Cow_28_3083,Cow_28,2,2027,V_single,4,1,18,1.0,1.0,1.0,0.0,0.040357141581215054,0.025137128308415413,1.0
BCS6__Cow_28_3083,Cow_28,2,2027,V_single,4,3,18,3.0,1.0,1.0,0.0,0.024826814080816873,0.017382897436618805,1.0
BCS6__Cow_28_3083,Cow_28,2,2027,V_single,4,6,18,6.0,1.0,1.0,0.0,0.012544939047996874,0.01767762005329132,1.0
BCS6__Cow_28_3083,Cow_28,2,2027,V_single,4,12,18,12.0,1.0,1.0,0.0,0.007920236627939243,0.017037754878401756,1.0
BCS6__Cow_3_25,Cow_3,2,2027,V_single,4,1,22,1.0,1.0,1.0,0.0,0.02350642715952057,0.016064979135990143,1.0
BCS6__Cow_3_25,Cow_3,2,2027,V_single,4,3,22,3.0,1.0,1.0,0.0,0.011203308503761783,0.012754181399941444,1.0
BCS6__Cow_3_25,Cow_3,2,2027,V_single,4,6,22,6.0,1.0,1.0,0.0,0.007179013658807821,0.012681934051215649,1.0
BCS6__Cow_3_25,Cow_3,2,2027,V_single,4,12,22,12.0,1.0,1.0,0.0,0.0051039533784000835,0.013606002554297447,1.0
BCS6__Cow_47_68,Cow_47,2,2027,V_single,4,1,31,1.0,1.0,1.0,0.0,0.016772098132721756,0.01453964039683342,1.0
BCS6__Cow_47_68,Cow_47,2,2027,V_single,4,3,31,3.0,1.0,1.0,0.0,0.009360325850705727,0.010387862101197243,1.0
BCS6__Cow_47_68,Cow_47,2,2027,V_single,4,6,31,6.0,1.0,1.0,0.0,0.0061827022212394556,0.010963530279695988,1.0
BCS6__Cow_47_68,Cow_47,2,2027,V_single,4,12,31,12.0,1.0,1.0,0.0,0.0038630120179913917,0.0116041274741292,1.0
BCS6__Cow_9_1044,Cow_9,2,2027,V_single,4,1,36,1.0,1.0,1.0,0.0,0.0502461575449982,0.02969333902001381,1.0
BCS6__Cow_9_1044,Cow_9,2,2027,V_single,4,3,36,3.0,1.0,1.0,0.0,0.019873111718261158,0.01600804179906845,1.0
BCS6__Cow_9_1044,Cow_9,2,2027,V_single,4,6,36,6.0,1.0,1.0,0.0,0.017698004786225737,0.015284785069525242,1.0
BCS6__Cow_9_1044,Cow_9,2,2027,V_single,4,12,36,12.0,1.0,1.0,0.0,0.01102195465376232,0.01422291249036789,1.0
BCS2__Cow_21_8029,Cow_21,0,2028,V_single,0,1,17,1.0,0.56,0.56,1.76,0.19986505346660433,0.05544544383883476,0.44
BCS2__Cow_21_8029,Cow_21,0,2028,V_single,0,3,17,3.0,0.86,0.86,0.56,0.10782440015495884,0.02945614978671074,0.14
BCS2__Cow_21_8029,Cow_21,0,2028,V_single,0,6,17,6.0,0.88,0.88,0.48,0.07623286497243456,0.02127957157790661,0.12
BCS2__Cow_21_8029,Cow_21,0,2028,V_single,0,12,17,12.0,1.0,1.0,0.0,0.032633171742779084,0.011578589677810669,0.0
BCS3__Cow_16,Cow_16,0,2028,V_single,1,1,20,1.0,1.0,1.0,0.0,0.010333237000839345,0.010716309770941734,0.0
BCS3__Cow_16,Cow_16,0,2028,V_single,1,3,20,3.0,1.0,1.0,0.0,0.006451456242292818,0.009607233107089996,0.0
BCS3__Cow_16,Cow_16,0,2028,V_single,1,6,20,6.0,1.0,1.0,0.0,0.00395024545760156,0.008479616604745388,0.0
BCS3__Cow_16,Cow_16,0,2028,V_single,1,12,20,12.0,1.0,1.0,0.0,0.0020124917360825182,0.009184390306472778,0.0
BCS3__Cow_16_1004,Cow_16,0,2028,V_single,1,1,3,1.0,1.0,1.0,0.0,0.04840726525343604,0.023379376158118248,0.0
BCS3__Cow_16_1004,Cow_16,0,2028,V_single,1,3,3,3.0,1.0,1.0,0.0,0.0,0.020622894167900085,0.0
BCS3__Cow_16_1004,Cow_16,0,2028,V_single,1,6,3,2.7,1.0,1.0,0.0,0.017270450220983086,0.01876606047153473,0.0
BCS3__Cow_16_1004,Cow_16,0,2028,V_single,1,12,3,2.96,1.0,1.0,0.0,0.015272284300379973,0.022194860503077507,0.0
BCS3__Cow_25_66,Cow_25,0,2028,V_single,1,1,3,1.0,1.0,1.0,0.0,0.009677536834790173,0.007588622625917196,0.0
BCS3__Cow_25_66,Cow_25,0,2028,V_single,1,3,3,3.0,1.0,1.0,0.0,0.0,0.007992390543222427,0.0
BCS3__Cow_25_66,Cow_25,0,2028,V_single,1,6,3,2.76,1.0,1.0,0.0,0.003957603547182667,0.00825416762381792,0.0
BCS3__Cow_25_66,Cow_25,0,2028,V_single,1,12,3,2.96,1.0,1.0,0.0,0.0032978431577432004,0.007731914520263672,0.0
BCS3__Cow_2_1015,Cow_2,0,2028,V_single,1,1,4,1.0,1.0,1.0,0.0,0.01829605226185654,0.014480981044471264,0.0
BCS3__Cow_2_1015,Cow_2,0,2028,V_single,1,3,4,3.0,1.0,1.0,0.0,0.006820457856479011,0.01834617555141449,0.0
BCS3__Cow_2_1015,Cow_2,0,2028,V_single,1,6,4,3.24,1.0,1.0,0.0,0.007182723931643362,0.017927460372447968,0.0
BCS3__Cow_2_1015,Cow_2,0,2028,V_single,1,12,4,3.8,1.0,1.0,0.0,0.006179572035775033,0.016388610005378723,0.0
BCS3__Cow_46,Cow_46,0,2028,V_single,1,1,17,1.0,1.0,1.0,0.0,0.16799187279667532,0.06095082312822342,0.0
BCS3__Cow_46,Cow_46,0,2028,V_single,1,3,17,3.0,1.0,1.0,0.0,0.07590028334508303,0.046302273869514465,0.0
BCS3__Cow_46,Cow_46,0,2028,V_single,1,6,17,6.0,1.0,1.0,0.0,0.05213029137772995,0.04661097005009651,0.0
BCS3__Cow_46,Cow_46,0,2028,V_single,1,12,17,12.0,1.0,1.0,0.0,0.023466237922978753,0.04209417849779129,0.0
BCS3__Cow_46_1,Cow_46,0,2028,V_single,1,1,9,1.0,0.88,0.88,0.24,0.09023350731473735,0.031191304326057434,0.88
BCS3__Cow_46_1,Cow_46,0,2028,V_single,1,3,9,3.0,1.0,1.0,0.0,0.04975802518267695,0.019606061279773712,1.0
BCS3__Cow_46_1,Cow_46,0,2028,V_single,1,6,9,6.0,1.0,1.0,0.0,0.022209904012881344,0.00844084843993187,1.0
BCS3__Cow_46_1,Cow_46,0,2028,V_single,1,12,9,7.06,1.0,1.0,0.0,0.025910389803812606,0.00916149839758873,1.0
BCS3__Cow_46_2,Cow_46,0,2028,V_single,1,1,3,1.0,0.82,0.82,0.36,0.3188155810513143,0.07325815409421921,0.18
BCS3__Cow_46_2,Cow_46,0,2028,V_single,1,3,3,3.0,1.0,1.0,0.0,4.4244974193459164e-08,0.07080192118883133,0.0
BCS3__Cow_46_2,Cow_46,0,2028,V_single,1,6,3,2.72,1.0,1.0,0.0,0.13124479555381993,0.07307801395654678,0.0
BCS3__Cow_46_2,Cow_46,0,2028,V_single,1,12,3,2.96,1.0,1.0,0.0,0.10343154020416488,0.07594487071037292,0.0
BCS3__Cow_53,Cow_53,0,2028,V_single,1,1,3,1.0,1.0,1.0,0.0,0.17770125416682292,0.05719722434878349,0.0
BCS3__Cow_53,Cow_53,0,2028,V_single,1,3,3,3.0,1.0,1.0,0.0,0.0,0.007686425466090441,0.0
BCS3__Cow_53,Cow_53,0,2028,V_single,1,6,3,2.68,1.0,1.0,0.0,0.0716648379518623,0.02331608533859253,0.0
BCS3__Cow_53,Cow_53,0,2028,V_single,1,12,3,3.0,1.0,1.0,0.0,0.04914099869639709,0.017768312245607376,0.0
BCS4__Cow_15_68,Cow_15,0,2028,V_single,2,1,3,1.0,1.0,1.0,0.0,0.038030796849236055,0.027895627543330193,0.0
BCS4__Cow_15_68,Cow_15,0,2028,V_single,2,3,3,3.0,1.0,1.0,0.0,0.0,0.015264427289366722,0.0
BCS4__Cow_15_68,Cow_15,0,2028,V_single,2,6,3,2.78,1.0,1.0,0.0,0.016447241156198347,0.016260497272014618,0.0
BCS4__Cow_15_68,Cow_15,0,2028,V_single,2,12,3,2.98,1.0,1.0,0.0,0.008417789355769352,0.015472267754375935,0.0
BCS4__Cow_17,Cow_17,0,2028,V_single,2,1,10,1.0,1.0,1.0,0.0,0.0045868188949103736,0.004811533261090517,0.0
BCS4__Cow_17,Cow_17,0,2028,V_single,2,3,10,3.0,1.0,1.0,0.0,0.0024268097686806363,0.003274973714724183,0.0
BCS4__Cow_17,Cow_17,0,2028,V_single,2,6,10,6.0,1.0,1.0,0.0,0.0012238700692408257,0.0031325488816946745,0.0
BCS4__Cow_17,Cow_17,0,2028,V_single,2,12,10,7.04,1.0,1.0,0.0,0.001357815232702582,0.0027796817012131214,0.0
BCS4__Cow_19,Cow_19,0,2028,V_single,2,1,57,1.0,0.66,0.66,0.68,0.22431004223705142,0.08963391184806824,0.0
BCS4__Cow_19,Cow_19,0,2028,V_single,2,3,57,3.0,0.88,0.88,0.24,0.10730486335697356,0.10353600233793259,0.0
BCS4__Cow_19,Cow_19,0,2028,V_single,2,6,57,6.0,0.98,0.98,0.04,0.08074215792417744,0.0727430209517479,0.0
BCS4__Cow_19,Cow_19,0,2028,V_single,2,12,57,12.0,1.0,1.0,0.0,0.05289255395702603,0.08867955207824707,0.0
BCS4__Cow_19_0037,Cow_19,0,2028,V_single,2,1,5,1.0,1.0,1.0,0.0,0.029889444605908855,0.02705206722021103,0.0
BCS4__Cow_19_0037,Cow_19,0,2028,V_single,2,3,5,3.0,1.0,1.0,0.0,0.013519345065314936,0.016536157578229904,0.0
BCS4__Cow_19_0037,Cow_19,0,2028,V_single,2,6,5,3.6,1.0,1.0,0.0,0.01205545236004509,0.016183342784643173,0.0
BCS4__Cow_19_0037,Cow_19,0,2028,V_single,2,12,5,4.6,1.0,1.0,0.0,0.009539792342543653,0.020312974229454994,0.0
BCS4__Cow_2,Cow_2,0,2028,V_single,2,1,13,1.0,1.0,1.0,0.0,0.02167171824570516,0.01846887357532978,0.0
BCS4__Cow_2,Cow_2,0,2028,V_single,2,3,13,3.0,1.0,1.0,0.0,0.012388857826972858,0.015208691358566284,0.0
BCS4__Cow_2,Cow_2,0,2028,V_single,2,6,13,6.0,1.0,1.0,0.0,0.007086254564444801,0.013577954843640327,0.0
BCS4__Cow_2,Cow_2,0,2028,V_single,2,12,13,12.0,1.0,1.0,0.0,0.0018656000948327753,0.012600397691130638,0.0
BCS4__Cow_23,Cow_23,0,2028,V_single,2,1,18,1.0,1.0,1.0,0.0,0.010538118222916535,0.007832781411707401,0.0
BCS4__Cow_23,Cow_23,0,2028,V_single,2,3,18,3.0,1.0,1.0,0.0,0.006903598590533068,0.005134661216288805,0.0
BCS4__Cow_23,Cow_23,0,2028,V_single,2,6,18,6.0,1.0,1.0,0.0,0.004801829803423507,0.004796143155544996,0.0
BCS4__Cow_23,Cow_23,0,2028,V_single,2,12,18,12.0,1.0,1.0,0.0,0.0026882876700614925,0.004260074347257614,0.0
BCS4__Cow_31,Cow_31,0,2028,V_single,2,1,12,1.0,1.0,1.0,0.0,0.1533460523882526,0.08160750567913055,0.0
BCS4__Cow_31,Cow_31,0,2028,V_single,2,3,12,3.0,1.0,1.0,0.0,0.07117895831399763,0.08949379622936249,0.0
BCS4__Cow_31,Cow_31,0,2028,V_single,2,6,12,6.0,1.0,1.0,0.0,0.05964943784481012,0.08445897698402405,0.0
BCS4__Cow_31,Cow_31,0,2028,V_single,2,12,12,12.0,1.0,1.0,0.0,1.4548329126160213e-07,0.08243488520383835,0.0
BCS4__Cow_32_0035,Cow_32,0,2028,V_single,2,1,8,1.0,0.18,0.82,1.64,0.23286800738510735,0.15160436928272247,0.0
BCS4__Cow_32_0035,Cow_32,0,2028,V_single,2,3,8,3.0,0.0,1.0,2.0,0.11968014118587679,0.13512270152568817,0.0
BCS4__Cow_32_0035,Cow_32,0,2028,V_single,2,6,8,6.0,0.0,1.0,2.0,0.05088337071255561,0.1403314620256424,0.0
BCS4__Cow_32_0035,Cow_32,0,2028,V_single,2,12,8,6.48,0.0,1.0,2.0,0.06378856580752688,0.14582258462905884,0.0
BCS4__Cow_44_1,Cow_44,0,2028,V_single,2,1,22,1.0,1.0,1.0,0.0,0.011708601539110604,0.011207794770598412,0.0
BCS4__Cow_44_1,Cow_44,0,2028,V_single,2,3,22,3.0,1.0,1.0,0.0,0.005890185796328863,0.00962582603096962,0.0
BCS4__Cow_44_1,Cow_44,0,2028,V_single,2,6,22,6.0,1.0,1.0,0.0,0.003711812124170593,0.010378931649029255,0.0
BCS4__Cow_44_1,Cow_44,0,2028,V_single,2,12,22,12.0,1.0,1.0,0.0,0.0022771218316204635,0.00948193110525608,0.0
BCS4__Cow_51,Cow_51,0,2028,V_single,2,1,4,1.0,1.0,1.0,0.0,0.1370224112099139,0.0772661417722702,0.0
BCS4__Cow_51,Cow_51,0,2028,V_single,2,3,4,3.0,1.0,1.0,0.0,0.04272653492885952,0.09065631031990051,0.0
BCS4__Cow_51,Cow_51,0,2028,V_single,2,6,4,3.1,1.0,1.0,0.0,0.05726928219803772,0.08828436583280563,0.0
BCS4__Cow_51,Cow_51,0,2028,V_single,2,12,4,3.84,1.0,1.0,0.0,0.03866206509436915,0.08924103528261185,0.0
BCS4__Cow_51_0035,Cow_51,0,2028,V_single,2,1,4,1.0,1.0,1.0,0.0,0.030691415540750625,0.01780676282942295,0.0
BCS4__Cow_51_0035,Cow_51,0,2028,V_single,2,3,4,3.0,1.0,1.0,0.0,0.012258642349202318,0.016957450658082962,0.0
BCS4__Cow_51_0035,Cow_51,0,2028,V_single,2,6,4,3.4,1.0,1.0,0.0,0.011897687391438356,0.01880248822271824,0.0
BCS4__Cow_51_0035,Cow_51,0,2028,V_single,2,12,4,3.92,1.0,1.0,0.0,0.010155126829933518,0.01824549026787281,0.0
BCS4__Cow_7,Cow_7,0,2028,V_single,2,1,15,1.0,1.0,1.0,0.0,0.07187418147494586,0.02837193012237549,0.0
BCS4__Cow_7,Cow_7,0,2028,V_single,2,3,15,3.0,1.0,1.0,0.0,0.036356801620757724,0.017157867550849915,0.0
BCS4__Cow_7,Cow_7,0,2028,V_single,2,6,15,6.0,1.0,1.0,0.0,0.021221955151339435,0.011612964794039726,0.0
BCS4__Cow_7,Cow_7,0,2028,V_single,2,12,15,12.0,1.0,1.0,0.0,0.0072111509029847715,0.008233929984271526,0.0
BCS5__Cow_15,Cow_15,0,2028,V_single,3,1,25,1.0,1.0,1.0,0.0,0.03909237982606719,0.017844952642917633,1.0
BCS5__Cow_15,Cow_15,0,2028,V_single,3,3,25,3.0,1.0,1.0,0.0,0.018298292434190972,0.011654582805931568,1.0
BCS5__Cow_15,Cow_15,0,2028,V_single,3,6,25,6.0,1.0,1.0,0.0,0.012249172794443333,0.009853321127593517,1.0
BCS5__Cow_15,Cow_15,0,2028,V_single,3,12,25,12.0,1.0,1.0,0.0,0.006655401738227136,0.008968734182417393,1.0
BCS5__Cow_17_17,Cow_17,0,2028,V_single,3,1,6,1.0,1.0,1.0,0.0,0.005718350400878991,0.011277816258370876,1.0
BCS5__Cow_17_17,Cow_17,0,2028,V_single,3,3,6,3.0,1.0,1.0,0.0,0.0033157186414295237,0.01121625304222107,1.0
BCS5__Cow_17_17,Cow_17,0,2028,V_single,3,6,6,6.0,1.0,1.0,0.0,1.0705404202965904e-07,0.010636943392455578,1.0
BCS5__Cow_17_17,Cow_17,0,2028,V_single,3,12,6,5.26,1.0,1.0,0.0,0.0015957309684655895,0.01049032248556614,1.0
BCS5__Cow_21,Cow_21,0,2028,V_single,3,1,18,1.0,1.0,1.0,0.0,0.04553340247013228,0.018839014694094658,1.0
BCS5__Cow_21,Cow_21,0,2028,V_single,3,3,18,3.0,1.0,1.0,0.0,0.017075981729139558,0.016771182417869568,1.0
BCS5__Cow_21,Cow_21,0,2028,V_single,3,6,18,6.0,1.0,1.0,0.0,0.011204823394899172,0.0157854612916708,1.0
BCS5__Cow_21,Cow_21,0,2028,V_single,3,12,18,12.0,1.0,1.0,0.0,0.004659865994472672,0.01492373552173376,1.0
BCS5__Cow_23_1067,Cow_23,0,2028,V_single,3,1,5,1.0,1.0,1.0,0.0,0.006995666266210857,0.017077239230275154,1.0
BCS5__Cow_23_1067,Cow_23,0,2028,V_single,3,3,5,3.0,1.0,1.0,0.0,0.0026310818610124657,0.018272044137120247,1.0
BCS5__Cow_23_1067,Cow_23,0,2028,V_single,3,6,5,3.74,1.0,1.0,0.0,0.002928795269754747,0.01751410774886608,1.0
BCS5__Cow_23_1067,Cow_23,0,2028,V_single,3,12,5,4.72,1.0,1.0,0.0,0.0018440644287956525,0.018820276483893394,1.0
BCS5__Cow_25,Cow_25,0,2028,V_single,3,1,29,1.0,1.0,1.0,0.0,0.04754878304164715,0.02717551775276661,1.0
BCS5__Cow_25,Cow_25,0,2028,V_single,3,3,29,3.0,1.0,1.0,0.0,0.022550039244524516,0.016207387670874596,1.0
BCS5__Cow_25,Cow_25,0,2028,V_single,3,6,29,6.0,1.0,1.0,0.0,0.01430359216232502,0.015932150185108185,1.0
BCS5__Cow_25,Cow_25,0,2028,V_single,3,12,29,12.0,1.0,1.0,0.0,0.00838801815993477,0.015134497545659542,1.0
BCS5__Cow_31_15,Cow_31,0,2028,V_single,3,1,3,1.0,1.0,1.0,0.0,0.021171685106739897,0.012053015641868114,1.0
BCS5__Cow_31_15,Cow_31,0,2028,V_single,3,3,3,3.0,1.0,1.0,0.0,1.4962021431998024e-07,0.010999473743140697,1.0
BCS5__Cow_31_15,Cow_31,0,2028,V_single,3,6,3,2.8,1.0,1.0,0.0,0.00931105101429808,0.011405905708670616,1.0
BCS5__Cow_31_15,Cow_31,0,2028,V_single,3,12,3,2.94,1.0,1.0,0.0,0.006853943782232255,0.011116795241832733,1.0
BCS5__Cow_31_2024,Cow_31,0,2028,V_single,3,1,5,1.0,1.0,1.0,0.0,0.046206630471741485,0.036352962255477905,1.0
BCS5__Cow_31_2024,Cow_31,0,2028,V_single,3,3,5,3.0,1.0,1.0,0.0,0.019235608625480124,0.030502421781420708,1.0
BCS5__Cow_31_2024,Cow_31,0,2028,V_single,3,6,5,3.62,1.0,1.0,0.0,0.017592670804899683,0.030011339113116264,1.0
BCS5__Cow_31_2024,Cow_31,0,2028,V_single,3,12,5,4.72,1.0,1.0,0.0,0.012808242484533812,0.029121525585651398,1.0
BCS5__Cow_32,Cow_32,0,2028,V_single,3,1,5,1.0,1.0,1.0,0.0,0.10335155750065017,0.04103532433509827,1.0
BCS5__Cow_32,Cow_32,0,2028,V_single,3,3,5,3.0,1.0,1.0,0.0,0.03898261565243114,0.022801969200372696,1.0
BCS5__Cow_32,Cow_32,0,2028,V_single,3,6,5,3.66,1.0,1.0,0.0,0.03695563725630889,0.022643916308879852,1.0
BCS5__Cow_32,Cow_32,0,2028,V_single,3,12,5,4.72,1.0,1.0,0.0,0.026927014710587553,0.02263399213552475,1.0
BCS5__Cow_44_3008,Cow_44,0,2028,V_single,3,1,3,1.0,1.0,1.0,0.0,0.02468873866669452,0.018499843776226044,1.0
BCS5__Cow_44_3008,Cow_44,0,2028,V_single,3,3,3,3.0,1.0,1.0,0.0,7.433121600987064e-08,0.009193393401801586,1.0
BCS5__Cow_44_3008,Cow_44,0,2028,V_single,3,6,3,2.78,1.0,1.0,0.0,0.00891628440449691,0.010359405539929867,1.0
BCS5__Cow_44_3008,Cow_44,0,2028,V_single,3,12,3,2.96,1.0,1.0,0.0,0.00621502748340632,0.009953252971172333,1.0
BCS5__Cow_45,Cow_45,0,2028,V_single,3,1,24,1.0,1.0,1.0,0.0,0.00682058743588976,0.0121802082285285,1.0
BCS5__Cow_45,Cow_45,0,2028,V_single,3,3,24,3.0,1.0,1.0,0.0,0.002810066515492479,0.008954386226832867,1.0
BCS5__Cow_45,Cow_45,0,2028,V_single,3,6,24,6.0,1.0,1.0,0.0,0.002687049077082514,0.00870993360877037,1.0
BCS5__Cow_45,Cow_45,0,2028,V_single,3,12,24,12.0,1.0,1.0,0.0,0.0014048554265339147,0.00884847529232502,1.0
BCS5__Cow_53_30,Cow_53,0,2028,V_single,3,1,4,1.0,1.0,1.0,0.0,0.012360900636269562,0.018941055983304977,1.0
BCS5__Cow_53_30,Cow_53,0,2028,V_single,3,3,4,3.0,1.0,1.0,0.0,0.003643329854334996,0.017258185893297195,1.0
BCS5__Cow_53_30,Cow_53,0,2028,V_single,3,6,4,3.2,1.0,1.0,0.0,0.0042820930671422395,0.016781669110059738,1.0
BCS5__Cow_53_30,Cow_53,0,2028,V_single,3,12,4,3.86,1.0,1.0,0.0,0.003317298819773195,0.01717270538210869,1.0
BCS5__Cow_7_6022,Cow_7,0,2028,V_single,3,1,3,1.0,1.0,1.0,0.0,0.019499765990783183,0.009334069676697254,1.0
BCS5__Cow_7_6022,Cow_7,0,2028,V_single,3,3,3,3.0,1.0,1.0,0.0,9.903777339163098e-09,0.00568856718018651,1.0
BCS5__Cow_7_6022,Cow_7,0,2028,V_single,3,6,3,2.68,1.0,1.0,0.0,0.007563176987736572,0.006997008342295885,1.0
BCS5__Cow_7_6022,Cow_7,0,2028,V_single,3,12,3,2.96,1.0,1.0,0.0,0.005759871356057056,0.006537160836160183,1.0
BCS6__Cow_16_06,Cow_16,0,2028,V_single,4,1,62,1.0,1.0,1.0,0.0,0.016902397197383956,0.01243988610804081,1.0
BCS6__Cow_16_06,Cow_16,0,2028,V_single,4,3,62,3.0,1.0,1.0,0.0,0.00891904227428637,0.012243627570569515,1.0
BCS6__Cow_16_06,Cow_16,0,2028,V_single,4,6,62,6.0,1.0,1.0,0.0,0.006212928075328589,0.010320390574634075,1.0
BCS6__Cow_16_06,Cow_16,0,2028,V_single,4,12,62,12.0,1.0,1.0,0.0,0.004051363581160897,0.009929046966135502,1.0
BCS6__Cow_19_29,Cow_19,0,2028,V_single,4,1,52,1.0,1.0,1.0,0.0,0.03220207100347061,0.04161275923252106,1.0
BCS6__Cow_19_29,Cow_19,0,2028,V_single,4,3,52,3.0,1.0,1.0,0.0,0.018124420259105305,0.03587803244590759,1.0
BCS6__Cow_19_29,Cow_19,0,2028,V_single,4,6,52,6.0,1.0,1.0,0.0,0.01337867381270137,0.03601148724555969,1.0
BCS6__Cow_19_29,Cow_19,0,2028,V_single,4,12,52,12.0,1.0,1.0,0.0,0.008826733608736684,0.03709031641483307,1.0
BCS6__Cow_2_6006,Cow_2,0,2028,V_single,4,1,31,1.0,1.0,1.0,0.0,0.015220606336681472,0.01677938736975193,1.0
BCS6__Cow_2_6006,Cow_2,0,2028,V_single,4,3,31,3.0,1.0,1.0,0.0,0.008590005069694952,0.019644225016236305,1.0
BCS6__Cow_2_6006,Cow_2,0,2028,V_single,4,6,31,6.0,1.0,1.0,0.0,0.005847285894272635,0.016937021166086197,1.0
BCS6__Cow_2_6006,Cow_2,0,2028,V_single,4,12,31,12.0,1.0,1.0,0.0,0.003307097671003486,0.017786871641874313,1.0
BCS6__Cow_32_34,Cow_32,0,2028,V_single,4,1,7,1.0,1.0,1.0,0.0,0.01003737454358588,0.008077767677605152,1.0
BCS6__Cow_32_34,Cow_32,0,2028,V_single,4,3,7,3.0,1.0,1.0,0.0,0.004224507595959202,0.005377104971557856,1.0
BCS6__Cow_32_34,Cow_32,0,2028,V_single,4,6,7,6.0,1.0,1.0,0.0,0.0013821800071335446,0.004456079099327326,1.0
BCS6__Cow_32_34,Cow_32,0,2028,V_single,4,12,7,5.84,1.0,1.0,0.0,0.002835658803479694,0.004925606772303581,1.0
BCS6__Cow_36,Cow_36,0,2028,V_single,4,1,37,1.0,0.28,0.72,0.72,0.35676368191093755,0.4773975610733032,0.72
BCS6__Cow_36,Cow_36,0,2028,V_single,4,3,37,3.0,0.24,0.76,0.76,0.24568549785046243,0.4506586492061615,0.76
BCS6__Cow_36,Cow_36,0,2028,V_single,4,6,37,6.0,0.08,0.92,0.92,0.1601665539544591,0.46422114968299866,0.92
BCS6__Cow_36,Cow_36,0,2028,V_single,4,12,37,12.0,0.0,1.0,1.0,0.1214633023935766,0.452174574136734,1.0
BCS6__Cow_36_1,Cow_36,0,2028,V_single,4,1,46,1.0,0.68,0.68,0.32,0.2910569695246799,0.1968899965286255,0.68
BCS6__Cow_36_1,Cow_36,0,2028,V_single,4,3,46,3.0,0.44,0.56,0.56,0.18867379540923368,0.19103635847568512,0.44
BCS6__Cow_36_1,Cow_36,0,2028,V_single,4,6,46,6.0,0.5,0.5,0.5,0.13178306719690216,0.20646001398563385,0.5
BCS6__Cow_36_1,Cow_36,0,2028,V_single,4,12,46,12.0,0.42,0.58,0.58,0.08903634114510807,0.23042331635951996,0.42
BCS6__Cow_45_9025,Cow_45,0,2028,V_single,4,1,31,1.0,1.0,1.0,0.0,0.02609727783588727,0.019476182758808136,1.0
BCS6__Cow_45_9025,Cow_45,0,2028,V_single,4,3,31,3.0,1.0,1.0,0.0,0.015203357177049069,0.010935749858617783,1.0
BCS6__Cow_45_9025,Cow_45,0,2028,V_single,4,6,31,6.0,1.0,1.0,0.0,0.010344458168332885,0.007461884990334511,1.0
BCS6__Cow_45_9025,Cow_45,0,2028,V_single,4,12,31,12.0,1.0,1.0,0.0,0.006105135587921709,0.005012488923966885,1.0
BCS6__Cow_52_29,Cow_52,0,2028,V_single,4,1,55,1.0,1.0,1.0,0.0,0.013929375650030402,0.010744635947048664,1.0
BCS6__Cow_52_29,Cow_52,0,2028,V_single,4,3,55,3.0,1.0,1.0,0.0,0.007449513578322054,0.006723161321133375,1.0
BCS6__Cow_52_29,Cow_52,0,2028,V_single,4,6,55,6.0,1.0,1.0,0.0,0.005821582072004638,0.005161650013178587,1.0
BCS6__Cow_52_29,Cow_52,0,2028,V_single,4,12,55,12.0,1.0,1.0,0.0,0.0028681980464932413,0.004683809354901314,1.0
BCS6__Cow_7_9008,Cow_7,0,2028,V_single,4,1,19,1.0,1.0,1.0,0.0,0.028859428901037862,0.026363946497440338,1.0
BCS6__Cow_7_9008,Cow_7,0,2028,V_single,4,3,19,3.0,1.0,1.0,0.0,0.015085274992445882,0.017970560118556023,1.0
BCS6__Cow_7_9008,Cow_7,0,2028,V_single,4,6,19,6.0,1.0,1.0,0.0,0.009326953107488382,0.015227610245347023,1.0
BCS6__Cow_7_9008,Cow_7,0,2028,V_single,4,12,19,12.0,1.0,1.0,0.0,0.005960226411444352,0.015377375297248363,1.0
BCS2__Cow_11,Cow_11,1,2028,V_single,0,1,76,1.0,0.98,0.98,0.02,0.07786836564240314,0.02135831117630005,0.0
BCS2__Cow_11,Cow_11,1,2028,V_single,0,3,76,3.0,1.0,1.0,0.0,0.03134863158777831,0.018270030617713928,0.0
BCS2__Cow_11,Cow_11,1,2028,V_single,0,6,76,6.0,1.0,1.0,0.0,0.02279647450580411,0.023561961948871613,0.0
BCS2__Cow_11,Cow_11,1,2028,V_single,0,12,76,12.0,1.0,1.0,0.0,0.018598133858996106,0.02129138447344303,0.0
BCS2__Cow_11_1,Cow_11,1,2028,V_single,0,1,6,1.0,0.6,0.6,0.4,0.04075880501766886,0.014617612585425377,0.0
BCS2__Cow_11_1,Cow_11,1,2028,V_single,0,3,6,3.0,0.68,0.68,0.32,0.018387835903292033,0.009267132729291916,0.0
BCS2__Cow_11_1,Cow_11,1,2028,V_single,0,6,6,6.0,1.0,1.0,0.0,9.51701530847842e-08,0.008086152374744415,0.0
BCS2__Cow_11_1,Cow_11,1,2028,V_single,0,12,6,5.38,0.58,0.58,0.42,0.009004128973083458,0.008643670938909054,0.0
BCS2__Cow_11_2,Cow_11,1,2028,V_single,0,1,40,1.0,0.7,0.7,0.3,0.6510544548251702,0.24247026443481445,0.3
BCS2__Cow_11_2,Cow_11,1,2028,V_single,0,3,40,3.0,0.34,0.66,0.66,0.4083667970219677,0.2680807113647461,0.66
BCS2__Cow_11_2,Cow_11,1,2028,V_single,0,6,40,6.0,0.3,0.7,0.7,0.34595379064297277,0.34784072637557983,0.7
BCS2__Cow_11_2,Cow_11,1,2028,V_single,0,12,40,12.0,0.26,0.74,0.74,0.24537657838048396,0.33503302931785583,0.74
BCS3__Cow_14,Cow_14,1,2028,V_single,1,1,4,1.0,1.0,1.0,0.0,0.03268408742856616,0.02250850386917591,0.0
BCS3__Cow_14,Cow_14,1,2028,V_single,1,3,4,3.0,1.0,1.0,0.0,0.011513610274072281,0.02586517110466957,0.0
BCS3__Cow_14,Cow_14,1,2028,V_single,1,6,4,3.14,1.0,1.0,0.0,0.015954587284956464,0.02555812895298004,0.0
BCS3__Cow_14,Cow_14,1,2028,V_single,1,12,4,3.88,1.0,1.0,0.0,0.011957392929239733,0.027543244883418083,0.0
BCS3__Cow_14_0011,Cow_14,1,2028,V_single,1,1,4,1.0,1.0,1.0,0.0,0.19184967646489148,0.11150971055030823,1.0
BCS3__Cow_14_0011,Cow_14,1,2028,V_single,1,3,4,3.0,1.0,1.0,0.0,0.06030254015280997,0.07982365787029266,1.0
BCS3__Cow_14_0011,Cow_14,1,2028,V_single,1,6,4,3.48,1.0,1.0,0.0,0.07153459069685054,0.07647993415594101,1.0
BCS3__Cow_14_0011,Cow_14,1,2028,V_single,1,12,4,3.9,1.0,1.0,0.0,0.06436535319723649,0.07041917741298676,1.0
BCS3__Cow_6_103,Cow_6,1,2028,V_single,1,1,4,1.0,1.0,1.0,0.0,0.11370198919794372,0.048094943165779114,1.0
BCS3__Cow_6_103,Cow_6,1,2028,V_single,1,3,4,3.0,1.0,1.0,0.0,0.03551248881052362,0.032682403922080994,1.0
BCS3__Cow_6_103,Cow_6,1,2028,V_single,1,6,4,3.36,1.0,1.0,0.0,0.038977240572659375,0.0315694622695446,1.0
BCS3__Cow_6_103,Cow_6,1,2028,V_single,1,12,4,3.94,1.0,1.0,0.0,0.03968041599772655,0.03161892294883728,1.0
BCS4__Cow_1,Cow_1,1,2028,V_single,2,1,9,1.0,1.0,1.0,0.0,0.005560344223087992,0.004375476855784655,1.0
BCS4__Cow_1,Cow_1,1,2028,V_single,2,3,9,3.0,1.0,1.0,0.0,0.0032945850843887907,0.0028743932489305735,1.0
BCS4__Cow_1,Cow_1,1,2028,V_single,2,6,9,6.0,1.0,1.0,0.0,0.0016883038489905258,0.0020354711450636387,1.0
BCS4__Cow_1,Cow_1,1,2028,V_single,2,12,9,6.56,1.0,1.0,0.0,0.0017845551386313416,0.002106394851580262,1.0
BCS4__Cow_26,Cow_26,1,2028,V_single,2,1,7,1.0,1.0,1.0,0.0,0.016972375706910403,0.00989756640046835,1.0
BCS4__Cow_26,Cow_26,1,2028,V_single,2,3,7,3.0,1.0,1.0,0.0,0.008142524980264661,0.007828935980796814,1.0
BCS4__Cow_26,Cow_26,1,2028,V_single,2,6,7,6.0,1.0,1.0,0.0,0.0024472627532803764,0.005983512848615646,1.0
BCS4__Cow_26,Cow_26,1,2028,V_single,2,12,7,5.86,1.0,1.0,0.0,0.005265495472979206,0.006441075820475817,1.0
BCS4__Cow_26_5051,Cow_26,1,2028,V_single,2,1,5,1.0,0.76,0.76,0.24,0.2363604517275548,0.0814027413725853,0.0
BCS4__Cow_26_5051,Cow_26,1,2028,V_single,2,3,5,3.0,1.0,1.0,0.0,0.0897458730485946,0.05239889770746231,0.0
BCS4__Cow_26_5051,Cow_26,1,2028,V_single,2,6,5,3.74,1.0,1.0,0.0,0.09109744238333596,0.05413751304149628,0.0
BCS4__Cow_26_5051,Cow_26,1,2028,V_single,2,12,5,4.56,1.0,1.0,0.0,0.0618137628066429,0.05176433548331261,0.0
BCS4__Cow_27_9008,Cow_27,1,2028,V_single,2,1,4,1.0,0.42,0.58,0.58,0.2946024104238076,0.19124703109264374,0.0
BCS4__Cow_27_9008,Cow_27,1,2028,V_single,2,3,4,3.0,0.72,0.72,0.28,0.10371254027173153,0.15562835335731506,0.0
BCS4__Cow_27_9008,Cow_27,1,2028,V_single,2,6,4,3.3,0.64,0.64,0.36,0.10575281192955467,0.16162335872650146,0.0
BCS4__Cow_27_9008,Cow_27,1,2028,V_single,2,12,4,3.86,0.82,0.82,0.18,0.07858672070598177,0.1607697308063507,0.0
BCS4__Cow_29_7007,Cow_29,1,2028,V_single,2,1,4,1.0,1.0,1.0,0.0,0.13398088404126443,0.07020808011293411,0.0
BCS4__Cow_29_7007,Cow_29,1,2028,V_single,2,3,4,3.0,1.0,1.0,0.0,0.042521751587762974,0.03293442726135254,0.0
BCS4__Cow_29_7007,Cow_29,1,2028,V_single,2,6,4,3.26,1.0,1.0,0.0,0.05652685889768551,0.033791955560445786,0.0
BCS4__Cow_29_7007,Cow_29,1,2028,V_single,2,12,4,3.88,1.0,1.0,0.0,0.038241778909851136,0.02514316327869892,0.0
BCS4__Cow_33,Cow_33,1,2028,V_single,2,1,21,1.0,1.0,1.0,0.0,0.01575533020491095,0.0069411261938512325,1.0
BCS4__Cow_33,Cow_33,1,2028,V_single,2,3,21,3.0,1.0,1.0,0.0,0.009258220261877243,0.004343576263636351,1.0
BCS4__Cow_33,Cow_33,1,2028,V_single,2,6,21,6.0,1.0,1.0,0.0,0.006344762219330272,0.0036690952256321907,1.0
BCS4__Cow_33,Cow_33,1,2028,V_single,2,12,21,12.0,1.0,1.0,0.0,0.0031171244590843675,0.0027840486727654934,1.0
BCS4__Cow_4,Cow_4,1,2028,V_single,2,1,4,1.0,1.0,1.0,0.0,0.031980337403674834,0.016266541555523872,1.0
BCS4__Cow_4,Cow_4,1,2028,V_single,2,3,4,3.0,1.0,1.0,0.0,0.010933235205805714,0.011868643574416637,1.0
BCS4__Cow_4,Cow_4,1,2028,V_single,2,6,4,3.4,1.0,1.0,0.0,0.012489736028849984,0.012141521088778973,1.0
BCS4__Cow_4,Cow_4,1,2028,V_single,2,12,4,3.88,1.0,1.0,0.0,0.009370160975858757,0.01231249887496233,1.0
BCS4__Cow_41,Cow_41,1,2028,V_single,2,1,3,1.0,1.0,1.0,0.0,0.004207328572395152,0.004012578167021275,1.0
BCS4__Cow_41,Cow_41,1,2028,V_single,2,3,3,3.0,1.0,1.0,0.0,1.1587022932394005e-07,0.0038574496284127235,1.0
BCS4__Cow_41,Cow_41,1,2028,V_single,2,6,3,2.68,1.0,1.0,0.0,0.002087956662975593,0.004054729826748371,1.0
BCS4__Cow_41,Cow_41,1,2028,V_single,2,12,3,2.96,1.0,1.0,0.0,0.0016163337561183252,0.003945809323340654,1.0
BCS4__Cow_48,Cow_48,1,2028,V_single,2,1,3,1.0,1.0,1.0,0.0,0.029137507914609586,0.012001603841781616,1.0
BCS4__Cow_48,Cow_48,1,2028,V_single,2,3,3,3.0,1.0,1.0,0.0,1.6073757011467698e-07,0.011260130442678928,1.0
BCS4__Cow_48,Cow_48,1,2028,V_single,2,6,3,2.74,1.0,1.0,0.0,0.010979003184654872,0.012956920079886913,1.0
BCS4__Cow_48,Cow_48,1,2028,V_single,2,12,3,3.0,1.0,1.0,0.0,0.008715875976312022,0.011469608172774315,1.0
BCS4__Cow_4_1,Cow_4,1,2028,V_single,2,1,39,1.0,1.0,1.0,0.0,0.04043452056402777,0.025475969538092613,1.0
BCS4__Cow_4_1,Cow_4,1,2028,V_single,2,3,39,3.0,1.0,1.0,0.0,0.02193379610575305,0.020450415089726448,1.0
BCS4__Cow_4_1,Cow_4,1,2028,V_single,2,6,39,6.0,1.0,1.0,0.0,0.018453899671003176,0.020267700776457787,1.0
BCS4__Cow_4_1,Cow_4,1,2028,V_single,2,12,39,12.0,1.0,1.0,0.0,0.010813789024248831,0.019964046776294708,1.0
BCS4__Cow_6,Cow_6,1,2028,V_single,2,1,7,1.0,0.54,0.54,0.46,0.0807391863634998,0.03170819580554962,0.54
BCS4__Cow_6,Cow_6,1,2028,V_single,2,3,7,3.0,0.14,0.86,0.86,0.03615786949174935,0.02332240156829357,0.14
BCS4__Cow_6,Cow_6,1,2028,V_single,2,6,7,6.0,0.0,1.0,1.0,0.01242496043428537,0.024260863661766052,0.0
BCS4__Cow_6,Cow_6,1,2028,V_single,2,12,7,5.88,0.02,0.98,0.98,0.022773612463961444,0.022924769669771194,0.02
BCS5__Cow_12_NOTAG,Cow_12,1,2028,V_single,3,1,3,1.0,1.0,1.0,0.0,0.04819548914957615,0.01985243894159794,0.0
BCS5__Cow_12_NOTAG,Cow_12,1,2028,V_single,3,3,3,3.0,1.0,1.0,0.0,4.004516449977045e-08,0.002075542462989688,0.0
BCS5__Cow_12_NOTAG,Cow_12,1,2028,V_single,3,6,3,2.82,1.0,1.0,0.0,0.017478530952723073,0.007828178815543652,0.0
BCS5__Cow_12_NOTAG,Cow_12,1,2028,V_single,3,12,3,2.96,1.0,1.0,0.0,0.01398922706122763,0.006129973102360964,0.0
BCS5__Cow_13,Cow_13,1,2028,V_single,3,1,20,1.0,1.0,1.0,0.0,0.028448436209510295,0.012100131250917912,0.0
BCS5__Cow_13,Cow_13,1,2028,V_single,3,3,20,3.0,1.0,1.0,0.0,0.02001413009133208,0.00834079459309578,0.0
BCS5__Cow_13,Cow_13,1,2028,V_single,3,6,20,6.0,1.0,1.0,0.0,0.012596406075539926,0.006696563214063644,0.0
BCS5__Cow_13,Cow_13,1,2028,V_single,3,12,20,12.0,1.0,1.0,0.0,0.006418911276753128,0.005825916305184364,0.0
BCS5__Cow_13_8001,Cow_13,1,2028,V_single,3,1,3,1.0,0.68,0.68,0.32,0.14751726655282277,0.04801447317004204,0.0
BCS5__Cow_13_8001,Cow_13,1,2028,V_single,3,3,3,3.0,0.0,1.0,1.0,2.139142695211201e-08,0.037270233035087585,0.0
BCS5__Cow_13_8001,Cow_13,1,2028,V_single,3,6,3,2.78,0.08,0.92,0.92,0.062305030581007045,0.04899952933192253,0.0
BCS5__Cow_13_8001,Cow_13,1,2028,V_single,3,12,3,2.98,0.08,0.92,0.92,0.04673744559532901,0.0391060896217823,0.0
BCS5__Cow_1_27,Cow_1,1,2028,V_single,3,1,3,1.0,1.0,1.0,0.0,0.09144430084282695,0.03160138428211212,0.0
BCS5__Cow_1_27,Cow_1,1,2028,V_single,3,3,3,3.0,1.0,1.0,0.0,1.0635903186287331e-07,0.021635331213474274,0.0
BCS5__Cow_1_27,Cow_1,1,2028,V_single,3,6,3,2.78,1.0,1.0,0.0,0.038586850564392434,0.022929931059479713,0.0
BCS5__Cow_1_27,Cow_1,1,2028,V_single,3,12,3,2.96,1.0,1.0,0.0,0.028995578982601865,0.023618722334504128,0.0
BCS5__Cow_27,Cow_27,1,2028,V_single,3,1,21,1.0,0.9,0.9,0.1,0.0663441022962334,0.020771699026226997,0.0
BCS5__Cow_27,Cow_27,1,2028,V_single,3,3,21,3.0,1.0,1.0,0.0,0.03182983323806244,0.017249565571546555,0.0
BCS5__Cow_27,Cow_27,1,2028,V_single,3,6,21,6.0,1.0,1.0,0.0,0.019513260581606497,0.015040443278849125,0.0
BCS5__Cow_27,Cow_27,1,2028,V_single,3,12,21,12.0,1.0,1.0,0.0,0.010640755027560796,0.014870570972561836,0.0
BCS5__Cow_29,Cow_29,1,2028,V_single,3,1,25,1.0,1.0,1.0,0.0,0.020131264004607293,0.013791556470096111,0.0
BCS5__Cow_29,Cow_29,1,2028,V_single,3,3,25,3.0,1.0,1.0,0.0,0.01010396537470616,0.01143223512917757,0.0
BCS5__Cow_29,Cow_29,1,2028,V_single,3,6,25,6.0,1.0,1.0,0.0,0.007186095419998442,0.010638020001351833,0.0
BCS5__Cow_29,Cow_29,1,2028,V_single,3,12,25,12.0,1.0,1.0,0.0,0.0032399378455252596,0.010071955621242523,0.0
BCS5__Cow_37,Cow_37,1,2028,V_single,3,1,26,1.0,1.0,1.0,0.0,0.03508379628815947,0.010549531318247318,0.0
BCS5__Cow_37,Cow_37,1,2028,V_single,3,3,26,3.0,1.0,1.0,0.0,0.027412811763548713,0.008527558296918869,0.0
BCS5__Cow_37,Cow_37,1,2028,V_single,3,6,26,6.0,1.0,1.0,0.0,0.014800501671646218,0.008081534877419472,0.0
BCS5__Cow_37,Cow_37,1,2028,V_single,3,12,26,12.0,1.0,1.0,0.0,0.008655647952465356,0.004676495678722858,0.0
BCS5__Cow_37_and_38,Cow_37,1,2028,V_single,3,1,3,1.0,1.0,1.0,0.0,0.03917650628337593,0.02283346839249134,0.0
BCS5__Cow_37_and_38,Cow_37,1,2028,V_single,3,3,3,3.0,1.0,1.0,0.0,2.5288109106536417e-07,0.023218626156449318,0.0
BCS5__Cow_37_and_38,Cow_37,1,2028,V_single,3,6,3,2.7,1.0,1.0,0.0,0.01856302150319259,0.020781127735972404,0.0
BCS5__Cow_37_and_38,Cow_37,1,2028,V_single,3,12,3,2.96,1.0,1.0,0.0,0.012224016671102546,0.022946935147047043,0.0
BCS5__Cow_43,Cow_43,1,2028,V_single,3,1,37,1.0,1.0,1.0,0.0,0.019669022105157526,0.007776824291795492,0.0
BCS5__Cow_43,Cow_43,1,2028,V_single,3,3,37,3.0,1.0,1.0,0.0,0.009878940260854807,0.005983356852084398,0.0
BCS5__Cow_43,Cow_43,1,2028,V_single,3,6,37,6.0,1.0,1.0,0.0,0.005131910868212913,0.004392164293676615,0.0
BCS5__Cow_43,Cow_43,1,2028,V_single,3,12,37,12.0,1.0,1.0,0.0,0.0045444696310718005,0.005047038197517395,0.0
BCS5__Cow_48_1018,Cow_48,1,2028,V_single,3,1,3,1.0,1.0,1.0,0.0,0.04377396884907404,0.0207775067538023,0.0
BCS5__Cow_48_1018,Cow_48,1,2028,V_single,3,3,3,3.0,1.0,1.0,0.0,8.556570780844804e-08,0.01530899852514267,0.0
BCS5__Cow_48_1018,Cow_48,1,2028,V_single,3,6,3,2.82,1.0,1.0,0.0,0.018203236616929783,0.017688289284706116,0.0
BCS5__Cow_48_1018,Cow_48,1,2028,V_single,3,12,3,2.98,1.0,1.0,0.0,0.014294288884333543,0.016420545056462288,0.0
BCS5__Cow_54,Cow_54,1,2028,V_single,3,1,6,1.0,1.0,1.0,0.0,0.06055061487984708,0.029856063425540924,0.0
BCS5__Cow_54,Cow_54,1,2028,V_single,3,3,6,3.0,1.0,1.0,0.0,0.0224680888456434,0.021433180198073387,0.0
BCS5__Cow_54,Cow_54,1,2028,V_single,3,6,6,6.0,1.0,1.0,0.0,8.291165397692736e-08,0.02013547345995903,0.0
BCS5__Cow_54,Cow_54,1,2028,V_single,3,12,6,5.4,1.0,1.0,0.0,0.014768095194674962,0.02028018794953823,0.0
BCS5__Cow_6_5051,Cow_6,1,2028,V_single,3,1,3,1.0,1.0,1.0,0.0,0.026333936288878642,0.012253611348569393,0.0
BCS5__Cow_6_5051,Cow_6,1,2028,V_single,3,3,3,3.0,1.0,1.0,0.0,3.717192294986396e-08,0.01509544812142849,0.0
BCS5__Cow_6_5051,Cow_6,1,2028,V_single,3,6,3,2.74,1.0,1.0,0.0,0.011896532209674153,0.014354772865772247,0.0
BCS5__Cow_6_5051,Cow_6,1,2028,V_single,3,12,3,2.96,1.0,1.0,0.0,0.009346830214806765,0.014919080771505833,0.0
BCS6__Cow_11_07,Cow_11,1,2028,V_single,4,1,27,1.0,0.28,0.72,1.44,0.5108012817695554,0.4410707950592041,0.72
BCS6__Cow_11_07,Cow_11,1,2028,V_single,4,3,27,3.0,0.04,0.96,1.92,0.2837781248842139,0.4716086983680725,0.96
BCS6__Cow_11_07,Cow_11,1,2028,V_single,4,6,27,6.0,0.0,1.0,2.0,0.17280326791571513,0.4923759400844574,1.0
BCS6__Cow_11_07,Cow_11,1,2028,V_single,4,12,27,12.0,0.0,1.0,2.0,0.13724427574342019,0.4756232798099518,1.0
BCS6__Cow_12_2014,Cow_12,1,2028,V_single,4,1,39,1.0,0.04,0.9,1.86,0.48204507776221106,0.7947730422019958,0.0
BCS6__Cow_12_2014,Cow_12,1,2028,V_single,4,3,39,3.0,0.0,1.0,2.0,0.10670916636816198,0.8652690052986145,0.0
BCS6__Cow_12_2014,Cow_12,1,2028,V_single,4,6,39,6.0,0.0,1.0,2.0,0.059697550686653916,0.8650317192077637,0.0
BCS6__Cow_12_2014,Cow_12,1,2028,V_single,4,12,39,12.0,0.0,1.0,2.0,0.05590277908406428,0.8598624467849731,0.0
BCS6__Cow_13_66,Cow_13,1,2028,V_single,4,1,20,1.0,1.0,1.0,0.0,0.12941221574767306,0.038807712495326996,1.0
BCS6__Cow_13_66,Cow_13,1,2028,V_single,4,3,20,3.0,1.0,1.0,0.0,0.056654191423786325,0.02926722541451454,1.0
BCS6__Cow_13_66,Cow_13,1,2028,V_single,4,6,20,6.0,1.0,1.0,0.0,0.03874776914289288,0.03176427632570267,1.0
BCS6__Cow_13_66,Cow_13,1,2028,V_single,4,12,20,12.0,1.0,1.0,0.0,0.019338943020341115,0.03224995359778404,1.0
BCS6__Cow_26_6,Cow_26,1,2028,V_single,4,1,9,1.0,1.0,1.0,0.0,0.020818729570687883,0.005292754154652357,1.0
BCS6__Cow_26_6,Cow_26,1,2028,V_single,4,3,9,3.0,1.0,1.0,0.0,0.011428873041176001,0.005040419287979603,1.0
BCS6__Cow_26_6,Cow_26,1,2028,V_single,4,6,9,6.0,1.0,1.0,0.0,0.00507254248847326,0.004477319307625294,1.0
BCS6__Cow_26_6,Cow_26,1,2028,V_single,4,12,9,7.04,1.0,1.0,0.0,0.0059656344838069815,0.005004400387406349,1.0
BCS6__Cow_29_NOTAG,Cow_29,1,2028,V_single,4,1,34,1.0,1.0,1.0,0.0,0.03150423445970525,0.03220008686184883,1.0
BCS6__Cow_29_NOTAG,Cow_29,1,2028,V_single,4,3,34,3.0,1.0,1.0,0.0,0.020365738890703648,0.029591085389256477,1.0
BCS6__Cow_29_NOTAG,Cow_29,1,2028,V_single,4,6,34,6.0,1.0,1.0,0.0,0.013004904583594223,0.030510149896144867,1.0
BCS6__Cow_29_NOTAG,Cow_29,1,2028,V_single,4,12,34,12.0,1.0,1.0,0.0,0.0076624469443090145,0.03180103376507759,1.0
BCS6__Cow_35,Cow_35,1,2028,V_single,4,1,24,1.0,0.52,0.52,0.96,0.5910887622252665,0.3432411551475525,0.48
BCS6__Cow_35,Cow_35,1,2028,V_single,4,3,24,3.0,0.14,0.86,1.72,0.33340387138375605,0.3568701446056366,0.86
BCS6__Cow_35,Cow_35,1,2028,V_single,4,6,24,6.0,0.1,0.9,1.8,0.2352172790536015,0.3277093172073364,0.9
BCS6__Cow_35,Cow_35,1,2028,V_single,4,12,24,12.0,0.02,0.98,1.96,0.16061646782070443,0.32867366075515747,0.98
BCS6__Cow_4_103,Cow_4,1,2028,V_single,4,1,47,1.0,1.0,1.0,0.0,0.15256613238546382,0.03606569766998291,1.0
BCS6__Cow_4_103,Cow_4,1,2028,V_single,4,3,47,3.0,1.0,1.0,0.0,0.08477636919725941,0.02199525386095047,1.0
BCS6__Cow_4_103,Cow_4,1,2028,V_single,4,6,47,6.0,1.0,1.0,0.0,0.06183384218641003,0.01702640764415264,1.0
BCS6__Cow_4_103,Cow_4,1,2028,V_single,4,12,47,12.0,1.0,1.0,0.0,0.038823556355211494,0.012842675670981407,1.0
BCS2__Cow_5_1,Cow_5,2,2028,V_single,0,1,10,1.0,1.0,1.0,0.0,0.022746766033942857,0.01138941291719675,0.0
BCS2__Cow_5_1,Cow_5,2,2028,V_single,0,3,10,3.0,1.0,1.0,0.0,0.01180957220942733,0.013801916502416134,0.0
BCS2__Cow_5_1,Cow_5,2,2028,V_single,0,6,10,6.0,1.0,1.0,0.0,0.0068294527301555165,0.013944577425718307,0.0
BCS2__Cow_5_1,Cow_5,2,2028,V_single,0,12,10,7.2,1.0,1.0,0.0,0.007386553138275093,0.013626626692712307,0.0
BCS3__Cow_20_0029,Cow_20,2,2028,V_single,1,1,4,1.0,1.0,1.0,0.0,0.1317239466804199,0.08127456903457642,0.0
BCS3__Cow_20_0029,Cow_20,2,2028,V_single,1,3,4,3.0,1.0,1.0,0.0,0.041311771046989916,0.06954953819513321,0.0
BCS3__Cow_20_0029,Cow_20,2,2028,V_single,1,6,4,3.44,1.0,1.0,0.0,0.050778624683600754,0.07371697574853897,0.0
BCS3__Cow_20_0029,Cow_20,2,2028,V_single,1,12,4,3.86,1.0,1.0,0.0,0.04183640536177539,0.07209216803312302,0.0
BCS3__Cow_22,Cow_22,2,2028,V_single,1,1,20,1.0,1.0,1.0,0.0,0.05051266040227668,0.0715288445353508,1.0
BCS3__Cow_22,Cow_22,2,2028,V_single,1,3,20,3.0,1.0,1.0,0.0,0.038450281602379115,0.05132697522640228,1.0
BCS3__Cow_22,Cow_22,2,2028,V_single,1,6,20,6.0,1.0,1.0,0.0,0.02141395207212409,0.04973633587360382,1.0
BCS3__Cow_22,Cow_22,2,2028,V_single,1,12,20,12.0,1.0,1.0,0.0,0.014275390498275408,0.052954141050577164,1.0
BCS3__Cow_22_1,Cow_22,2,2028,V_single,1,1,6,1.0,1.0,1.0,0.0,0.10276212671374098,0.10987503826618195,1.0
BCS3__Cow_22_1,Cow_22,2,2028,V_single,1,3,6,3.0,1.0,1.0,0.0,0.03808863131666507,0.10627195239067078,1.0
BCS3__Cow_22_1,Cow_22,2,2028,V_single,1,6,6,6.0,1.0,1.0,0.0,4.510376585740785e-08,0.10526084899902344,1.0
BCS3__Cow_22_1,Cow_22,2,2028,V_single,1,12,6,5.46,1.0,1.0,0.0,0.02931919297169933,0.10001540184020996,1.0
BCS4__Cow_10,Cow_10,2,2028,V_single,2,1,41,1.0,0.9,0.9,0.1,0.1584233229524485,0.08522789180278778,0.1
BCS4__Cow_10,Cow_10,2,2028,V_single,2,3,41,3.0,1.0,1.0,0.0,0.06752492682593568,0.07921474426984787,0.0
BCS4__Cow_10,Cow_10,2,2028,V_single,2,6,41,6.0,1.0,1.0,0.0,0.044888976179643,0.08808602392673492,0.0
BCS4__Cow_10,Cow_10,2,2028,V_single,2,12,41,12.0,1.0,1.0,0.0,0.03199439183099152,0.08412948250770569,0.0
BCS4__Cow_10_2038,Cow_10,2,2028,V_single,2,1,4,1.0,1.0,1.0,0.0,0.11926813092778482,0.07524237781763077,0.0
BCS4__Cow_10_2038,Cow_10,2,2028,V_single,2,3,4,3.0,1.0,1.0,0.0,0.03935180150462234,0.08462688326835632,0.0
BCS4__Cow_10_2038,Cow_10,2,2028,V_single,2,6,4,3.32,1.0,1.0,0.0,0.04742318990761405,0.08113386482000351,0.0
BCS4__Cow_10_2038,Cow_10,2,2028,V_single,2,12,4,3.84,1.0,1.0,0.0,0.03389974994167409,0.08199000358581543,0.0
BCS4__Cow_22_6005,Cow_22,2,2028,V_single,2,1,4,1.0,1.0,1.0,0.0,0.10993022371513902,0.09658319503068924,0.0
BCS4__Cow_22_6005,Cow_22,2,2028,V_single,2,3,4,3.0,1.0,1.0,0.0,0.039864638076484014,0.08871930092573166,0.0
BCS4__Cow_22_6005,Cow_22,2,2028,V_single,2,6,4,3.32,1.0,1.0,0.0,0.05278431270027159,0.09176473319530487,0.0
BCS4__Cow_22_6005,Cow_22,2,2028,V_single,2,12,4,3.88,1.0,1.0,0.0,0.03234896472509241,0.09015240520238876,0.0
BCS4__Cow_30,Cow_30,2,2028,V_single,2,1,4,1.0,0.74,0.74,0.26,0.16604975806061897,0.08872923254966736,0.26
BCS4__Cow_30,Cow_30,2,2028,V_single,2,3,4,3.0,0.8,0.8,0.2,0.054083522981633464,0.08072550594806671,0.2
BCS4__Cow_30,Cow_30,2,2028,V_single,2,6,4,3.22,0.74,0.74,0.26,0.07247660670958186,0.0824103131890297,0.26
BCS4__Cow_30,Cow_30,2,2028,V_single,2,12,4,3.92,0.82,0.82,0.18,0.048716913191765174,0.08791637420654297,0.18
BCS4__Cow_42,Cow_42,2,2028,V_single,2,1,11,1.0,1.0,1.0,0.0,0.1530483776820391,0.08671051263809204,0.0
BCS4__Cow_42,Cow_42,2,2028,V_single,2,3,11,3.0,1.0,1.0,0.0,0.09058888555824321,0.0721053034067154,0.0
BCS4__Cow_42,Cow_42,2,2028,V_single,2,6,11,6.0,1.0,1.0,0.0,0.04652190814055703,0.06936845183372498,0.0
BCS4__Cow_42,Cow_42,2,2028,V_single,2,12,11,7.42,1.0,1.0,0.0,0.045548682147831754,0.06828860193490982,0.0
BCS4__Cow_47_1,Cow_47,2,2028,V_single,2,1,7,1.0,0.6,0.6,0.6,0.26206944855198144,0.1127353310585022,0.2
BCS4__Cow_47_1,Cow_47,2,2028,V_single,2,3,7,3.0,0.56,0.56,0.56,0.14564002012733815,0.11558441072702408,0.32
BCS4__Cow_47_1,Cow_47,2,2028,V_single,2,6,7,6.0,0.4,0.6,0.6,0.04310652233263828,0.11363492906093597,0.6
BCS4__Cow_47_1,Cow_47,2,2028,V_single,2,12,7,6.0,0.78,0.78,0.22,0.06990681541615587,0.09885909408330917,0.22
BCS4__Cow_49,Cow_49,2,2028,V_single,2,1,7,1.0,0.52,0.52,0.96,0.17940746022793405,0.09103372693061829,0.0
BCS4__Cow_49,Cow_49,2,2028,V_single,2,3,7,3.0,0.22,0.74,0.82,0.07908963377324153,0.06583916395902634,0.74
BCS4__Cow_49,Cow_49,2,2028,V_single,2,6,7,6.0,0.48,0.52,0.52,0.03344889359654966,0.04707261174917221,0.52
BCS4__Cow_49,Cow_49,2,2028,V_single,2,12,7,5.88,0.18,0.82,0.82,0.04720444845814714,0.05245603993535042,0.82
BCS4__Cow_55,Cow_55,2,2028,V_single,2,1,4,1.0,0.52,0.52,0.72,0.2696412391724254,0.1250830888748169,0.24
BCS4__Cow_55,Cow_55,2,2028,V_single,2,3,4,3.0,0.58,0.58,0.42,0.0772082658644329,0.11684995889663696,0.42
BCS4__Cow_55,Cow_55,2,2028,V_single,2,6,4,3.24,0.62,0.62,0.42,0.10933248209995199,0.12598499655723572,0.34
BCS4__Cow_55,Cow_55,2,2028,V_single,2,12,4,3.86,0.7,0.7,0.3,0.07028734171418147,0.11144928634166718,0.3
BCS4__Cow_8,Cow_8,2,2028,V_single,2,1,26,1.0,1.0,1.0,0.0,0.09163063643602157,0.1014890968799591,0.0
BCS4__Cow_8,Cow_8,2,2028,V_single,2,3,26,3.0,1.0,1.0,0.0,0.042198209808177435,0.0953628420829773,0.0
BCS4__Cow_8,Cow_8,2,2028,V_single,2,6,26,6.0,1.0,1.0,0.0,0.02616429937622699,0.09139885008335114,0.0
BCS4__Cow_8,Cow_8,2,2028,V_single,2,12,26,12.0,1.0,1.0,0.0,0.02117847099392581,0.09210575371980667,0.0
BCS4__Cow_9,Cow_9,2,2028,V_single,2,1,19,1.0,0.58,0.58,0.42,0.13099676958873255,0.046678781509399414,0.58
BCS4__Cow_9,Cow_9,2,2028,V_single,2,3,19,3.0,0.32,0.68,0.68,0.0719371446617741,0.04351569339632988,0.32
BCS4__Cow_9,Cow_9,2,2028,V_single,2,6,19,6.0,0.08,0.92,0.92,0.04477962432367647,0.036711160093545914,0.08
BCS4__Cow_9,Cow_9,2,2028,V_single,2,12,19,12.0,0.0,1.0,1.0,0.024034327000657912,0.034315839409828186,0.0
BCS5__Cow_10_0029,Cow_10,2,2028,V_single,3,1,5,1.0,1.0,1.0,0.0,0.08053394132675774,0.09939011931419373,1.0
BCS5__Cow_10_0029,Cow_10,2,2028,V_single,3,3,5,3.0,1.0,1.0,0.0,0.032620452039431945,0.09511994570493698,1.0
BCS5__Cow_10_0029,Cow_10,2,2028,V_single,3,6,5,3.7,1.0,1.0,0.0,0.03434984396118895,0.09300719946622849,1.0
BCS5__Cow_10_0029,Cow_10,2,2028,V_single,3,12,5,4.5,1.0,1.0,0.0,0.021873149133957666,0.09496887028217316,1.0
BCS5__Cow_24,Cow_24,2,2028,V_single,3,1,12,1.0,0.96,0.96,0.04,0.07868604088905466,0.0240712221711874,0.96
BCS5__Cow_24,Cow_24,2,2028,V_single,3,3,12,3.0,1.0,1.0,0.0,0.03520421917623117,0.015372165478765965,1.0
BCS5__Cow_24,Cow_24,2,2028,V_single,3,6,12,6.0,1.0,1.0,0.0,0.0267272214816199,0.023337872698903084,1.0
BCS5__Cow_24,Cow_24,2,2028,V_single,3,12,12,12.0,1.0,1.0,0.0,2.3226722721091356e-07,0.020641164854168892,1.0
BCS5__Cow_24_7022,Cow_24,2,2028,V_single,3,1,3,1.0,0.3,0.7,0.7,0.17759863034370912,0.13418743014335632,0.3
BCS5__Cow_24_7022,Cow_24,2,2028,V_single,3,3,3,3.0,0.0,1.0,1.0,2.0191554537984728e-07,0.1157163605093956,0.0
BCS5__Cow_24_7022,Cow_24,2,2028,V_single,3,6,3,2.78,0.02,0.98,0.98,0.0751198335667738,0.11848752945661545,0.02
BCS5__Cow_24_7022,Cow_24,2,2028,V_single,3,12,3,2.96,0.0,1.0,1.0,0.05751079252161693,0.113901287317276,0.0
BCS5__Cow_28,Cow_28,2,2028,V_single,3,1,28,1.0,0.94,0.94,0.06,0.14898423884133197,0.035261642187833786,0.94
BCS5__Cow_28,Cow_28,2,2028,V_single,3,3,28,3.0,1.0,1.0,0.0,0.0508126106901236,0.02230142429471016,1.0
BCS5__Cow_28,Cow_28,2,2028,V_single,3,6,28,6.0,1.0,1.0,0.0,0.032623665334402474,0.0166440699249506,1.0
BCS5__Cow_28,Cow_28,2,2028,V_single,3,12,28,12.0,1.0,1.0,0.0,0.020567202335041352,0.01174111757427454,1.0
BCS5__Cow_28_4024,Cow_28,2,2028,V_single,3,1,3,1.0,0.74,0.74,0.26,0.07483780205705386,0.06048744171857834,0.0
BCS5__Cow_28_4024,Cow_28,2,2028,V_single,3,3,3,3.0,1.0,1.0,0.0,1.7273729403033884e-07,0.059444427490234375,0.0
BCS5__Cow_28_4024,Cow_28,2,2028,V_single,3,6,3,2.76,0.86,0.86,0.14,0.02717732332204625,0.06344806402921677,0.0
BCS5__Cow_28_4024,Cow_28,2,2028,V_single,3,12,3,3.0,0.92,0.92,0.08,0.023939920284403962,0.05939486622810364,0.0
BCS5__Cow_3,Cow_3,2,2028,V_single,3,1,10,1.0,1.0,1.0,0.0,0.020368713967148098,0.015549708157777786,0.0
BCS5__Cow_3,Cow_3,2,2028,V_single,3,3,10,3.0,1.0,1.0,0.0,0.010166343543688495,0.007990550249814987,0.0
BCS5__Cow_3,Cow_3,2,2028,V_single,3,6,10,6.0,1.0,1.0,0.0,0.00500758782726885,0.004277912434190512,0.0
BCS5__Cow_3,Cow_3,2,2028,V_single,3,12,10,7.26,1.0,1.0,0.0,0.0049175184063365756,0.00383907207287848,0.0
BCS5__Cow_30_30,Cow_30,2,2028,V_single,3,1,6,1.0,1.0,1.0,0.0,0.0467298285098323,0.021886687725782394,1.0
BCS5__Cow_30_30,Cow_30,2,2028,V_single,3,3,6,3.0,1.0,1.0,0.0,0.016904171263230332,0.014805810526013374,1.0
BCS5__Cow_30_30,Cow_30,2,2028,V_single,3,6,6,6.0,1.0,1.0,0.0,1.9761333811130145e-07,0.010642425157129765,1.0
BCS5__Cow_30_30,Cow_30,2,2028,V_single,3,12,6,5.24,1.0,1.0,0.0,0.012700879816937906,0.012719733640551567,1.0
BCS5__Cow_34,Cow_34,2,2028,V_single,3,1,9,1.0,1.0,1.0,0.0,0.33028343965975077,0.11034087836742401,0.0
BCS5__Cow_34,Cow_34,2,2028,V_single,3,3,9,3.0,1.0,1.0,0.0,0.10063520056958952,0.05698699876666069,0.0
BCS5__Cow_34,Cow_34,2,2028,V_single,3,6,9,6.0,1.0,1.0,0.0,0.04816954001657453,0.043469157069921494,0.0
BCS5__Cow_34,Cow_34,2,2028,V_single,3,12,9,6.9,1.0,1.0,0.0,0.05857299404228827,0.0488923080265522,0.0
BCS5__Cow_34_1,Cow_34,2,2028,V_single,3,1,4,1.0,0.54,0.54,0.58,0.5295695716158499,0.20105701684951782,0.0
BCS5__Cow_34_1,Cow_34,2,2028,V_single,3,3,4,3.0,1.0,1.0,0.0,0.19100888426575213,0.18284982442855835,0.0
BCS5__Cow_34_1,Cow_34,2,2028,V_single,3,6,4,3.38,1.0,1.0,0.0,0.22976856066348156,0.1734025925397873,0.0
BCS5__Cow_34_1,Cow_34,2,2028,V_single,3,12,4,3.82,1.0,1.0,0.0,0.17808449354883144,0.1834121197462082,0.0
BCS5__Cow_50,Cow_50,2,2028,V_single,3,1,39,1.0,0.06,0.94,0.94,0.056862500931472756,0.07446511089801788,0.0
BCS5__Cow_50,Cow_50,2,2028,V_single,3,3,39,3.0,0.0,1.0,1.0,0.03282126765199281,0.07765322923660278,0.0
BCS5__Cow_50,Cow_50,2,2028,V_single,3,6,39,6.0,0.0,1.0,1.0,0.026961076132863755,0.07924192398786545,0.0
BCS5__Cow_50,Cow_50,2,2028,V_single,3,12,39,12.0,0.0,1.0,1.0,0.012296614019596629,0.08020441234111786,0.0
BCS5__Cow_50_49,Cow_50,2,2028,V_single,3,1,3,1.0,1.0,1.0,0.0,0.06870961792718092,0.02495046891272068,1.0
BCS5__Cow_50_49,Cow_50,2,2028,V_single,3,3,3,3.0,1.0,1.0,0.0,3.655885553951951e-08,0.033557843416929245,1.0
BCS5__Cow_50_49,Cow_50,2,2028,V_single,3,6,3,2.64,1.0,1.0,0.0,0.040301351110670895,0.031322136521339417,1.0
BCS5__Cow_50_49,Cow_50,2,2028,V_single,3,12,3,3.0,1.0,1.0,0.0,0.022669632067619412,0.03389899432659149,1.0
BCS5__Cow_8_NOTAG,Cow_8,2,2028,V_single,3,1,4,1.0,1.0,1.0,0.0,0.05389397864298904,0.039113640785217285,1.0
BCS5__Cow_8_NOTAG,Cow_8,2,2028,V_single,3,3,4,3.0,1.0,1.0,0.0,0.015159401955735934,0.03229998052120209,1.0
BCS5__Cow_8_NOTAG,Cow_8,2,2028,V_single,3,6,4,3.44,1.0,1.0,0.0,0.01609974513830502,0.03196512162685394,1.0
BCS5__Cow_8_NOTAG,Cow_8,2,2028,V_single,3,12,4,3.88,1.0,1.0,0.0,0.013534012479269384,0.03493931144475937,1.0
BCS6__Cow_18,Cow_18,2,2028,V_single,4,1,33,1.0,0.5,0.5,1.06,0.8432691617542454,0.4796355068683624,0.5
BCS6__Cow_18,Cow_18,2,2028,V_single,4,3,33,3.0,0.54,0.54,0.76,0.4974602214688503,0.5394701361656189,0.54
BCS6__Cow_18,Cow_18,2,2028,V_single,4,6,33,6.0,0.46,0.46,1.0,0.40204591824702657,0.529603123664856,0.46
BCS6__Cow_18,Cow_18,2,2028,V_single,4,12,33,12.0,0.56,0.56,0.82,0.2758853772979514,0.5443094372749329,0.56
BCS6__Cow_18_32,Cow_18,2,2028,V_single,4,1,46,1.0,0.92,0.92,0.08,0.3580441396282092,0.0791122317314148,0.92
BCS6__Cow_18_32,Cow_18,2,2028,V_single,4,3,46,3.0,1.0,1.0,0.0,0.07219623622288722,0.028490977361798286,1.0
BCS6__Cow_18_32,Cow_18,2,2028,V_single,4,6,46,6.0,1.0,1.0,0.0,0.035804862755499337,0.02263619750738144,1.0
BCS6__Cow_18_32,Cow_18,2,2028,V_single,4,12,46,12.0,1.0,1.0,0.0,0.01538622104118985,0.015327909030020237,1.0
BCS6__Cow_24_08,Cow_24,2,2028,V_single,4,1,22,1.0,1.0,1.0,0.0,0.06818867291430347,0.017956696450710297,1.0
BCS6__Cow_24_08,Cow_24,2,2028,V_single,4,3,22,3.0,1.0,1.0,0.0,0.03768590881401494,0.010920727625489235,1.0
BCS6__Cow_24_08,Cow_24,2,2028,V_single,4,6,22,6.0,1.0,1.0,0.0,0.026314508455393057,0.007922486402094364,1.0
BCS6__Cow_24_08,Cow_24,2,2028,V_single,4,12,22,12.0,1.0,1.0,0.0,0.014040441978934455,0.008153720758855343,1.0
BCS6__Cow_28_3083,Cow_28,2,2028,V_single,4,1,18,1.0,1.0,1.0,0.0,0.014017456682023928,0.0070412782952189445,1.0
BCS6__Cow_28_3083,Cow_28,2,2028,V_single,4,3,18,3.0,1.0,1.0,0.0,0.008908086852712938,0.005283772945404053,1.0
BCS6__Cow_28_3083,Cow_28,2,2028,V_single,4,6,18,6.0,1.0,1.0,0.0,0.004841418287398256,0.0052489531226456165,1.0
BCS6__Cow_28_3083,Cow_28,2,2028,V_single,4,12,18,12.0,1.0,1.0,0.0,0.003092447035859323,0.005232927855104208,1.0
BCS6__Cow_3_25,Cow_3,2,2028,V_single,4,1,22,1.0,1.0,1.0,0.0,0.015527485203570857,0.0055199372582137585,1.0
BCS6__Cow_3_25,Cow_3,2,2028,V_single,4,3,22,3.0,1.0,1.0,0.0,0.0063884900611866436,0.004175390582531691,1.0
BCS6__Cow_3_25,Cow_3,2,2028,V_single,4,6,22,6.0,1.0,1.0,0.0,0.004115636871467447,0.004326644353568554,1.0
BCS6__Cow_3_25,Cow_3,2,2028,V_single,4,12,22,12.0,1.0,1.0,0.0,0.002893282269244844,0.004577997140586376,1.0
BCS6__Cow_47_68,Cow_47,2,2028,V_single,4,1,31,1.0,1.0,1.0,0.0,0.0038106553495478534,0.0030869455076754093,1.0
BCS6__Cow_47_68,Cow_47,2,2028,V_single,4,3,31,3.0,1.0,1.0,0.0,0.0019574479931047674,0.0020865448750555515,1.0
BCS6__Cow_47_68,Cow_47,2,2028,V_single,4,6,31,6.0,1.0,1.0,0.0,0.0013977955449461764,0.002208258491009474,1.0
BCS6__Cow_47_68,Cow_47,2,2028,V_single,4,12,31,12.0,1.0,1.0,0.0,0.0008379428806165174,0.002352150622755289,1.0
BCS6__Cow_9_1044,Cow_9,2,2028,V_single,4,1,36,1.0,1.0,1.0,0.0,0.01073620430304521,0.005834328476339579,1.0
BCS6__Cow_9_1044,Cow_9,2,2028,V_single,4,3,36,3.0,1.0,1.0,0.0,0.004547346125626407,0.0025782370939850807,1.0
BCS6__Cow_9_1044,Cow_9,2,2028,V_single,4,6,36,6.0,1.0,1.0,0.0,0.0040169393941849145,0.0024383063428103924,1.0
BCS6__Cow_9_1044,Cow_9,2,2028,V_single,4,12,36,12.0,1.0,1.0,0.0,0.0024735679888640474,0.001567492145113647,1.0
BCS2__Cow_21_8029,Cow_21,0,2026,V_mean,0,1,17,1.0,1.0,1.0,0.0,0.04208828050788063,0.009321842342615128,1.0
BCS2__Cow_21_8029,Cow_21,0,2026,V_mean,0,3,17,3.0,1.0,1.0,0.0,0.023711597495267613,0.00484393211081624,1.0
BCS2__Cow_21_8029,Cow_21,0,2026,V_mean,0,6,17,6.0,1.0,1.0,0.0,0.01761363763445736,0.00375553616322577,1.0
BCS2__Cow_21_8029,Cow_21,0,2026,V_mean,0,12,17,12.0,1.0,1.0,0.0,0.007122699562783205,0.0020169869530946016,1.0
BCS3__Cow_16,Cow_16,0,2026,V_mean,1,1,20,1.0,1.0,1.0,0.0,0.00884252068116943,0.006128876935690641,0.0
BCS3__Cow_16,Cow_16,0,2026,V_mean,1,3,20,3.0,1.0,1.0,0.0,0.00462365146104126,0.003922348842024803,0.0
BCS3__Cow_16,Cow_16,0,2026,V_mean,1,6,20,6.0,1.0,1.0,0.0,0.0025621989869777126,0.0026906896382570267,0.0
BCS3__Cow_16,Cow_16,0,2026,V_mean,1,12,20,12.0,1.0,1.0,0.0,0.00169953660304914,0.002349032321944833,0.0
BCS3__Cow_16_1004,Cow_16,0,2026,V_mean,1,1,3,1.0,0.74,0.74,0.26,0.09308481510185353,0.05152072012424469,0.74
BCS3__Cow_16_1004,Cow_16,0,2026,V_mean,1,3,3,3.0,1.0,1.0,0.0,8.707070910680889e-08,0.00799298845231533,1.0
BCS3__Cow_16_1004,Cow_16,0,2026,V_mean,1,6,3,2.7,0.68,0.68,0.32,0.046740216462541624,0.028169088065624237,0.68
BCS3__Cow_16_1004,Cow_16,0,2026,V_mean,1,12,3,2.96,0.72,0.72,0.28,0.02936065554383897,0.018611760810017586,0.72
BCS3__Cow_25_66,Cow_25,0,2026,V_mean,1,1,3,1.0,1.0,1.0,0.0,0.031197024000191476,0.02690391056239605,0.0
BCS3__Cow_25_66,Cow_25,0,2026,V_mean,1,3,3,3.0,1.0,1.0,0.0,4.2240821533936324e-08,0.012562322430312634,0.0
BCS3__Cow_25_66,Cow_25,0,2026,V_mean,1,6,3,2.76,1.0,1.0,0.0,0.012878987953334198,0.01696397364139557,0.0
BCS3__Cow_25_66,Cow_25,0,2026,V_mean,1,12,3,2.96,1.0,1.0,0.0,0.010174153656915963,0.015933310613036156,0.0
BCS3__Cow_2_1015,Cow_2,0,2026,V_mean,1,1,4,1.0,1.0,1.0,0.0,0.022737427135157945,0.01700725592672825,0.0
BCS3__Cow_2_1015,Cow_2,0,2026,V_mean,1,3,4,3.0,1.0,1.0,0.0,0.008846837358243655,0.00929820816963911,0.0
BCS3__Cow_2_1015,Cow_2,0,2026,V_mean,1,6,4,3.24,1.0,1.0,0.0,0.008751505710697497,0.008612464182078838,0.0
BCS3__Cow_2_1015,Cow_2,0,2026,V_mean,1,12,4,3.8,1.0,1.0,0.0,0.007019475448580025,0.008482719771564007,0.0
BCS3__Cow_46,Cow_46,0,2026,V_mean,1,1,17,1.0,1.0,1.0,0.0,0.1906948602878553,0.10011636465787888,1.0
BCS3__Cow_46,Cow_46,0,2026,V_mean,1,3,17,3.0,1.0,1.0,0.0,0.11310647201165287,0.06138398125767708,1.0
BCS3__Cow_46,Cow_46,0,2026,V_mean,1,6,17,6.0,1.0,1.0,0.0,0.07568491909132403,0.04078955203294754,1.0
BCS3__Cow_46,Cow_46,0,2026,V_mean,1,12,17,12.0,1.0,1.0,0.0,0.03210366636474321,0.020677803084254265,1.0
BCS3__Cow_46_1,Cow_46,0,2026,V_mean,1,1,9,1.0,1.0,1.0,0.0,0.08896682525172896,0.05113574489951134,1.0
BCS3__Cow_46_1,Cow_46,0,2026,V_mean,1,3,9,3.0,1.0,1.0,0.0,0.03952240810000489,0.022256050258874893,1.0
BCS3__Cow_46_1,Cow_46,0,2026,V_mean,1,6,9,6.0,1.0,1.0,0.0,0.01758378654808169,0.015299412421882153,1.0
BCS3__Cow_46_1,Cow_46,0,2026,V_mean,1,12,9,7.06,1.0,1.0,0.0,0.019036257021000383,0.015481522306799889,1.0
BCS3__Cow_46_2,Cow_46,0,2026,V_mean,1,1,3,1.0,1.0,1.0,0.0,0.20780696979459476,0.3040812611579895,1.0
BCS3__Cow_46_2,Cow_46,0,2026,V_mean,1,3,3,3.0,1.0,1.0,0.0,1.0403328447192672e-07,0.20744949579238892,1.0
BCS3__Cow_46_2,Cow_46,0,2026,V_mean,1,6,3,2.72,1.0,1.0,0.0,0.10664208907446712,0.214702308177948,1.0
BCS3__Cow_46_2,Cow_46,0,2026,V_mean,1,12,3,2.96,1.0,1.0,0.0,0.0841437151418107,0.20526765286922455,1.0
BCS3__Cow_53,Cow_53,0,2026,V_mean,1,1,3,1.0,1.0,1.0,0.0,0.06052992238738331,0.16007906198501587,1.0
BCS3__Cow_53,Cow_53,0,2026,V_mean,1,3,3,3.0,1.0,1.0,0.0,1.4612506374061546e-08,0.11969911307096481,1.0
BCS3__Cow_53,Cow_53,0,2026,V_mean,1,6,3,2.68,1.0,1.0,0.0,0.024183447765367634,0.13200455904006958,1.0
BCS3__Cow_53,Cow_53,0,2026,V_mean,1,12,3,3.0,1.0,1.0,0.0,0.015809213337387995,0.11065967381000519,1.0
BCS4__Cow_15_68,Cow_15,0,2026,V_mean,2,1,3,1.0,0.58,0.58,0.42,0.06811905873294066,0.04004562273621559,0.42
BCS4__Cow_15_68,Cow_15,0,2026,V_mean,2,3,3,3.0,1.0,1.0,0.0,0.0,0.024777628481388092,0.0
BCS4__Cow_15_68,Cow_15,0,2026,V_mean,2,6,3,2.78,0.7,0.7,0.3,0.02906344095697985,0.025443917140364647,0.3
BCS4__Cow_15_68,Cow_15,0,2026,V_mean,2,12,3,2.98,0.82,0.82,0.18,0.014629922970716894,0.024858735501766205,0.18
BCS4__Cow_17,Cow_17,0,2026,V_mean,2,1,10,1.0,1.0,1.0,0.0,0.011090042942070881,0.009222223423421383,0.0
BCS4__Cow_17,Cow_17,0,2026,V_mean,2,3,10,3.0,1.0,1.0,0.0,0.004593563001621471,0.00403394503518939,0.0
BCS4__Cow_17,Cow_17,0,2026,V_mean,2,6,10,6.0,1.0,1.0,0.0,0.0030097470056202574,0.003184338565915823,0.0
BCS4__Cow_17,Cow_17,0,2026,V_mean,2,12,10,7.04,1.0,1.0,0.0,0.002741967348708203,0.0031463599298149347,0.0
BCS4__Cow_19,Cow_19,0,2026,V_mean,2,1,57,1.0,0.56,0.56,0.44,0.12272431560204078,0.07265202701091766,0.56
BCS4__Cow_19,Cow_19,0,2026,V_mean,2,3,57,3.0,0.9,0.9,0.1,0.05804651382445532,0.03129987791180611,0.9
BCS4__Cow_19,Cow_19,0,2026,V_mean,2,6,57,6.0,0.84,0.84,0.16,0.04783139983842869,0.03552428260445595,0.84
BCS4__Cow_19,Cow_19,0,2026,V_mean,2,12,57,12.0,1.0,1.0,0.0,0.027654246616381627,0.02387917973101139,1.0
BCS4__Cow_19_0037,Cow_19,0,2026,V_mean,2,1,5,1.0,1.0,1.0,0.0,0.02132957745731423,0.016678981482982635,0.0
BCS4__Cow_19_0037,Cow_19,0,2026,V_mean,2,3,5,3.0,1.0,1.0,0.0,0.00875329787679319,0.009254508651793003,0.0
BCS4__Cow_19_0037,Cow_19,0,2026,V_mean,2,6,5,3.6,1.0,1.0,0.0,0.007778076908138284,0.00784376822412014,0.0
BCS4__Cow_19_0037,Cow_19,0,2026,V_mean,2,12,5,4.6,1.0,1.0,0.0,0.005981544704622344,0.00748094730079174,0.0
BCS4__Cow_2,Cow_2,0,2026,V_mean,2,1,13,1.0,1.0,1.0,0.0,0.016636313277117593,0.013352704234421253,0.0
BCS4__Cow_2,Cow_2,0,2026,V_mean,2,3,13,3.0,1.0,1.0,0.0,0.008242700402217912,0.007131834048777819,0.0
BCS4__Cow_2,Cow_2,0,2026,V_mean,2,6,13,6.0,1.0,1.0,0.0,0.005312969334325501,0.004540976136922836,0.0
BCS4__Cow_2,Cow_2,0,2026,V_mean,2,12,13,12.0,1.0,1.0,0.0,0.001391203464176711,0.0023341733030974865,0.0
BCS4__Cow_23,Cow_23,0,2026,V_mean,2,1,18,1.0,1.0,1.0,0.0,0.01752621938343898,0.009254065342247486,1.0
BCS4__Cow_23,Cow_23,0,2026,V_mean,2,3,18,3.0,1.0,1.0,0.0,0.012309524712942135,0.005873660556972027,1.0
BCS4__Cow_23,Cow_23,0,2026,V_mean,2,6,18,6.0,1.0,1.0,0.0,0.007631035646836704,0.0039183637127280235,1.0
BCS4__Cow_23,Cow_23,0,2026,V_mean,2,12,18,12.0,1.0,1.0,0.0,0.004604805718908703,0.0024359531234949827,1.0
BCS4__Cow_31,Cow_31,0,2026,V_mean,2,1,12,1.0,0.92,0.92,0.24,0.5733943163268003,0.14248134195804596,0.0
BCS4__Cow_31,Cow_31,0,2026,V_mean,2,3,12,3.0,1.0,1.0,0.0,0.19752949020654176,0.0721488669514656,0.0
BCS4__Cow_31,Cow_31,0,2026,V_mean,2,6,12,6.0,1.0,1.0,0.0,0.12659102394137065,0.048537712544202805,0.0
BCS4__Cow_31,Cow_31,0,2026,V_mean,2,12,12,12.0,1.0,1.0,0.0,2.019041913524496e-08,3.8696454929265656e-09,0.0
BCS4__Cow_32_0035,Cow_32,0,2026,V_mean,2,1,8,1.0,0.88,0.88,0.12,0.17503451931054076,0.10312561690807343,0.12
BCS4__Cow_32_0035,Cow_32,0,2026,V_mean,2,3,8,3.0,1.0,1.0,0.0,0.08258469088999275,0.045213788747787476,0.0
BCS4__Cow_32_0035,Cow_32,0,2026,V_mean,2,6,8,6.0,1.0,1.0,0.0,0.03620678024088267,0.023206010460853577,0.0
BCS4__Cow_32_0035,Cow_32,0,2026,V_mean,2,12,8,6.48,1.0,1.0,0.0,0.048383712122075956,0.02744654193520546,0.0
BCS4__Cow_44_1,Cow_44,0,2026,V_mean,2,1,22,1.0,1.0,1.0,0.0,0.009256992032767856,0.0069688307121396065,0.0
BCS4__Cow_44_1,Cow_44,0,2026,V_mean,2,3,22,3.0,1.0,1.0,0.0,0.005182044112396974,0.004545262083411217,0.0
BCS4__Cow_44_1,Cow_44,0,2026,V_mean,2,6,22,6.0,1.0,1.0,0.0,0.003570497245051143,0.0032740100286900997,0.0
BCS4__Cow_44_1,Cow_44,0,2026,V_mean,2,12,22,12.0,1.0,1.0,0.0,0.0020547729732503296,0.0020885157864540815,0.0
BCS4__Cow_51,Cow_51,0,2026,V_mean,2,1,4,1.0,0.24,0.76,0.76,0.018936151901140456,0.022620055824518204,0.76
BCS4__Cow_51,Cow_51,0,2026,V_mean,2,3,4,3.0,0.0,1.0,1.0,0.00588203685013314,0.016653327271342278,1.0
BCS4__Cow_51,Cow_51,0,2026,V_mean,2,6,4,3.1,0.02,0.98,0.98,0.007294304371646855,0.01780218631029129,0.98
BCS4__Cow_51,Cow_51,0,2026,V_mean,2,12,4,3.84,0.02,0.98,0.98,0.004711083885969795,0.017325187101960182,0.98
BCS4__Cow_51_0035,Cow_51,0,2026,V_mean,2,1,4,1.0,0.4,0.6,0.6,0.043287825264545124,0.029247375205159187,0.4
BCS4__Cow_51_0035,Cow_51,0,2026,V_mean,2,3,4,3.0,0.0,1.0,1.0,0.015317457198656896,0.017508171498775482,0.0
BCS4__Cow_51_0035,Cow_51,0,2026,V_mean,2,6,4,3.4,0.06,0.94,0.94,0.01715025234982686,0.020145930349826813,0.06
BCS4__Cow_51_0035,Cow_51,0,2026,V_mean,2,12,4,3.92,0.06,0.94,0.94,0.013715382217990018,0.01900853030383587,0.06
BCS4__Cow_7,Cow_7,0,2026,V_mean,2,1,15,1.0,1.0,1.0,0.0,0.059558325597565374,0.022731982171535492,0.0
BCS4__Cow_7,Cow_7,0,2026,V_mean,2,3,15,3.0,1.0,1.0,0.0,0.02089842504543888,0.010691805742681026,0.0
BCS4__Cow_7,Cow_7,0,2026,V_mean,2,6,15,6.0,1.0,1.0,0.0,0.011398849669901897,0.00656973198056221,0.0
BCS4__Cow_7,Cow_7,0,2026,V_mean,2,12,15,12.0,1.0,1.0,0.0,0.0035461248406419396,0.002579067600890994,0.0
BCS5__Cow_15,Cow_15,0,2026,V_mean,3,1,25,1.0,0.86,0.86,0.14,0.053742979196778874,0.025785427540540695,0.86
BCS5__Cow_15,Cow_15,0,2026,V_mean,3,3,25,3.0,1.0,1.0,0.0,0.017141859351211597,0.010679512284696102,1.0
BCS5__Cow_15,Cow_15,0,2026,V_mean,3,6,25,6.0,1.0,1.0,0.0,0.012294336320692262,0.008084236644208431,1.0
BCS5__Cow_15,Cow_15,0,2026,V_mean,3,12,25,12.0,1.0,1.0,0.0,0.007160094160718661,0.005991731304675341,1.0
BCS5__Cow_17_17,Cow_17,0,2026,V_mean,3,1,6,1.0,1.0,1.0,0.0,0.01302438170650364,0.010898897424340248,1.0
BCS5__Cow_17_17,Cow_17,0,2026,V_mean,3,3,6,3.0,1.0,1.0,0.0,0.00572394191122919,0.005078013055026531,1.0
BCS5__Cow_17_17,Cow_17,0,2026,V_mean,3,6,6,6.0,1.0,1.0,0.0,1.503968999161323e-07,0.001526280539110303,1.0
BCS5__Cow_17_17,Cow_17,0,2026,V_mean,3,12,6,5.26,1.0,1.0,0.0,0.0032134842522804044,0.002756543690338731,1.0
BCS5__Cow_21,Cow_21,0,2026,V_mean,3,1,18,1.0,1.0,1.0,0.0,0.01039722523283811,0.008236745372414589,1.0
BCS5__Cow_21,Cow_21,0,2026,V_mean,3,3,18,3.0,1.0,1.0,0.0,0.0048834614817030286,0.004391915164887905,1.0
BCS5__Cow_21,Cow_21,0,2026,V_mean,3,6,18,6.0,1.0,1.0,0.0,0.002860502994554579,0.0026618181727826595,1.0
BCS5__Cow_21,Cow_21,0,2026,V_mean,3,12,18,12.0,1.0,1.0,0.0,0.0014236787680189714,0.0015360346296802163,1.0
BCS5__Cow_23_1067,Cow_23,0,2026,V_mean,3,1,5,1.0,1.0,1.0,0.0,0.013112840011370974,0.014510533772408962,1.0
BCS5__Cow_23_1067,Cow_23,0,2026,V_mean,3,3,5,3.0,1.0,1.0,0.0,0.006422120931810032,0.007986968383193016,1.0
BCS5__Cow_23_1067,Cow_23,0,2026,V_mean,3,6,5,3.74,1.0,1.0,0.0,0.005069271666559724,0.008179206401109695,1.0
BCS5__Cow_23_1067,Cow_23,0,2026,V_mean,3,12,5,4.72,1.0,1.0,0.0,0.003981493483350329,0.006753336638212204,1.0
BCS5__Cow_25,Cow_25,0,2026,V_mean,3,1,29,1.0,0.82,0.82,0.18,0.11628489785310137,0.06775420159101486,0.0
BCS5__Cow_25,Cow_25,0,2026,V_mean,3,3,29,3.0,0.86,0.86,0.14,0.0646122331358989,0.04059842973947525,0.0
BCS5__Cow_25,Cow_25,0,2026,V_mean,3,6,29,6.0,0.94,0.94,0.06,0.041961298887219604,0.025712355971336365,0.0
BCS5__Cow_25,Cow_25,0,2026,V_mean,3,12,29,12.0,1.0,1.0,0.0,0.02677541553539778,0.020513571798801422,0.0
BCS5__Cow_31_15,Cow_31,0,2026,V_mean,3,1,3,1.0,1.0,1.0,0.0,0.0166558860274938,0.009638752788305283,1.0
BCS5__Cow_31_15,Cow_31,0,2026,V_mean,3,3,3,3.0,1.0,1.0,0.0,2.0532433336652146e-07,0.003008765634149313,1.0
BCS5__Cow_31_15,Cow_31,0,2026,V_mean,3,6,3,2.8,1.0,1.0,0.0,0.006883704723965205,0.004762285854667425,1.0
BCS5__Cow_31_15,Cow_31,0,2026,V_mean,3,12,3,2.94,1.0,1.0,0.0,0.005069720851950863,0.003890441730618477,1.0
BCS5__Cow_31_2024,Cow_31,0,2026,V_mean,3,1,5,1.0,1.0,1.0,0.0,0.05084677226811143,0.04996107891201973,1.0
BCS5__Cow_31_2024,Cow_31,0,2026,V_mean,3,3,5,3.0,1.0,1.0,0.0,0.019819386148122915,0.0409407764673233,1.0
BCS5__Cow_31_2024,Cow_31,0,2026,V_mean,3,6,5,3.62,1.0,1.0,0.0,0.019544189039507654,0.04175715893507004,1.0
BCS5__Cow_31_2024,Cow_31,0,2026,V_mean,3,12,5,4.72,1.0,1.0,0.0,0.013791944201803434,0.04216911643743515,1.0
BCS5__Cow_32,Cow_32,0,2026,V_mean,3,1,5,1.0,1.0,1.0,0.0,0.05597894748408118,0.05318989232182503,1.0
BCS5__Cow_32,Cow_32,0,2026,V_mean,3,3,5,3.0,1.0,1.0,0.0,0.026377925343965603,0.022344114258885384,1.0
BCS5__Cow_32,Cow_32,0,2026,V_mean,3,6,5,3.66,1.0,1.0,0.0,0.01972020865835429,0.02001623436808586,1.0
BCS5__Cow_32,Cow_32,0,2026,V_mean,3,12,5,4.72,1.0,1.0,0.0,0.014826471847240353,0.019246870651841164,1.0
BCS5__Cow_44_3008,Cow_44,0,2026,V_mean,3,1,3,1.0,1.0,1.0,0.0,0.0122558115520912,0.020673843100667,1.0
BCS5__Cow_44_3008,Cow_44,0,2026,V_mean,3,3,3,3.0,1.0,1.0,0.0,1.5763561231356476e-07,0.013208111748099327,1.0
BCS5__Cow_44_3008,Cow_44,0,2026,V_mean,3,6,3,2.78,1.0,1.0,0.0,0.004514092785203747,0.011912915855646133,1.0
BCS5__Cow_44_3008,Cow_44,0,2026,V_mean,3,12,3,2.96,1.0,1.0,0.0,0.0031854540639591348,0.012109612114727497,1.0
BCS5__Cow_45,Cow_45,0,2026,V_mean,3,1,24,1.0,1.0,1.0,0.0,0.009253818910440883,0.007247054949402809,1.0
BCS5__Cow_45,Cow_45,0,2026,V_mean,3,3,24,3.0,1.0,1.0,0.0,0.0041593536962741765,0.003377350280061364,1.0
BCS5__Cow_45,Cow_45,0,2026,V_mean,3,6,24,6.0,1.0,1.0,0.0,0.003644474340435577,0.00298652914352715,1.0
BCS5__Cow_45,Cow_45,0,2026,V_mean,3,12,24,12.0,1.0,1.0,0.0,0.0021025335236379114,0.001639927620999515,1.0
BCS5__Cow_53_30,Cow_53,0,2026,V_mean,3,1,4,1.0,1.0,1.0,0.0,0.020555213170853938,0.02095366083085537,1.0
BCS5__Cow_53_30,Cow_53,0,2026,V_mean,3,3,4,3.0,1.0,1.0,0.0,0.006432920765507806,0.010384873487055302,1.0
BCS5__Cow_53_30,Cow_53,0,2026,V_mean,3,6,4,3.2,1.0,1.0,0.0,0.007364530912596003,0.010146519169211388,1.0
BCS5__Cow_53_30,Cow_53,0,2026,V_mean,3,12,4,3.86,1.0,1.0,0.0,0.005140059147500639,0.010196314193308353,1.0
BCS5__Cow_7_6022,Cow_7,0,2026,V_mean,3,1,3,1.0,0.28,0.72,0.72,0.034751284124649104,0.0246011670678854,0.28
BCS5__Cow_7_6022,Cow_7,0,2026,V_mean,3,3,3,3.0,1.0,1.0,0.0,1.3989085491567874e-07,0.01753009483218193,1.0
BCS5__Cow_7_6022,Cow_7,0,2026,V_mean,3,6,3,2.68,0.92,0.92,0.08,0.012928793803129415,0.01869790069758892,0.92
BCS5__Cow_7_6022,Cow_7,0,2026,V_mean,3,12,3,2.96,0.98,0.98,0.02,0.011021562224385044,0.018407659605145454,0.98
BCS6__Cow_16_06,Cow_16,0,2026,V_mean,4,1,62,1.0,1.0,1.0,0.0,0.001053551243827516,0.0005594487302005291,1.0
BCS6__Cow_16_06,Cow_16,0,2026,V_mean,4,3,62,3.0,1.0,1.0,0.0,0.0006149843930457912,0.00034014045377261937,1.0
BCS6__Cow_16_06,Cow_16,0,2026,V_mean,4,6,62,6.0,1.0,1.0,0.0,0.0003694628628426913,0.0002311002608621493,1.0
BCS6__Cow_16_06,Cow_16,0,2026,V_mean,4,12,62,12.0,1.0,1.0,0.0,0.00022440740281864723,0.0001732858072500676,1.0
BCS6__Cow_19_29,Cow_19,0,2026,V_mean,4,1,52,1.0,1.0,1.0,0.0,0.0026755301352109516,0.001832572859711945,1.0
BCS6__Cow_19_29,Cow_19,0,2026,V_mean,4,3,52,3.0,1.0,1.0,0.0,0.0015703814031952663,0.001059416332282126,1.0
BCS6__Cow_19_29,Cow_19,0,2026,V_mean,4,6,52,6.0,1.0,1.0,0.0,0.00090792849302762,0.0007174111669883132,1.0
BCS6__Cow_19_29,Cow_19,0,2026,V_mean,4,12,52,12.0,1.0,1.0,0.0,0.0006481621218612154,0.0005329431733116508,1.0
BCS6__Cow_2_6006,Cow_2,0,2026,V_mean,4,1,31,1.0,1.0,1.0,0.0,0.00025440087603319564,0.00015337223885580897,1.0
BCS6__Cow_2_6006,Cow_2,0,2026,V_mean,4,3,31,3.0,1.0,1.0,0.0,0.00013787533530736835,7.888227992225438e-05,1.0
BCS6__Cow_2_6006,Cow_2,0,2026,V_mean,4,6,31,6.0,1.0,1.0,0.0,0.00010155796455708365,5.596566552412696e-05,1.0
BCS6__Cow_2_6006,Cow_2,0,2026,V_mean,4,12,31,12.0,1.0,1.0,0.0,6.45128650127454e-05,3.62396240234375e-05,1.0
BCS6__Cow_32_34,Cow_32,0,2026,V_mean,4,1,7,1.0,1.0,1.0,0.0,0.0009411080746005543,0.0004923898377455771,1.0
BCS6__Cow_32_34,Cow_32,0,2026,V_mean,4,3,7,3.0,1.0,1.0,0.0,0.00046417333222099357,0.00040191281004808843,1.0
BCS6__Cow_32_34,Cow_32,0,2026,V_mean,4,6,7,6.0,1.0,1.0,0.0,0.00016388558691950828,0.0003551283443812281,1.0
BCS6__Cow_32_34,Cow_32,0,2026,V_mean,4,12,7,5.84,1.0,1.0,0.0,0.00030197285819213944,0.0004223006253596395,1.0
BCS6__Cow_36,Cow_36,0,2026,V_mean,4,1,37,1.0,0.72,0.72,0.28,0.5842382936337561,0.27616092562675476,0.72
BCS6__Cow_36,Cow_36,0,2026,V_mean,4,3,37,3.0,0.96,0.96,0.04,0.26672685762495857,0.08662306517362595,0.96
BCS6__Cow_36,Cow_36,0,2026,V_mean,4,6,37,6.0,1.0,1.0,0.0,0.08287923795241395,0.02967401035130024,1.0
BCS6__Cow_36,Cow_36,0,2026,V_mean,4,12,37,12.0,1.0,1.0,0.0,0.04900769462951301,0.024950075894594193,1.0
BCS6__Cow_36_1,Cow_36,0,2026,V_mean,4,1,46,1.0,0.68,0.68,0.38,0.6463413088630617,0.35316455364227295,0.68
BCS6__Cow_36_1,Cow_36,0,2026,V_mean,4,3,46,3.0,0.84,0.84,0.16,0.4194526006820237,0.16800490021705627,0.84
BCS6__Cow_36_1,Cow_36,0,2026,V_mean,4,6,46,6.0,0.96,0.96,0.04,0.294812167820546,0.1310698390007019,0.96
BCS6__Cow_36_1,Cow_36,0,2026,V_mean,4,12,46,12.0,0.98,0.98,0.02,0.19703947752700743,0.08643127232789993,0.98
BCS6__Cow_45_9025,Cow_45,0,2026,V_mean,4,1,31,1.0,1.0,1.0,0.0,0.0013545899283682109,0.000723523844499141,1.0
BCS6__Cow_45_9025,Cow_45,0,2026,V_mean,4,3,31,3.0,1.0,1.0,0.0,0.0008054289216293723,0.0004744640027638525,1.0
BCS6__Cow_45_9025,Cow_45,0,2026,V_mean,4,6,31,6.0,1.0,1.0,0.0,0.0005952211926012336,0.00034528490505181253,1.0
BCS6__Cow_45_9025,Cow_45,0,2026,V_mean,4,12,31,12.0,1.0,1.0,0.0,0.00030383948581753873,0.00019247386080678552,1.0
BCS6__Cow_52_29,Cow_52,0,2026,V_mean,4,1,55,1.0,1.0,1.0,0.0,0.0009909787917645055,0.0005194342229515314,1.0
BCS6__Cow_52_29,Cow_52,0,2026,V_mean,4,3,55,3.0,1.0,1.0,0.0,0.00042005008514033515,0.0002208985242759809,1.0
BCS6__Cow_52_29,Cow_52,0,2026,V_mean,4,6,55,6.0,1.0,1.0,0.0,0.0003341825807140285,0.00017789060075301677,1.0
BCS6__Cow_52_29,Cow_52,0,2026,V_mean,4,12,55,12.0,1.0,1.0,0.0,0.00020773643712058255,0.00010260390990879387,1.0
BCS6__Cow_7_9008,Cow_7,0,2026,V_mean,4,1,19,1.0,1.0,1.0,0.0,0.00510127531748506,0.003805925603955984,1.0
BCS6__Cow_7_9008,Cow_7,0,2026,V_mean,4,3,19,3.0,1.0,1.0,0.0,0.002318450308981017,0.0015166732482612133,1.0
BCS6__Cow_7_9008,Cow_7,0,2026,V_mean,4,6,19,6.0,1.0,1.0,0.0,0.0015261098645150037,0.0010305469622835517,1.0
BCS6__Cow_7_9008,Cow_7,0,2026,V_mean,4,12,19,12.0,1.0,1.0,0.0,0.0008952426754440943,0.0006135915173217654,1.0
BCS2__Cow_11,Cow_11,1,2026,V_mean,0,1,76,1.0,0.76,0.76,0.24,0.1126676428305042,0.025360919535160065,0.24
BCS2__Cow_11,Cow_11,1,2026,V_mean,0,3,76,3.0,0.86,0.86,0.14,0.05085108315589698,0.015665585175156593,0.14
BCS2__Cow_11,Cow_11,1,2026,V_mean,0,6,76,6.0,0.82,0.82,0.18,0.03575690443434415,0.011335589922964573,0.18
BCS2__Cow_11,Cow_11,1,2026,V_mean,0,12,76,12.0,0.92,0.92,0.08,0.029400748719068514,0.009791260585188866,0.08
BCS2__Cow_11_1,Cow_11,1,2026,V_mean,0,1,6,1.0,0.82,0.82,0.18,0.1797402681323676,0.047274619340896606,0.82
BCS2__Cow_11_1,Cow_11,1,2026,V_mean,0,3,6,3.0,1.0,1.0,0.0,0.07848883229035505,0.025487102568149567,1.0
BCS2__Cow_11_1,Cow_11,1,2026,V_mean,0,6,6,6.0,1.0,1.0,0.0,1.323572275385361e-07,0.009918224066495895,1.0
BCS2__Cow_11_1,Cow_11,1,2026,V_mean,0,12,6,5.38,1.0,1.0,0.0,0.05491703719647152,0.01701587252318859,1.0
BCS2__Cow_11_2,Cow_11,1,2026,V_mean,0,1,40,1.0,1.0,1.0,0.0,0.3805955146500847,0.1691626012325287,1.0
BCS2__Cow_11_2,Cow_11,1,2026,V_mean,0,3,40,3.0,1.0,1.0,0.0,0.22419912922378332,0.08528733998537064,1.0
BCS2__Cow_11_2,Cow_11,1,2026,V_mean,0,6,40,6.0,1.0,1.0,0.0,0.1876205564737818,0.0710366889834404,1.0
BCS2__Cow_11_2,Cow_11,1,2026,V_mean,0,12,40,12.0,1.0,1.0,0.0,0.11993594142003888,0.04843498766422272,1.0
BCS3__Cow_14,Cow_14,1,2026,V_mean,1,1,4,1.0,0.86,0.86,0.14,0.022567933909477485,0.007140255067497492,0.14
BCS3__Cow_14,Cow_14,1,2026,V_mean,1,3,4,3.0,0.74,0.74,0.26,0.0070410814631090566,0.005980683956295252,0.26
BCS3__Cow_14,Cow_14,1,2026,V_mean,1,6,4,3.14,0.74,0.74,0.26,0.010117739627675579,0.00643505621701479,0.26
BCS3__Cow_14,Cow_14,1,2026,V_mean,1,12,4,3.88,0.76,0.76,0.24,0.0075981820452491276,0.006507424172013998,0.24
BCS3__Cow_14_0011,Cow_14,1,2026,V_mean,1,1,4,1.0,1.0,1.0,0.0,0.24970182733794777,0.12093806266784668,0.0
BCS3__Cow_14_0011,Cow_14,1,2026,V_mean,1,3,4,3.0,1.0,1.0,0.0,0.08330295803567839,0.06449594348669052,0.0
BCS3__Cow_14_0011,Cow_14,1,2026,V_mean,1,6,4,3.48,1.0,1.0,0.0,0.0953124644169905,0.0619279146194458,0.0
BCS3__Cow_14_0011,Cow_14,1,2026,V_mean,1,12,4,3.9,1.0,1.0,0.0,0.09034462442155357,0.053412314504384995,0.0
BCS3__Cow_6_103,Cow_6,1,2026,V_mean,1,1,4,1.0,1.0,1.0,0.0,0.14459039576120766,0.06065072864294052,0.0
BCS3__Cow_6_103,Cow_6,1,2026,V_mean,1,3,4,3.0,1.0,1.0,0.0,0.046716005518864546,0.050697922706604004,0.0
BCS3__Cow_6_103,Cow_6,1,2026,V_mean,1,6,4,3.36,1.0,1.0,0.0,0.04939878014726633,0.04892104119062424,0.0
BCS3__Cow_6_103,Cow_6,1,2026,V_mean,1,12,4,3.94,1.0,1.0,0.0,0.050814940391235415,0.04799174144864082,0.0
BCS4__Cow_1,Cow_1,1,2026,V_mean,2,1,9,1.0,1.0,1.0,0.0,0.005249176066026538,0.0021304970141500235,1.0
BCS4__Cow_1,Cow_1,1,2026,V_mean,2,3,9,3.0,1.0,1.0,0.0,0.002351281489498217,0.0010995689081028104,1.0
BCS4__Cow_1,Cow_1,1,2026,V_mean,2,6,9,6.0,1.0,1.0,0.0,0.0012720802345226202,0.0006726294523105025,1.0
BCS4__Cow_1,Cow_1,1,2026,V_mean,2,12,9,6.56,1.0,1.0,0.0,0.001439692876847574,0.0007501640939153731,1.0
BCS4__Cow_26,Cow_26,1,2026,V_mean,2,1,7,1.0,0.7,0.7,0.3,0.0073478726679408685,0.0026883387472480536,0.7
BCS4__Cow_26,Cow_26,1,2026,V_mean,2,3,7,3.0,0.72,0.72,0.28,0.0032813758788453134,0.001561730052344501,0.72
BCS4__Cow_26,Cow_26,1,2026,V_mean,2,6,7,6.0,1.0,1.0,0.0,0.0011510167330341203,0.0006947988294996321,1.0
BCS4__Cow_26,Cow_26,1,2026,V_mean,2,12,7,5.86,0.84,0.84,0.16,0.0023925914907867254,0.0010175408096984029,0.84
BCS4__Cow_26_5051,Cow_26,1,2026,V_mean,2,1,5,1.0,1.0,1.0,0.0,0.2977692470249803,0.16449446976184845,0.0
BCS4__Cow_26_5051,Cow_26,1,2026,V_mean,2,3,5,3.0,1.0,1.0,0.0,0.12267748664381217,0.14056828618049622,0.0
BCS4__Cow_26_5051,Cow_26,1,2026,V_mean,2,6,5,3.74,1.0,1.0,0.0,0.12224305919988723,0.14059244096279144,0.0
BCS4__Cow_26_5051,Cow_26,1,2026,V_mean,2,12,5,4.56,1.0,1.0,0.0,0.08350314749638625,0.14321930706501007,0.0
BCS4__Cow_27_9008,Cow_27,1,2026,V_mean,2,1,4,1.0,1.0,1.0,0.0,0.22582260569454596,0.08959879726171494,0.0
BCS4__Cow_27_9008,Cow_27,1,2026,V_mean,2,3,4,3.0,1.0,1.0,0.0,0.07955991408346266,0.03073558770120144,0.0
BCS4__Cow_27_9008,Cow_27,1,2026,V_mean,2,6,4,3.3,1.0,1.0,0.0,0.08227975211976792,0.03140741214156151,0.0
BCS4__Cow_27_9008,Cow_27,1,2026,V_mean,2,12,4,3.86,1.0,1.0,0.0,0.057886046504544895,0.020977796986699104,0.0
BCS4__Cow_29_7007,Cow_29,1,2026,V_mean,2,1,4,1.0,1.0,1.0,0.0,0.09777683506234759,0.060617391020059586,0.0
BCS4__Cow_29_7007,Cow_29,1,2026,V_mean,2,3,4,3.0,1.0,1.0,0.0,0.025482973509383246,0.055338095873594284,0.0
BCS4__Cow_29_7007,Cow_29,1,2026,V_mean,2,6,4,3.26,1.0,1.0,0.0,0.035655727819105254,0.058438993990421295,0.0
BCS4__Cow_29_7007,Cow_29,1,2026,V_mean,2,12,4,3.88,1.0,1.0,0.0,0.022833878741055597,0.056846290826797485,0.0
BCS4__Cow_33,Cow_33,1,2026,V_mean,2,1,21,1.0,1.0,1.0,0.0,0.007175481561862856,0.0025767525658011436,1.0
BCS4__Cow_33,Cow_33,1,2026,V_mean,2,3,21,3.0,1.0,1.0,0.0,0.00516811722600406,0.001885966514237225,1.0
BCS4__Cow_33,Cow_33,1,2026,V_mean,2,6,21,6.0,1.0,1.0,0.0,0.0036360951960147858,0.0013731925282627344,1.0
BCS4__Cow_33,Cow_33,1,2026,V_mean,2,12,21,12.0,1.0,1.0,0.0,0.001976698113119022,0.0009271630551666021,1.0
BCS4__Cow_4,Cow_4,1,2026,V_mean,2,1,4,1.0,1.0,1.0,0.0,0.007556132944339111,0.003402160480618477,1.0
BCS4__Cow_4,Cow_4,1,2026,V_mean,2,3,4,3.0,1.0,1.0,0.0,0.0025434613916145133,0.0013072047149762511,1.0
BCS4__Cow_4,Cow_4,1,2026,V_mean,2,6,4,3.4,1.0,1.0,0.0,0.0032065605067194886,0.0013509844429790974,1.0
BCS4__Cow_4,Cow_4,1,2026,V_mean,2,12,4,3.88,1.0,1.0,0.0,0.002396693223131774,0.001040400005877018,1.0
BCS4__Cow_41,Cow_41,1,2026,V_mean,2,1,3,1.0,1.0,1.0,0.0,0.0004411470422513755,0.0007322574965655804,1.0
BCS4__Cow_41,Cow_41,1,2026,V_mean,2,3,3,3.0,1.0,1.0,0.0,0.0,0.0006721317768096924,1.0
BCS4__Cow_41,Cow_41,1,2026,V_mean,2,6,3,2.68,1.0,1.0,0.0,0.00019726228305494328,0.0006210224237293005,1.0
BCS4__Cow_41,Cow_41,1,2026,V_mean,2,12,3,2.96,1.0,1.0,0.0,0.00014920883318907347,0.0006761190015822649,1.0
BCS4__Cow_48,Cow_48,1,2026,V_mean,2,1,3,1.0,1.0,1.0,0.0,0.08707714981586114,0.024581413716077805,0.0
BCS4__Cow_48,Cow_48,1,2026,V_mean,2,3,3,3.0,1.0,1.0,0.0,1.3795794543214909e-08,0.011806266382336617,0.0
BCS4__Cow_48,Cow_48,1,2026,V_mean,2,6,3,2.74,1.0,1.0,0.0,0.03323772912073488,0.01633598282933235,0.0
BCS4__Cow_48,Cow_48,1,2026,V_mean,2,12,3,3.0,1.0,1.0,0.0,0.02644272010504286,0.012588554993271828,0.0
BCS4__Cow_4_1,Cow_4,1,2026,V_mean,2,1,39,1.0,0.96,0.96,0.04,0.023964830487192796,0.008104912005364895,0.04
BCS4__Cow_4_1,Cow_4,1,2026,V_mean,2,3,39,3.0,1.0,1.0,0.0,0.01311491935911848,0.00401289202272892,0.0
BCS4__Cow_4_1,Cow_4,1,2026,V_mean,2,6,39,6.0,1.0,1.0,0.0,0.010354506245622648,0.003283584723249078,0.0
BCS4__Cow_4_1,Cow_4,1,2026,V_mean,2,12,39,12.0,1.0,1.0,0.0,0.0062588288428298885,0.002071408787742257,0.0
BCS4__Cow_6,Cow_6,1,2026,V_mean,2,1,7,1.0,1.0,1.0,0.0,0.04750357585334942,0.015295110642910004,0.0
BCS4__Cow_6,Cow_6,1,2026,V_mean,2,3,7,3.0,1.0,1.0,0.0,0.021461186261931418,0.008113468065857887,0.0
BCS4__Cow_6,Cow_6,1,2026,V_mean,2,6,7,6.0,1.0,1.0,0.0,0.0073986894845614465,0.007634458132088184,0.0
BCS4__Cow_6,Cow_6,1,2026,V_mean,2,12,7,5.88,1.0,1.0,0.0,0.013161867394911998,0.007052059285342693,0.0
BCS5__Cow_12_NOTAG,Cow_12,1,2026,V_mean,3,1,3,1.0,1.0,1.0,0.0,0.030072808006211243,0.013197783380746841,0.0
BCS5__Cow_12_NOTAG,Cow_12,1,2026,V_mean,3,3,3,3.0,1.0,1.0,0.0,0.0,0.010705730877816677,0.0
BCS5__Cow_12_NOTAG,Cow_12,1,2026,V_mean,3,6,3,2.82,1.0,1.0,0.0,0.010831189145934186,0.010770667344331741,0.0
BCS5__Cow_12_NOTAG,Cow_12,1,2026,V_mean,3,12,3,2.96,1.0,1.0,0.0,0.009102259593918327,0.01056715752929449,0.0
BCS5__Cow_13,Cow_13,1,2026,V_mean,3,1,20,1.0,0.76,0.76,0.24,0.01856362412440772,0.005339037626981735,0.0
BCS5__Cow_13,Cow_13,1,2026,V_mean,3,3,20,3.0,0.84,0.84,0.16,0.012433140783262695,0.0034332508221268654,0.0
BCS5__Cow_13,Cow_13,1,2026,V_mean,3,6,20,6.0,0.98,0.98,0.02,0.007965895810969216,0.002531158272176981,0.0
BCS5__Cow_13,Cow_13,1,2026,V_mean,3,12,20,12.0,1.0,1.0,0.0,0.004284195016769867,0.0017103740246966481,0.0
BCS5__Cow_13_8001,Cow_13,1,2026,V_mean,3,1,3,1.0,0.78,0.78,0.22,0.344582498919503,0.16313867270946503,0.0
BCS5__Cow_13_8001,Cow_13,1,2026,V_mean,3,3,3,3.0,1.0,1.0,0.0,1.192153715022431e-07,0.14628948271274567,0.0
BCS5__Cow_13_8001,Cow_13,1,2026,V_mean,3,6,3,2.78,0.98,0.98,0.02,0.15028827647940501,0.12410610169172287,0.0
BCS5__Cow_13_8001,Cow_13,1,2026,V_mean,3,12,3,2.98,0.94,0.94,0.06,0.11049950712312841,0.1440001279115677,0.0
BCS5__Cow_1_27,Cow_1,1,2026,V_mean,3,1,3,1.0,1.0,1.0,0.0,0.029311462940277918,0.01122328732162714,0.0
BCS5__Cow_1_27,Cow_1,1,2026,V_mean,3,3,3,3.0,1.0,1.0,0.0,3.4489486358037275e-08,0.008884930983185768,0.0
BCS5__Cow_1_27,Cow_1,1,2026,V_mean,3,6,3,2.78,1.0,1.0,0.0,0.012281541719994573,0.008731006644666195,0.0
BCS5__Cow_1_27,Cow_1,1,2026,V_mean,3,12,3,2.96,1.0,1.0,0.0,0.008895056697427342,0.008404615335166454,0.0
BCS5__Cow_27,Cow_27,1,2026,V_mean,3,1,21,1.0,0.54,0.54,0.46,0.054190667838797134,0.012898250482976437,0.0
BCS5__Cow_27,Cow_27,1,2026,V_mean,3,3,21,3.0,0.76,0.76,0.24,0.023506287778775795,0.006976825650781393,0.0
BCS5__Cow_27,Cow_27,1,2026,V_mean,3,6,21,6.0,0.78,0.78,0.22,0.015019843820374251,0.004465246573090553,0.0
BCS5__Cow_27,Cow_27,1,2026,V_mean,3,12,21,12.0,0.96,0.96,0.04,0.007853772753770435,0.002390525536611676,0.0
BCS5__Cow_29,Cow_29,1,2026,V_mean,3,1,25,1.0,0.94,0.94,0.06,0.015873531719573137,0.005273749120533466,0.0
BCS5__Cow_29,Cow_29,1,2026,V_mean,3,3,25,3.0,1.0,1.0,0.0,0.008498830693551963,0.003001778619363904,0.0
BCS5__Cow_29,Cow_29,1,2026,V_mean,3,6,25,6.0,1.0,1.0,0.0,0.00631864041990726,0.002494296757504344,0.0
BCS5__Cow_29,Cow_29,1,2026,V_mean,3,12,25,12.0,1.0,1.0,0.0,0.0027832750920889263,0.0014482364058494568,0.0
BCS5__Cow_37,Cow_37,1,2026,V_mean,3,1,26,1.0,0.94,0.94,0.06,0.0157053280694919,0.004741292912513018,0.0
BCS5__Cow_37,Cow_37,1,2026,V_mean,3,3,26,3.0,1.0,1.0,0.0,0.011801959201915856,0.0037563913501799107,0.0
BCS5__Cow_37,Cow_37,1,2026,V_mean,3,6,26,6.0,1.0,1.0,0.0,0.006871076371186207,0.00234719249419868,0.0
BCS5__Cow_37,Cow_37,1,2026,V_mean,3,12,26,12.0,1.0,1.0,0.0,0.003960457209800361,0.001489456044510007,0.0
BCS5__Cow_37_and_38,Cow_37,1,2026,V_mean,3,1,3,1.0,1.0,1.0,0.0,0.022232575521137676,0.009201797656714916,0.0
BCS5__Cow_37_and_38,Cow_37,1,2026,V_mean,3,3,3,3.0,1.0,1.0,0.0,0.0,0.007651567459106445,0.0
BCS5__Cow_37_and_38,Cow_37,1,2026,V_mean,3,6,3,2.7,1.0,1.0,0.0,0.010595657342352951,0.008795970119535923,0.0
BCS5__Cow_37_and_38,Cow_37,1,2026,V_mean,3,12,3,2.96,1.0,1.0,0.0,0.006997574666428295,0.007765148766338825,0.0
BCS5__Cow_43,Cow_43,1,2026,V_mean,3,1,37,1.0,0.96,0.96,0.04,0.021183786887930215,0.005756761878728867,0.0
BCS5__Cow_43,Cow_43,1,2026,V_mean,3,3,37,3.0,1.0,1.0,0.0,0.01041352023860278,0.0033275263849645853,0.0
BCS5__Cow_43,Cow_43,1,2026,V_mean,3,6,37,6.0,1.0,1.0,0.0,0.005662884045179743,0.0026570172049105167,0.0
BCS5__Cow_43,Cow_43,1,2026,V_mean,3,12,37,12.0,1.0,1.0,0.0,0.004309397407040719,0.0016672227066010237,0.0
BCS5__Cow_48_1018,Cow_48,1,2026,V_mean,3,1,3,1.0,1.0,1.0,0.0,0.013479575462762534,0.006480740383267403,0.0
BCS5__Cow_48_1018,Cow_48,1,2026,V_mean,3,3,3,3.0,1.0,1.0,0.0,0.0,0.004722237586975098,0.0
BCS5__Cow_48_1018,Cow_48,1,2026,V_mean,3,6,3,2.82,1.0,1.0,0.0,0.004822271407075212,0.005180735141038895,0.0
BCS5__Cow_48_1018,Cow_48,1,2026,V_mean,3,12,3,2.98,1.0,1.0,0.0,0.004305912182996548,0.004780927672982216,0.0
BCS5__Cow_54,Cow_54,1,2026,V_mean,3,1,6,1.0,0.44,0.56,0.56,0.053130417125676635,0.02016601338982582,0.0
BCS5__Cow_54,Cow_54,1,2026,V_mean,3,3,6,3.0,0.6,0.6,0.4,0.019320411182552896,0.01396501436829567,0.0
BCS5__Cow_54,Cow_54,1,2026,V_mean,3,6,6,6.0,0.0,1.0,1.0,1.605468787037032e-08,0.015391899272799492,0.0
BCS5__Cow_54,Cow_54,1,2026,V_mean,3,12,6,5.4,0.24,0.76,0.76,0.012572659354521188,0.01589176431298256,0.0
BCS5__Cow_6_5051,Cow_6,1,2026,V_mean,3,1,3,1.0,1.0,1.0,0.0,0.011675786615569303,0.0061647784896194935,0.0
BCS5__Cow_6_5051,Cow_6,1,2026,V_mean,3,3,3,3.0,1.0,1.0,0.0,3.1177100360131285e-08,0.004550488665699959,0.0
BCS5__Cow_6_5051,Cow_6,1,2026,V_mean,3,6,3,2.74,1.0,1.0,0.0,0.005469422851964984,0.0048354496248066425,0.0
BCS5__Cow_6_5051,Cow_6,1,2026,V_mean,3,12,3,2.96,1.0,1.0,0.0,0.00432518127118882,0.004613891709595919,0.0
BCS6__Cow_11_07,Cow_11,1,2026,V_mean,4,1,27,1.0,0.72,0.72,0.56,0.03662646633429929,0.01934943161904812,0.72
BCS6__Cow_11_07,Cow_11,1,2026,V_mean,4,3,27,3.0,0.96,0.96,0.08,0.02016658788664366,0.012062663212418556,0.96
BCS6__Cow_11_07,Cow_11,1,2026,V_mean,4,6,27,6.0,1.0,1.0,0.0,0.014609260608527963,0.007255341857671738,1.0
BCS6__Cow_11_07,Cow_11,1,2026,V_mean,4,12,27,12.0,1.0,1.0,0.0,0.010135900242015144,0.00548614701256156,1.0
BCS6__Cow_12_2014,Cow_12,1,2026,V_mean,4,1,39,1.0,0.9,0.9,0.1,0.3530241493804893,0.10350955277681351,0.0
BCS6__Cow_12_2014,Cow_12,1,2026,V_mean,4,3,39,3.0,1.0,1.0,0.0,0.17895315822719388,0.05614781007170677,0.0
BCS6__Cow_12_2014,Cow_12,1,2026,V_mean,4,6,39,6.0,1.0,1.0,0.0,0.1227285710305353,0.049056313931941986,0.0
BCS6__Cow_12_2014,Cow_12,1,2026,V_mean,4,12,39,12.0,1.0,1.0,0.0,0.10148119229543516,0.04920322448015213,0.0
BCS6__Cow_13_66,Cow_13,1,2026,V_mean,4,1,20,1.0,0.86,0.86,0.56,0.05687512296998325,0.0178946815431118,0.86
BCS6__Cow_13_66,Cow_13,1,2026,V_mean,4,3,20,3.0,1.0,1.0,0.0,0.025281844668384082,0.007435595616698265,1.0
BCS6__Cow_13_66,Cow_13,1,2026,V_mean,4,6,20,6.0,1.0,1.0,0.0,0.01857103284088024,0.005450235679745674,1.0
BCS6__Cow_13_66,Cow_13,1,2026,V_mean,4,12,20,12.0,1.0,1.0,0.0,0.011510013453488038,0.0036272441502660513,1.0
BCS6__Cow_26_6,Cow_26,1,2026,V_mean,4,1,9,1.0,1.0,1.0,0.0,0.03104690396045547,0.010634196922183037,1.0
BCS6__Cow_26_6,Cow_26,1,2026,V_mean,4,3,9,3.0,1.0,1.0,0.0,0.015962870650392993,0.006790755316615105,1.0
BCS6__Cow_26_6,Cow_26,1,2026,V_mean,4,6,9,6.0,1.0,1.0,0.0,0.008457434440488644,0.005819752812385559,1.0
BCS6__Cow_26_6,Cow_26,1,2026,V_mean,4,12,9,7.04,1.0,1.0,0.0,0.009847727586476257,0.0052114506252110004,1.0
BCS6__Cow_29_NOTAG,Cow_29,1,2026,V_mean,4,1,34,1.0,1.0,1.0,0.0,0.02176996930223087,0.006680648308247328,1.0
BCS6__Cow_29_NOTAG,Cow_29,1,2026,V_mean,4,3,34,3.0,1.0,1.0,0.0,0.012938713498806298,0.0039255316369235516,1.0
BCS6__Cow_29_NOTAG,Cow_29,1,2026,V_mean,4,6,34,6.0,1.0,1.0,0.0,0.00809056787418258,0.0025241330731660128,1.0
BCS6__Cow_29_NOTAG,Cow_29,1,2026,V_mean,4,12,34,12.0,1.0,1.0,0.0,0.004603981453325092,0.0014447742141783237,1.0
BCS6__Cow_35,Cow_35,1,2026,V_mean,4,1,24,1.0,0.48,0.52,1.04,0.02009837046191956,0.0625036433339119,0.48
BCS6__Cow_35,Cow_35,1,2026,V_mean,4,3,24,3.0,0.88,0.88,0.24,0.010680828488507764,0.028833940625190735,0.88
BCS6__Cow_35,Cow_35,1,2026,V_mean,4,6,24,6.0,0.9,0.9,0.2,0.004033507616622237,0.02080128900706768,0.9
BCS6__Cow_35,Cow_35,1,2026,V_mean,4,12,24,12.0,0.98,0.98,0.04,0.002704830591539003,0.01595497317612171,0.98
BCS6__Cow_4_103,Cow_4,1,2026,V_mean,4,1,47,1.0,1.0,1.0,0.0,0.03605081116852014,0.009997524321079254,1.0
BCS6__Cow_4_103,Cow_4,1,2026,V_mean,4,3,47,3.0,1.0,1.0,0.0,0.018404541116295654,0.005418056156486273,1.0
BCS6__Cow_4_103,Cow_4,1,2026,V_mean,4,6,47,6.0,1.0,1.0,0.0,0.014932900077114938,0.004467095248401165,1.0
BCS6__Cow_4_103,Cow_4,1,2026,V_mean,4,12,47,12.0,1.0,1.0,0.0,0.008900210403904431,0.002680150792002678,1.0
BCS2__Cow_5_1,Cow_5,2,2026,V_mean,0,1,10,1.0,1.0,1.0,0.0,0.007568613912900891,0.00436381483450532,0.0
BCS2__Cow_5_1,Cow_5,2,2026,V_mean,0,3,10,3.0,1.0,1.0,0.0,0.003961393047881786,0.002326643094420433,0.0
BCS2__Cow_5_1,Cow_5,2,2026,V_mean,0,6,10,6.0,1.0,1.0,0.0,0.0021586049945214823,0.0016898178728297353,0.0
BCS2__Cow_5_1,Cow_5,2,2026,V_mean,0,12,10,7.2,1.0,1.0,0.0,0.0024958666697676513,0.0019224736606702209,0.0
BCS3__Cow_20_0029,Cow_20,2,2026,V_mean,1,1,4,1.0,1.0,1.0,0.0,0.09262062069507557,0.049733832478523254,0.0
BCS3__Cow_20_0029,Cow_20,2,2026,V_mean,1,3,4,3.0,1.0,1.0,0.0,0.030867159041436883,0.024472950026392937,0.0
BCS3__Cow_20_0029,Cow_20,2,2026,V_mean,1,6,4,3.44,1.0,1.0,0.0,0.03848577875660853,0.02617204748094082,0.0
BCS3__Cow_20_0029,Cow_20,2,2026,V_mean,1,12,4,3.86,1.0,1.0,0.0,0.030757499672068683,0.02399482950568199,0.0
BCS3__Cow_22,Cow_22,2,2026,V_mean,1,1,20,1.0,1.0,1.0,0.0,0.039979027658078335,0.03919021040201187,1.0
BCS3__Cow_22,Cow_22,2,2026,V_mean,1,3,20,3.0,1.0,1.0,0.0,0.02664231532077917,0.026312267407774925,1.0
BCS3__Cow_22,Cow_22,2,2026,V_mean,1,6,20,6.0,1.0,1.0,0.0,0.017885846354368757,0.016714971512556076,1.0
BCS3__Cow_22,Cow_22,2,2026,V_mean,1,12,20,12.0,1.0,1.0,0.0,0.011528345412250987,0.01158059574663639,1.0
BCS3__Cow_22_1,Cow_22,2,2026,V_mean,1,1,6,1.0,1.0,1.0,0.0,0.06628057040574296,0.07488995045423508,1.0
BCS3__Cow_22_1,Cow_22,2,2026,V_mean,1,3,6,3.0,1.0,1.0,0.0,0.029842642883458875,0.04681648686528206,1.0
BCS3__Cow_22_1,Cow_22,2,2026,V_mean,1,6,6,6.0,1.0,1.0,0.0,4.196006954051386e-08,0.04643409699201584,1.0
BCS3__Cow_22_1,Cow_22,2,2026,V_mean,1,12,6,5.46,1.0,1.0,0.0,0.02068792499403039,0.04901909828186035,1.0
BCS4__Cow_10,Cow_10,2,2026,V_mean,2,1,41,1.0,1.0,1.0,0.0,0.07494067675720863,0.030595412477850914,0.0
BCS4__Cow_10,Cow_10,2,2026,V_mean,2,3,41,3.0,1.0,1.0,0.0,0.03426589091758943,0.018327021971344948,0.0
BCS4__Cow_10,Cow_10,2,2026,V_mean,2,6,41,6.0,1.0,1.0,0.0,0.022343414776467736,0.011050708591938019,0.0
BCS4__Cow_10,Cow_10,2,2026,V_mean,2,12,41,12.0,1.0,1.0,0.0,0.01473694833165877,0.007867231033742428,0.0
BCS4__Cow_10_2038,Cow_10,2,2026,V_mean,2,1,4,1.0,1.0,1.0,0.0,0.06991997975032968,0.04067998006939888,0.0
BCS4__Cow_10_2038,Cow_10,2,2026,V_mean,2,3,4,3.0,1.0,1.0,0.0,0.0220173778767356,0.027336208149790764,0.0
BCS4__Cow_10_2038,Cow_10,2,2026,V_mean,2,6,4,3.32,1.0,1.0,0.0,0.030803099773283656,0.026842106133699417,0.0
BCS4__Cow_10_2038,Cow_10,2,2026,V_mean,2,12,4,3.84,1.0,1.0,0.0,0.021706993811170434,0.02675817534327507,0.0
BCS4__Cow_22_6005,Cow_22,2,2026,V_mean,2,1,4,1.0,1.0,1.0,0.0,0.0999701931336989,0.05240432918071747,0.0
BCS4__Cow_22_6005,Cow_22,2,2026,V_mean,2,3,4,3.0,1.0,1.0,0.0,0.03709559749555401,0.03776548430323601,0.0
BCS4__Cow_22_6005,Cow_22,2,2026,V_mean,2,6,4,3.32,1.0,1.0,0.0,0.04836029309940335,0.036991577595472336,0.0
BCS4__Cow_22_6005,Cow_22,2,2026,V_mean,2,12,4,3.88,1.0,1.0,0.0,0.029979703457784446,0.03675588592886925,0.0
BCS4__Cow_30,Cow_30,2,2026,V_mean,2,1,4,1.0,1.0,1.0,0.0,0.07810104702999643,0.037145067006349564,0.0
BCS4__Cow_30,Cow_30,2,2026,V_mean,2,3,4,3.0,1.0,1.0,0.0,0.025288902538911615,0.02152348682284355,0.0
BCS4__Cow_30,Cow_30,2,2026,V_mean,2,6,4,3.22,1.0,1.0,0.0,0.033106667608929906,0.019633760675787926,0.0
BCS4__Cow_30,Cow_30,2,2026,V_mean,2,12,4,3.92,1.0,1.0,0.0,0.023250296620019578,0.01547953486442566,0.0
BCS4__Cow_42,Cow_42,2,2026,V_mean,2,1,11,1.0,1.0,1.0,0.0,0.10747409653488241,0.06187058612704277,0.0
BCS4__Cow_42,Cow_42,2,2026,V_mean,2,3,11,3.0,1.0,1.0,0.0,0.06159235172467258,0.03010142408311367,0.0
BCS4__Cow_42,Cow_42,2,2026,V_mean,2,6,11,6.0,1.0,1.0,0.0,0.03371838212699484,0.01792111247777939,0.0
BCS4__Cow_42,Cow_42,2,2026,V_mean,2,12,11,7.42,1.0,1.0,0.0,0.031678066022697966,0.01888784021139145,0.0
BCS4__Cow_47_1,Cow_47,2,2026,V_mean,2,1,7,1.0,0.6,0.6,0.5,0.22258333312649148,0.09983155876398087,0.3
BCS4__Cow_47_1,Cow_47,2,2026,V_mean,2,3,7,3.0,0.58,0.58,0.42,0.12290670482047335,0.05409487709403038,0.42
BCS4__Cow_47_1,Cow_47,2,2026,V_mean,2,6,7,6.0,0.52,0.52,0.48,0.03668283189752207,0.025647394359111786,0.48
BCS4__Cow_47_1,Cow_47,2,2026,V_mean,2,12,7,6.0,0.78,0.78,0.22,0.05839344727026045,0.023396432399749756,0.22
BCS4__Cow_49,Cow_49,2,2026,V_mean,2,1,7,1.0,0.48,0.52,0.52,0.14823409172237512,0.07118985056877136,0.52
BCS4__Cow_49,Cow_49,2,2026,V_mean,2,3,7,3.0,0.72,0.72,0.28,0.06534260031983519,0.028462009504437447,0.28
BCS4__Cow_49,Cow_49,2,2026,V_mean,2,6,7,6.0,0.52,0.52,0.48,0.027332473238422396,0.025283461436629295,0.48
BCS4__Cow_49,Cow_49,2,2026,V_mean,2,12,7,5.88,0.76,0.76,0.24,0.04026483573165191,0.02520763874053955,0.24
BCS4__Cow_55,Cow_55,2,2026,V_mean,2,1,4,1.0,0.52,0.52,0.72,0.2812683311096395,0.1273142695426941,0.24
BCS4__Cow_55,Cow_55,2,2026,V_mean,2,3,4,3.0,0.58,0.58,0.42,0.08162270928569744,0.06731761991977692,0.42
BCS4__Cow_55,Cow_55,2,2026,V_mean,2,6,4,3.24,0.7,0.7,0.34,0.1145688540222231,0.080668143928051,0.26
BCS4__Cow_55,Cow_55,2,2026,V_mean,2,12,4,3.86,0.74,0.74,0.26,0.07386780066629256,0.06296705454587936,0.26
BCS4__Cow_8,Cow_8,2,2026,V_mean,2,1,26,1.0,1.0,1.0,0.0,0.05066257281681099,0.021265078336000443,0.0
BCS4__Cow_8,Cow_8,2,2026,V_mean,2,3,26,3.0,1.0,1.0,0.0,0.024206074132625564,0.012019327841699123,0.0
BCS4__Cow_8,Cow_8,2,2026,V_mean,2,6,26,6.0,1.0,1.0,0.0,0.01587268911533015,0.00904843956232071,0.0
BCS4__Cow_8,Cow_8,2,2026,V_mean,2,12,26,12.0,1.0,1.0,0.0,0.012389098335701012,0.0070755272172391415,0.0
BCS4__Cow_9,Cow_9,2,2026,V_mean,2,1,19,1.0,1.0,1.0,0.0,0.10338378460763827,0.05118151754140854,0.0
BCS4__Cow_9,Cow_9,2,2026,V_mean,2,3,19,3.0,1.0,1.0,0.0,0.05762297958301397,0.027734234929084778,0.0
BCS4__Cow_9,Cow_9,2,2026,V_mean,2,6,19,6.0,1.0,1.0,0.0,0.03598186701405915,0.017355866730213165,0.0
BCS4__Cow_9,Cow_9,2,2026,V_mean,2,12,19,12.0,1.0,1.0,0.0,0.01926957456149177,0.00908459722995758,0.0
BCS5__Cow_10_0029,Cow_10,2,2026,V_mean,3,1,5,1.0,1.0,1.0,0.0,0.0565020976227931,0.027715377509593964,1.0
BCS5__Cow_10_0029,Cow_10,2,2026,V_mean,3,3,5,3.0,1.0,1.0,0.0,0.023999408285199336,0.018375612795352936,1.0
BCS5__Cow_10_0029,Cow_10,2,2026,V_mean,3,6,5,3.7,1.0,1.0,0.0,0.026325795385306574,0.019798628985881805,1.0
BCS5__Cow_10_0029,Cow_10,2,2026,V_mean,3,12,5,4.5,1.0,1.0,0.0,0.015658025860926898,0.017240988090634346,1.0
BCS5__Cow_24,Cow_24,2,2026,V_mean,3,1,12,1.0,1.0,1.0,0.0,0.05242327592124821,0.019280511885881424,1.0
BCS5__Cow_24,Cow_24,2,2026,V_mean,3,3,12,3.0,1.0,1.0,0.0,0.02148288339798977,0.01141748670488596,1.0
BCS5__Cow_24,Cow_24,2,2026,V_mean,3,6,12,6.0,1.0,1.0,0.0,0.01726896139404563,0.008916642516851425,1.0
BCS5__Cow_24,Cow_24,2,2026,V_mean,3,12,12,12.0,1.0,1.0,0.0,9.04448870883534e-08,2.156011724707696e-08,1.0
BCS5__Cow_24_7022,Cow_24,2,2026,V_mean,3,1,3,1.0,1.0,1.0,0.0,0.12355243875661671,0.06380614638328552,1.0
BCS5__Cow_24_7022,Cow_24,2,2026,V_mean,3,3,3,3.0,1.0,1.0,0.0,1.1469963773321874e-07,0.056105054914951324,1.0
BCS5__Cow_24_7022,Cow_24,2,2026,V_mean,3,6,3,2.78,1.0,1.0,0.0,0.050257516614599984,0.0562581829726696,1.0
BCS5__Cow_24_7022,Cow_24,2,2026,V_mean,3,12,3,2.96,1.0,1.0,0.0,0.03939869947829059,0.05837157741189003,1.0
BCS5__Cow_28,Cow_28,2,2026,V_mean,3,1,28,1.0,1.0,1.0,0.0,0.09923839793664264,0.03208744898438454,1.0
BCS5__Cow_28,Cow_28,2,2026,V_mean,3,3,28,3.0,1.0,1.0,0.0,0.03526732482933931,0.019337361678481102,1.0
BCS5__Cow_28,Cow_28,2,2026,V_mean,3,6,28,6.0,1.0,1.0,0.0,0.02272058941068327,0.014159269630908966,1.0
BCS5__Cow_28,Cow_28,2,2026,V_mean,3,12,28,12.0,1.0,1.0,0.0,0.014176747407190457,0.010001599788665771,1.0
BCS5__Cow_28_4024,Cow_28,2,2026,V_mean,3,1,3,1.0,1.0,1.0,0.0,0.08330567652695009,0.0579201877117157,1.0
BCS5__Cow_28_4024,Cow_28,2,2026,V_mean,3,3,3,3.0,1.0,1.0,0.0,1.0532410550843806e-08,0.045887432992458344,1.0
BCS5__Cow_28_4024,Cow_28,2,2026,V_mean,3,6,3,2.76,1.0,1.0,0.0,0.030545629504814084,0.044338151812553406,1.0
BCS5__Cow_28_4024,Cow_28,2,2026,V_mean,3,12,3,3.0,1.0,1.0,0.0,0.025869272859474768,0.047956857830286026,1.0
BCS5__Cow_3,Cow_3,2,2026,V_mean,3,1,10,1.0,1.0,1.0,0.0,0.06638736241501011,0.054200805723667145,0.0
BCS5__Cow_3,Cow_3,2,2026,V_mean,3,3,10,3.0,1.0,1.0,0.0,0.03382971495478056,0.02730475179851055,0.0
BCS5__Cow_3,Cow_3,2,2026,V_mean,3,6,10,6.0,1.0,1.0,0.0,0.017703726998117557,0.02021787129342556,0.0
BCS5__Cow_3,Cow_3,2,2026,V_mean,3,12,10,7.26,1.0,1.0,0.0,0.017896366451228832,0.01954454742372036,0.0
BCS5__Cow_30_30,Cow_30,2,2026,V_mean,3,1,6,1.0,1.0,1.0,0.0,0.06615153334103838,0.037457242608070374,1.0
BCS5__Cow_30_30,Cow_30,2,2026,V_mean,3,3,6,3.0,1.0,1.0,0.0,0.023331955017423512,0.018785063177347183,1.0
BCS5__Cow_30_30,Cow_30,2,2026,V_mean,3,6,6,6.0,1.0,1.0,0.0,1.3875337054858366e-07,0.0222871545702219,1.0
BCS5__Cow_30_30,Cow_30,2,2026,V_mean,3,12,6,5.24,1.0,1.0,0.0,0.01792674143760874,0.01979815773665905,1.0
BCS5__Cow_34,Cow_34,2,2026,V_mean,3,1,9,1.0,0.8,0.8,0.4,0.5313961048467154,0.17280490696430206,0.0
BCS5__Cow_34,Cow_34,2,2026,V_mean,3,3,9,3.0,1.0,1.0,0.0,0.20443666196013902,0.10439532995223999,0.0
BCS5__Cow_34,Cow_34,2,2026,V_mean,3,6,9,6.0,1.0,1.0,0.0,0.11007806306069208,0.10207488387823105,0.0
BCS5__Cow_34,Cow_34,2,2026,V_mean,3,12,9,6.9,1.0,1.0,0.0,0.13178277837884983,0.0949217826128006,0.0
BCS5__Cow_34_1,Cow_34,2,2026,V_mean,3,1,4,1.0,0.54,0.54,0.46,0.3612120662060221,0.1442977786064148,0.54
BCS5__Cow_34_1,Cow_34,2,2026,V_mean,3,3,4,3.0,0.5,0.5,0.5,0.12350808210268308,0.11039116978645325,0.5
BCS5__Cow_34_1,Cow_34,2,2026,V_mean,3,6,4,3.38,0.38,0.62,0.62,0.14517733054807824,0.10254532843828201,0.38
BCS5__Cow_34_1,Cow_34,2,2026,V_mean,3,12,4,3.82,0.42,0.58,0.58,0.11032496550650624,0.10865477472543716,0.42
BCS5__Cow_50,Cow_50,2,2026,V_mean,3,1,39,1.0,1.0,1.0,0.0,0.020245070238388146,0.010989836417138577,1.0
BCS5__Cow_50,Cow_50,2,2026,V_mean,3,3,39,3.0,1.0,1.0,0.0,0.011319019765518069,0.006839728448539972,1.0
BCS5__Cow_50,Cow_50,2,2026,V_mean,3,6,39,6.0,1.0,1.0,0.0,0.008141700277869647,0.00554164033383131,1.0
BCS5__Cow_50,Cow_50,2,2026,V_mean,3,12,39,12.0,1.0,1.0,0.0,0.00515991904137944,0.005088503938168287,1.0
BCS5__Cow_50_49,Cow_50,2,2026,V_mean,3,1,3,1.0,1.0,1.0,0.0,0.03426028326627739,0.017981743440032005,1.0
BCS5__Cow_50_49,Cow_50,2,2026,V_mean,3,3,3,3.0,1.0,1.0,0.0,0.0,0.01197832077741623,1.0
BCS5__Cow_50_49,Cow_50,2,2026,V_mean,3,6,3,2.64,1.0,1.0,0.0,0.014317477345122828,0.013328786939382553,1.0
BCS5__Cow_50_49,Cow_50,2,2026,V_mean,3,12,3,3.0,1.0,1.0,0.0,0.008853604799564933,0.01365759875625372,1.0
BCS5__Cow_8_NOTAG,Cow_8,2,2026,V_mean,3,1,4,1.0,1.0,1.0,0.0,0.0400067286128177,0.02692890167236328,1.0
BCS5__Cow_8_NOTAG,Cow_8,2,2026,V_mean,3,3,4,3.0,1.0,1.0,0.0,0.011067768606222548,0.023104418069124222,1.0
BCS5__Cow_8_NOTAG,Cow_8,2,2026,V_mean,3,6,4,3.44,1.0,1.0,0.0,0.011552571911886491,0.023300085216760635,1.0
BCS5__Cow_8_NOTAG,Cow_8,2,2026,V_mean,3,12,4,3.88,1.0,1.0,0.0,0.009226977110427713,0.02160480059683323,1.0
BCS6__Cow_18,Cow_18,2,2026,V_mean,4,1,33,1.0,0.12,0.5,0.88,0.8855559349248003,0.506575882434845,0.5
BCS6__Cow_18,Cow_18,2,2026,V_mean,4,3,33,3.0,0.38,0.54,0.62,0.553448820924428,0.3384145498275757,0.54
BCS6__Cow_18,Cow_18,2,2026,V_mean,4,6,33,6.0,0.36,0.64,0.64,0.4556586107601208,0.32589924335479736,0.64
BCS6__Cow_18,Cow_18,2,2026,V_mean,4,12,33,12.0,0.3,0.7,0.7,0.3317047670025966,0.2909349501132965,0.7
BCS6__Cow_18_32,Cow_18,2,2026,V_mean,4,1,46,1.0,0.92,0.92,0.08,0.36479501346051474,0.20749863982200623,0.92
BCS6__Cow_18_32,Cow_18,2,2026,V_mean,4,3,46,3.0,1.0,1.0,0.0,0.1415937902604412,0.15744704008102417,1.0
BCS6__Cow_18_32,Cow_18,2,2026,V_mean,4,6,46,6.0,1.0,1.0,0.0,0.07973910945098803,0.1320834755897522,1.0
BCS6__Cow_18_32,Cow_18,2,2026,V_mean,4,12,46,12.0,1.0,1.0,0.0,0.039872393549513836,0.14381471276283264,1.0
BCS6__Cow_24_08,Cow_24,2,2026,V_mean,4,1,22,1.0,1.0,1.0,0.0,0.06901435522463782,0.04629446938633919,1.0
BCS6__Cow_24_08,Cow_24,2,2026,V_mean,4,3,22,3.0,1.0,1.0,0.0,0.04182132082965966,0.026158330962061882,1.0
BCS6__Cow_24_08,Cow_24,2,2026,V_mean,4,6,22,6.0,1.0,1.0,0.0,0.024880898455331903,0.01832382008433342,1.0
BCS6__Cow_24_08,Cow_24,2,2026,V_mean,4,12,22,12.0,1.0,1.0,0.0,0.015286161136987619,0.011552090756595135,1.0
BCS6__Cow_28_3083,Cow_28,2,2026,V_mean,4,1,18,1.0,1.0,1.0,0.0,0.031171379884090283,0.01888985000550747,1.0
BCS6__Cow_28_3083,Cow_28,2,2026,V_mean,4,3,18,3.0,1.0,1.0,0.0,0.021148808865645994,0.012275882065296173,1.0
BCS6__Cow_28_3083,Cow_28,2,2026,V_mean,4,6,18,6.0,1.0,1.0,0.0,0.0095488442216577,0.005872548092156649,1.0
BCS6__Cow_28_3083,Cow_28,2,2026,V_mean,4,12,18,12.0,1.0,1.0,0.0,0.0059412152731971755,0.004056418314576149,1.0
BCS6__Cow_3_25,Cow_3,2,2026,V_mean,4,1,22,1.0,1.0,1.0,0.0,0.04123731516401447,0.016649648547172546,1.0
BCS6__Cow_3_25,Cow_3,2,2026,V_mean,4,3,22,3.0,1.0,1.0,0.0,0.013175315617506844,0.007397494278848171,1.0
BCS6__Cow_3_25,Cow_3,2,2026,V_mean,4,6,22,6.0,1.0,1.0,0.0,0.009817127523085679,0.0049286819994449615,1.0
BCS6__Cow_3_25,Cow_3,2,2026,V_mean,4,12,22,12.0,1.0,1.0,0.0,0.00668250673550906,0.00361061398871243,1.0
BCS6__Cow_47_68,Cow_47,2,2026,V_mean,4,1,31,1.0,1.0,1.0,0.0,0.0077946450767932655,0.004513726569712162,1.0
BCS6__Cow_47_68,Cow_47,2,2026,V_mean,4,3,31,3.0,1.0,1.0,0.0,0.004561882182117792,0.0026183908339589834,1.0
BCS6__Cow_47_68,Cow_47,2,2026,V_mean,4,6,31,6.0,1.0,1.0,0.0,0.0030032604660816015,0.0016227338928729296,1.0
BCS6__Cow_47_68,Cow_47,2,2026,V_mean,4,12,31,12.0,1.0,1.0,0.0,0.0017610443546164595,0.0008528289035893977,1.0
BCS6__Cow_9_1044,Cow_9,2,2026,V_mean,4,1,36,1.0,1.0,1.0,0.0,0.048073434415728235,0.026547517627477646,1.0
BCS6__Cow_9_1044,Cow_9,2,2026,V_mean,4,3,36,3.0,1.0,1.0,0.0,0.017770189055600124,0.01109336968511343,1.0
BCS6__Cow_9_1044,Cow_9,2,2026,V_mean,4,6,36,6.0,1.0,1.0,0.0,0.014859747714542114,0.010082414373755455,1.0
BCS6__Cow_9_1044,Cow_9,2,2026,V_mean,4,12,36,12.0,1.0,1.0,0.0,0.008895214757417672,0.006752867717295885,1.0
BCS2__Cow_21_8029,Cow_21,0,2027,V_mean,0,1,17,1.0,1.0,1.0,0.0,0.1438757488193069,0.02849743328988552,0.0
BCS2__Cow_21_8029,Cow_21,0,2027,V_mean,0,3,17,3.0,1.0,1.0,0.0,0.05972525640678205,0.011641468852758408,0.0
BCS2__Cow_21_8029,Cow_21,0,2027,V_mean,0,6,17,6.0,1.0,1.0,0.0,0.042214640867186355,0.00878707692027092,0.0
BCS2__Cow_21_8029,Cow_21,0,2027,V_mean,0,12,17,12.0,1.0,1.0,0.0,0.017762062433161058,0.005178528372198343,0.0
BCS3__Cow_16,Cow_16,0,2027,V_mean,1,1,20,1.0,1.0,1.0,0.0,0.010397035431943546,0.009336747229099274,0.0
BCS3__Cow_16,Cow_16,0,2027,V_mean,1,3,20,3.0,1.0,1.0,0.0,0.005898977901372844,0.0053716860711574554,0.0
BCS3__Cow_16,Cow_16,0,2027,V_mean,1,6,20,6.0,1.0,1.0,0.0,0.003853813281163848,0.003807698143646121,0.0
BCS3__Cow_16,Cow_16,0,2027,V_mean,1,12,20,12.0,1.0,1.0,0.0,0.0019175659072478944,0.002260996960103512,0.0
BCS3__Cow_16_1004,Cow_16,0,2027,V_mean,1,1,3,1.0,1.0,1.0,0.0,0.038255244205141016,0.020048100501298904,0.0
BCS3__Cow_16_1004,Cow_16,0,2027,V_mean,1,3,3,3.0,1.0,1.0,0.0,0.0,0.009039586409926414,0.0
BCS3__Cow_16_1004,Cow_16,0,2027,V_mean,1,6,3,2.7,1.0,1.0,0.0,0.018264833681813777,0.01306602731347084,0.0
BCS3__Cow_16_1004,Cow_16,0,2027,V_mean,1,12,3,2.96,1.0,1.0,0.0,0.011275680636535789,0.009650035761296749,0.0
BCS3__Cow_25_66,Cow_25,0,2027,V_mean,1,1,3,1.0,0.34,0.66,0.66,0.02378704726253289,0.01851869374513626,0.0
BCS3__Cow_25_66,Cow_25,0,2027,V_mean,1,3,3,3.0,0.0,1.0,1.0,0.0,0.014529513195157051,0.0
BCS3__Cow_25_66,Cow_25,0,2027,V_mean,1,6,3,2.76,0.12,0.88,0.88,0.00974981167588988,0.01415982749313116,0.0
BCS3__Cow_25_66,Cow_25,0,2027,V_mean,1,12,3,2.96,0.04,0.96,0.96,0.008167032567227258,0.014992534182965755,0.0
BCS3__Cow_2_1015,Cow_2,0,2027,V_mean,1,1,4,1.0,1.0,1.0,0.0,0.01753104352862043,0.013856359757483006,0.0
BCS3__Cow_2_1015,Cow_2,0,2027,V_mean,1,3,4,3.0,1.0,1.0,0.0,0.006145066808032967,0.006004749331623316,0.0
BCS3__Cow_2_1015,Cow_2,0,2027,V_mean,1,6,4,3.24,1.0,1.0,0.0,0.006847097706931155,0.006162622943520546,0.0
BCS3__Cow_2_1015,Cow_2,0,2027,V_mean,1,12,4,3.8,1.0,1.0,0.0,0.005080240013607376,0.005326838698238134,0.0
BCS3__Cow_46,Cow_46,0,2027,V_mean,1,1,17,1.0,0.94,0.94,0.06,0.26097573793679174,0.10364498943090439,0.06
BCS3__Cow_46,Cow_46,0,2027,V_mean,1,3,17,3.0,0.98,0.98,0.02,0.10375104758850444,0.04534371197223663,0.02
BCS3__Cow_46,Cow_46,0,2027,V_mean,1,6,17,6.0,1.0,1.0,0.0,0.06322063079449441,0.03211188688874245,0.0
BCS3__Cow_46,Cow_46,0,2027,V_mean,1,12,17,12.0,1.0,1.0,0.0,0.02591885513654142,0.013889840804040432,0.0
BCS3__Cow_46_1,Cow_46,0,2027,V_mean,1,1,9,1.0,1.0,1.0,0.0,0.16582915081805916,0.12330405414104462,1.0
BCS3__Cow_46_1,Cow_46,0,2027,V_mean,1,3,9,3.0,1.0,1.0,0.0,0.09114334167128775,0.06812462955713272,1.0
BCS3__Cow_46_1,Cow_46,0,2027,V_mean,1,6,9,6.0,1.0,1.0,0.0,0.04646906984979443,0.04989679902791977,1.0
BCS3__Cow_46_1,Cow_46,0,2027,V_mean,1,12,9,7.06,1.0,1.0,0.0,0.04733899435253068,0.050381116569042206,1.0
BCS3__Cow_46_2,Cow_46,0,2027,V_mean,1,1,3,1.0,0.18,0.82,0.82,0.3464113427177945,0.42423224449157715,0.18
BCS3__Cow_46_2,Cow_46,0,2027,V_mean,1,3,3,3.0,0.0,1.0,1.0,8.200046998309603e-08,0.36167484521865845,0.0
BCS3__Cow_46_2,Cow_46,0,2027,V_mean,1,6,3,2.72,0.06,0.94,0.94,0.1473102847076072,0.35687434673309326,0.06
BCS3__Cow_46_2,Cow_46,0,2027,V_mean,1,12,3,2.96,0.08,0.92,0.92,0.1203784528386956,0.34878796339035034,0.08
BCS3__Cow_53,Cow_53,0,2027,V_mean,1,1,3,1.0,1.0,1.0,0.0,0.12292460723221083,0.061088453978300095,0.0
BCS3__Cow_53,Cow_53,0,2027,V_mean,1,3,3,3.0,1.0,1.0,0.0,1.3287703810386528e-07,0.055450450628995895,0.0
BCS3__Cow_53,Cow_53,0,2027,V_mean,1,6,3,2.68,1.0,1.0,0.0,0.05288216683004645,0.061245884746313095,0.0
BCS3__Cow_53,Cow_53,0,2027,V_mean,1,12,3,3.0,1.0,1.0,0.0,0.03576448195601591,0.049545276910066605,0.0
BCS4__Cow_15_68,Cow_15,0,2027,V_mean,2,1,3,1.0,1.0,1.0,0.0,0.03248464080962076,0.02715642750263214,0.0
BCS4__Cow_15_68,Cow_15,0,2027,V_mean,2,3,3,3.0,1.0,1.0,0.0,1.4456169157879163e-07,0.017545703798532486,0.0
BCS4__Cow_15_68,Cow_15,0,2027,V_mean,2,6,3,2.78,1.0,1.0,0.0,0.014708664307594675,0.017778975889086723,0.0
BCS4__Cow_15_68,Cow_15,0,2027,V_mean,2,12,3,2.98,1.0,1.0,0.0,0.00795869990181848,0.017499543726444244,0.0
BCS4__Cow_17,Cow_17,0,2027,V_mean,2,1,10,1.0,1.0,1.0,0.0,0.0051892602601092,0.004608462564647198,0.0
BCS4__Cow_17,Cow_17,0,2027,V_mean,2,3,10,3.0,1.0,1.0,0.0,0.0025470656972207705,0.003588014282286167,0.0
BCS4__Cow_17,Cow_17,0,2027,V_mean,2,6,10,6.0,1.0,1.0,0.0,0.0015686311443461626,0.0025466722436249256,0.0
BCS4__Cow_17,Cow_17,0,2027,V_mean,2,12,10,7.04,1.0,1.0,0.0,0.0014423950999792729,0.002707296283915639,0.0
BCS4__Cow_19,Cow_19,0,2027,V_mean,2,1,57,1.0,0.42,0.58,0.58,0.21465174638035242,0.14581502974033356,0.42
BCS4__Cow_19,Cow_19,0,2027,V_mean,2,3,57,3.0,0.6,0.6,0.4,0.10741871044831945,0.06356415152549744,0.6
BCS4__Cow_19,Cow_19,0,2027,V_mean,2,6,57,6.0,0.28,0.72,0.72,0.08180162380107463,0.059804148972034454,0.28
BCS4__Cow_19,Cow_19,0,2027,V_mean,2,12,57,12.0,0.46,0.54,0.54,0.0526816087899561,0.03461253270506859,0.46
BCS4__Cow_19_0037,Cow_19,0,2027,V_mean,2,1,5,1.0,1.0,1.0,0.0,0.02045732509046871,0.018072258681058884,0.0
BCS4__Cow_19_0037,Cow_19,0,2027,V_mean,2,3,5,3.0,1.0,1.0,0.0,0.008626004720562254,0.008024666458368301,0.0
BCS4__Cow_19_0037,Cow_19,0,2027,V_mean,2,6,5,3.6,1.0,1.0,0.0,0.007840123150813595,0.006748157553374767,0.0
BCS4__Cow_19_0037,Cow_19,0,2027,V_mean,2,12,5,4.6,1.0,1.0,0.0,0.006192499391554888,0.006903249770402908,0.0
BCS4__Cow_2,Cow_2,0,2027,V_mean,2,1,13,1.0,1.0,1.0,0.0,0.011406599189146776,0.009195035323500633,0.0
BCS4__Cow_2,Cow_2,0,2027,V_mean,2,3,13,3.0,1.0,1.0,0.0,0.00755119768103861,0.00629385095089674,0.0
BCS4__Cow_2,Cow_2,0,2027,V_mean,2,6,13,6.0,1.0,1.0,0.0,0.004387512529794824,0.004365198779851198,0.0
BCS4__Cow_2,Cow_2,0,2027,V_mean,2,12,13,12.0,1.0,1.0,0.0,0.0008850814699291214,0.0009897658601403236,0.0
BCS4__Cow_23,Cow_23,0,2027,V_mean,2,1,18,1.0,1.0,1.0,0.0,0.007501420026180265,0.005346021149307489,0.0
BCS4__Cow_23,Cow_23,0,2027,V_mean,2,3,18,3.0,1.0,1.0,0.0,0.00598055133048023,0.004131913185119629,0.0
BCS4__Cow_23,Cow_23,0,2027,V_mean,2,6,18,6.0,1.0,1.0,0.0,0.003279079527363835,0.0024114940315485,0.0
BCS4__Cow_23,Cow_23,0,2027,V_mean,2,12,18,12.0,1.0,1.0,0.0,0.0020341352936601633,0.0013746657641604543,0.0
BCS4__Cow_31,Cow_31,0,2027,V_mean,2,1,12,1.0,1.0,1.0,0.0,0.4366350415544461,0.17572170495986938,0.0
BCS4__Cow_31,Cow_31,0,2027,V_mean,2,3,12,3.0,1.0,1.0,0.0,0.12600844926586482,0.06987466663122177,0.0
BCS4__Cow_31,Cow_31,0,2027,V_mean,2,6,12,6.0,1.0,1.0,0.0,0.09307667198546837,0.05005066469311714,0.0
BCS4__Cow_31,Cow_31,0,2027,V_mean,2,12,12,12.0,1.0,1.0,0.0,8.103628365280091e-08,2.6626512550365078e-08,0.0
BCS4__Cow_32_0035,Cow_32,0,2027,V_mean,2,1,8,1.0,1.0,1.0,0.0,0.07436130856051723,0.0465562678873539,1.0
BCS4__Cow_32_0035,Cow_32,0,2027,V_mean,2,3,8,3.0,1.0,1.0,0.0,0.039234898614130785,0.020555725321173668,1.0
BCS4__Cow_32_0035,Cow_32,0,2027,V_mean,2,6,8,6.0,1.0,1.0,0.0,0.015864311451827286,0.015857353806495667,1.0
BCS4__Cow_32_0035,Cow_32,0,2027,V_mean,2,12,8,6.48,1.0,1.0,0.0,0.023605112319976522,0.01755489595234394,1.0
BCS4__Cow_44_1,Cow_44,0,2027,V_mean,2,1,22,1.0,1.0,1.0,0.0,0.02311043427212032,0.020924383774399757,0.0
BCS4__Cow_44_1,Cow_44,0,2027,V_mean,2,3,22,3.0,1.0,1.0,0.0,0.012552358359429465,0.01075002085417509,0.0
BCS4__Cow_44_1,Cow_44,0,2027,V_mean,2,6,22,6.0,1.0,1.0,0.0,0.007189774612954549,0.006008199881762266,0.0
BCS4__Cow_44_1,Cow_44,0,2027,V_mean,2,12,22,12.0,1.0,1.0,0.0,0.004448163328589096,0.0037932381965219975,0.0
BCS4__Cow_51,Cow_51,0,2027,V_mean,2,1,4,1.0,0.44,0.56,0.56,0.04465151528563672,0.03712014853954315,0.56
BCS4__Cow_51,Cow_51,0,2027,V_mean,2,3,4,3.0,0.32,0.68,0.68,0.014374799716396481,0.024612970650196075,0.68
BCS4__Cow_51,Cow_51,0,2027,V_mean,2,6,4,3.1,0.06,0.94,0.94,0.01684610862822808,0.027957186102867126,0.94
BCS4__Cow_51,Cow_51,0,2027,V_mean,2,12,4,3.84,0.06,0.94,0.94,0.0121390160782346,0.026654483750462532,0.94
BCS4__Cow_51_0035,Cow_51,0,2027,V_mean,2,1,4,1.0,1.0,1.0,0.0,0.006034138360803227,0.005142039619386196,0.0
BCS4__Cow_51_0035,Cow_51,0,2027,V_mean,2,3,4,3.0,1.0,1.0,0.0,0.0020996616419862754,0.0017164744203910232,0.0
BCS4__Cow_51_0035,Cow_51,0,2027,V_mean,2,6,4,3.4,1.0,1.0,0.0,0.0021533736379849883,0.001964504597708583,0.0
BCS4__Cow_51_0035,Cow_51,0,2027,V_mean,2,12,4,3.92,1.0,1.0,0.0,0.00203971673733753,0.001660671434365213,0.0
BCS4__Cow_7,Cow_7,0,2027,V_mean,2,1,15,1.0,0.64,0.64,0.36,0.11197910430081053,0.06394283473491669,0.64
BCS4__Cow_7,Cow_7,0,2027,V_mean,2,3,15,3.0,0.96,0.96,0.04,0.05493793043860711,0.028955815359950066,0.96
BCS4__Cow_7,Cow_7,0,2027,V_mean,2,6,15,6.0,0.98,0.98,0.02,0.0363233198626717,0.020876169204711914,0.98
BCS4__Cow_7,Cow_7,0,2027,V_mean,2,12,15,12.0,1.0,1.0,0.0,0.012079204231075252,0.0064114779233932495,1.0
BCS5__Cow_15,Cow_15,0,2027,V_mean,3,1,25,1.0,0.98,0.98,0.02,0.024448544590391006,0.012670747935771942,0.02
BCS5__Cow_15,Cow_15,0,2027,V_mean,3,3,25,3.0,1.0,1.0,0.0,0.011277315236713542,0.0063695721328258514,0.0
BCS5__Cow_15,Cow_15,0,2027,V_mean,3,6,25,6.0,1.0,1.0,0.0,0.007458525402571098,0.00459379842504859,0.0
BCS5__Cow_15,Cow_15,0,2027,V_mean,3,12,25,12.0,1.0,1.0,0.0,0.004671058519053833,0.003535277908667922,0.0
BCS5__Cow_17_17,Cow_17,0,2027,V_mean,3,1,6,1.0,1.0,1.0,0.0,0.009368713983221678,0.007325561251491308,1.0
BCS5__Cow_17_17,Cow_17,0,2027,V_mean,3,3,6,3.0,1.0,1.0,0.0,0.00415577909040887,0.0031080699991434813,1.0
BCS5__Cow_17_17,Cow_17,0,2027,V_mean,3,6,6,6.0,1.0,1.0,0.0,9.93192583175317e-08,0.0019434711430221796,1.0
BCS5__Cow_17_17,Cow_17,0,2027,V_mean,3,12,6,5.26,1.0,1.0,0.0,0.0024101700187488494,0.0024876289535313845,1.0
BCS5__Cow_21,Cow_21,0,2027,V_mean,3,1,18,1.0,1.0,1.0,0.0,0.028240294601822178,0.019692951813340187,1.0
BCS5__Cow_21,Cow_21,0,2027,V_mean,3,3,18,3.0,1.0,1.0,0.0,0.013759160057094433,0.012668904848396778,1.0
BCS5__Cow_21,Cow_21,0,2027,V_mean,3,6,18,6.0,1.0,1.0,0.0,0.00918891399985939,0.008421948179602623,1.0
BCS5__Cow_21,Cow_21,0,2027,V_mean,3,12,18,12.0,1.0,1.0,0.0,0.004263625846931285,0.004590586759150028,1.0
BCS5__Cow_23_1067,Cow_23,0,2027,V_mean,3,1,5,1.0,1.0,1.0,0.0,0.01175810707357064,0.010479731485247612,1.0
BCS5__Cow_23_1067,Cow_23,0,2027,V_mean,3,3,5,3.0,1.0,1.0,0.0,0.005403195342144662,0.005377737805247307,1.0
BCS5__Cow_23_1067,Cow_23,0,2027,V_mean,3,6,5,3.74,1.0,1.0,0.0,0.004861470890713911,0.005081281531602144,1.0
BCS5__Cow_23_1067,Cow_23,0,2027,V_mean,3,12,5,4.72,1.0,1.0,0.0,0.003783302054797559,0.0036278150510042906,1.0
BCS5__Cow_25,Cow_25,0,2027,V_mean,3,1,29,1.0,0.78,0.78,0.22,0.05305949669531114,0.01997070387005806,0.22
BCS5__Cow_25,Cow_25,0,2027,V_mean,3,3,29,3.0,0.74,0.74,0.26,0.020077868797055285,0.011504214257001877,0.26
BCS5__Cow_25,Cow_25,0,2027,V_mean,3,6,29,6.0,0.9,0.9,0.1,0.012577571510342014,0.0075743542984128,0.1
BCS5__Cow_25,Cow_25,0,2027,V_mean,3,12,29,12.0,1.0,1.0,0.0,0.007145278529329713,0.0043791974894702435,0.0
BCS5__Cow_31_15,Cow_31,0,2027,V_mean,3,1,3,1.0,1.0,1.0,0.0,0.01659579181831315,0.01026527862995863,1.0
BCS5__Cow_31_15,Cow_31,0,2027,V_mean,3,3,3,3.0,1.0,1.0,0.0,0.0,0.0018510873196646571,1.0
BCS5__Cow_31_15,Cow_31,0,2027,V_mean,3,6,3,2.8,1.0,1.0,0.0,0.006781242990305545,0.004192692693322897,1.0
BCS5__Cow_31_15,Cow_31,0,2027,V_mean,3,12,3,2.94,1.0,1.0,0.0,0.005200640163338617,0.003406053176149726,1.0
BCS5__Cow_31_2024,Cow_31,0,2027,V_mean,3,1,5,1.0,1.0,1.0,0.0,0.028819178922402374,0.03023356758058071,1.0
BCS5__Cow_31_2024,Cow_31,0,2027,V_mean,3,3,5,3.0,1.0,1.0,0.0,0.013419659265359589,0.024522796273231506,1.0
BCS5__Cow_31_2024,Cow_31,0,2027,V_mean,3,6,5,3.62,1.0,1.0,0.0,0.011698234510395348,0.025348441675305367,1.0
BCS5__Cow_31_2024,Cow_31,0,2027,V_mean,3,12,5,4.72,1.0,1.0,0.0,0.009150389023736296,0.02569964900612831,1.0
BCS5__Cow_32,Cow_32,0,2027,V_mean,3,1,5,1.0,1.0,1.0,0.0,0.03907602777347495,0.030781356617808342,1.0
BCS5__Cow_32,Cow_32,0,2027,V_mean,3,3,5,3.0,1.0,1.0,0.0,0.013626655204637472,0.01790224388241768,1.0
BCS5__Cow_32,Cow_32,0,2027,V_mean,3,6,5,3.66,1.0,1.0,0.0,0.011991243624096981,0.013896004296839237,1.0
BCS5__Cow_32,Cow_32,0,2027,V_mean,3,12,5,4.72,1.0,1.0,0.0,0.010815588794744624,0.01554158329963684,1.0
BCS5__Cow_44_3008,Cow_44,0,2027,V_mean,3,1,3,1.0,1.0,1.0,0.0,0.004987332849255545,0.008583078160881996,1.0
BCS5__Cow_44_3008,Cow_44,0,2027,V_mean,3,3,3,3.0,1.0,1.0,0.0,1.3267110628911924e-07,0.006848884280771017,1.0
BCS5__Cow_44_3008,Cow_44,0,2027,V_mean,3,6,3,2.78,1.0,1.0,0.0,0.0018883833921852279,0.0063459379598498344,1.0
BCS5__Cow_44_3008,Cow_44,0,2027,V_mean,3,12,3,2.96,1.0,1.0,0.0,0.0014664069117265252,0.0063855815678834915,1.0
BCS5__Cow_45,Cow_45,0,2027,V_mean,3,1,24,1.0,1.0,1.0,0.0,0.013781425316857061,0.0091699855402112,1.0
BCS5__Cow_45,Cow_45,0,2027,V_mean,3,3,24,3.0,1.0,1.0,0.0,0.005806021159195457,0.004970734007656574,1.0
BCS5__Cow_45,Cow_45,0,2027,V_mean,3,6,24,6.0,1.0,1.0,0.0,0.004568923609719741,0.004085836000740528,1.0
BCS5__Cow_45,Cow_45,0,2027,V_mean,3,12,24,12.0,1.0,1.0,0.0,0.00278313184997293,0.002426860388368368,1.0
BCS5__Cow_53_30,Cow_53,0,2027,V_mean,3,1,4,1.0,1.0,1.0,0.0,0.010754112925458328,0.011302143335342407,1.0
BCS5__Cow_53_30,Cow_53,0,2027,V_mean,3,3,4,3.0,1.0,1.0,0.0,0.003754051058752937,0.00756206875666976,1.0
BCS5__Cow_53_30,Cow_53,0,2027,V_mean,3,6,4,3.2,1.0,1.0,0.0,0.004426066697449328,0.007161595858633518,1.0
BCS5__Cow_53_30,Cow_53,0,2027,V_mean,3,12,4,3.86,1.0,1.0,0.0,0.0026420904196207476,0.007557456381618977,1.0
BCS5__Cow_7_6022,Cow_7,0,2027,V_mean,3,1,3,1.0,1.0,1.0,0.0,0.006598631556751721,0.00785677507519722,1.0
BCS5__Cow_7_6022,Cow_7,0,2027,V_mean,3,3,3,3.0,1.0,1.0,0.0,3.2546721866592295e-08,0.005153100937604904,1.0
BCS5__Cow_7_6022,Cow_7,0,2027,V_mean,3,6,3,2.68,1.0,1.0,0.0,0.0028229887390971617,0.005116680637001991,1.0
BCS5__Cow_7_6022,Cow_7,0,2027,V_mean,3,12,3,2.96,1.0,1.0,0.0,0.0019041272722428067,0.004551456775516272,1.0
BCS6__Cow_16_06,Cow_16,0,2027,V_mean,4,1,62,1.0,1.0,1.0,0.0,0.009455334160044555,0.006418007425963879,1.0
BCS6__Cow_16_06,Cow_16,0,2027,V_mean,4,3,62,3.0,1.0,1.0,0.0,0.0056572649377064025,0.0036845337599515915,1.0
BCS6__Cow_16_06,Cow_16,0,2027,V_mean,4,6,62,6.0,1.0,1.0,0.0,0.0036209488510167403,0.0026126056909561157,1.0
BCS6__Cow_16_06,Cow_16,0,2027,V_mean,4,12,62,12.0,1.0,1.0,0.0,0.0020822064290320673,0.0018027345649898052,1.0
BCS6__Cow_19_29,Cow_19,0,2027,V_mean,4,1,52,1.0,1.0,1.0,0.0,0.028744278456341664,0.01928524300456047,1.0
BCS6__Cow_19_29,Cow_19,0,2027,V_mean,4,3,52,3.0,1.0,1.0,0.0,0.017684984450147476,0.013157207518815994,1.0
BCS6__Cow_19_29,Cow_19,0,2027,V_mean,4,6,52,6.0,1.0,1.0,0.0,0.01201333680252593,0.009210974909365177,1.0
BCS6__Cow_19_29,Cow_19,0,2027,V_mean,4,12,52,12.0,1.0,1.0,0.0,0.00828065478916111,0.007880882360041142,1.0
BCS6__Cow_2_6006,Cow_2,0,2027,V_mean,4,1,31,1.0,1.0,1.0,0.0,0.0022710994448262543,0.0016136441845446825,1.0
BCS6__Cow_2_6006,Cow_2,0,2027,V_mean,4,3,31,3.0,1.0,1.0,0.0,0.0011943302540959573,0.000852730474434793,1.0
BCS6__Cow_2_6006,Cow_2,0,2027,V_mean,4,6,31,6.0,1.0,1.0,0.0,0.0007103044339113822,0.0005007835570722818,1.0
BCS6__Cow_2_6006,Cow_2,0,2027,V_mean,4,12,31,12.0,1.0,1.0,0.0,0.00048385751424982976,0.00034743736614473164,1.0
BCS6__Cow_32_34,Cow_32,0,2027,V_mean,4,1,7,1.0,1.0,1.0,0.0,0.004118498443006745,0.003327462589368224,1.0
BCS6__Cow_32_34,Cow_32,0,2027,V_mean,4,3,7,3.0,1.0,1.0,0.0,0.0018358913128457127,0.002596963429823518,1.0
BCS6__Cow_32_34,Cow_32,0,2027,V_mean,4,6,7,6.0,1.0,1.0,0.0,0.0006092261255236767,0.002503902418538928,1.0
BCS6__Cow_32_34,Cow_32,0,2027,V_mean,4,12,7,5.84,1.0,1.0,0.0,0.0012039858321245443,0.002738285344094038,1.0
BCS6__Cow_36,Cow_36,0,2027,V_mean,4,1,37,1.0,0.72,0.72,0.28,0.5671538899500687,0.2844389081001282,0.72
BCS6__Cow_36,Cow_36,0,2027,V_mean,4,3,37,3.0,0.96,0.96,0.04,0.2677445621743393,0.12325815111398697,0.96
BCS6__Cow_36,Cow_36,0,2027,V_mean,4,6,37,6.0,1.0,1.0,0.0,0.08098680207889752,0.04695670306682587,1.0
BCS6__Cow_36,Cow_36,0,2027,V_mean,4,12,37,12.0,1.0,1.0,0.0,0.044617601448600074,0.04047553241252899,1.0
BCS6__Cow_36_1,Cow_36,0,2027,V_mean,4,1,46,1.0,0.68,0.68,0.32,0.6627225662044665,0.39004337787628174,0.68
BCS6__Cow_36_1,Cow_36,0,2027,V_mean,4,3,46,3.0,0.84,0.84,0.16,0.4048325143230408,0.20296268165111542,0.84
BCS6__Cow_36_1,Cow_36,0,2027,V_mean,4,6,46,6.0,0.84,0.84,0.16,0.3157421069428521,0.18404635787010193,0.84
BCS6__Cow_36_1,Cow_36,0,2027,V_mean,4,12,46,12.0,0.96,0.96,0.04,0.21843095181682573,0.125669926404953,0.96
BCS6__Cow_45_9025,Cow_45,0,2027,V_mean,4,1,31,1.0,1.0,1.0,0.0,0.009913842956523766,0.006938235368579626,1.0
BCS6__Cow_45_9025,Cow_45,0,2027,V_mean,4,3,31,3.0,1.0,1.0,0.0,0.006114822039619831,0.004488000646233559,1.0
BCS6__Cow_45_9025,Cow_45,0,2027,V_mean,4,6,31,6.0,1.0,1.0,0.0,0.003886567381279181,0.0027524037286639214,1.0
BCS6__Cow_45_9025,Cow_45,0,2027,V_mean,4,12,31,12.0,1.0,1.0,0.0,0.0022419397930439336,0.0015957130817696452,1.0
BCS6__Cow_52_29,Cow_52,0,2027,V_mean,4,1,55,1.0,1.0,1.0,0.0,0.004218970546629145,0.002997232601046562,1.0
BCS6__Cow_52_29,Cow_52,0,2027,V_mean,4,3,55,3.0,1.0,1.0,0.0,0.0023926286617337506,0.001961913425475359,1.0
BCS6__Cow_52_29,Cow_52,0,2027,V_mean,4,6,55,6.0,1.0,1.0,0.0,0.0016061959272704925,0.0013734142994508147,1.0
BCS6__Cow_52_29,Cow_52,0,2027,V_mean,4,12,55,12.0,1.0,1.0,0.0,0.0008979322724913756,0.00110212666913867,1.0
BCS6__Cow_7_9008,Cow_7,0,2027,V_mean,4,1,19,1.0,1.0,1.0,0.0,0.05188233461834875,0.03893732652068138,1.0
BCS6__Cow_7_9008,Cow_7,0,2027,V_mean,4,3,19,3.0,1.0,1.0,0.0,0.023272668156764518,0.016951486468315125,1.0
BCS6__Cow_7_9008,Cow_7,0,2027,V_mean,4,6,19,6.0,1.0,1.0,0.0,0.01496276774540401,0.010742854326963425,1.0
BCS6__Cow_7_9008,Cow_7,0,2027,V_mean,4,12,19,12.0,1.0,1.0,0.0,0.009656395089772148,0.007188747636973858,1.0
BCS2__Cow_11,Cow_11,1,2027,V_mean,0,1,76,1.0,1.0,1.0,0.0,0.05053015253747644,0.03563684970140457,0.0
BCS2__Cow_11,Cow_11,1,2027,V_mean,0,3,76,3.0,1.0,1.0,0.0,0.026818743632260004,0.021204141899943352,0.0
BCS2__Cow_11,Cow_11,1,2027,V_mean,0,6,76,6.0,1.0,1.0,0.0,0.018084239860676747,0.013961834833025932,0.0
BCS2__Cow_11,Cow_11,1,2027,V_mean,0,12,76,12.0,1.0,1.0,0.0,0.014439226373919423,0.015781566500663757,0.0
BCS2__Cow_11_1,Cow_11,1,2027,V_mean,0,1,6,1.0,1.0,1.0,0.0,0.038693438574218385,0.030355701223015785,0.0
BCS2__Cow_11_1,Cow_11,1,2027,V_mean,0,3,6,3.0,1.0,1.0,0.0,0.015751646389049603,0.024847015738487244,0.0
BCS2__Cow_11_1,Cow_11,1,2027,V_mean,0,6,6,6.0,1.0,1.0,0.0,3.753279260437332e-08,0.023586880415678024,0.0
BCS2__Cow_11_1,Cow_11,1,2027,V_mean,0,12,6,5.38,1.0,1.0,0.0,0.007932417315851668,0.0235674399882555,0.0
BCS2__Cow_11_2,Cow_11,1,2027,V_mean,0,1,40,1.0,0.7,0.7,0.3,0.5581681366778999,0.43647319078445435,0.3
BCS2__Cow_11_2,Cow_11,1,2027,V_mean,0,3,40,3.0,0.66,0.66,0.34,0.37619792247029327,0.23441530764102936,0.34
BCS2__Cow_11_2,Cow_11,1,2027,V_mean,0,6,40,6.0,0.5,0.5,0.5,0.36188774784922334,0.2410096377134323,0.5
BCS2__Cow_11_2,Cow_11,1,2027,V_mean,0,12,40,12.0,0.52,0.52,0.48,0.27046051112829855,0.18624058365821838,0.48
BCS3__Cow_14,Cow_14,1,2027,V_mean,1,1,4,1.0,1.0,1.0,0.0,0.04948550744402615,0.027413293719291687,1.0
BCS3__Cow_14,Cow_14,1,2027,V_mean,1,3,4,3.0,1.0,1.0,0.0,0.0164473086815611,0.012162945233285427,1.0
BCS3__Cow_14,Cow_14,1,2027,V_mean,1,6,4,3.14,1.0,1.0,0.0,0.021483747502540475,0.013467779383063316,1.0
BCS3__Cow_14,Cow_14,1,2027,V_mean,1,12,4,3.88,1.0,1.0,0.0,0.016327304824894542,0.01432562991976738,1.0
BCS3__Cow_14_0011,Cow_14,1,2027,V_mean,1,1,4,1.0,1.0,1.0,0.0,0.04381663653640332,0.025555934756994247,1.0
BCS3__Cow_14_0011,Cow_14,1,2027,V_mean,1,3,4,3.0,1.0,1.0,0.0,0.013197242845773038,0.01760418340563774,1.0
BCS3__Cow_14_0011,Cow_14,1,2027,V_mean,1,6,4,3.48,1.0,1.0,0.0,0.01620836762010332,0.017303988337516785,1.0
BCS3__Cow_14_0011,Cow_14,1,2027,V_mean,1,12,4,3.9,1.0,1.0,0.0,0.013913189732553942,0.017501909285783768,1.0
BCS3__Cow_6_103,Cow_6,1,2027,V_mean,1,1,4,1.0,1.0,1.0,0.0,0.059025608170773826,0.027686700224876404,1.0
BCS3__Cow_6_103,Cow_6,1,2027,V_mean,1,3,4,3.0,1.0,1.0,0.0,0.015784784427114517,0.01580989360809326,1.0
BCS3__Cow_6_103,Cow_6,1,2027,V_mean,1,6,4,3.36,1.0,1.0,0.0,0.02087260897587402,0.01591942273080349,1.0
BCS3__Cow_6_103,Cow_6,1,2027,V_mean,1,12,4,3.94,1.0,1.0,0.0,0.019671506680189594,0.015495218336582184,1.0
BCS4__Cow_1,Cow_1,1,2027,V_mean,2,1,9,1.0,1.0,1.0,0.0,0.02563655261962042,0.013934739865362644,0.0
BCS4__Cow_1,Cow_1,1,2027,V_mean,2,3,9,3.0,1.0,1.0,0.0,0.011266417273853208,0.006579386070370674,0.0
BCS4__Cow_1,Cow_1,1,2027,V_mean,2,6,9,6.0,1.0,1.0,0.0,0.006392392841002116,0.003932872787117958,0.0
BCS4__Cow_1,Cow_1,1,2027,V_mean,2,12,9,6.56,1.0,1.0,0.0,0.007115774057103152,0.0038835969753563404,0.0
BCS4__Cow_26,Cow_26,1,2027,V_mean,2,1,7,1.0,1.0,1.0,0.0,0.03265112825399593,0.01696179248392582,0.0
BCS4__Cow_26,Cow_26,1,2027,V_mean,2,3,7,3.0,1.0,1.0,0.0,0.01505781506009442,0.00942237488925457,0.0
BCS4__Cow_26,Cow_26,1,2027,V_mean,2,6,7,6.0,1.0,1.0,0.0,0.005071233413090157,0.002455672714859247,0.0
BCS4__Cow_26,Cow_26,1,2027,V_mean,2,12,7,5.86,1.0,1.0,0.0,0.009407262154675251,0.005545681808143854,0.0
BCS4__Cow_26_5051,Cow_26,1,2027,V_mean,2,1,5,1.0,1.0,1.0,0.0,0.04600086643009471,0.028677307069301605,0.0
BCS4__Cow_26_5051,Cow_26,1,2027,V_mean,2,3,5,3.0,1.0,1.0,0.0,0.016846059402466834,0.021802373230457306,0.0
BCS4__Cow_26_5051,Cow_26,1,2027,V_mean,2,6,5,3.74,1.0,1.0,0.0,0.016492749923600353,0.02112109214067459,0.0
BCS4__Cow_26_5051,Cow_26,1,2027,V_mean,2,12,5,4.56,1.0,1.0,0.0,0.011478055796379288,0.021428897976875305,0.0
BCS4__Cow_27_9008,Cow_27,1,2027,V_mean,2,1,4,1.0,1.0,1.0,0.0,0.05369607292841672,0.02604670822620392,0.0
BCS4__Cow_27_9008,Cow_27,1,2027,V_mean,2,3,4,3.0,1.0,1.0,0.0,0.01648103691838418,0.009323589503765106,0.0
BCS4__Cow_27_9008,Cow_27,1,2027,V_mean,2,6,4,3.3,1.0,1.0,0.0,0.01723142881693027,0.009469859302043915,0.0
BCS4__Cow_27_9008,Cow_27,1,2027,V_mean,2,12,4,3.86,1.0,1.0,0.0,0.012374398397237236,0.007275693584233522,0.0
BCS4__Cow_29_7007,Cow_29,1,2027,V_mean,2,1,4,1.0,1.0,1.0,0.0,0.02237355624224391,0.03192075341939926,0.0
BCS4__Cow_29_7007,Cow_29,1,2027,V_mean,2,3,4,3.0,1.0,1.0,0.0,0.008867103868932769,0.029711706563830376,0.0
BCS4__Cow_29_7007,Cow_29,1,2027,V_mean,2,6,4,3.26,1.0,1.0,0.0,0.012041806309035464,0.03296768292784691,0.0
BCS4__Cow_29_7007,Cow_29,1,2027,V_mean,2,12,4,3.88,1.0,1.0,0.0,0.007953291761485102,0.030770426616072655,0.0
BCS4__Cow_33,Cow_33,1,2027,V_mean,2,1,21,1.0,0.96,0.96,0.04,0.032633203306648165,0.015193084254860878,0.04
BCS4__Cow_33,Cow_33,1,2027,V_mean,2,3,21,3.0,1.0,1.0,0.0,0.020050705087297362,0.010833385400474072,0.0
BCS4__Cow_33,Cow_33,1,2027,V_mean,2,6,21,6.0,1.0,1.0,0.0,0.016157833003099403,0.008242008276283741,0.0
BCS4__Cow_33,Cow_33,1,2027,V_mean,2,12,21,12.0,1.0,1.0,0.0,0.009365923302400568,0.005156496539711952,0.0
BCS4__Cow_4,Cow_4,1,2027,V_mean,2,1,4,1.0,0.68,0.68,0.32,0.03801477024422975,0.022573281079530716,0.32
BCS4__Cow_4,Cow_4,1,2027,V_mean,2,3,4,3.0,1.0,1.0,0.0,0.01061951353902499,0.011088762432336807,0.0
BCS4__Cow_4,Cow_4,1,2027,V_mean,2,6,4,3.4,0.98,0.98,0.02,0.014033443494113926,0.010341376066207886,0.02
BCS4__Cow_4,Cow_4,1,2027,V_mean,2,12,4,3.88,1.0,1.0,0.0,0.01010545456674988,0.008252262137830257,0.0
BCS4__Cow_41,Cow_41,1,2027,V_mean,2,1,3,1.0,1.0,1.0,0.0,0.017430091455506773,0.01045956276357174,0.0
BCS4__Cow_41,Cow_41,1,2027,V_mean,2,3,3,3.0,1.0,1.0,0.0,1.5114081772327737e-07,0.010084510780870914,0.0
BCS4__Cow_41,Cow_41,1,2027,V_mean,2,6,3,2.68,1.0,1.0,0.0,0.005353492592005735,0.009057733230292797,0.0
BCS4__Cow_41,Cow_41,1,2027,V_mean,2,12,3,2.96,1.0,1.0,0.0,0.0046292692642849655,0.010038299486041069,0.0
BCS4__Cow_48,Cow_48,1,2027,V_mean,2,1,3,1.0,1.0,1.0,0.0,0.047002066751863095,0.024466728791594505,0.0
BCS4__Cow_48,Cow_48,1,2027,V_mean,2,3,3,3.0,1.0,1.0,0.0,4.3338302609853496e-08,0.021515989676117897,0.0
BCS4__Cow_48,Cow_48,1,2027,V_mean,2,6,3,2.74,1.0,1.0,0.0,0.019452710540190935,0.020692870020866394,0.0
BCS4__Cow_48,Cow_48,1,2027,V_mean,2,12,3,3.0,1.0,1.0,0.0,0.013056975978635553,0.023080479353666306,0.0
BCS4__Cow_4_1,Cow_4,1,2027,V_mean,2,1,39,1.0,1.0,1.0,0.0,0.027705205918836115,0.01352144218981266,0.0
BCS4__Cow_4_1,Cow_4,1,2027,V_mean,2,3,39,3.0,1.0,1.0,0.0,0.018539623598049927,0.008952982723712921,0.0
BCS4__Cow_4_1,Cow_4,1,2027,V_mean,2,6,39,6.0,1.0,1.0,0.0,0.014692636322552924,0.007443001493811607,0.0
BCS4__Cow_4_1,Cow_4,1,2027,V_mean,2,12,39,12.0,1.0,1.0,0.0,0.01008160965170009,0.00529326731339097,0.0
BCS4__Cow_6,Cow_6,1,2027,V_mean,2,1,7,1.0,1.0,1.0,0.0,0.05528926162824289,0.03127707168459892,0.0
BCS4__Cow_6,Cow_6,1,2027,V_mean,2,3,7,3.0,1.0,1.0,0.0,0.026739242677769563,0.021909205242991447,0.0
BCS4__Cow_6,Cow_6,1,2027,V_mean,2,6,7,6.0,1.0,1.0,0.0,0.008083016104857533,0.02229311317205429,0.0
BCS4__Cow_6,Cow_6,1,2027,V_mean,2,12,7,5.88,1.0,1.0,0.0,0.016328846025216316,0.020550236105918884,0.0
BCS5__Cow_12_NOTAG,Cow_12,1,2027,V_mean,3,1,3,1.0,1.0,1.0,0.0,0.05166964496576769,0.030077166855335236,0.0
BCS5__Cow_12_NOTAG,Cow_12,1,2027,V_mean,3,3,3,3.0,1.0,1.0,0.0,0.0,0.02526061050593853,0.0
BCS5__Cow_12_NOTAG,Cow_12,1,2027,V_mean,3,6,3,2.82,1.0,1.0,0.0,0.01827152667989809,0.025305623188614845,0.0
BCS5__Cow_12_NOTAG,Cow_12,1,2027,V_mean,3,12,3,2.96,1.0,1.0,0.0,0.014819507498636194,0.0245891734957695,0.0
BCS5__Cow_13,Cow_13,1,2027,V_mean,3,1,20,1.0,0.96,0.96,0.04,0.04288069569377716,0.021808737888932228,0.0
BCS5__Cow_13,Cow_13,1,2027,V_mean,3,3,20,3.0,1.0,1.0,0.0,0.027689341406944394,0.013095328584313393,0.0
BCS5__Cow_13,Cow_13,1,2027,V_mean,3,6,20,6.0,1.0,1.0,0.0,0.017393719209907562,0.009229324758052826,0.0
BCS5__Cow_13,Cow_13,1,2027,V_mean,3,12,20,12.0,1.0,1.0,0.0,0.009476613964993835,0.006106221117079258,0.0
BCS5__Cow_13_8001,Cow_13,1,2027,V_mean,3,1,3,1.0,1.0,1.0,0.0,0.12294366105567354,0.08953437954187393,0.0
BCS5__Cow_13_8001,Cow_13,1,2027,V_mean,3,3,3,3.0,1.0,1.0,0.0,0.0,0.07202880829572678,0.0
BCS5__Cow_13_8001,Cow_13,1,2027,V_mean,3,6,3,2.78,1.0,1.0,0.0,0.05430395780978407,0.06251567602157593,0.0
BCS5__Cow_13_8001,Cow_13,1,2027,V_mean,3,12,3,2.98,1.0,1.0,0.0,0.04273161116373998,0.07403633743524551,0.0
BCS5__Cow_1_27,Cow_1,1,2027,V_mean,3,1,3,1.0,0.64,0.64,0.36,0.09105461569046233,0.06491830945014954,0.0
BCS5__Cow_1_27,Cow_1,1,2027,V_mean,3,3,3,3.0,1.0,1.0,0.0,1.4488790909783573e-07,0.05206303671002388,0.0
BCS5__Cow_1_27,Cow_1,1,2027,V_mean,3,6,3,2.78,0.78,0.78,0.22,0.03767198205897482,0.051235590130090714,0.0
BCS5__Cow_1_27,Cow_1,1,2027,V_mean,3,12,3,2.96,0.92,0.92,0.08,0.02765941677028172,0.049397096037864685,0.0
BCS5__Cow_27,Cow_27,1,2027,V_mean,3,1,21,1.0,1.0,1.0,0.0,0.07971996260107622,0.04378252103924751,0.0
BCS5__Cow_27,Cow_27,1,2027,V_mean,3,3,21,3.0,1.0,1.0,0.0,0.04777288366730208,0.02619267627596855,0.0
BCS5__Cow_27,Cow_27,1,2027,V_mean,3,6,21,6.0,1.0,1.0,0.0,0.02792644826236002,0.015432765707373619,0.0
BCS5__Cow_27,Cow_27,1,2027,V_mean,3,12,21,12.0,1.0,1.0,0.0,0.015730059482883266,0.0097038010135293,0.0
BCS5__Cow_29,Cow_29,1,2027,V_mean,3,1,25,1.0,1.0,1.0,0.0,0.02149477452432227,0.012781037949025631,0.0
BCS5__Cow_29,Cow_29,1,2027,V_mean,3,3,25,3.0,1.0,1.0,0.0,0.013680008552823702,0.00818843673914671,0.0
BCS5__Cow_29,Cow_29,1,2027,V_mean,3,6,25,6.0,1.0,1.0,0.0,0.008003998953574183,0.005558435805141926,0.0
BCS5__Cow_29,Cow_29,1,2027,V_mean,3,12,25,12.0,1.0,1.0,0.0,0.0038681497709289457,0.0026568379253149033,0.0
BCS5__Cow_37,Cow_37,1,2027,V_mean,3,1,26,1.0,0.22,0.78,0.78,0.07153519839028785,0.031710486859083176,0.0
BCS5__Cow_37,Cow_37,1,2027,V_mean,3,3,26,3.0,0.28,0.72,0.72,0.052740518835657675,0.027656368911266327,0.0
BCS5__Cow_37,Cow_37,1,2027,V_mean,3,6,26,6.0,0.6,0.6,0.4,0.030315413435234452,0.016140885651111603,0.0
BCS5__Cow_37,Cow_37,1,2027,V_mean,3,12,26,12.0,0.28,0.72,0.72,0.017087249781415747,0.010557461529970169,0.0
BCS5__Cow_37_and_38,Cow_37,1,2027,V_mean,3,1,3,1.0,0.7,0.7,0.3,0.10231926546103051,0.051330145448446274,0.0
BCS5__Cow_37_and_38,Cow_37,1,2027,V_mean,3,3,3,3.0,0.0,1.0,1.0,0.0,0.044917017221450806,0.0
BCS5__Cow_37_and_38,Cow_37,1,2027,V_mean,3,6,3,2.7,0.16,0.84,0.84,0.049394519464055896,0.05500870570540428,0.0
BCS5__Cow_37_and_38,Cow_37,1,2027,V_mean,3,12,3,2.96,0.1,0.9,0.9,0.034134374909940535,0.04629525542259216,0.0
BCS5__Cow_43,Cow_43,1,2027,V_mean,3,1,37,1.0,1.0,1.0,0.0,0.0754345897340888,0.03551217541098595,0.0
BCS5__Cow_43,Cow_43,1,2027,V_mean,3,3,37,3.0,1.0,1.0,0.0,0.039013864529458264,0.021774878725409508,0.0
BCS5__Cow_43,Cow_43,1,2027,V_mean,3,6,37,6.0,1.0,1.0,0.0,0.022390581867247576,0.016779791563749313,0.0
BCS5__Cow_43,Cow_43,1,2027,V_mean,3,12,37,12.0,1.0,1.0,0.0,0.01894449468347548,0.011118500493466854,0.0
BCS5__Cow_48_1018,Cow_48,1,2027,V_mean,3,1,3,1.0,1.0,1.0,0.0,0.057106533845282116,0.03340344876050949,0.0
BCS5__Cow_48_1018,Cow_48,1,2027,V_mean,3,3,3,3.0,1.0,1.0,0.0,1.8500188176529053e-07,0.027415404096245766,0.0
BCS5__Cow_48_1018,Cow_48,1,2027,V_mean,3,6,3,2.82,1.0,1.0,0.0,0.021003439331800208,0.02910645492374897,0.0
BCS5__Cow_48_1018,Cow_48,1,2027,V_mean,3,12,3,2.98,1.0,1.0,0.0,0.01843522369868138,0.027491558343172073,0.0
BCS5__Cow_54,Cow_54,1,2027,V_mean,3,1,6,1.0,1.0,1.0,0.0,0.06554193237390186,0.04145316779613495,0.0
BCS5__Cow_54,Cow_54,1,2027,V_mean,3,3,6,3.0,1.0,1.0,0.0,0.026325960700933702,0.03423255309462547,0.0
BCS5__Cow_54,Cow_54,1,2027,V_mean,3,6,6,6.0,1.0,1.0,0.0,1.2571115886677998e-07,0.032859764993190765,0.0
BCS5__Cow_54,Cow_54,1,2027,V_mean,3,12,6,5.4,1.0,1.0,0.0,0.017940367493676886,0.03379179164767265,0.0
BCS5__Cow_6_5051,Cow_6,1,2027,V_mean,3,1,3,1.0,1.0,1.0,0.0,0.019878503093714146,0.014967335388064384,0.0
BCS5__Cow_6_5051,Cow_6,1,2027,V_mean,3,3,3,3.0,1.0,1.0,0.0,7.526222948373934e-08,0.011227423325181007,0.0
BCS5__Cow_6_5051,Cow_6,1,2027,V_mean,3,6,3,2.74,1.0,1.0,0.0,0.009119053578578801,0.011905396357178688,0.0
BCS5__Cow_6_5051,Cow_6,1,2027,V_mean,3,12,3,2.96,1.0,1.0,0.0,0.007233866829912488,0.011406758800148964,0.0
BCS6__Cow_11_07,Cow_11,1,2027,V_mean,4,1,27,1.0,0.72,0.72,0.56,0.6670262385925649,0.277449369430542,0.72
BCS6__Cow_11_07,Cow_11,1,2027,V_mean,4,3,27,3.0,0.94,0.94,0.12,0.3891363595883733,0.15710055828094482,0.94
BCS6__Cow_11_07,Cow_11,1,2027,V_mean,4,6,27,6.0,1.0,1.0,0.0,0.24851843160446396,0.10437128692865372,1.0
BCS6__Cow_11_07,Cow_11,1,2027,V_mean,4,12,27,12.0,1.0,1.0,0.0,0.20196437537541476,0.09313417226076126,1.0
BCS6__Cow_12_2014,Cow_12,1,2027,V_mean,4,1,39,1.0,0.9,0.9,0.1,0.38685809691632994,0.10295811295509338,0.0
BCS6__Cow_12_2014,Cow_12,1,2027,V_mean,4,3,39,3.0,1.0,1.0,0.0,0.07388903944354394,0.016783973202109337,0.0
BCS6__Cow_12_2014,Cow_12,1,2027,V_mean,4,6,39,6.0,1.0,1.0,0.0,0.02822634971638798,0.010176233947277069,0.0
BCS6__Cow_12_2014,Cow_12,1,2027,V_mean,4,12,39,12.0,1.0,1.0,0.0,0.02863061267755902,0.011702381074428558,0.0
BCS6__Cow_13_66,Cow_13,1,2027,V_mean,4,1,20,1.0,0.84,0.84,0.64,0.6212210442467644,0.11632145941257477,0.84
BCS6__Cow_13_66,Cow_13,1,2027,V_mean,4,3,20,3.0,1.0,1.0,0.0,0.2878127019636417,0.06269355118274689,1.0
BCS6__Cow_13_66,Cow_13,1,2027,V_mean,4,6,20,6.0,1.0,1.0,0.0,0.1980547761706939,0.041782446205616,1.0
BCS6__Cow_13_66,Cow_13,1,2027,V_mean,4,12,20,12.0,1.0,1.0,0.0,0.07729755975834555,0.016593053936958313,1.0
BCS6__Cow_26_6,Cow_26,1,2027,V_mean,4,1,9,1.0,1.0,1.0,0.0,0.03201198575474665,0.008881088346242905,1.0
BCS6__Cow_26_6,Cow_26,1,2027,V_mean,4,3,9,3.0,1.0,1.0,0.0,0.01563217581740152,0.005265336018055677,1.0
BCS6__Cow_26_6,Cow_26,1,2027,V_mean,4,6,9,6.0,1.0,1.0,0.0,0.007647195639226689,0.004139540251344442,1.0
BCS6__Cow_26_6,Cow_26,1,2027,V_mean,4,12,9,7.04,1.0,1.0,0.0,0.009160889427031749,0.003887196071445942,1.0
BCS6__Cow_29_NOTAG,Cow_29,1,2027,V_mean,4,1,34,1.0,1.0,1.0,0.0,0.06043856382146679,0.016776027157902718,1.0
BCS6__Cow_29_NOTAG,Cow_29,1,2027,V_mean,4,3,34,3.0,1.0,1.0,0.0,0.03390298318104448,0.008778884075582027,1.0
BCS6__Cow_29_NOTAG,Cow_29,1,2027,V_mean,4,6,34,6.0,1.0,1.0,0.0,0.02148040456705064,0.005897810682654381,1.0
BCS6__Cow_29_NOTAG,Cow_29,1,2027,V_mean,4,12,34,12.0,1.0,1.0,0.0,0.013334357728511069,0.003539163852110505,1.0
BCS6__Cow_35,Cow_35,1,2027,V_mean,4,1,24,1.0,0.48,0.52,1.04,0.6069370843081403,0.44495558738708496,0.48
BCS6__Cow_35,Cow_35,1,2027,V_mean,4,3,24,3.0,0.56,0.56,0.88,0.40485291588817973,0.2583081126213074,0.56
BCS6__Cow_35,Cow_35,1,2027,V_mean,4,6,24,6.0,0.68,0.68,0.64,0.3037882334781459,0.21633638441562653,0.68
BCS6__Cow_35,Cow_35,1,2027,V_mean,4,12,24,12.0,0.8,0.8,0.4,0.22146909184437708,0.1773524135351181,0.8
BCS6__Cow_4_103,Cow_4,1,2027,V_mean,4,1,47,1.0,0.62,0.62,1.52,0.7877156204122677,0.1890382617712021,0.62
BCS6__Cow_4_103,Cow_4,1,2027,V_mean,4,3,47,3.0,0.92,0.92,0.32,0.46433558365181266,0.10393734276294708,0.92
BCS6__Cow_4_103,Cow_4,1,2027,V_mean,4,6,47,6.0,1.0,1.0,0.0,0.33894317267973906,0.07249853014945984,1.0
BCS6__Cow_4_103,Cow_4,1,2027,V_mean,4,12,47,12.0,1.0,1.0,0.0,0.22790116233892319,0.047178253531455994,1.0
BCS2__Cow_5_1,Cow_5,2,2027,V_mean,0,1,10,1.0,1.0,1.0,0.0,0.005362669500919558,0.0014871294843032956,0.0
BCS2__Cow_5_1,Cow_5,2,2027,V_mean,0,3,10,3.0,1.0,1.0,0.0,0.0024018672955760686,0.0006277279462665319,0.0
BCS2__Cow_5_1,Cow_5,2,2027,V_mean,0,6,10,6.0,1.0,1.0,0.0,0.001590769983996829,0.000430604035500437,0.0
BCS2__Cow_5_1,Cow_5,2,2027,V_mean,0,12,10,7.2,1.0,1.0,0.0,0.0011847592693419809,0.00033512726076878607,0.0
BCS3__Cow_20_0029,Cow_20,2,2027,V_mean,1,1,4,1.0,1.0,1.0,0.0,0.05328650427154929,0.02768666110932827,0.0
BCS3__Cow_20_0029,Cow_20,2,2027,V_mean,1,3,4,3.0,1.0,1.0,0.0,0.01695187073791965,0.011865942738950253,0.0
BCS3__Cow_20_0029,Cow_20,2,2027,V_mean,1,6,4,3.44,1.0,1.0,0.0,0.02065476414698462,0.012881619855761528,0.0
BCS3__Cow_20_0029,Cow_20,2,2027,V_mean,1,12,4,3.86,1.0,1.0,0.0,0.017080066368763296,0.011468030512332916,0.0
BCS3__Cow_22,Cow_22,2,2027,V_mean,1,1,20,1.0,0.8,0.8,0.2,0.08830708204210072,0.08150270581245422,0.2
BCS3__Cow_22,Cow_22,2,2027,V_mean,1,3,20,3.0,0.64,0.64,0.36,0.075439244329822,0.0653102919459343,0.36
BCS3__Cow_22,Cow_22,2,2027,V_mean,1,6,20,6.0,0.8,0.8,0.2,0.044195982240243174,0.0429970882833004,0.2
BCS3__Cow_22,Cow_22,2,2027,V_mean,1,12,20,12.0,0.92,0.92,0.08,0.0267278070943993,0.03659114986658096,0.08
BCS3__Cow_22_1,Cow_22,2,2027,V_mean,1,1,6,1.0,0.56,0.56,0.44,0.18071039581361656,0.16149894893169403,0.56
BCS3__Cow_22_1,Cow_22,2,2027,V_mean,1,3,6,3.0,0.76,0.76,0.24,0.0712662262677366,0.07426264882087708,0.76
BCS3__Cow_22_1,Cow_22,2,2027,V_mean,1,6,6,6.0,1.0,1.0,0.0,1.5096303834610646e-08,0.0725841224193573,1.0
BCS3__Cow_22_1,Cow_22,2,2027,V_mean,1,12,6,5.46,0.78,0.78,0.22,0.05550729639795158,0.08811435848474503,0.78
BCS4__Cow_10,Cow_10,2,2027,V_mean,2,1,41,1.0,1.0,1.0,0.0,0.07944279158921165,0.0323738232254982,0.0
BCS4__Cow_10,Cow_10,2,2027,V_mean,2,3,41,3.0,1.0,1.0,0.0,0.027742820927198184,0.018877418711781502,0.0
BCS4__Cow_10,Cow_10,2,2027,V_mean,2,6,41,6.0,1.0,1.0,0.0,0.01713837250320157,0.013775557279586792,0.0
BCS4__Cow_10,Cow_10,2,2027,V_mean,2,12,41,12.0,1.0,1.0,0.0,0.013176421467917072,0.01056521013379097,0.0
BCS4__Cow_10_2038,Cow_10,2,2027,V_mean,2,1,4,1.0,1.0,1.0,0.0,0.22933959801266238,0.11506164819002151,0.0
BCS4__Cow_10_2038,Cow_10,2,2027,V_mean,2,3,4,3.0,1.0,1.0,0.0,0.07713248446539434,0.05981890857219696,0.0
BCS4__Cow_10_2038,Cow_10,2,2027,V_mean,2,6,4,3.32,1.0,1.0,0.0,0.09638200248278372,0.05286024510860443,0.0
BCS4__Cow_10_2038,Cow_10,2,2027,V_mean,2,12,4,3.84,1.0,1.0,0.0,0.0679055058185667,0.04180823639035225,0.0
BCS4__Cow_22_6005,Cow_22,2,2027,V_mean,2,1,4,1.0,1.0,1.0,0.0,0.06072848999601366,0.03474872559309006,0.0
BCS4__Cow_22_6005,Cow_22,2,2027,V_mean,2,3,4,3.0,1.0,1.0,0.0,0.022282839404124708,0.027592279016971588,0.0
BCS4__Cow_22_6005,Cow_22,2,2027,V_mean,2,6,4,3.32,1.0,1.0,0.0,0.028453719991679262,0.026340873911976814,0.0
BCS4__Cow_22_6005,Cow_22,2,2027,V_mean,2,12,4,3.88,1.0,1.0,0.0,0.017661399943446596,0.026843350380659103,0.0
BCS4__Cow_30,Cow_30,2,2027,V_mean,2,1,4,1.0,1.0,1.0,0.0,0.07413573641398337,0.027863942086696625,0.0
BCS4__Cow_30,Cow_30,2,2027,V_mean,2,3,4,3.0,1.0,1.0,0.0,0.021765543296296673,0.015543370507657528,0.0
BCS4__Cow_30,Cow_30,2,2027,V_mean,2,6,4,3.22,1.0,1.0,0.0,0.028192405506358778,0.015427079051733017,0.0
BCS4__Cow_30,Cow_30,2,2027,V_mean,2,12,4,3.92,1.0,1.0,0.0,0.019478074842708942,0.015164806507527828,0.0
BCS4__Cow_42,Cow_42,2,2027,V_mean,2,1,11,1.0,0.9,0.9,0.1,0.09670841077049462,0.056026216596364975,0.0
BCS4__Cow_42,Cow_42,2,2027,V_mean,2,3,11,3.0,1.0,1.0,0.0,0.04950926087851637,0.02535238116979599,0.0
BCS4__Cow_42,Cow_42,2,2027,V_mean,2,6,11,6.0,1.0,1.0,0.0,0.031213475672427864,0.016328997910022736,0.0
BCS4__Cow_42,Cow_42,2,2027,V_mean,2,12,11,7.42,1.0,1.0,0.0,0.030994220838353244,0.017312131822109222,0.0
BCS4__Cow_47_1,Cow_47,2,2027,V_mean,2,1,7,1.0,0.8,0.8,0.4,0.330008752288705,0.1439417153596878,0.0
BCS4__Cow_47_1,Cow_47,2,2027,V_mean,2,3,7,3.0,0.88,0.88,0.24,0.18013178708647518,0.08388478308916092,0.0
BCS4__Cow_47_1,Cow_47,2,2027,V_mean,2,6,7,6.0,1.0,1.0,0.0,0.053485591501163186,0.04717830568552017,0.0
BCS4__Cow_47_1,Cow_47,2,2027,V_mean,2,12,7,6.0,1.0,1.0,0.0,0.08227629231758213,0.03649485111236572,0.0
BCS4__Cow_49,Cow_49,2,2027,V_mean,2,1,7,1.0,0.9,0.9,0.2,0.17384349946179103,0.08657146245241165,0.0
BCS4__Cow_49,Cow_49,2,2027,V_mean,2,3,7,3.0,1.0,1.0,0.0,0.076086358773742,0.034881360828876495,0.0
BCS4__Cow_49,Cow_49,2,2027,V_mean,2,6,7,6.0,1.0,1.0,0.0,0.03308209505001768,0.03336004912853241,0.0
BCS4__Cow_49,Cow_49,2,2027,V_mean,2,12,7,5.88,1.0,1.0,0.0,0.04871689514559127,0.03279232606291771,0.0
BCS4__Cow_55,Cow_55,2,2027,V_mean,2,1,4,1.0,0.76,0.76,0.48,0.22496136044835727,0.09582623839378357,0.0
BCS4__Cow_55,Cow_55,2,2027,V_mean,2,3,4,3.0,1.0,1.0,0.0,0.05704326638600073,0.049905773252248764,0.0
BCS4__Cow_55,Cow_55,2,2027,V_mean,2,6,4,3.24,1.0,1.0,0.0,0.08819279932652974,0.059376977384090424,0.0
BCS4__Cow_55,Cow_55,2,2027,V_mean,2,12,4,3.86,1.0,1.0,0.0,0.05276934099728021,0.04570109024643898,0.0
BCS4__Cow_8,Cow_8,2,2027,V_mean,2,1,26,1.0,1.0,1.0,0.0,0.03817181101300188,0.017868882045149803,0.0
BCS4__Cow_8,Cow_8,2,2027,V_mean,2,3,26,3.0,1.0,1.0,0.0,0.018157230003902694,0.009614957496523857,0.0
BCS4__Cow_8,Cow_8,2,2027,V_mean,2,6,26,6.0,1.0,1.0,0.0,0.011280869371998917,0.006756877992302179,0.0
BCS4__Cow_8,Cow_8,2,2027,V_mean,2,12,26,12.0,1.0,1.0,0.0,0.00939732168826777,0.00559507729485631,0.0
BCS4__Cow_9,Cow_9,2,2027,V_mean,2,1,19,1.0,1.0,1.0,0.0,0.055140207280544085,0.024306554347276688,0.0
BCS4__Cow_9,Cow_9,2,2027,V_mean,2,3,19,3.0,1.0,1.0,0.0,0.0307439226534015,0.012453502044081688,0.0
BCS4__Cow_9,Cow_9,2,2027,V_mean,2,6,19,6.0,1.0,1.0,0.0,0.018721280918745704,0.007635810878127813,0.0
BCS4__Cow_9,Cow_9,2,2027,V_mean,2,12,19,12.0,1.0,1.0,0.0,0.009624234447887077,0.003971886821091175,0.0
BCS5__Cow_10_0029,Cow_10,2,2027,V_mean,3,1,5,1.0,1.0,1.0,0.0,0.07836569703226048,0.04789736866950989,1.0
BCS5__Cow_10_0029,Cow_10,2,2027,V_mean,3,3,5,3.0,1.0,1.0,0.0,0.03426999868364143,0.024143319576978683,1.0
BCS5__Cow_10_0029,Cow_10,2,2027,V_mean,3,6,5,3.7,1.0,1.0,0.0,0.03205901251681721,0.023041339591145515,1.0
BCS5__Cow_10_0029,Cow_10,2,2027,V_mean,3,12,5,4.5,1.0,1.0,0.0,0.025024713500737074,0.020959947258234024,1.0
BCS5__Cow_24,Cow_24,2,2027,V_mean,3,1,12,1.0,1.0,1.0,0.0,0.05700835766022645,0.02371799200773239,1.0
BCS5__Cow_24,Cow_24,2,2027,V_mean,3,3,12,3.0,1.0,1.0,0.0,0.024417084675291585,0.012901273556053638,1.0
BCS5__Cow_24,Cow_24,2,2027,V_mean,3,6,12,6.0,1.0,1.0,0.0,0.017488007070550652,0.009398248046636581,1.0
BCS5__Cow_24,Cow_24,2,2027,V_mean,3,12,12,12.0,1.0,1.0,0.0,1.093109027316796e-07,3.758119504482238e-08,1.0
BCS5__Cow_24_7022,Cow_24,2,2027,V_mean,3,1,3,1.0,1.0,1.0,0.0,0.06740359403397536,0.032473236322402954,1.0
BCS5__Cow_24_7022,Cow_24,2,2027,V_mean,3,3,3,3.0,1.0,1.0,0.0,3.8952235941211545e-08,0.029540501534938812,1.0
BCS5__Cow_24_7022,Cow_24,2,2027,V_mean,3,6,3,2.78,1.0,1.0,0.0,0.026873299112965522,0.02927769348025322,1.0
BCS5__Cow_24_7022,Cow_24,2,2027,V_mean,3,12,3,2.96,1.0,1.0,0.0,0.020816934792163146,0.030289269983768463,1.0
BCS5__Cow_28,Cow_28,2,2027,V_mean,3,1,28,1.0,1.0,1.0,0.0,0.05872899189432716,0.018101906403899193,1.0
BCS5__Cow_28,Cow_28,2,2027,V_mean,3,3,28,3.0,1.0,1.0,0.0,0.020131122827326497,0.010533603839576244,1.0
BCS5__Cow_28,Cow_28,2,2027,V_mean,3,6,28,6.0,1.0,1.0,0.0,0.013248910584236955,0.00783301331102848,1.0
BCS5__Cow_28,Cow_28,2,2027,V_mean,3,12,28,12.0,1.0,1.0,0.0,0.008109144340588468,0.005425852723419666,1.0
BCS5__Cow_28_4024,Cow_28,2,2027,V_mean,3,1,3,1.0,1.0,1.0,0.0,0.04536563991299597,0.019149050116539,1.0
BCS5__Cow_28_4024,Cow_28,2,2027,V_mean,3,3,3,3.0,1.0,1.0,0.0,8.083305350349634e-08,0.016058705747127533,1.0
BCS5__Cow_28_4024,Cow_28,2,2027,V_mean,3,6,3,2.76,1.0,1.0,0.0,0.017767795062807137,0.014197874814271927,1.0
BCS5__Cow_28_4024,Cow_28,2,2027,V_mean,3,12,3,3.0,1.0,1.0,0.0,0.015126923636071885,0.015541200526058674,1.0
BCS5__Cow_3,Cow_3,2,2027,V_mean,3,1,10,1.0,1.0,1.0,0.0,0.0013882677785006221,0.0011085409205406904,0.0
BCS5__Cow_3,Cow_3,2,2027,V_mean,3,3,10,3.0,1.0,1.0,0.0,0.0006482316283925672,0.0005398172070272267,0.0
BCS5__Cow_3,Cow_3,2,2027,V_mean,3,6,10,6.0,1.0,1.0,0.0,0.00030466288857972367,0.0003967135853599757,0.0
BCS5__Cow_3,Cow_3,2,2027,V_mean,3,12,10,7.26,1.0,1.0,0.0,0.00030789765246498483,0.0003810112248174846,0.0
BCS5__Cow_30_30,Cow_30,2,2027,V_mean,3,1,6,1.0,1.0,1.0,0.0,0.08746161264850143,0.05662393569946289,1.0
BCS5__Cow_30_30,Cow_30,2,2027,V_mean,3,3,6,3.0,1.0,1.0,0.0,0.03664866232766103,0.02655988186597824,1.0
BCS5__Cow_30_30,Cow_30,2,2027,V_mean,3,6,6,6.0,1.0,1.0,0.0,1.430297981091865e-07,0.021418724209070206,1.0
BCS5__Cow_30_30,Cow_30,2,2027,V_mean,3,12,6,5.24,1.0,1.0,0.0,0.0245128589303508,0.022352764382958412,1.0
BCS5__Cow_34,Cow_34,2,2027,V_mean,3,1,9,1.0,1.0,1.0,0.0,0.5935738291099418,0.1513812094926834,0.0
BCS5__Cow_34,Cow_34,2,2027,V_mean,3,3,9,3.0,1.0,1.0,0.0,0.12033143629153097,0.060193467885255814,0.0
BCS5__Cow_34,Cow_34,2,2027,V_mean,3,6,9,6.0,1.0,1.0,0.0,0.053265361755163554,0.06423664838075638,0.0
BCS5__Cow_34,Cow_34,2,2027,V_mean,3,12,9,6.9,1.0,1.0,0.0,0.07467957148367635,0.057623181492090225,0.0
BCS5__Cow_34_1,Cow_34,2,2027,V_mean,3,1,4,1.0,0.54,0.54,0.92,0.7552164763389044,0.27156564593315125,0.0
BCS5__Cow_34_1,Cow_34,2,2027,V_mean,3,3,4,3.0,0.5,0.5,1.0,0.294658577416286,0.24652251601219177,0.0
BCS5__Cow_34_1,Cow_34,2,2027,V_mean,3,6,4,3.38,0.56,0.56,0.88,0.3526635784314927,0.22570282220840454,0.0
BCS5__Cow_34_1,Cow_34,2,2027,V_mean,3,12,4,3.82,0.58,0.58,0.84,0.27309825572959223,0.2432025521993637,0.0
BCS5__Cow_50,Cow_50,2,2027,V_mean,3,1,39,1.0,1.0,1.0,0.0,0.010337477853371914,0.004549118224531412,1.0
BCS5__Cow_50,Cow_50,2,2027,V_mean,3,3,39,3.0,1.0,1.0,0.0,0.005458783640438127,0.0027236694004386663,1.0
BCS5__Cow_50,Cow_50,2,2027,V_mean,3,6,39,6.0,1.0,1.0,0.0,0.003947702779570721,0.002085733925923705,1.0
BCS5__Cow_50,Cow_50,2,2027,V_mean,3,12,39,12.0,1.0,1.0,0.0,0.0023006483863868624,0.0016853075940161943,1.0
BCS5__Cow_50_49,Cow_50,2,2027,V_mean,3,1,3,1.0,1.0,1.0,0.0,0.02271925993290027,0.018989093601703644,1.0
BCS5__Cow_50_49,Cow_50,2,2027,V_mean,3,3,3,3.0,1.0,1.0,0.0,1.444300861961292e-09,0.017087824642658234,1.0
BCS5__Cow_50_49,Cow_50,2,2027,V_mean,3,6,3,2.64,1.0,1.0,0.0,0.013502066725001836,0.016106603667140007,1.0
BCS5__Cow_50_49,Cow_50,2,2027,V_mean,3,12,3,3.0,1.0,1.0,0.0,0.007730380097896573,0.018045930191874504,1.0
BCS5__Cow_8_NOTAG,Cow_8,2,2027,V_mean,3,1,4,1.0,1.0,1.0,0.0,0.08597649981290317,0.05372278392314911,1.0
BCS5__Cow_8_NOTAG,Cow_8,2,2027,V_mean,3,3,4,3.0,1.0,1.0,0.0,0.019769995587860103,0.017156964167952538,1.0
BCS5__Cow_8_NOTAG,Cow_8,2,2027,V_mean,3,6,4,3.44,1.0,1.0,0.0,0.027089505162871678,0.021638376638293266,1.0
BCS5__Cow_8_NOTAG,Cow_8,2,2027,V_mean,3,12,4,3.88,1.0,1.0,0.0,0.01995615256424201,0.0186916533857584,1.0
BCS6__Cow_18,Cow_18,2,2027,V_mean,4,1,33,1.0,0.5,0.5,0.5,0.756417519843947,0.4893011450767517,0.5
BCS6__Cow_18,Cow_18,2,2027,V_mean,4,3,33,3.0,0.82,0.82,0.18,0.5031752586246561,0.3144405782222748,0.82
BCS6__Cow_18,Cow_18,2,2027,V_mean,4,6,33,6.0,0.88,0.88,0.12,0.4185547977204167,0.31259042024612427,0.88
BCS6__Cow_18,Cow_18,2,2027,V_mean,4,12,33,12.0,0.98,0.98,0.02,0.26733649839904977,0.2684434950351715,0.98
BCS6__Cow_18_32,Cow_18,2,2027,V_mean,4,1,46,1.0,0.92,0.92,0.08,0.35011755216885265,0.0807957723736763,0.92
BCS6__Cow_18_32,Cow_18,2,2027,V_mean,4,3,46,3.0,1.0,1.0,0.0,0.008712746725228293,0.007481337990611792,1.0
BCS6__Cow_18_32,Cow_18,2,2027,V_mean,4,6,46,6.0,1.0,1.0,0.0,0.004436074092983835,0.006009501405060291,1.0
BCS6__Cow_18_32,Cow_18,2,2027,V_mean,4,12,46,12.0,1.0,1.0,0.0,0.0019671492605726182,0.006473897024989128,1.0
BCS6__Cow_24_08,Cow_24,2,2027,V_mean,4,1,22,1.0,1.0,1.0,0.0,0.1599964361639825,0.03236798197031021,1.0
BCS6__Cow_24_08,Cow_24,2,2027,V_mean,4,3,22,3.0,1.0,1.0,0.0,0.0890481174909223,0.02102387137711048,1.0
BCS6__Cow_24_08,Cow_24,2,2027,V_mean,4,6,22,6.0,1.0,1.0,0.0,0.057558177013629495,0.015477270819246769,1.0
BCS6__Cow_24_08,Cow_24,2,2027,V_mean,4,12,22,12.0,1.0,1.0,0.0,0.03262616347642931,0.009025349281728268,1.0
BCS6__Cow_28_3083,Cow_28,2,2027,V_mean,4,1,18,1.0,1.0,1.0,0.0,0.003724641340690936,0.001197470468468964,1.0
BCS6__Cow_28_3083,Cow_28,2,2027,V_mean,4,3,18,3.0,1.0,1.0,0.0,0.002197614312650059,0.000673470669426024,1.0
BCS6__Cow_28_3083,Cow_28,2,2027,V_mean,4,6,18,6.0,1.0,1.0,0.0,0.001229609219508265,0.000362571474397555,1.0
BCS6__Cow_28_3083,Cow_28,2,2027,V_mean,4,12,18,12.0,1.0,1.0,0.0,0.0007538514573844246,0.00024958315771073103,1.0
BCS6__Cow_3_25,Cow_3,2,2027,V_mean,4,1,22,1.0,1.0,1.0,0.0,0.007724890420226167,0.0017780991038307548,1.0
BCS6__Cow_3_25,Cow_3,2,2027,V_mean,4,3,22,3.0,1.0,1.0,0.0,0.0034593575294036946,0.0008036367362365127,1.0
BCS6__Cow_3_25,Cow_3,2,2027,V_mean,4,6,22,6.0,1.0,1.0,0.0,0.002199837733216045,0.0004988927394151688,1.0
BCS6__Cow_3_25,Cow_3,2,2027,V_mean,4,12,22,12.0,1.0,1.0,0.0,0.0013897980678889172,0.00030159601010382175,1.0
BCS6__Cow_47_68,Cow_47,2,2027,V_mean,4,1,31,1.0,1.0,1.0,0.0,0.0011496115355707096,0.00029790258849970996,1.0
BCS6__Cow_47_68,Cow_47,2,2027,V_mean,4,3,31,3.0,1.0,1.0,0.0,0.0006521808577504446,0.000175756576936692,1.0
BCS6__Cow_47_68,Cow_47,2,2027,V_mean,4,6,31,6.0,1.0,1.0,0.0,0.00042026841451632546,0.00010560308874119073,1.0
BCS6__Cow_47_68,Cow_47,2,2027,V_mean,4,12,31,12.0,1.0,1.0,0.0,0.00026858448704768993,6.943971675354987e-05,1.0
BCS6__Cow_9_1044,Cow_9,2,2027,V_mean,4,1,36,1.0,1.0,1.0,0.0,0.0032987596905823574,0.0009200977510772645,1.0
BCS6__Cow_9_1044,Cow_9,2,2027,V_mean,4,3,36,3.0,1.0,1.0,0.0,0.0012927178885093974,0.0003876962000504136,1.0
BCS6__Cow_9_1044,Cow_9,2,2027,V_mean,4,6,36,6.0,1.0,1.0,0.0,0.0010312771953424947,0.0003382465511094779,1.0
BCS6__Cow_9_1044,Cow_9,2,2027,V_mean,4,12,36,12.0,1.0,1.0,0.0,0.0006539318208751402,0.0002158534189220518,1.0
BCS2__Cow_21_8029,Cow_21,0,2028,V_mean,0,1,17,1.0,0.96,0.96,0.16,0.2605847966301754,0.047649480402469635,0.04
BCS2__Cow_21_8029,Cow_21,0,2028,V_mean,0,3,17,3.0,1.0,1.0,0.0,0.13798433483911382,0.02663060650229454,0.0
BCS2__Cow_21_8029,Cow_21,0,2028,V_mean,0,6,17,6.0,1.0,1.0,0.0,0.10996125973104451,0.022741425782442093,0.0
BCS2__Cow_21_8029,Cow_21,0,2028,V_mean,0,12,17,12.0,1.0,1.0,0.0,0.04419789172451653,0.010404041968286037,0.0
BCS3__Cow_16,Cow_16,0,2028,V_mean,1,1,20,1.0,1.0,1.0,0.0,0.009072952599110052,0.008255649358034134,0.0
BCS3__Cow_16,Cow_16,0,2028,V_mean,1,3,20,3.0,1.0,1.0,0.0,0.0050791319257369825,0.004297276027500629,0.0
BCS3__Cow_16,Cow_16,0,2028,V_mean,1,6,20,6.0,1.0,1.0,0.0,0.0031341997132925954,0.003482213243842125,0.0
BCS3__Cow_16,Cow_16,0,2028,V_mean,1,12,20,12.0,1.0,1.0,0.0,0.001520437732116554,0.002280312590301037,0.0
BCS3__Cow_16_1004,Cow_16,0,2028,V_mean,1,1,3,1.0,1.0,1.0,0.0,0.12391020639003603,0.10160952806472778,1.0
BCS3__Cow_16_1004,Cow_16,0,2028,V_mean,1,3,3,3.0,1.0,1.0,0.0,1.6363890245502024e-07,0.09450723975896835,1.0
BCS3__Cow_16_1004,Cow_16,0,2028,V_mean,1,6,3,2.7,1.0,1.0,0.0,0.04135012652888608,0.1000189334154129,1.0
BCS3__Cow_16_1004,Cow_16,0,2028,V_mean,1,12,3,2.96,1.0,1.0,0.0,0.035024236260760976,0.08751335740089417,1.0
BCS3__Cow_25_66,Cow_25,0,2028,V_mean,1,1,3,1.0,1.0,1.0,0.0,0.018342303309363442,0.012659024447202682,0.0
BCS3__Cow_25_66,Cow_25,0,2028,V_mean,1,3,3,3.0,1.0,1.0,0.0,4.882404883362029e-08,0.004241103306412697,0.0
BCS3__Cow_25_66,Cow_25,0,2028,V_mean,1,6,3,2.76,1.0,1.0,0.0,0.007279995421576869,0.005742928944528103,0.0
BCS3__Cow_25_66,Cow_25,0,2028,V_mean,1,12,3,2.96,1.0,1.0,0.0,0.006082934620494807,0.005843914579600096,0.0
BCS3__Cow_2_1015,Cow_2,0,2028,V_mean,1,1,4,1.0,1.0,1.0,0.0,0.023994397919405802,0.013999671675264835,0.0
BCS3__Cow_2_1015,Cow_2,0,2028,V_mean,1,3,4,3.0,1.0,1.0,0.0,0.008979750687410125,0.008603394031524658,0.0
BCS3__Cow_2_1015,Cow_2,0,2028,V_mean,1,6,4,3.24,1.0,1.0,0.0,0.008848920992201078,0.008131597191095352,0.0
BCS3__Cow_2_1015,Cow_2,0,2028,V_mean,1,12,4,3.8,1.0,1.0,0.0,0.007193966291554431,0.008756589144468307,0.0
BCS3__Cow_46,Cow_46,0,2028,V_mean,1,1,17,1.0,0.92,0.92,0.08,0.18737207295314884,0.08698731660842896,0.92
BCS3__Cow_46,Cow_46,0,2028,V_mean,1,3,17,3.0,1.0,1.0,0.0,0.12087014337050522,0.07587116956710815,1.0
BCS3__Cow_46,Cow_46,0,2028,V_mean,1,6,17,6.0,1.0,1.0,0.0,0.07732959278166968,0.0501796193420887,1.0
BCS3__Cow_46,Cow_46,0,2028,V_mean,1,12,17,12.0,1.0,1.0,0.0,0.04120833531142754,0.02615194395184517,1.0
BCS3__Cow_46_1,Cow_46,0,2028,V_mean,1,1,9,1.0,1.0,1.0,0.0,0.026457495713478264,0.023487985134124756,1.0
BCS3__Cow_46_1,Cow_46,0,2028,V_mean,1,3,9,3.0,1.0,1.0,0.0,0.012252620547823428,0.010908250696957111,1.0
BCS3__Cow_46_1,Cow_46,0,2028,V_mean,1,6,9,6.0,1.0,1.0,0.0,0.006049040732840169,0.008273189887404442,1.0
BCS3__Cow_46_1,Cow_46,0,2028,V_mean,1,12,9,7.06,1.0,1.0,0.0,0.006580343882805695,0.008038487285375595,1.0
BCS3__Cow_46_2,Cow_46,0,2028,V_mean,1,1,3,1.0,0.18,0.82,0.82,0.3684225415454168,0.5020372867584229,0.18
BCS3__Cow_46_2,Cow_46,0,2028,V_mean,1,3,3,3.0,1.0,1.0,0.0,7.009222182930923e-08,0.3353526294231415,1.0
BCS3__Cow_46_2,Cow_46,0,2028,V_mean,1,6,3,2.72,0.82,0.82,0.18,0.20686921452506896,0.34448063373565674,0.82
BCS3__Cow_46_2,Cow_46,0,2028,V_mean,1,12,3,2.96,0.94,0.94,0.06,0.17725226182693485,0.3342631161212921,0.94
BCS3__Cow_53,Cow_53,0,2028,V_mean,1,1,3,1.0,0.6,0.6,0.4,0.2819671817200175,0.2177576869726181,0.6
BCS3__Cow_53,Cow_53,0,2028,V_mean,1,3,3,3.0,1.0,1.0,0.0,2.1495784089340966e-08,0.1595647931098938,1.0
BCS3__Cow_53,Cow_53,0,2028,V_mean,1,6,3,2.68,0.94,0.94,0.06,0.11871523915664174,0.1808600276708603,0.94
BCS3__Cow_53,Cow_53,0,2028,V_mean,1,12,3,3.0,1.0,1.0,0.0,0.08004040746884657,0.14639852941036224,1.0
BCS4__Cow_15_68,Cow_15,0,2028,V_mean,2,1,3,1.0,1.0,1.0,0.0,0.04417407862983454,0.027436651289463043,1.0
BCS4__Cow_15_68,Cow_15,0,2028,V_mean,2,3,3,3.0,1.0,1.0,0.0,8.308370807669693e-08,0.018509183079004288,1.0
BCS4__Cow_15_68,Cow_15,0,2028,V_mean,2,6,3,2.78,1.0,1.0,0.0,0.018729380284853818,0.018320349976420403,1.0
BCS4__Cow_15_68,Cow_15,0,2028,V_mean,2,12,3,2.98,1.0,1.0,0.0,0.009405039182798136,0.018457496538758278,1.0
BCS4__Cow_17,Cow_17,0,2028,V_mean,2,1,10,1.0,1.0,1.0,0.0,0.00464763128654884,0.0035253153182566166,1.0
BCS4__Cow_17,Cow_17,0,2028,V_mean,2,3,10,3.0,1.0,1.0,0.0,0.0025890272324803785,0.002358075464144349,1.0
BCS4__Cow_17,Cow_17,0,2028,V_mean,2,6,10,6.0,1.0,1.0,0.0,0.001622179868150202,0.0017961063422262669,1.0
BCS4__Cow_17,Cow_17,0,2028,V_mean,2,12,10,7.04,1.0,1.0,0.0,0.0014663965364157872,0.0018384192371740937,1.0
BCS4__Cow_19,Cow_19,0,2028,V_mean,2,1,57,1.0,0.74,0.74,0.26,0.21550530666651155,0.14191733300685883,0.26
BCS4__Cow_19,Cow_19,0,2028,V_mean,2,3,57,3.0,0.9,0.9,0.1,0.11392928789433177,0.07436005026102066,0.1
BCS4__Cow_19,Cow_19,0,2028,V_mean,2,6,57,6.0,1.0,1.0,0.0,0.08044360807381251,0.04903297871351242,0.0
BCS4__Cow_19,Cow_19,0,2028,V_mean,2,12,57,12.0,1.0,1.0,0.0,0.058294203794735745,0.03472168743610382,0.0
BCS4__Cow_19_0037,Cow_19,0,2028,V_mean,2,1,5,1.0,1.0,1.0,0.0,0.020824247026760872,0.011898067779839039,1.0
BCS4__Cow_19_0037,Cow_19,0,2028,V_mean,2,3,5,3.0,1.0,1.0,0.0,0.00872151287744335,0.00923684798181057,1.0
BCS4__Cow_19_0037,Cow_19,0,2028,V_mean,2,6,5,3.6,1.0,1.0,0.0,0.007997301012406432,0.007486013229936361,1.0
BCS4__Cow_19_0037,Cow_19,0,2028,V_mean,2,12,5,4.6,1.0,1.0,0.0,0.006119030553332175,0.008020925335586071,1.0
BCS4__Cow_2,Cow_2,0,2028,V_mean,2,1,13,1.0,1.0,1.0,0.0,0.014702700439497297,0.010146166197955608,0.0
BCS4__Cow_2,Cow_2,0,2028,V_mean,2,3,13,3.0,1.0,1.0,0.0,0.009639332144947724,0.007975769229233265,0.0
BCS4__Cow_2,Cow_2,0,2028,V_mean,2,6,13,6.0,1.0,1.0,0.0,0.00485194021720766,0.004099776968359947,0.0
BCS4__Cow_2,Cow_2,0,2028,V_mean,2,12,13,12.0,1.0,1.0,0.0,0.001259756717051413,0.0008222768665291369,0.0
BCS4__Cow_23,Cow_23,0,2028,V_mean,2,1,18,1.0,1.0,1.0,0.0,0.010894215698547259,0.006035055965185165,1.0
BCS4__Cow_23,Cow_23,0,2028,V_mean,2,3,18,3.0,1.0,1.0,0.0,0.007476052890226036,0.004053566604852676,1.0
BCS4__Cow_23,Cow_23,0,2028,V_mean,2,6,18,6.0,1.0,1.0,0.0,0.0040977141597535426,0.002273303922265768,1.0
BCS4__Cow_23,Cow_23,0,2028,V_mean,2,12,18,12.0,1.0,1.0,0.0,0.0024347522177289916,0.0014139845734462142,1.0
BCS4__Cow_31,Cow_31,0,2028,V_mean,2,1,12,1.0,1.0,1.0,0.0,0.021762616788739895,0.014602217823266983,0.0
BCS4__Cow_31,Cow_31,0,2028,V_mean,2,3,12,3.0,1.0,1.0,0.0,0.011262756539893705,0.008074388839304447,0.0
BCS4__Cow_31,Cow_31,0,2028,V_mean,2,6,12,6.0,1.0,1.0,0.0,0.009493962705480499,0.006203563418239355,0.0
BCS4__Cow_31,Cow_31,0,2028,V_mean,2,12,12,12.0,1.0,1.0,0.0,1.5611297403095735e-08,1.3655516717392402e-09,0.0
BCS4__Cow_32_0035,Cow_32,0,2028,V_mean,2,1,8,1.0,0.74,0.74,0.26,0.2617107664174754,0.172239288687706,0.74
BCS4__Cow_32_0035,Cow_32,0,2028,V_mean,2,3,8,3.0,0.88,0.88,0.12,0.1505828915189782,0.09446105360984802,0.88
BCS4__Cow_32_0035,Cow_32,0,2028,V_mean,2,6,8,6.0,1.0,1.0,0.0,0.06356477898173882,0.055043455213308334,1.0
BCS4__Cow_32_0035,Cow_32,0,2028,V_mean,2,12,8,6.48,0.96,0.96,0.04,0.08805596897677509,0.06285972148180008,0.96
BCS4__Cow_44_1,Cow_44,0,2028,V_mean,2,1,22,1.0,0.84,0.84,0.16,0.015726392860814925,0.010805168189108372,0.84
BCS4__Cow_44_1,Cow_44,0,2028,V_mean,2,3,22,3.0,0.98,0.98,0.02,0.008196429981445139,0.005848063621670008,0.98
BCS4__Cow_44_1,Cow_44,0,2028,V_mean,2,6,22,6.0,1.0,1.0,0.0,0.005308325989489407,0.004074819851666689,1.0
BCS4__Cow_44_1,Cow_44,0,2028,V_mean,2,12,22,12.0,1.0,1.0,0.0,0.003265030244650288,0.002601774875074625,1.0
BCS4__Cow_51,Cow_51,0,2028,V_mean,2,1,4,1.0,1.0,1.0,0.0,0.0728558588669792,0.05415402352809906,1.0
BCS4__Cow_51,Cow_51,0,2028,V_mean,2,3,4,3.0,1.0,1.0,0.0,0.024547583560046667,0.037770792841911316,1.0
BCS4__Cow_51,Cow_51,0,2028,V_mean,2,6,4,3.1,1.0,1.0,0.0,0.03518861904487762,0.039704956114292145,1.0
BCS4__Cow_51,Cow_51,0,2028,V_mean,2,12,4,3.84,1.0,1.0,0.0,0.018160315254100792,0.03821342810988426,1.0
BCS4__Cow_51_0035,Cow_51,0,2028,V_mean,2,1,4,1.0,1.0,1.0,0.0,0.004979665419612202,0.003832910442724824,0.0
BCS4__Cow_51_0035,Cow_51,0,2028,V_mean,2,3,4,3.0,1.0,1.0,0.0,0.00160998948735099,0.0011705808574333787,0.0
BCS4__Cow_51_0035,Cow_51,0,2028,V_mean,2,6,4,3.4,1.0,1.0,0.0,0.0017338739475332425,0.0014299931935966015,0.0
BCS4__Cow_51_0035,Cow_51,0,2028,V_mean,2,12,4,3.92,1.0,1.0,0.0,0.001640862648610971,0.0012309463927522302,0.0
BCS4__Cow_7,Cow_7,0,2028,V_mean,2,1,15,1.0,1.0,1.0,0.0,0.07152643997284208,0.040251243859529495,0.0
BCS4__Cow_7,Cow_7,0,2028,V_mean,2,3,15,3.0,1.0,1.0,0.0,0.04206847093705859,0.02498624287545681,0.0
BCS4__Cow_7,Cow_7,0,2028,V_mean,2,6,15,6.0,1.0,1.0,0.0,0.024756645321757725,0.015023326501250267,0.0
BCS4__Cow_7,Cow_7,0,2028,V_mean,2,12,15,12.0,1.0,1.0,0.0,0.009576289435206142,0.006437708158046007,0.0
BCS5__Cow_15,Cow_15,0,2028,V_mean,3,1,25,1.0,0.94,0.94,0.06,0.13504845947610655,0.05050411820411682,0.0
BCS5__Cow_15,Cow_15,0,2028,V_mean,3,3,25,3.0,1.0,1.0,0.0,0.03726645400445058,0.01596788689494133,0.0
BCS5__Cow_15,Cow_15,0,2028,V_mean,3,6,25,6.0,1.0,1.0,0.0,0.023030504775011677,0.009779195301234722,0.0
BCS5__Cow_15,Cow_15,0,2028,V_mean,3,12,25,12.0,1.0,1.0,0.0,0.013559596514113433,0.006506273522973061,0.0
BCS5__Cow_17_17,Cow_17,0,2028,V_mean,3,1,6,1.0,1.0,1.0,0.0,0.013048190819884009,0.012989766895771027,1.0
BCS5__Cow_17_17,Cow_17,0,2028,V_mean,3,3,6,3.0,1.0,1.0,0.0,0.005849212810387696,0.006032662466168404,1.0
BCS5__Cow_17_17,Cow_17,0,2028,V_mean,3,6,6,6.0,1.0,1.0,0.0,1.2220994591137737e-07,0.004076494835317135,1.0
BCS5__Cow_17_17,Cow_17,0,2028,V_mean,3,12,6,5.26,1.0,1.0,0.0,0.0033685028088327085,0.004921208135783672,1.0
BCS5__Cow_21,Cow_21,0,2028,V_mean,3,1,18,1.0,1.0,1.0,0.0,0.029577864992449143,0.015889814123511314,0.0
BCS5__Cow_21,Cow_21,0,2028,V_mean,3,3,18,3.0,1.0,1.0,0.0,0.012590138643427975,0.010346236638724804,0.0
BCS5__Cow_21,Cow_21,0,2028,V_mean,3,6,18,6.0,1.0,1.0,0.0,0.007863082447616299,0.006874407641589642,0.0
BCS5__Cow_21,Cow_21,0,2028,V_mean,3,12,18,12.0,1.0,1.0,0.0,0.0038106079161163773,0.0037928081583231688,0.0
BCS5__Cow_23_1067,Cow_23,0,2028,V_mean,3,1,5,1.0,1.0,1.0,0.0,0.010729225945718422,0.008807121776044369,1.0
BCS5__Cow_23_1067,Cow_23,0,2028,V_mean,3,3,5,3.0,1.0,1.0,0.0,0.004550427155487051,0.004699413198977709,1.0
BCS5__Cow_23_1067,Cow_23,0,2028,V_mean,3,6,5,3.74,1.0,1.0,0.0,0.0036057731496623034,0.0036460149567574263,1.0
BCS5__Cow_23_1067,Cow_23,0,2028,V_mean,3,12,5,4.72,1.0,1.0,0.0,0.003428862971316779,0.0033574262633919716,1.0
BCS5__Cow_25,Cow_25,0,2028,V_mean,3,1,29,1.0,0.68,0.68,0.32,0.2742903616266567,0.1516215056180954,0.0
BCS5__Cow_25,Cow_25,0,2028,V_mean,3,3,29,3.0,0.92,0.92,0.08,0.11398152720496124,0.05936776101589203,0.0
BCS5__Cow_25,Cow_25,0,2028,V_mean,3,6,29,6.0,1.0,1.0,0.0,0.06676996534151687,0.03774748742580414,0.0
BCS5__Cow_25,Cow_25,0,2028,V_mean,3,12,29,12.0,1.0,1.0,0.0,0.03504682440954251,0.020265309140086174,0.0
BCS5__Cow_31_15,Cow_31,0,2028,V_mean,3,1,3,1.0,1.0,1.0,0.0,0.010824948191504851,0.011314728297293186,1.0
BCS5__Cow_31_15,Cow_31,0,2028,V_mean,3,3,3,3.0,1.0,1.0,0.0,1.7071067784969614e-07,0.008102373220026493,1.0
BCS5__Cow_31_15,Cow_31,0,2028,V_mean,3,6,3,2.8,1.0,1.0,0.0,0.003908468028036721,0.008264887146651745,1.0
BCS5__Cow_31_15,Cow_31,0,2028,V_mean,3,12,3,2.94,1.0,1.0,0.0,0.0036921137206062412,0.008087139576673508,1.0
BCS5__Cow_31_2024,Cow_31,0,2028,V_mean,3,1,5,1.0,1.0,1.0,0.0,0.021176130794067695,0.020638149231672287,0.0
BCS5__Cow_31_2024,Cow_31,0,2028,V_mean,3,3,5,3.0,1.0,1.0,0.0,0.009422430339484516,0.017036065459251404,0.0
BCS5__Cow_31_2024,Cow_31,0,2028,V_mean,3,6,5,3.62,1.0,1.0,0.0,0.00845540942898031,0.01736650988459587,0.0
BCS5__Cow_31_2024,Cow_31,0,2028,V_mean,3,12,5,4.72,1.0,1.0,0.0,0.006266982123291407,0.017650334164500237,0.0
BCS5__Cow_32,Cow_32,0,2028,V_mean,3,1,5,1.0,0.8,0.8,0.4,0.45190265968601473,0.13400053977966309,0.0
BCS5__Cow_32,Cow_32,0,2028,V_mean,3,3,5,3.0,1.0,1.0,0.0,0.15253383191415137,0.06664987653493881,0.0
BCS5__Cow_32,Cow_32,0,2028,V_mean,3,6,5,3.66,1.0,1.0,0.0,0.14586411208963768,0.05800165981054306,0.0
BCS5__Cow_32,Cow_32,0,2028,V_mean,3,12,5,4.72,1.0,1.0,0.0,0.09658574410442014,0.05472050979733467,0.0
BCS5__Cow_44_3008,Cow_44,0,2028,V_mean,3,1,3,1.0,1.0,1.0,0.0,0.009488066766940688,0.015315053053200245,1.0
BCS5__Cow_44_3008,Cow_44,0,2028,V_mean,3,3,3,3.0,1.0,1.0,0.0,2.1865323220848714e-07,0.012353596277534962,1.0
BCS5__Cow_44_3008,Cow_44,0,2028,V_mean,3,6,3,2.78,1.0,1.0,0.0,0.00344090638479497,0.011607141233980656,1.0
BCS5__Cow_44_3008,Cow_44,0,2028,V_mean,3,12,3,2.96,1.0,1.0,0.0,0.002541045901426247,0.011600624769926071,1.0
BCS5__Cow_45,Cow_45,0,2028,V_mean,3,1,24,1.0,0.86,0.86,0.14,0.012354302397869783,0.010066885501146317,0.86
BCS5__Cow_45,Cow_45,0,2028,V_mean,3,3,24,3.0,1.0,1.0,0.0,0.005273128218830845,0.004427350591868162,1.0
BCS5__Cow_45,Cow_45,0,2028,V_mean,3,6,24,6.0,1.0,1.0,0.0,0.004466172472901784,0.003665800904855132,1.0
BCS5__Cow_45,Cow_45,0,2028,V_mean,3,12,24,12.0,1.0,1.0,0.0,0.002361038438600475,0.0021315421909093857,1.0
BCS5__Cow_53_30,Cow_53,0,2028,V_mean,3,1,4,1.0,1.0,1.0,0.0,0.016764987097493873,0.012699258513748646,1.0
BCS5__Cow_53_30,Cow_53,0,2028,V_mean,3,3,4,3.0,1.0,1.0,0.0,0.006067562609194716,0.00882117822766304,1.0
BCS5__Cow_53_30,Cow_53,0,2028,V_mean,3,6,4,3.2,1.0,1.0,0.0,0.00784952300377842,0.008575428277254105,1.0
BCS5__Cow_53_30,Cow_53,0,2028,V_mean,3,12,4,3.86,1.0,1.0,0.0,0.004307166809846064,0.008934233337640762,1.0
BCS5__Cow_7_6022,Cow_7,0,2028,V_mean,3,1,3,1.0,1.0,1.0,0.0,0.01836916863101486,0.013679895550012589,0.0
BCS5__Cow_7_6022,Cow_7,0,2028,V_mean,3,3,3,3.0,1.0,1.0,0.0,8.66672431827615e-09,0.0018784988205879927,0.0
BCS5__Cow_7_6022,Cow_7,0,2028,V_mean,3,6,3,2.68,1.0,1.0,0.0,0.007155831990163725,0.005649947561323643,0.0
BCS5__Cow_7_6022,Cow_7,0,2028,V_mean,3,12,3,2.96,1.0,1.0,0.0,0.005638783587178954,0.004318126942962408,0.0
BCS6__Cow_16_06,Cow_16,0,2028,V_mean,4,1,62,1.0,1.0,1.0,0.0,0.0008563632254485763,0.0003335397632326931,1.0
BCS6__Cow_16_06,Cow_16,0,2028,V_mean,4,3,62,3.0,1.0,1.0,0.0,0.000429159271560725,0.0001690155768301338,1.0
BCS6__Cow_16_06,Cow_16,0,2028,V_mean,4,6,62,6.0,1.0,1.0,0.0,0.00028979638848689325,0.0001275560789508745,1.0
BCS6__Cow_16_06,Cow_16,0,2028,V_mean,4,12,62,12.0,1.0,1.0,0.0,0.00017323071448429507,0.00011412543972255662,1.0
BCS6__Cow_19_29,Cow_19,0,2028,V_mean,4,1,52,1.0,1.0,1.0,0.0,0.0031659248195783102,0.001386432908475399,1.0
BCS6__Cow_19_29,Cow_19,0,2028,V_mean,4,3,52,3.0,1.0,1.0,0.0,0.0016453231924020305,0.0007718530250713229,1.0
BCS6__Cow_19_29,Cow_19,0,2028,V_mean,4,6,52,6.0,1.0,1.0,0.0,0.0010444308372944459,0.0005343894008547068,1.0
BCS6__Cow_19_29,Cow_19,0,2028,V_mean,4,12,52,12.0,1.0,1.0,0.0,0.0006741923756881411,0.0004076029290445149,1.0
BCS6__Cow_2_6006,Cow_2,0,2028,V_mean,4,1,31,1.0,1.0,1.0,0.0,0.00020703298717380318,7.140128582250327e-05,1.0
BCS6__Cow_2_6006,Cow_2,0,2028,V_mean,4,3,31,3.0,1.0,1.0,0.0,0.00012895357162224851,4.0233382605947554e-05,1.0
BCS6__Cow_2_6006,Cow_2,0,2028,V_mean,4,6,31,6.0,1.0,1.0,0.0,7.356541076108354e-05,2.3390541173284873e-05,1.0
BCS6__Cow_2_6006,Cow_2,0,2028,V_mean,4,12,31,12.0,1.0,1.0,0.0,6.211067184853321e-05,1.8596767404233105e-05,1.0
BCS6__Cow_32_34,Cow_32,0,2028,V_mean,4,1,7,1.0,1.0,1.0,0.0,0.0004900086847106722,0.00022267481836024672,1.0
BCS6__Cow_32_34,Cow_32,0,2028,V_mean,4,3,7,3.0,1.0,1.0,0.0,0.00022932875717246985,0.00015480440924875438,1.0
BCS6__Cow_32_34,Cow_32,0,2028,V_mean,4,6,7,6.0,1.0,1.0,0.0,8.15484620028176e-05,0.00013997034693602473,1.0
BCS6__Cow_32_34,Cow_32,0,2028,V_mean,4,12,7,5.84,1.0,1.0,0.0,0.00014679766167457372,0.00015442479343619198,1.0
BCS6__Cow_36,Cow_36,0,2028,V_mean,4,1,37,1.0,0.98,0.98,0.02,0.4000466748816951,0.1642126590013504,0.98
BCS6__Cow_36,Cow_36,0,2028,V_mean,4,3,37,3.0,1.0,1.0,0.0,0.16992331472827696,0.031412556767463684,1.0
BCS6__Cow_36,Cow_36,0,2028,V_mean,4,6,37,6.0,1.0,1.0,0.0,0.014701102588874266,0.004804964177310467,1.0
BCS6__Cow_36,Cow_36,0,2028,V_mean,4,12,37,12.0,1.0,1.0,0.0,0.007938676941443595,0.0038037141785025597,1.0
BCS6__Cow_36_1,Cow_36,0,2028,V_mean,4,1,46,1.0,0.68,0.68,0.64,0.7093762528707419,0.33733803033828735,0.68
BCS6__Cow_36_1,Cow_36,0,2028,V_mean,4,3,46,3.0,0.84,0.84,0.32,0.43385171811393075,0.14208757877349854,0.84
BCS6__Cow_36_1,Cow_36,0,2028,V_mean,4,6,46,6.0,0.96,0.96,0.08,0.27491643474232896,0.09632740914821625,0.96
BCS6__Cow_36_1,Cow_36,0,2028,V_mean,4,12,46,12.0,1.0,1.0,0.0,0.16354591327354348,0.05831065773963928,1.0
BCS6__Cow_45_9025,Cow_45,0,2028,V_mean,4,1,31,1.0,1.0,1.0,0.0,0.0018694276055172356,0.0007277820841409266,1.0
BCS6__Cow_45_9025,Cow_45,0,2028,V_mean,4,3,31,3.0,1.0,1.0,0.0,0.0011761319675302907,0.0004404443025123328,1.0
BCS6__Cow_45_9025,Cow_45,0,2028,V_mean,4,6,31,6.0,1.0,1.0,0.0,0.000779466419296621,0.0002799163921736181,1.0
BCS6__Cow_45_9025,Cow_45,0,2028,V_mean,4,12,31,12.0,1.0,1.0,0.0,0.00043643601623035816,0.00016304223390761763,1.0
BCS6__Cow_52_29,Cow_52,0,2028,V_mean,4,1,55,1.0,1.0,1.0,0.0,0.0016062365558102533,0.0005055115907453001,1.0
BCS6__Cow_52_29,Cow_52,0,2028,V_mean,4,3,55,3.0,1.0,1.0,0.0,0.0005280554754869443,0.00023252821119967848,1.0
BCS6__Cow_52_29,Cow_52,0,2028,V_mean,4,6,55,6.0,1.0,1.0,0.0,0.00045769479240696597,0.00018834389629773796,1.0
BCS6__Cow_52_29,Cow_52,0,2028,V_mean,4,12,55,12.0,1.0,1.0,0.0,0.00027732051910922117,0.0001291238731937483,1.0
BCS6__Cow_7_9008,Cow_7,0,2028,V_mean,4,1,19,1.0,1.0,1.0,0.0,0.002847499145233664,0.0014261843170970678,1.0
BCS6__Cow_7_9008,Cow_7,0,2028,V_mean,4,3,19,3.0,1.0,1.0,0.0,0.0013692607562031868,0.0006401989376172423,1.0
BCS6__Cow_7_9008,Cow_7,0,2028,V_mean,4,6,19,6.0,1.0,1.0,0.0,0.0008253417990672774,0.000408986205002293,1.0
BCS6__Cow_7_9008,Cow_7,0,2028,V_mean,4,12,19,12.0,1.0,1.0,0.0,0.0005150310999435304,0.00024043224402703345,1.0
BCS2__Cow_11,Cow_11,1,2028,V_mean,0,1,76,1.0,0.96,0.96,0.04,0.12367623110105483,0.05897029861807823,0.04
BCS2__Cow_11,Cow_11,1,2028,V_mean,0,3,76,3.0,1.0,1.0,0.0,0.05828965528758426,0.036250192672014236,0.0
BCS2__Cow_11,Cow_11,1,2028,V_mean,0,6,76,6.0,1.0,1.0,0.0,0.04107595875918784,0.023995626717805862,0.0
BCS2__Cow_11,Cow_11,1,2028,V_mean,0,12,76,12.0,1.0,1.0,0.0,0.03179722351884569,0.027059804648160934,0.0
BCS2__Cow_11_1,Cow_11,1,2028,V_mean,0,1,6,1.0,1.0,1.0,0.0,0.0889739327871455,0.03946307674050331,0.0
BCS2__Cow_11_1,Cow_11,1,2028,V_mean,0,3,6,3.0,1.0,1.0,0.0,0.03593937902795278,0.03145903721451759,0.0
BCS2__Cow_11_1,Cow_11,1,2028,V_mean,0,6,6,6.0,1.0,1.0,0.0,9.823655659603415e-08,0.03027212619781494,0.0
BCS2__Cow_11_1,Cow_11,1,2028,V_mean,0,12,6,5.38,1.0,1.0,0.0,0.02235249071385473,0.029626064002513885,0.0
BCS2__Cow_11_2,Cow_11,1,2028,V_mean,0,1,40,1.0,0.3,0.7,0.7,0.6537179413294915,0.36585941910743713,0.3
BCS2__Cow_11_2,Cow_11,1,2028,V_mean,0,3,40,3.0,0.66,0.66,0.34,0.4217783809278027,0.18484272062778473,0.66
BCS2__Cow_11_2,Cow_11,1,2028,V_mean,0,6,40,6.0,0.94,0.94,0.06,0.33687650278563896,0.15249598026275635,0.94
BCS2__Cow_11_2,Cow_11,1,2028,V_mean,0,12,40,12.0,0.98,0.98,0.02,0.23756068937692446,0.10983193665742874,0.98
BCS3__Cow_14,Cow_14,1,2028,V_mean,1,1,4,1.0,0.86,0.86,0.28,0.03583342920190564,0.032831449061632156,0.14
BCS3__Cow_14,Cow_14,1,2028,V_mean,1,3,4,3.0,1.0,1.0,0.0,0.01118901019383868,0.023482555523514748,0.0
BCS3__Cow_14,Cow_14,1,2028,V_mean,1,6,4,3.14,0.78,0.78,0.42,0.015152954123397162,0.025738701224327087,0.2
BCS3__Cow_14,Cow_14,1,2028,V_mean,1,12,4,3.88,0.8,0.8,0.34,0.010159781829132384,0.027156880125403404,0.14
BCS3__Cow_14_0011,Cow_14,1,2028,V_mean,1,1,4,1.0,1.0,1.0,0.0,0.15340791933371742,0.0787510946393013,1.0
BCS3__Cow_14_0011,Cow_14,1,2028,V_mean,1,3,4,3.0,1.0,1.0,0.0,0.04718855476432539,0.051786646246910095,1.0
BCS3__Cow_14_0011,Cow_14,1,2028,V_mean,1,6,4,3.48,1.0,1.0,0.0,0.05784737744262251,0.050776828080415726,1.0
BCS3__Cow_14_0011,Cow_14,1,2028,V_mean,1,12,4,3.9,1.0,1.0,0.0,0.04766967486712415,0.04807739704847336,1.0
BCS3__Cow_6_103,Cow_6,1,2028,V_mean,1,1,4,1.0,1.0,1.0,0.0,0.11737195720733529,0.054696936160326004,1.0
BCS3__Cow_6_103,Cow_6,1,2028,V_mean,1,3,4,3.0,1.0,1.0,0.0,0.03643509973456026,0.04214583709836006,1.0
BCS3__Cow_6_103,Cow_6,1,2028,V_mean,1,6,4,3.36,1.0,1.0,0.0,0.03532300632339151,0.040941022336483,1.0
BCS3__Cow_6_103,Cow_6,1,2028,V_mean,1,12,4,3.94,1.0,1.0,0.0,0.03673916284723004,0.038587916642427444,1.0
BCS4__Cow_1,Cow_1,1,2028,V_mean,2,1,9,1.0,0.32,0.68,0.68,0.01217383729068035,0.007298567797988653,0.68
BCS4__Cow_1,Cow_1,1,2028,V_mean,2,3,9,3.0,0.56,0.56,0.44,0.0058053308336769825,0.003854503622278571,0.44
BCS4__Cow_1,Cow_1,1,2028,V_mean,2,6,9,6.0,0.74,0.74,0.26,0.002871201235964289,0.002305883215740323,0.26
BCS4__Cow_1,Cow_1,1,2028,V_mean,2,12,9,6.56,0.58,0.58,0.42,0.0035201286827543656,0.002812494058161974,0.42
BCS4__Cow_26,Cow_26,1,2028,V_mean,2,1,7,1.0,0.84,0.84,0.16,0.019989164185192886,0.012827540747821331,0.84
BCS4__Cow_26,Cow_26,1,2028,V_mean,2,3,7,3.0,1.0,1.0,0.0,0.008985942120413454,0.007563752122223377,1.0
BCS4__Cow_26,Cow_26,1,2028,V_mean,2,6,7,6.0,1.0,1.0,0.0,0.0027804428030901987,0.004367917776107788,1.0
BCS4__Cow_26,Cow_26,1,2028,V_mean,2,12,7,5.86,1.0,1.0,0.0,0.00601790677444769,0.00524981040507555,1.0
BCS4__Cow_26_5051,Cow_26,1,2028,V_mean,2,1,5,1.0,0.76,0.76,0.24,0.2899990895551004,0.15085595846176147,0.0
BCS4__Cow_26_5051,Cow_26,1,2028,V_mean,2,3,5,3.0,1.0,1.0,0.0,0.10394884533704025,0.1268944889307022,0.0
BCS4__Cow_26_5051,Cow_26,1,2028,V_mean,2,6,5,3.74,1.0,1.0,0.0,0.1079624395308994,0.1270003467798233,0.0
BCS4__Cow_26_5051,Cow_26,1,2028,V_mean,2,12,5,4.56,1.0,1.0,0.0,0.07197803826646251,0.1290505826473236,0.0
BCS4__Cow_27_9008,Cow_27,1,2028,V_mean,2,1,4,1.0,0.68,0.68,0.32,0.3131268416369628,0.1289931833744049,0.0
BCS4__Cow_27_9008,Cow_27,1,2028,V_mean,2,3,4,3.0,1.0,1.0,0.0,0.09891798402037366,0.051719456911087036,0.0
BCS4__Cow_27_9008,Cow_27,1,2028,V_mean,2,6,4,3.3,0.96,0.96,0.04,0.10245521599430617,0.05441484972834587,0.0
BCS4__Cow_27_9008,Cow_27,1,2028,V_mean,2,12,4,3.86,0.98,0.98,0.02,0.07437382773750878,0.04866933450102806,0.0
BCS4__Cow_29_7007,Cow_29,1,2028,V_mean,2,1,4,1.0,0.66,0.66,0.34,0.10302428598460764,0.07496974617242813,0.0
BCS4__Cow_29_7007,Cow_29,1,2028,V_mean,2,3,4,3.0,1.0,1.0,0.0,0.04006782702525371,0.07578332722187042,0.0
BCS4__Cow_29_7007,Cow_29,1,2028,V_mean,2,6,4,3.26,1.0,1.0,0.0,0.04942188758340809,0.08172259479761124,0.0
BCS4__Cow_29_7007,Cow_29,1,2028,V_mean,2,12,4,3.88,1.0,1.0,0.0,0.03801726667082121,0.07892891019582748,0.0
BCS4__Cow_33,Cow_33,1,2028,V_mean,2,1,21,1.0,1.0,1.0,0.0,0.015103132439669296,0.006831666454672813,0.0
BCS4__Cow_33,Cow_33,1,2028,V_mean,2,3,21,3.0,1.0,1.0,0.0,0.008038561083800414,0.004164565354585648,0.0
BCS4__Cow_33,Cow_33,1,2028,V_mean,2,6,21,6.0,1.0,1.0,0.0,0.005422229440848956,0.0031965458765625954,0.0
BCS4__Cow_33,Cow_33,1,2028,V_mean,2,12,21,12.0,1.0,1.0,0.0,0.0028310868490836164,0.0023836949840188026,0.0
BCS4__Cow_4,Cow_4,1,2028,V_mean,2,1,4,1.0,1.0,1.0,0.0,0.006486105094012307,0.007649374194443226,0.0
BCS4__Cow_4,Cow_4,1,2028,V_mean,2,3,4,3.0,1.0,1.0,0.0,0.002145794229492639,0.005017055198550224,0.0
BCS4__Cow_4,Cow_4,1,2028,V_mean,2,6,4,3.4,1.0,1.0,0.0,0.0027266092519276307,0.004704711493104696,0.0
BCS4__Cow_4,Cow_4,1,2028,V_mean,2,12,4,3.88,1.0,1.0,0.0,0.0017679817238024872,0.004240530543029308,0.0
BCS4__Cow_41,Cow_41,1,2028,V_mean,2,1,3,1.0,1.0,1.0,0.0,0.005282417694023973,0.002608668291941285,0.0
BCS4__Cow_41,Cow_41,1,2028,V_mean,2,3,3,3.0,1.0,1.0,0.0,1.0464903810262433e-07,0.0020929838065057993,0.0
BCS4__Cow_41,Cow_41,1,2028,V_mean,2,6,3,2.68,1.0,1.0,0.0,0.0020355393758889236,0.002126238076016307,0.0
BCS4__Cow_41,Cow_41,1,2028,V_mean,2,12,3,2.96,1.0,1.0,0.0,0.0015745669921734924,0.002215780084952712,0.0
BCS4__Cow_48,Cow_48,1,2028,V_mean,2,1,3,1.0,1.0,1.0,0.0,0.041747329883163646,0.014749865978956223,0.0
BCS4__Cow_48,Cow_48,1,2028,V_mean,2,3,3,3.0,1.0,1.0,0.0,1.08953508897585e-07,0.006139309611171484,0.0
BCS4__Cow_48,Cow_48,1,2028,V_mean,2,6,3,2.74,1.0,1.0,0.0,0.016339659030120426,0.007733093108981848,0.0
BCS4__Cow_48,Cow_48,1,2028,V_mean,2,12,3,3.0,1.0,1.0,0.0,0.011224932134424917,0.0078324219211936,0.0
BCS4__Cow_4_1,Cow_4,1,2028,V_mean,2,1,39,1.0,0.38,0.62,0.62,0.018596802845704398,0.008333471603691578,0.62
BCS4__Cow_4_1,Cow_4,1,2028,V_mean,2,3,39,3.0,0.68,0.68,0.32,0.01128133480013014,0.004475751426070929,0.32
BCS4__Cow_4_1,Cow_4,1,2028,V_mean,2,6,39,6.0,0.56,0.56,0.44,0.009212461722851973,0.004166965372860432,0.44
BCS4__Cow_4_1,Cow_4,1,2028,V_mean,2,12,39,12.0,0.78,0.78,0.22,0.006085722608129609,0.00285882200114429,0.22
BCS4__Cow_6,Cow_6,1,2028,V_mean,2,1,7,1.0,1.0,1.0,0.0,0.1413221638183295,0.05102746561169624,0.0
BCS4__Cow_6,Cow_6,1,2028,V_mean,2,3,7,3.0,1.0,1.0,0.0,0.059722521745545216,0.02590501494705677,0.0
BCS4__Cow_6,Cow_6,1,2028,V_mean,2,6,7,6.0,1.0,1.0,0.0,0.021051362453819205,0.023615391924977303,0.0
BCS4__Cow_6,Cow_6,1,2028,V_mean,2,12,7,5.88,1.0,1.0,0.0,0.03928866907032289,0.022086836397647858,0.0
BCS5__Cow_12_NOTAG,Cow_12,1,2028,V_mean,3,1,3,1.0,1.0,1.0,0.0,0.020395378831068126,0.012031408958137035,1.0
BCS5__Cow_12_NOTAG,Cow_12,1,2028,V_mean,3,3,3,3.0,1.0,1.0,0.0,0.0,0.007408682256937027,1.0
BCS5__Cow_12_NOTAG,Cow_12,1,2028,V_mean,3,6,3,2.82,1.0,1.0,0.0,0.00737624635126454,0.008336740545928478,1.0
BCS5__Cow_12_NOTAG,Cow_12,1,2028,V_mean,3,12,3,2.96,1.0,1.0,0.0,0.005597899482596452,0.007352117449045181,1.0
BCS5__Cow_13,Cow_13,1,2028,V_mean,3,1,20,1.0,0.82,0.82,0.18,0.0243207551359949,0.015905044972896576,0.0
BCS5__Cow_13,Cow_13,1,2028,V_mean,3,3,20,3.0,0.94,0.94,0.06,0.01700405359981929,0.008169818669557571,0.0
BCS5__Cow_13,Cow_13,1,2028,V_mean,3,6,20,6.0,1.0,1.0,0.0,0.01061370229855167,0.005619143135845661,0.0
BCS5__Cow_13,Cow_13,1,2028,V_mean,3,12,20,12.0,1.0,1.0,0.0,0.005522858647635764,0.003148637479171157,0.0
BCS5__Cow_13_8001,Cow_13,1,2028,V_mean,3,1,3,1.0,0.78,0.78,0.44,0.18114303188420267,0.08773145079612732,0.22
BCS5__Cow_13_8001,Cow_13,1,2028,V_mean,3,3,3,3.0,1.0,1.0,0.0,1.1088616981092076e-07,0.08517436683177948,0.0
BCS5__Cow_13_8001,Cow_13,1,2028,V_mean,3,6,3,2.78,1.0,1.0,0.0,0.08379434228912103,0.07216296344995499,0.0
BCS5__Cow_13_8001,Cow_13,1,2028,V_mean,3,12,3,2.98,1.0,1.0,0.0,0.061602418122633444,0.08542950451374054,0.0
BCS5__Cow_1_27,Cow_1,1,2028,V_mean,3,1,3,1.0,1.0,1.0,0.0,0.032241666010603624,0.02756245620548725,1.0
BCS5__Cow_1_27,Cow_1,1,2028,V_mean,3,3,3,3.0,1.0,1.0,0.0,4.335104418263386e-08,0.021137461066246033,1.0
BCS5__Cow_1_27,Cow_1,1,2028,V_mean,3,6,3,2.78,1.0,1.0,0.0,0.013424592287816183,0.021430490538477898,1.0
BCS5__Cow_1_27,Cow_1,1,2028,V_mean,3,12,3,2.96,1.0,1.0,0.0,0.009911701572050343,0.020448854193091393,1.0
BCS5__Cow_27,Cow_27,1,2028,V_mean,3,1,21,1.0,0.32,0.54,1.22,0.11188910970520659,0.03385509178042412,0.54
BCS5__Cow_27,Cow_27,1,2028,V_mean,3,3,21,3.0,0.64,0.64,0.7,0.04695664561034071,0.019407419487833977,0.34
BCS5__Cow_27,Cow_27,1,2028,V_mean,3,6,21,6.0,0.76,0.76,0.48,0.02797192563418402,0.012412179261446,0.24
BCS5__Cow_27,Cow_27,1,2028,V_mean,3,12,21,12.0,0.94,0.94,0.12,0.014703579901603635,0.006246232893317938,0.06
BCS5__Cow_29,Cow_29,1,2028,V_mean,3,1,25,1.0,0.94,0.94,0.06,0.012604986333442201,0.01355662103742361,0.94
BCS5__Cow_29,Cow_29,1,2028,V_mean,3,3,25,3.0,1.0,1.0,0.0,0.006776561328865321,0.006869548931717873,1.0
BCS5__Cow_29,Cow_29,1,2028,V_mean,3,6,25,6.0,1.0,1.0,0.0,0.004129938881309414,0.006641544867306948,1.0
BCS5__Cow_29,Cow_29,1,2028,V_mean,3,12,25,12.0,1.0,1.0,0.0,0.0020298572209561374,0.00383793655782938,1.0
BCS5__Cow_37,Cow_37,1,2028,V_mean,3,1,26,1.0,0.82,0.82,0.18,0.02443649239009787,0.012545343488454819,0.82
BCS5__Cow_37,Cow_37,1,2028,V_mean,3,3,26,3.0,0.86,0.86,0.14,0.018915211737091812,0.009085498750209808,0.86
BCS5__Cow_37,Cow_37,1,2028,V_mean,3,6,26,6.0,0.98,0.98,0.02,0.009712455846086,0.005331019870936871,0.98
BCS5__Cow_37,Cow_37,1,2028,V_mean,3,12,26,12.0,1.0,1.0,0.0,0.005362527459816294,0.003820049110800028,1.0
BCS5__Cow_37_and_38,Cow_37,1,2028,V_mean,3,1,3,1.0,1.0,1.0,0.0,0.01522186914617408,0.013165409676730633,1.0
BCS5__Cow_37_and_38,Cow_37,1,2028,V_mean,3,3,3,3.0,1.0,1.0,0.0,3.85718742537707e-08,0.011183585971593857,1.0
BCS5__Cow_37_and_38,Cow_37,1,2028,V_mean,3,6,3,2.7,1.0,1.0,0.0,0.007120683274768696,0.01315565686672926,1.0
BCS5__Cow_37_and_38,Cow_37,1,2028,V_mean,3,12,3,2.96,1.0,1.0,0.0,0.004631940351696667,0.011402980424463749,1.0
BCS5__Cow_43,Cow_43,1,2028,V_mean,3,1,37,1.0,1.0,1.0,0.0,0.02625514592887519,0.0073547870852053165,1.0
BCS5__Cow_43,Cow_43,1,2028,V_mean,3,3,37,3.0,1.0,1.0,0.0,0.012183634853465899,0.004656137898564339,1.0
BCS5__Cow_43,Cow_43,1,2028,V_mean,3,6,37,6.0,1.0,1.0,0.0,0.006297007761179924,0.0033795542549341917,1.0
BCS5__Cow_43,Cow_43,1,2028,V_mean,3,12,37,12.0,1.0,1.0,0.0,0.0055367575825291965,0.0022247089073061943,1.0
BCS5__Cow_48_1018,Cow_48,1,2028,V_mean,3,1,3,1.0,1.0,1.0,0.0,0.017190483399966233,0.01462321262806654,1.0
BCS5__Cow_48_1018,Cow_48,1,2028,V_mean,3,3,3,3.0,1.0,1.0,0.0,4.517840619966005e-08,0.009110149927437305,1.0
BCS5__Cow_48_1018,Cow_48,1,2028,V_mean,3,6,3,2.82,1.0,1.0,0.0,0.0070922006545069026,0.010903005488216877,1.0
BCS5__Cow_48_1018,Cow_48,1,2028,V_mean,3,12,3,2.98,1.0,1.0,0.0,0.005513971278926845,0.009991578757762909,1.0
BCS5__Cow_54,Cow_54,1,2028,V_mean,3,1,6,1.0,0.3,0.7,0.7,0.04028673932081132,0.018257569521665573,0.7
BCS5__Cow_54,Cow_54,1,2028,V_mean,3,3,6,3.0,0.46,0.54,0.54,0.014729433524322709,0.012429166585206985,0.54
BCS5__Cow_54,Cow_54,1,2028,V_mean,3,6,6,6.0,0.0,1.0,1.0,1.0742891724062583e-07,0.01230588462203741,1.0
BCS5__Cow_54,Cow_54,1,2028,V_mean,3,12,6,5.4,0.12,0.88,0.88,0.009590497712948442,0.013090964406728745,0.88
BCS5__Cow_6_5051,Cow_6,1,2028,V_mean,3,1,3,1.0,1.0,1.0,0.0,0.008371055115635592,0.010552099905908108,1.0
BCS5__Cow_6_5051,Cow_6,1,2028,V_mean,3,3,3,3.0,1.0,1.0,0.0,4.972413230467647e-08,0.006794216576963663,1.0
BCS5__Cow_6_5051,Cow_6,1,2028,V_mean,3,6,3,2.74,1.0,1.0,0.0,0.004008460171858642,0.007443802431225777,1.0
BCS5__Cow_6_5051,Cow_6,1,2028,V_mean,3,12,3,2.96,1.0,1.0,0.0,0.003188241043138951,0.007040601223707199,1.0
BCS6__Cow_11_07,Cow_11,1,2028,V_mean,4,1,27,1.0,0.72,0.72,0.28,0.16788823689921878,0.16187001764774323,0.72
BCS6__Cow_11_07,Cow_11,1,2028,V_mean,4,3,27,3.0,0.96,0.96,0.04,0.08767593047708898,0.08743104338645935,0.96
BCS6__Cow_11_07,Cow_11,1,2028,V_mean,4,6,27,6.0,1.0,1.0,0.0,0.04985307878436099,0.05354883149266243,1.0
BCS6__Cow_11_07,Cow_11,1,2028,V_mean,4,12,27,12.0,1.0,1.0,0.0,0.0406404558367,0.044877346605062485,1.0
BCS6__Cow_12_2014,Cow_12,1,2028,V_mean,4,1,39,1.0,0.9,0.9,0.14,0.49982299397741703,0.10922011733055115,0.0
BCS6__Cow_12_2014,Cow_12,1,2028,V_mean,4,3,39,3.0,1.0,1.0,0.0,0.1737363985171392,0.03976966068148613,0.0
BCS6__Cow_12_2014,Cow_12,1,2028,V_mean,4,6,39,6.0,1.0,1.0,0.0,0.10969130692080126,0.03503016382455826,0.0
BCS6__Cow_12_2014,Cow_12,1,2028,V_mean,4,12,39,12.0,1.0,1.0,0.0,0.09779920862791287,0.03773679584264755,0.0
BCS6__Cow_13_66,Cow_13,1,2028,V_mean,4,1,20,1.0,1.0,1.0,0.0,0.10202096213988059,0.025352787226438522,1.0
BCS6__Cow_13_66,Cow_13,1,2028,V_mean,4,3,20,3.0,1.0,1.0,0.0,0.04867289606732799,0.01275157555937767,1.0
BCS6__Cow_13_66,Cow_13,1,2028,V_mean,4,6,20,6.0,1.0,1.0,0.0,0.0328995069173722,0.008699539117515087,1.0
BCS6__Cow_13_66,Cow_13,1,2028,V_mean,4,12,20,12.0,1.0,1.0,0.0,0.016083665904318627,0.0046152682043612,1.0
BCS6__Cow_26_6,Cow_26,1,2028,V_mean,4,1,9,1.0,1.0,1.0,0.0,0.027395883369549033,0.009791571646928787,1.0
BCS6__Cow_26_6,Cow_26,1,2028,V_mean,4,3,9,3.0,1.0,1.0,0.0,0.01426764013832538,0.00603999150916934,1.0
BCS6__Cow_26_6,Cow_26,1,2028,V_mean,4,6,9,6.0,1.0,1.0,0.0,0.007685948637818285,0.004926043096929789,1.0
BCS6__Cow_26_6,Cow_26,1,2028,V_mean,4,12,9,7.04,1.0,1.0,0.0,0.00884371243529402,0.004534512758255005,1.0
BCS6__Cow_29_NOTAG,Cow_29,1,2028,V_mean,4,1,34,1.0,1.0,1.0,0.0,0.042070608091537995,0.014129022136330605,1.0
BCS6__Cow_29_NOTAG,Cow_29,1,2028,V_mean,4,3,34,3.0,1.0,1.0,0.0,0.02464091738072613,0.008308712393045425,1.0
BCS6__Cow_29_NOTAG,Cow_29,1,2028,V_mean,4,6,34,6.0,1.0,1.0,0.0,0.016107756398843626,0.005789805669337511,1.0
BCS6__Cow_29_NOTAG,Cow_29,1,2028,V_mean,4,12,34,12.0,1.0,1.0,0.0,0.009197243923494849,0.0035018175840377808,1.0
BCS6__Cow_35,Cow_35,1,2028,V_mean,4,1,24,1.0,0.1,0.52,2.04,0.1704122407414907,0.31820204854011536,0.1
BCS6__Cow_35,Cow_35,1,2028,V_mean,4,3,24,3.0,0.82,0.82,0.36,0.09692839072432965,0.15981726348400116,0.82
BCS6__Cow_35,Cow_35,1,2028,V_mean,4,6,24,6.0,0.9,0.9,0.1,0.047779102763038234,0.1260140836238861,0.9
BCS6__Cow_35,Cow_35,1,2028,V_mean,4,12,24,12.0,0.98,0.98,0.02,0.02859656104960955,0.09794940799474716,0.98
BCS6__Cow_4_103,Cow_4,1,2028,V_mean,4,1,47,1.0,1.0,1.0,0.0,0.07234448650191609,0.020687734708189964,1.0
BCS6__Cow_4_103,Cow_4,1,2028,V_mean,4,3,47,3.0,1.0,1.0,0.0,0.0367475891202755,0.011597523465752602,1.0
BCS6__Cow_4_103,Cow_4,1,2028,V_mean,4,6,47,6.0,1.0,1.0,0.0,0.028076995097837426,0.008788947016000748,1.0
BCS6__Cow_4_103,Cow_4,1,2028,V_mean,4,12,47,12.0,1.0,1.0,0.0,0.016392832613823852,0.005050536245107651,1.0
BCS2__Cow_5_1,Cow_5,2,2028,V_mean,0,1,10,1.0,1.0,1.0,0.0,0.1487227079916994,0.037371229380369186,0.0
BCS2__Cow_5_1,Cow_5,2,2028,V_mean,0,3,10,3.0,1.0,1.0,0.0,0.06679785500797733,0.014390512369573116,0.0
BCS2__Cow_5_1,Cow_5,2,2028,V_mean,0,6,10,6.0,1.0,1.0,0.0,0.04335136387778147,0.01000230386853218,0.0
BCS2__Cow_5_1,Cow_5,2,2028,V_mean,0,12,10,7.2,1.0,1.0,0.0,0.03377720673479575,0.008130665868520737,0.0
BCS3__Cow_20_0029,Cow_20,2,2028,V_mean,1,1,4,1.0,0.76,0.76,0.48,0.3464738404705766,0.11984453350305557,0.24
BCS3__Cow_20_0029,Cow_20,2,2028,V_mean,1,3,4,3.0,1.0,1.0,0.0,0.09296553953640395,0.05254702642560005,0.0
BCS3__Cow_20_0029,Cow_20,2,2028,V_mean,1,6,4,3.44,1.0,1.0,0.0,0.12330728771917507,0.05351274460554123,0.0
BCS3__Cow_20_0029,Cow_20,2,2028,V_mean,1,12,4,3.86,1.0,1.0,0.0,0.10114444937044755,0.050663914531469345,0.0
BCS3__Cow_22,Cow_22,2,2028,V_mean,1,1,20,1.0,1.0,1.0,0.0,0.07971147338728707,0.07343118637800217,0.0
BCS3__Cow_22,Cow_22,2,2028,V_mean,1,3,20,3.0,1.0,1.0,0.0,0.06577200555687532,0.05361189320683479,0.0
BCS3__Cow_22,Cow_22,2,2028,V_mean,1,6,20,6.0,1.0,1.0,0.0,0.03780704636793736,0.03353280574083328,0.0
BCS3__Cow_22,Cow_22,2,2028,V_mean,1,12,20,12.0,1.0,1.0,0.0,0.02374485478477934,0.027783863246440887,0.0
BCS3__Cow_22_1,Cow_22,2,2028,V_mean,1,1,6,1.0,0.62,0.62,0.38,0.15594708575542432,0.15199990570545197,0.38
BCS3__Cow_22_1,Cow_22,2,2028,V_mean,1,3,6,3.0,0.92,0.92,0.08,0.0553621242875741,0.08109751343727112,0.08
BCS3__Cow_22_1,Cow_22,2,2028,V_mean,1,6,6,6.0,1.0,1.0,0.0,3.789356113130001e-08,0.08078774809837341,0.0
BCS3__Cow_22_1,Cow_22,2,2028,V_mean,1,12,6,5.46,1.0,1.0,0.0,0.04282108225443899,0.08694242686033249,0.0
BCS4__Cow_10,Cow_10,2,2028,V_mean,2,1,41,1.0,0.96,0.96,0.08,0.2593889860400128,0.0988389179110527,0.0
BCS4__Cow_10,Cow_10,2,2028,V_mean,2,3,41,3.0,1.0,1.0,0.0,0.09730637761950912,0.04906296730041504,0.0
BCS4__Cow_10,Cow_10,2,2028,V_mean,2,6,41,6.0,1.0,1.0,0.0,0.0646601847624053,0.030864322558045387,0.0
BCS4__Cow_10,Cow_10,2,2028,V_mean,2,12,41,12.0,1.0,1.0,0.0,0.04596398238504336,0.026395661756396294,0.0
BCS4__Cow_10_2038,Cow_10,2,2028,V_mean,2,1,4,1.0,1.0,1.0,0.0,0.035098984047895194,0.04194119945168495,0.0
BCS4__Cow_10_2038,Cow_10,2,2028,V_mean,2,3,4,3.0,1.0,1.0,0.0,0.013194826857255919,0.03794693946838379,0.0
BCS4__Cow_10_2038,Cow_10,2,2028,V_mean,2,6,4,3.32,1.0,1.0,0.0,0.01836536493199823,0.035325389355421066,0.0
BCS4__Cow_10_2038,Cow_10,2,2028,V_mean,2,12,4,3.84,1.0,1.0,0.0,0.011821099288617057,0.03636298328638077,0.0
BCS4__Cow_22_6005,Cow_22,2,2028,V_mean,2,1,4,1.0,0.44,0.56,1.12,0.28735949326109483,0.11335686594247818,0.0
BCS4__Cow_22_6005,Cow_22,2,2028,V_mean,2,3,4,3.0,0.22,0.78,1.56,0.10018718302735356,0.04927825927734375,0.0
BCS4__Cow_22_6005,Cow_22,2,2028,V_mean,2,6,4,3.32,0.4,0.6,1.2,0.1389381721552112,0.06482865661382675,0.0
BCS4__Cow_22_6005,Cow_22,2,2028,V_mean,2,12,4,3.88,0.54,0.54,0.92,0.08852703154182581,0.04150395467877388,0.0
BCS4__Cow_30,Cow_30,2,2028,V_mean,2,1,4,1.0,1.0,1.0,0.0,0.14360267556788942,0.07439137250185013,0.0
BCS4__Cow_30,Cow_30,2,2028,V_mean,2,3,4,3.0,1.0,1.0,0.0,0.04708157391705073,0.04255470260977745,0.0
BCS4__Cow_30,Cow_30,2,2028,V_mean,2,6,4,3.22,1.0,1.0,0.0,0.06090286416566351,0.040145907551050186,0.0
BCS4__Cow_30,Cow_30,2,2028,V_mean,2,12,4,3.92,1.0,1.0,0.0,0.04293299865160831,0.02910914458334446,0.0
BCS4__Cow_42,Cow_42,2,2028,V_mean,2,1,11,1.0,0.92,0.92,0.16,0.31743008551543306,0.12256030738353729,0.0
BCS4__Cow_42,Cow_42,2,2028,V_mean,2,3,11,3.0,1.0,1.0,0.0,0.17119753865782,0.06659360975027084,0.0
BCS4__Cow_42,Cow_42,2,2028,V_mean,2,6,11,6.0,1.0,1.0,0.0,0.08639601086143602,0.035547614097595215,0.0
BCS4__Cow_42,Cow_42,2,2028,V_mean,2,12,11,7.42,1.0,1.0,0.0,0.08749361858535426,0.03468439728021622,0.0
BCS4__Cow_47_1,Cow_47,2,2028,V_mean,2,1,7,1.0,0.68,0.68,0.64,0.3879342326730691,0.21290668845176697,0.0
BCS4__Cow_47_1,Cow_47,2,2028,V_mean,2,3,7,3.0,0.92,0.92,0.16,0.22612783409808684,0.12223505228757858,0.0
BCS4__Cow_47_1,Cow_47,2,2028,V_mean,2,6,7,6.0,1.0,1.0,0.0,0.07430760735886388,0.08299989998340607,0.0
BCS4__Cow_47_1,Cow_47,2,2028,V_mean,2,12,7,6.0,1.0,1.0,0.0,0.11040097504683583,0.06548094749450684,0.0
BCS4__Cow_49,Cow_49,2,2028,V_mean,2,1,7,1.0,1.0,1.0,0.0,0.2750145018752118,0.16431072354316711,0.0
BCS4__Cow_49,Cow_49,2,2028,V_mean,2,3,7,3.0,1.0,1.0,0.0,0.11812069775969247,0.06920863687992096,0.0
BCS4__Cow_49,Cow_49,2,2028,V_mean,2,6,7,6.0,1.0,1.0,0.0,0.04385766741652591,0.07896113395690918,0.0
BCS4__Cow_49,Cow_49,2,2028,V_mean,2,12,7,5.88,1.0,1.0,0.0,0.067318188035618,0.07082953304052353,0.0
BCS4__Cow_55,Cow_55,2,2028,V_mean,2,1,4,1.0,0.48,0.52,1.04,0.44549946931211265,0.24603061378002167,0.0
BCS4__Cow_55,Cow_55,2,2028,V_mean,2,3,4,3.0,1.0,1.0,0.0,0.1580514692015187,0.17214731872081757,0.0
BCS4__Cow_55,Cow_55,2,2028,V_mean,2,6,4,3.24,0.96,0.96,0.08,0.18932730605852777,0.19736643135547638,0.0
BCS4__Cow_55,Cow_55,2,2028,V_mean,2,12,4,3.86,0.98,0.98,0.04,0.1431060708960855,0.1629549264907837,0.0
BCS4__Cow_8,Cow_8,2,2028,V_mean,2,1,26,1.0,0.94,0.94,0.12,0.23058094621617156,0.08084406703710556,0.0
BCS4__Cow_8,Cow_8,2,2028,V_mean,2,3,26,3.0,1.0,1.0,0.0,0.09577753158214641,0.03777433559298515,0.0
BCS4__Cow_8,Cow_8,2,2028,V_mean,2,6,26,6.0,1.0,1.0,0.0,0.06135107144298132,0.02697206661105156,0.0
BCS4__Cow_8,Cow_8,2,2028,V_mean,2,12,26,12.0,1.0,1.0,0.0,0.04799180507841293,0.021870307624340057,0.0
BCS4__Cow_9,Cow_9,2,2028,V_mean,2,1,19,1.0,0.44,0.56,1.12,0.19512120024076177,0.08151630312204361,0.0
BCS4__Cow_9,Cow_9,2,2028,V_mean,2,3,19,3.0,0.72,0.72,0.56,0.09983001413313992,0.047073449939489365,0.0
BCS4__Cow_9,Cow_9,2,2028,V_mean,2,6,19,6.0,0.8,0.8,0.4,0.06899230515056903,0.031905774027109146,0.0
BCS4__Cow_9,Cow_9,2,2028,V_mean,2,12,19,12.0,1.0,1.0,0.0,0.034648105252165905,0.017517954111099243,0.0
BCS5__Cow_10_0029,Cow_10,2,2028,V_mean,3,1,5,1.0,1.0,1.0,0.0,0.09348937863608728,0.04838361591100693,1.0
BCS5__Cow_10_0029,Cow_10,2,2028,V_mean,3,3,5,3.0,1.0,1.0,0.0,0.03190222525488692,0.019999772310256958,1.0
BCS5__Cow_10_0029,Cow_10,2,2028,V_mean,3,6,5,3.7,1.0,1.0,0.0,0.033544092370686916,0.019801359623670578,1.0
BCS5__Cow_10_0029,Cow_10,2,2028,V_mean,3,12,5,4.5,1.0,1.0,0.0,0.023540956799227793,0.014751464128494263,1.0
BCS5__Cow_24,Cow_24,2,2028,V_mean,3,1,12,1.0,0.96,0.96,0.08,0.17602552018470508,0.044447917491197586,0.96
BCS5__Cow_24,Cow_24,2,2028,V_mean,3,3,12,3.0,1.0,1.0,0.0,0.06626031439542997,0.029744453728199005,1.0
BCS5__Cow_24,Cow_24,2,2028,V_mean,3,6,12,6.0,1.0,1.0,0.0,0.04733099384799947,0.024853359907865524,1.0
BCS5__Cow_24,Cow_24,2,2028,V_mean,3,12,12,12.0,1.0,1.0,0.0,1.4139021415285915e-07,1.9678845220028052e-08,1.0
BCS5__Cow_24_7022,Cow_24,2,2028,V_mean,3,1,3,1.0,1.0,1.0,0.0,0.10508371496877969,0.10293963551521301,0.0
BCS5__Cow_24_7022,Cow_24,2,2028,V_mean,3,3,3,3.0,1.0,1.0,0.0,9.881979453787217e-08,0.043546952307224274,0.0
BCS5__Cow_24_7022,Cow_24,2,2028,V_mean,3,6,3,2.78,1.0,1.0,0.0,0.0467652252257061,0.0528453066945076,0.0
BCS5__Cow_24_7022,Cow_24,2,2028,V_mean,3,12,3,2.96,1.0,1.0,0.0,0.03214210885966716,0.05280474200844765,0.0
BCS5__Cow_28,Cow_28,2,2028,V_mean,3,1,28,1.0,0.9,0.9,0.2,0.3237668332452566,0.09570871293544769,0.9
BCS5__Cow_28,Cow_28,2,2028,V_mean,3,3,28,3.0,1.0,1.0,0.0,0.1323222342089914,0.05671708658337593,1.0
BCS5__Cow_28,Cow_28,2,2028,V_mean,3,6,28,6.0,1.0,1.0,0.0,0.07863292094581747,0.038583025336265564,1.0
BCS5__Cow_28,Cow_28,2,2028,V_mean,3,12,28,12.0,1.0,1.0,0.0,0.048743705627246545,0.026780229061841965,1.0
BCS5__Cow_28_4024,Cow_28,2,2028,V_mean,3,1,3,1.0,1.0,1.0,0.0,0.03848603020299499,0.024378271773457527,0.0
BCS5__Cow_28_4024,Cow_28,2,2028,V_mean,3,3,3,3.0,1.0,1.0,0.0,1.4613719639295775e-07,0.011168965138494968,0.0
BCS5__Cow_28_4024,Cow_28,2,2028,V_mean,3,6,3,2.76,1.0,1.0,0.0,0.015828316899018244,0.014070473611354828,0.0
BCS5__Cow_28_4024,Cow_28,2,2028,V_mean,3,12,3,3.0,1.0,1.0,0.0,0.01043276696668412,0.013354894705116749,0.0
BCS5__Cow_3,Cow_3,2,2028,V_mean,3,1,10,1.0,1.0,1.0,0.0,0.0009199154879765547,0.0008078733808360994,0.0
BCS5__Cow_3,Cow_3,2,2028,V_mean,3,3,10,3.0,1.0,1.0,0.0,0.0005456888498846689,0.0004497808695305139,0.0
BCS5__Cow_3,Cow_3,2,2028,V_mean,3,6,10,6.0,1.0,1.0,0.0,0.00026458822291319263,0.00026634527603164315,0.0
BCS5__Cow_3,Cow_3,2,2028,V_mean,3,12,10,7.26,1.0,1.0,0.0,0.00024010356841556486,0.0002444813144393265,0.0
BCS5__Cow_30_30,Cow_30,2,2028,V_mean,3,1,6,1.0,1.0,1.0,0.0,0.09555762530818109,0.04573852941393852,1.0
BCS5__Cow_30_30,Cow_30,2,2028,V_mean,3,3,6,3.0,1.0,1.0,0.0,0.04630199766309033,0.024341611191630363,1.0
BCS5__Cow_30_30,Cow_30,2,2028,V_mean,3,6,6,6.0,1.0,1.0,0.0,2.276753473391626e-07,0.012276279740035534,1.0
BCS5__Cow_30_30,Cow_30,2,2028,V_mean,3,12,6,5.24,1.0,1.0,0.0,0.02801782372771815,0.016799915581941605,1.0
BCS5__Cow_34,Cow_34,2,2028,V_mean,3,1,9,1.0,1.0,1.0,0.0,0.3109800220727837,0.12681347131729126,0.0
BCS5__Cow_34,Cow_34,2,2028,V_mean,3,3,9,3.0,1.0,1.0,0.0,0.09822096325257954,0.07272464781999588,0.0
BCS5__Cow_34,Cow_34,2,2028,V_mean,3,6,9,6.0,1.0,1.0,0.0,0.05043963765440586,0.07331103086471558,0.0
BCS5__Cow_34,Cow_34,2,2028,V_mean,3,12,9,6.9,1.0,1.0,0.0,0.05955427883948503,0.06354104727506638,0.0
BCS5__Cow_34_1,Cow_34,2,2028,V_mean,3,1,4,1.0,0.0,0.54,1.0,0.5004735983214923,0.21512944996356964,0.54
BCS5__Cow_34_1,Cow_34,2,2028,V_mean,3,3,4,3.0,0.0,1.0,1.0,0.17843828703950096,0.1894916146993637,0.0
BCS5__Cow_34_1,Cow_34,2,2028,V_mean,3,6,4,3.38,0.18,0.82,0.82,0.21891849668526,0.17323358356952667,0.0
BCS5__Cow_34_1,Cow_34,2,2028,V_mean,3,12,4,3.82,0.0,1.0,1.0,0.16341993139399957,0.18795756995677948,0.0
BCS5__Cow_50,Cow_50,2,2028,V_mean,3,1,39,1.0,1.0,1.0,0.0,0.04813321100511596,0.028739284723997116,0.0
BCS5__Cow_50,Cow_50,2,2028,V_mean,3,3,39,3.0,1.0,1.0,0.0,0.02798658958826429,0.016755063086748123,0.0
BCS5__Cow_50,Cow_50,2,2028,V_mean,3,6,39,6.0,1.0,1.0,0.0,0.02315219352048275,0.014225182123482227,0.0
BCS5__Cow_50,Cow_50,2,2028,V_mean,3,12,39,12.0,1.0,1.0,0.0,0.010224660704970977,0.008051879703998566,0.0
BCS5__Cow_50_49,Cow_50,2,2028,V_mean,3,1,3,1.0,1.0,1.0,0.0,0.18957756411542748,0.07696094363927841,1.0
BCS5__Cow_50_49,Cow_50,2,2028,V_mean,3,3,3,3.0,1.0,1.0,0.0,5.918425719991015e-08,0.07836847007274628,1.0
BCS5__Cow_50_49,Cow_50,2,2028,V_mean,3,6,3,2.64,1.0,1.0,0.0,0.09854123240630755,0.07102375477552414,1.0
BCS5__Cow_50_49,Cow_50,2,2028,V_mean,3,12,3,3.0,1.0,1.0,0.0,0.06281375862517748,0.08310335129499435,1.0
BCS5__Cow_8_NOTAG,Cow_8,2,2028,V_mean,3,1,4,1.0,1.0,1.0,0.0,0.12458649445543356,0.060436706990003586,1.0
BCS5__Cow_8_NOTAG,Cow_8,2,2028,V_mean,3,3,4,3.0,1.0,1.0,0.0,0.031574681320126634,0.02640662156045437,1.0
BCS5__Cow_8_NOTAG,Cow_8,2,2028,V_mean,3,6,4,3.44,1.0,1.0,0.0,0.044257462180299155,0.03017401695251465,1.0
BCS5__Cow_8_NOTAG,Cow_8,2,2028,V_mean,3,12,4,3.88,1.0,1.0,0.0,0.03197979883928199,0.030551470816135406,1.0
BCS6__Cow_18,Cow_18,2,2028,V_mean,4,1,33,1.0,0.34,0.5,1.14,0.5401657314543613,0.5196096301078796,0.16
BCS6__Cow_18,Cow_18,2,2028,V_mean,4,3,33,3.0,0.54,0.54,0.8,0.3347917078477326,0.2998204529285431,0.08
BCS6__Cow_18,Cow_18,2,2028,V_mean,4,6,33,6.0,0.82,0.82,0.18,0.16834384554669105,0.2606937289237976,0.0
BCS6__Cow_18,Cow_18,2,2028,V_mean,4,12,33,12.0,0.92,0.92,0.1,0.10082675528287639,0.21840767562389374,0.0
BCS6__Cow_18_32,Cow_18,2,2028,V_mean,4,1,46,1.0,0.92,0.92,0.08,0.34979098291954985,0.17673617601394653,0.92
BCS6__Cow_18_32,Cow_18,2,2028,V_mean,4,3,46,3.0,1.0,1.0,0.0,0.10453133798887534,0.11967822164297104,1.0
BCS6__Cow_18_32,Cow_18,2,2028,V_mean,4,6,46,6.0,1.0,1.0,0.0,0.055645454633867976,0.10250630229711533,1.0
BCS6__Cow_18_32,Cow_18,2,2028,V_mean,4,12,46,12.0,1.0,1.0,0.0,0.02572534650713204,0.11152546107769012,1.0
BCS6__Cow_24_08,Cow_24,2,2028,V_mean,4,1,22,1.0,1.0,1.0,0.0,0.32290216585634585,0.08178690075874329,1.0
BCS6__Cow_24_08,Cow_24,2,2028,V_mean,4,3,22,3.0,1.0,1.0,0.0,0.1969937291300848,0.05156765878200531,1.0
BCS6__Cow_24_08,Cow_24,2,2028,V_mean,4,6,22,6.0,1.0,1.0,0.0,0.13153600523491288,0.03918134793639183,1.0
BCS6__Cow_24_08,Cow_24,2,2028,V_mean,4,12,22,12.0,1.0,1.0,0.0,0.07455460296439341,0.021425219252705574,1.0
BCS6__Cow_28_3083,Cow_28,2,2028,V_mean,4,1,18,1.0,1.0,1.0,0.0,0.026988141488608328,0.009967912919819355,1.0
BCS6__Cow_28_3083,Cow_28,2,2028,V_mean,4,3,18,3.0,1.0,1.0,0.0,0.01768186641016599,0.006857803091406822,1.0
BCS6__Cow_28_3083,Cow_28,2,2028,V_mean,4,6,18,6.0,1.0,1.0,0.0,0.009293756912410259,0.003282564925029874,1.0
BCS6__Cow_28_3083,Cow_28,2,2028,V_mean,4,12,18,12.0,1.0,1.0,0.0,0.005708828617684431,0.0023849057033658028,1.0
BCS6__Cow_3_25,Cow_3,2,2028,V_mean,4,1,22,1.0,1.0,1.0,0.0,0.011108942082363743,0.005927830468863249,1.0
BCS6__Cow_3_25,Cow_3,2,2028,V_mean,4,3,22,3.0,1.0,1.0,0.0,0.004018430909967463,0.0028627568390220404,1.0
BCS6__Cow_3_25,Cow_3,2,2028,V_mean,4,6,22,6.0,1.0,1.0,0.0,0.0028693062074189647,0.0018258646596223116,1.0
BCS6__Cow_3_25,Cow_3,2,2028,V_mean,4,12,22,12.0,1.0,1.0,0.0,0.00196241430792573,0.0013585201231762767,1.0
BCS6__Cow_47_68,Cow_47,2,2028,V_mean,4,1,31,1.0,1.0,1.0,0.0,0.018935239483261736,0.005731651559472084,1.0
BCS6__Cow_47_68,Cow_47,2,2028,V_mean,4,3,31,3.0,1.0,1.0,0.0,0.007999600707026926,0.0021399199031293392,1.0
BCS6__Cow_47_68,Cow_47,2,2028,V_mean,4,6,31,6.0,1.0,1.0,0.0,0.006632584067077573,0.0016843004850670695,1.0
BCS6__Cow_47_68,Cow_47,2,2028,V_mean,4,12,31,12.0,1.0,1.0,0.0,0.004251168010121435,0.001071327948011458,1.0
BCS6__Cow_9_1044,Cow_9,2,2028,V_mean,4,1,36,1.0,1.0,1.0,0.0,0.02349242400723898,0.012584933079779148,1.0
BCS6__Cow_9_1044,Cow_9,2,2028,V_mean,4,3,36,3.0,1.0,1.0,0.0,0.008257399949842316,0.004903148394078016,1.0
BCS6__Cow_9_1044,Cow_9,2,2028,V_mean,4,6,36,6.0,1.0,1.0,0.0,0.0074015555017785326,0.004583135712891817,1.0
BCS6__Cow_9_1044,Cow_9,2,2028,V_mean,4,12,36,12.0,1.0,1.0,0.0,0.004475394711851872,0.002812371589243412,1.0
